[     128ms] [LOG] Tracker Meta version 1.6.1 @ https://cdn.utmify.com.br/scripts/pixel/pixel.js:0
[     128ms] [LOG] Tracker.inited?: false @ https://cdn.utmify.com.br/scripts/pixel/pixel.js:0
[     260ms] [ERROR] Failed to load resource: the server responded with a status of 404 (File not found) @ http://localhost:8756/favicon.ico:0
[     703ms] [LOG] buttons [button.active, button, button, button] @ https://cdn.utmify.com.br/scripts/pixel/pixel.js:0
[     705ms] [ERROR] Failed to load resource: net::ERR_CONNECTION_REFUSED @ http://localhost:3001/tracking/v1/events:0
[     705ms] Uncaught (in promise) TypeError: Failed to fetch
    at <anonymous> (https://cdn.utmify.com.br/scripts/pixel/pixel.js:0:20157)
    at <anonymous> (https://cdn.utmify.com.br/scripts/pixel/pixel.js:0:17787)
    at <anonymous> (https://cdn.utmify.com.br/scripts/pixel/pixel.js:0:17532)
    at event (https://cdn.utmify.com.br/scripts/pixel/pixel.js:0:20081)
    at <anonymous> (https://cdn.utmify.com.br/scripts/pixel/pixel.js:0:30589)
    at <anonymous> (https://cdn.utmify.com.br/scripts/pixel/pixel.js:0:29166)
    at <anonymous> (https://cdn.utmify.com.br/scripts/pixel/pixel.js:0:28911)
    at track (https://cdn.utmify.com.br/scripts/pixel/pixel.js:0:30436)
    at <anonymous> (https://cdn.utmify.com.br/scripts/pixel/pixel.js:0:30025)
    at r (https://cdn.utmify.com.br/scripts/pixel/pixel.js:0:28968)
[    2705ms] [LOG] buttons [button.active, button, button, button] @ https://cdn.utmify.com.br/scripts/pixel/pixel.js:0
[    4704ms] [LOG] buttons [button#73d12fe4-6281-1b5a-033a-4944aa0d1690, button#15ff392d-8fc8-a395-8b6e-c704cac45653.active, button#0b871e98-fdff-9d5e-1b51-7a31c600a5a5, button#3ad6f4c9-a7bf-9fc8-a1cd-f63683a1a946] @ https://cdn.utmify.com.br/scripts/pixel/pixel.js:0
[    6705ms] [LOG] buttons [button#73d12fe4-6281-1b5a-033a-4944aa0d1690, button#15ff392d-8fc8-a395-8b6e-c704cac45653, button#0b871e98-fdff-9d5e-1b51-7a31c600a5a5.active, button#3ad6f4c9-a7bf-9fc8-a1cd-f63683a1a946] @ https://cdn.utmify.com.br/scripts/pixel/pixel.js:0
[    8705ms] [LOG] buttons [button#73d12fe4-6281-1b5a-033a-4944aa0d1690, button#15ff392d-8fc8-a395-8b6e-c704cac45653, button#0b871e98-fdff-9d5e-1b51-7a31c600a5a5.active, button#3ad6f4c9-a7bf-9fc8-a1cd-f63683a1a946] @ https://cdn.utmify.com.br/scripts/pixel/pixel.js:0
[    8707ms] [ERROR] Failed to load resource: net::ERR_CONNECTION_REFUSED @ http://localhost:3001/tracking/v1/events:0
[    8708ms] Uncaught (in promise) TypeError: Failed to fetch
    at <anonymous> (https://cdn.utmify.com.br/scripts/pixel/pixel.js:0:20157)
    at <anonymous> (https://cdn.utmify.com.br/scripts/pixel/pixel.js:0:17787)
    at <anonymous> (https://cdn.utmify.com.br/scripts/pixel/pixel.js:0:17532)
    at event (https://cdn.utmify.com.br/scripts/pixel/pixel.js:0:20081)
    at <anonymous> (https://cdn.utmify.com.br/scripts/pixel/pixel.js:0:30589)
    at <anonymous> (https://cdn.utmify.com.br/scripts/pixel/pixel.js:0:29166)
    at <anonymous> (https://cdn.utmify.com.br/scripts/pixel/pixel.js:0:28911)
    at track (https://cdn.utmify.com.br/scripts/pixel/pixel.js:0:30436)
    at <anonymous> (https://cdn.utmify.com.br/scripts/pixel/pixel.js:0:38439)
    at r (https://cdn.utmify.com.br/scripts/pixel/pixel.js:0:37966)
[   10705ms] [LOG] buttons [button#73d12fe4-6281-1b5a-033a-4944aa0d1690, button#15ff392d-8fc8-a395-8b6e-c704cac45653, button#0b871e98-fdff-9d5e-1b51-7a31c600a5a5, button#3ad6f4c9-a7bf-9fc8-a1cd-f63683a1a946.active] @ https://cdn.utmify.com.br/scripts/pixel/pixel.js:0
[   12704ms] [LOG] buttons [button#73d12fe4-6281-1b5a-033a-4944aa0d1690, button#15ff392d-8fc8-a395-8b6e-c704cac45653, button#0b871e98-fdff-9d5e-1b51-7a31c600a5a5, button#3ad6f4c9-a7bf-9fc8-a1cd-f63683a1a946.active] @ https://cdn.utmify.com.br/scripts/pixel/pixel.js:0
[   14704ms] [LOG] buttons [button#73d12fe4-6281-1b5a-033a-4944aa0d1690.active, button#15ff392d-8fc8-a395-8b6e-c704cac45653, button#0b871e98-fdff-9d5e-1b51-7a31c600a5a5, button#3ad6f4c9-a7bf-9fc8-a1cd-f63683a1a946] @ https://cdn.utmify.com.br/scripts/pixel/pixel.js:0
[   16705ms] [LOG] buttons [button#73d12fe4-6281-1b5a-033a-4944aa0d1690, button#15ff392d-8fc8-a395-8b6e-c704cac45653.active, button#0b871e98-fdff-9d5e-1b51-7a31c600a5a5, button#3ad6f4c9-a7bf-9fc8-a1cd-f63683a1a946] @ https://cdn.utmify.com.br/scripts/pixel/pixel.js:0
[   18705ms] [LOG] buttons [button#73d12fe4-6281-1b5a-033a-4944aa0d1690, button#15ff392d-8fc8-a395-8b6e-c704cac45653.active, button#0b871e98-fdff-9d5e-1b51-7a31c600a5a5, button#3ad6f4c9-a7bf-9fc8-a1cd-f63683a1a946] @ https://cdn.utmify.com.br/scripts/pixel/pixel.js:0
[   20705ms] [LOG] buttons [button#73d12fe4-6281-1b5a-033a-4944aa0d1690, button#15ff392d-8fc8-a395-8b6e-c704cac45653, button#0b871e98-fdff-9d5e-1b51-7a31c600a5a5.active, button#3ad6f4c9-a7bf-9fc8-a1cd-f63683a1a946] @ https://cdn.utmify.com.br/scripts/pixel/pixel.js:0
[   22705ms] [LOG] buttons [button#73d12fe4-6281-1b5a-033a-4944aa0d1690, button#15ff392d-8fc8-a395-8b6e-c704cac45653, button#0b871e98-fdff-9d5e-1b51-7a31c600a5a5, button#3ad6f4c9-a7bf-9fc8-a1cd-f63683a1a946.active] @ https://cdn.utmify.com.br/scripts/pixel/pixel.js:0
[   24705ms] [LOG] buttons [button#73d12fe4-6281-1b5a-033a-4944aa0d1690, button#15ff392d-8fc8-a395-8b6e-c704cac45653, button#0b871e98-fdff-9d5e-1b51-7a31c600a5a5, button#3ad6f4c9-a7bf-9fc8-a1cd-f63683a1a946.active] @ https://cdn.utmify.com.br/scripts/pixel/pixel.js:0
[   26706ms] [LOG] buttons [button#73d12fe4-6281-1b5a-033a-4944aa0d1690.active, button#15ff392d-8fc8-a395-8b6e-c704cac45653, button#0b871e98-fdff-9d5e-1b51-7a31c600a5a5, button#3ad6f4c9-a7bf-9fc8-a1cd-f63683a1a946] @ https://cdn.utmify.com.br/scripts/pixel/pixel.js:0
[   28705ms] [LOG] buttons [button#73d12fe4-6281-1b5a-033a-4944aa0d1690.active, button#15ff392d-8fc8-a395-8b6e-c704cac45653, button#0b871e98-fdff-9d5e-1b51-7a31c600a5a5, button#3ad6f4c9-a7bf-9fc8-a1cd-f63683a1a946] @ https://cdn.utmify.com.br/scripts/pixel/pixel.js:0
[   30704ms] [LOG] buttons [button#73d12fe4-6281-1b5a-033a-4944aa0d1690, button#15ff392d-8fc8-a395-8b6e-c704cac45653.active, button#0b871e98-fdff-9d5e-1b51-7a31c600a5a5, button#3ad6f4c9-a7bf-9fc8-a1cd-f63683a1a946] @ https://cdn.utmify.com.br/scripts/pixel/pixel.js:0
[   32705ms] [LOG] buttons [button#73d12fe4-6281-1b5a-033a-4944aa0d1690, button#15ff392d-8fc8-a395-8b6e-c704cac45653, button#0b871e98-fdff-9d5e-1b51-7a31c600a5a5.active, button#3ad6f4c9-a7bf-9fc8-a1cd-f63683a1a946] @ https://cdn.utmify.com.br/scripts/pixel/pixel.js:0
[   34705ms] [LOG] buttons [button#73d12fe4-6281-1b5a-033a-4944aa0d1690, button#15ff392d-8fc8-a395-8b6e-c704cac45653, button#0b871e98-fdff-9d5e-1b51-7a31c600a5a5.active, button#3ad6f4c9-a7bf-9fc8-a1cd-f63683a1a946] @ https://cdn.utmify.com.br/scripts/pixel/pixel.js:0
[   36705ms] [LOG] buttons [button#73d12fe4-6281-1b5a-033a-4944aa0d1690, button#15ff392d-8fc8-a395-8b6e-c704cac45653, button#0b871e98-fdff-9d5e-1b51-7a31c600a5a5, button#3ad6f4c9-a7bf-9fc8-a1cd-f63683a1a946.active] @ https://cdn.utmify.com.br/scripts/pixel/pixel.js:0
[   38705ms] [LOG] buttons [button#73d12fe4-6281-1b5a-033a-4944aa0d1690.active, button#15ff392d-8fc8-a395-8b6e-c704cac45653, button#0b871e98-fdff-9d5e-1b51-7a31c600a5a5, button#3ad6f4c9-a7bf-9fc8-a1cd-f63683a1a946] @ https://cdn.utmify.com.br/scripts/pixel/pixel.js:0
[   40704ms] [LOG] buttons [button#73d12fe4-6281-1b5a-033a-4944aa0d1690.active, button#15ff392d-8fc8-a395-8b6e-c704cac45653, button#0b871e98-fdff-9d5e-1b51-7a31c600a5a5, button#3ad6f4c9-a7bf-9fc8-a1cd-f63683a1a946] @ https://cdn.utmify.com.br/scripts/pixel/pixel.js:0
[   42705ms] [LOG] buttons [button#73d12fe4-6281-1b5a-033a-4944aa0d1690, button#15ff392d-8fc8-a395-8b6e-c704cac45653.active, button#0b871e98-fdff-9d5e-1b51-7a31c600a5a5, button#3ad6f4c9-a7bf-9fc8-a1cd-f63683a1a946] @ https://cdn.utmify.com.br/scripts/pixel/pixel.js:0
[   44706ms] [LOG] buttons [button#73d12fe4-6281-1b5a-033a-4944aa0d1690, button#15ff392d-8fc8-a395-8b6e-c704cac45653.active, button#0b871e98-fdff-9d5e-1b51-7a31c600a5a5, button#3ad6f4c9-a7bf-9fc8-a1cd-f63683a1a946] @ https://cdn.utmify.com.br/scripts/pixel/pixel.js:0
[   46705ms] [LOG] buttons [button#73d12fe4-6281-1b5a-033a-4944aa0d1690, button#15ff392d-8fc8-a395-8b6e-c704cac45653, button#0b871e98-fdff-9d5e-1b51-7a31c600a5a5.active, button#3ad6f4c9-a7bf-9fc8-a1cd-f63683a1a946] @ https://cdn.utmify.com.br/scripts/pixel/pixel.js:0
[   48705ms] [LOG] buttons [button#73d12fe4-6281-1b5a-033a-4944aa0d1690, button#15ff392d-8fc8-a395-8b6e-c704cac45653, button#0b871e98-fdff-9d5e-1b51-7a31c600a5a5, button#3ad6f4c9-a7bf-9fc8-a1cd-f63683a1a946.active] @ https://cdn.utmify.com.br/scripts/pixel/pixel.js:0
[   50705ms] [LOG] buttons [button#73d12fe4-6281-1b5a-033a-4944aa0d1690, button#15ff392d-8fc8-a395-8b6e-c704cac45653, button#0b871e98-fdff-9d5e-1b51-7a31c600a5a5, button#3ad6f4c9-a7bf-9fc8-a1cd-f63683a1a946.active] @ https://cdn.utmify.com.br/scripts/pixel/pixel.js:0
[   52705ms] [LOG] buttons [button#73d12fe4-6281-1b5a-033a-4944aa0d1690.active, button#15ff392d-8fc8-a395-8b6e-c704cac45653, button#0b871e98-fdff-9d5e-1b51-7a31c600a5a5, button#3ad6f4c9-a7bf-9fc8-a1cd-f63683a1a946] @ https://cdn.utmify.com.br/scripts/pixel/pixel.js:0
[   54704ms] [LOG] buttons [button#73d12fe4-6281-1b5a-033a-4944aa0d1690, button#15ff392d-8fc8-a395-8b6e-c704cac45653.active, button#0b871e98-fdff-9d5e-1b51-7a31c600a5a5, button#3ad6f4c9-a7bf-9fc8-a1cd-f63683a1a946] @ https://cdn.utmify.com.br/scripts/pixel/pixel.js:0
[   56704ms] [LOG] buttons [button#73d12fe4-6281-1b5a-033a-4944aa0d1690, button#15ff392d-8fc8-a395-8b6e-c704cac45653.active, button#0b871e98-fdff-9d5e-1b51-7a31c600a5a5, button#3ad6f4c9-a7bf-9fc8-a1cd-f63683a1a946] @ https://cdn.utmify.com.br/scripts/pixel/pixel.js:0
[   58705ms] [LOG] buttons [button#73d12fe4-6281-1b5a-033a-4944aa0d1690, button#15ff392d-8fc8-a395-8b6e-c704cac45653, button#0b871e98-fdff-9d5e-1b51-7a31c600a5a5.active, button#3ad6f4c9-a7bf-9fc8-a1cd-f63683a1a946] @ https://cdn.utmify.com.br/scripts/pixel/pixel.js:0
[   60705ms] [LOG] buttons [button#73d12fe4-6281-1b5a-033a-4944aa0d1690, button#15ff392d-8fc8-a395-8b6e-c704cac45653, button#0b871e98-fdff-9d5e-1b51-7a31c600a5a5.active, button#3ad6f4c9-a7bf-9fc8-a1cd-f63683a1a946] @ https://cdn.utmify.com.br/scripts/pixel/pixel.js:0
[   62705ms] [LOG] buttons [button#73d12fe4-6281-1b5a-033a-4944aa0d1690, button#15ff392d-8fc8-a395-8b6e-c704cac45653, button#0b871e98-fdff-9d5e-1b51-7a31c600a5a5, button#3ad6f4c9-a7bf-9fc8-a1cd-f63683a1a946.active] @ https://cdn.utmify.com.br/scripts/pixel/pixel.js:0
[   64705ms] [LOG] buttons [button#73d12fe4-6281-1b5a-033a-4944aa0d1690.active, button#15ff392d-8fc8-a395-8b6e-c704cac45653, button#0b871e98-fdff-9d5e-1b51-7a31c600a5a5, button#3ad6f4c9-a7bf-9fc8-a1cd-f63683a1a946] @ https://cdn.utmify.com.br/scripts/pixel/pixel.js:0
[   66705ms] [LOG] buttons [button#73d12fe4-6281-1b5a-033a-4944aa0d1690.active, button#15ff392d-8fc8-a395-8b6e-c704cac45653, button#0b871e98-fdff-9d5e-1b51-7a31c600a5a5, button#3ad6f4c9-a7bf-9fc8-a1cd-f63683a1a946] @ https://cdn.utmify.com.br/scripts/pixel/pixel.js:0
[   68705ms] [LOG] buttons [button#73d12fe4-6281-1b5a-033a-4944aa0d1690, button#15ff392d-8fc8-a395-8b6e-c704cac45653.active, button#0b871e98-fdff-9d5e-1b51-7a31c600a5a5, button#3ad6f4c9-a7bf-9fc8-a1cd-f63683a1a946] @ https://cdn.utmify.com.br/scripts/pixel/pixel.js:0
[   70705ms] [LOG] buttons [button#73d12fe4-6281-1b5a-033a-4944aa0d1690, button#15ff392d-8fc8-a395-8b6e-c704cac45653, button#0b871e98-fdff-9d5e-1b51-7a31c600a5a5.active, button#3ad6f4c9-a7bf-9fc8-a1cd-f63683a1a946] @ https://cdn.utmify.com.br/scripts/pixel/pixel.js:0
[   72705ms] [LOG] buttons [button#73d12fe4-6281-1b5a-033a-4944aa0d1690, button#15ff392d-8fc8-a395-8b6e-c704cac45653, button#0b871e98-fdff-9d5e-1b51-7a31c600a5a5.active, button#3ad6f4c9-a7bf-9fc8-a1cd-f63683a1a946] @ https://cdn.utmify.com.br/scripts/pixel/pixel.js:0
[   74704ms] [LOG] buttons [button#73d12fe4-6281-1b5a-033a-4944aa0d1690, button#15ff392d-8fc8-a395-8b6e-c704cac45653, button#0b871e98-fdff-9d5e-1b51-7a31c600a5a5, button#3ad6f4c9-a7bf-9fc8-a1cd-f63683a1a946.active] @ https://cdn.utmify.com.br/scripts/pixel/pixel.js:0
[   76704ms] [LOG] buttons [button#73d12fe4-6281-1b5a-033a-4944aa0d1690, button#15ff392d-8fc8-a395-8b6e-c704cac45653, button#0b871e98-fdff-9d5e-1b51-7a31c600a5a5, button#3ad6f4c9-a7bf-9fc8-a1cd-f63683a1a946.active] @ https://cdn.utmify.com.br/scripts/pixel/pixel.js:0
[   78705ms] [LOG] buttons [button#73d12fe4-6281-1b5a-033a-4944aa0d1690.active, button#15ff392d-8fc8-a395-8b6e-c704cac45653, button#0b871e98-fdff-9d5e-1b51-7a31c600a5a5, button#3ad6f4c9-a7bf-9fc8-a1cd-f63683a1a946] @ https://cdn.utmify.com.br/scripts/pixel/pixel.js:0
[   80705ms] [LOG] buttons [button#73d12fe4-6281-1b5a-033a-4944aa0d1690, button#15ff392d-8fc8-a395-8b6e-c704cac45653.active, button#0b871e98-fdff-9d5e-1b51-7a31c600a5a5, button#3ad6f4c9-a7bf-9fc8-a1cd-f63683a1a946] @ https://cdn.utmify.com.br/scripts/pixel/pixel.js:0
[   82705ms] [LOG] buttons [button#73d12fe4-6281-1b5a-033a-4944aa0d1690, button#15ff392d-8fc8-a395-8b6e-c704cac45653.active, button#0b871e98-fdff-9d5e-1b51-7a31c600a5a5, button#3ad6f4c9-a7bf-9fc8-a1cd-f63683a1a946] @ https://cdn.utmify.com.br/scripts/pixel/pixel.js:0
[   84705ms] [LOG] buttons [button#73d12fe4-6281-1b5a-033a-4944aa0d1690, button#15ff392d-8fc8-a395-8b6e-c704cac45653, button#0b871e98-fdff-9d5e-1b51-7a31c600a5a5.active, button#3ad6f4c9-a7bf-9fc8-a1cd-f63683a1a946] @ https://cdn.utmify.com.br/scripts/pixel/pixel.js:0
[   86705ms] [LOG] buttons [button#73d12fe4-6281-1b5a-033a-4944aa0d1690, button#15ff392d-8fc8-a395-8b6e-c704cac45653, button#0b871e98-fdff-9d5e-1b51-7a31c600a5a5, button#3ad6f4c9-a7bf-9fc8-a1cd-f63683a1a946.active] @ https://cdn.utmify.com.br/scripts/pixel/pixel.js:0
[   88704ms] [LOG] buttons [button#73d12fe4-6281-1b5a-033a-4944aa0d1690, button#15ff392d-8fc8-a395-8b6e-c704cac45653, button#0b871e98-fdff-9d5e-1b51-7a31c600a5a5, button#3ad6f4c9-a7bf-9fc8-a1cd-f63683a1a946.active] @ https://cdn.utmify.com.br/scripts/pixel/pixel.js:0
[   90705ms] [LOG] buttons [button#73d12fe4-6281-1b5a-033a-4944aa0d1690.active, button#15ff392d-8fc8-a395-8b6e-c704cac45653, button#0b871e98-fdff-9d5e-1b51-7a31c600a5a5, button#3ad6f4c9-a7bf-9fc8-a1cd-f63683a1a946] @ https://cdn.utmify.com.br/scripts/pixel/pixel.js:0
[   92704ms] [LOG] buttons [button#73d12fe4-6281-1b5a-033a-4944aa0d1690.active, button#15ff392d-8fc8-a395-8b6e-c704cac45653, button#0b871e98-fdff-9d5e-1b51-7a31c600a5a5, button#3ad6f4c9-a7bf-9fc8-a1cd-f63683a1a946] @ https://cdn.utmify.com.br/scripts/pixel/pixel.js:0
[   94705ms] [LOG] buttons [button#73d12fe4-6281-1b5a-033a-4944aa0d1690, button#15ff392d-8fc8-a395-8b6e-c704cac45653.active, button#0b871e98-fdff-9d5e-1b51-7a31c600a5a5, button#3ad6f4c9-a7bf-9fc8-a1cd-f63683a1a946] @ https://cdn.utmify.com.br/scripts/pixel/pixel.js:0
[   96704ms] [LOG] buttons [button#73d12fe4-6281-1b5a-033a-4944aa0d1690, button#15ff392d-8fc8-a395-8b6e-c704cac45653, button#0b871e98-fdff-9d5e-1b51-7a31c600a5a5.active, button#3ad6f4c9-a7bf-9fc8-a1cd-f63683a1a946] @ https://cdn.utmify.com.br/scripts/pixel/pixel.js:0
[   98705ms] [LOG] buttons [button#73d12fe4-6281-1b5a-033a-4944aa0d1690, button#15ff392d-8fc8-a395-8b6e-c704cac45653, button#0b871e98-fdff-9d5e-1b51-7a31c600a5a5.active, button#3ad6f4c9-a7bf-9fc8-a1cd-f63683a1a946] @ https://cdn.utmify.com.br/scripts/pixel/pixel.js:0
[  100705ms] [LOG] buttons [button#73d12fe4-6281-1b5a-033a-4944aa0d1690, button#15ff392d-8fc8-a395-8b6e-c704cac45653, button#0b871e98-fdff-9d5e-1b51-7a31c600a5a5, button#3ad6f4c9-a7bf-9fc8-a1cd-f63683a1a946.active] @ https://cdn.utmify.com.br/scripts/pixel/pixel.js:0
[  102705ms] [LOG] buttons [button#73d12fe4-6281-1b5a-033a-4944aa0d1690.active, button#15ff392d-8fc8-a395-8b6e-c704cac45653, button#0b871e98-fdff-9d5e-1b51-7a31c600a5a5, button#3ad6f4c9-a7bf-9fc8-a1cd-f63683a1a946] @ https://cdn.utmify.com.br/scripts/pixel/pixel.js:0
[  104705ms] [LOG] buttons [button#73d12fe4-6281-1b5a-033a-4944aa0d1690.active, button#15ff392d-8fc8-a395-8b6e-c704cac45653, button#0b871e98-fdff-9d5e-1b51-7a31c600a5a5, button#3ad6f4c9-a7bf-9fc8-a1cd-f63683a1a946] @ https://cdn.utmify.com.br/scripts/pixel/pixel.js:0
[  106705ms] [LOG] buttons [button#73d12fe4-6281-1b5a-033a-4944aa0d1690, button#15ff392d-8fc8-a395-8b6e-c704cac45653.active, button#0b871e98-fdff-9d5e-1b51-7a31c600a5a5, button#3ad6f4c9-a7bf-9fc8-a1cd-f63683a1a946] @ https://cdn.utmify.com.br/scripts/pixel/pixel.js:0
[  108705ms] [LOG] buttons [button#73d12fe4-6281-1b5a-033a-4944aa0d1690, button#15ff392d-8fc8-a395-8b6e-c704cac45653.active, button#0b871e98-fdff-9d5e-1b51-7a31c600a5a5, button#3ad6f4c9-a7bf-9fc8-a1cd-f63683a1a946] @ https://cdn.utmify.com.br/scripts/pixel/pixel.js:0
[  110705ms] [LOG] buttons [button#73d12fe4-6281-1b5a-033a-4944aa0d1690, button#15ff392d-8fc8-a395-8b6e-c704cac45653, button#0b871e98-fdff-9d5e-1b51-7a31c600a5a5.active, button#3ad6f4c9-a7bf-9fc8-a1cd-f63683a1a946] @ https://cdn.utmify.com.br/scripts/pixel/pixel.js:0
[  112706ms] [LOG] buttons [button#73d12fe4-6281-1b5a-033a-4944aa0d1690, button#15ff392d-8fc8-a395-8b6e-c704cac45653, button#0b871e98-fdff-9d5e-1b51-7a31c600a5a5, button#3ad6f4c9-a7bf-9fc8-a1cd-f63683a1a946.active] @ https://cdn.utmify.com.br/scripts/pixel/pixel.js:0
[  114705ms] [LOG] buttons [button#73d12fe4-6281-1b5a-033a-4944aa0d1690, button#15ff392d-8fc8-a395-8b6e-c704cac45653, button#0b871e98-fdff-9d5e-1b51-7a31c600a5a5, button#3ad6f4c9-a7bf-9fc8-a1cd-f63683a1a946.active] @ https://cdn.utmify.com.br/scripts/pixel/pixel.js:0
[  116706ms] [LOG] buttons [button#73d12fe4-6281-1b5a-033a-4944aa0d1690.active, button#15ff392d-8fc8-a395-8b6e-c704cac45653, button#0b871e98-fdff-9d5e-1b51-7a31c600a5a5, button#3ad6f4c9-a7bf-9fc8-a1cd-f63683a1a946] @ https://cdn.utmify.com.br/scripts/pixel/pixel.js:0
[  118705ms] [LOG] buttons [button#73d12fe4-6281-1b5a-033a-4944aa0d1690, button#15ff392d-8fc8-a395-8b6e-c704cac45653.active, button#0b871e98-fdff-9d5e-1b51-7a31c600a5a5, button#3ad6f4c9-a7bf-9fc8-a1cd-f63683a1a946] @ https://cdn.utmify.com.br/scripts/pixel/pixel.js:0
[  120705ms] [LOG] buttons [button#73d12fe4-6281-1b5a-033a-4944aa0d1690, button#15ff392d-8fc8-a395-8b6e-c704cac45653.active, button#0b871e98-fdff-9d5e-1b51-7a31c600a5a5, button#3ad6f4c9-a7bf-9fc8-a1cd-f63683a1a946] @ https://cdn.utmify.com.br/scripts/pixel/pixel.js:0
[  122704ms] [LOG] buttons [button#73d12fe4-6281-1b5a-033a-4944aa0d1690, button#15ff392d-8fc8-a395-8b6e-c704cac45653, button#0b871e98-fdff-9d5e-1b51-7a31c600a5a5.active, button#3ad6f4c9-a7bf-9fc8-a1cd-f63683a1a946] @ https://cdn.utmify.com.br/scripts/pixel/pixel.js:0
[  124704ms] [LOG] buttons [button#73d12fe4-6281-1b5a-033a-4944aa0d1690, button#15ff392d-8fc8-a395-8b6e-c704cac45653, button#0b871e98-fdff-9d5e-1b51-7a31c600a5a5.active, button#3ad6f4c9-a7bf-9fc8-a1cd-f63683a1a946] @ https://cdn.utmify.com.br/scripts/pixel/pixel.js:0
[  126705ms] [LOG] buttons [button#73d12fe4-6281-1b5a-033a-4944aa0d1690, button#15ff392d-8fc8-a395-8b6e-c704cac45653, button#0b871e98-fdff-9d5e-1b51-7a31c600a5a5, button#3ad6f4c9-a7bf-9fc8-a1cd-f63683a1a946.active] @ https://cdn.utmify.com.br/scripts/pixel/pixel.js:0
[  128705ms] [LOG] buttons [button#73d12fe4-6281-1b5a-033a-4944aa0d1690.active, button#15ff392d-8fc8-a395-8b6e-c704cac45653, button#0b871e98-fdff-9d5e-1b51-7a31c600a5a5, button#3ad6f4c9-a7bf-9fc8-a1cd-f63683a1a946] @ https://cdn.utmify.com.br/scripts/pixel/pixel.js:0
[  130705ms] [LOG] buttons [button#73d12fe4-6281-1b5a-033a-4944aa0d1690.active, button#15ff392d-8fc8-a395-8b6e-c704cac45653, button#0b871e98-fdff-9d5e-1b51-7a31c600a5a5, button#3ad6f4c9-a7bf-9fc8-a1cd-f63683a1a946] @ https://cdn.utmify.com.br/scripts/pixel/pixel.js:0
[  132704ms] [LOG] buttons [button#73d12fe4-6281-1b5a-033a-4944aa0d1690, button#15ff392d-8fc8-a395-8b6e-c704cac45653.active, button#0b871e98-fdff-9d5e-1b51-7a31c600a5a5, button#3ad6f4c9-a7bf-9fc8-a1cd-f63683a1a946] @ https://cdn.utmify.com.br/scripts/pixel/pixel.js:0
[  134705ms] [LOG] buttons [button#73d12fe4-6281-1b5a-033a-4944aa0d1690, button#15ff392d-8fc8-a395-8b6e-c704cac45653, button#0b871e98-fdff-9d5e-1b51-7a31c600a5a5.active, button#3ad6f4c9-a7bf-9fc8-a1cd-f63683a1a946] @ https://cdn.utmify.com.br/scripts/pixel/pixel.js:0
[  136704ms] [LOG] buttons [button#73d12fe4-6281-1b5a-033a-4944aa0d1690, button#15ff392d-8fc8-a395-8b6e-c704cac45653, button#0b871e98-fdff-9d5e-1b51-7a31c600a5a5.active, button#3ad6f4c9-a7bf-9fc8-a1cd-f63683a1a946] @ https://cdn.utmify.com.br/scripts/pixel/pixel.js:0
[  138705ms] [LOG] buttons [button#73d12fe4-6281-1b5a-033a-4944aa0d1690, button#15ff392d-8fc8-a395-8b6e-c704cac45653, button#0b871e98-fdff-9d5e-1b51-7a31c600a5a5, button#3ad6f4c9-a7bf-9fc8-a1cd-f63683a1a946.active] @ https://cdn.utmify.com.br/scripts/pixel/pixel.js:0
[  140705ms] [LOG] buttons [button#73d12fe4-6281-1b5a-033a-4944aa0d1690, button#15ff392d-8fc8-a395-8b6e-c704cac45653, button#0b871e98-fdff-9d5e-1b51-7a31c600a5a5, button#3ad6f4c9-a7bf-9fc8-a1cd-f63683a1a946.active] @ https://cdn.utmify.com.br/scripts/pixel/pixel.js:0
[  142705ms] [LOG] buttons [button#73d12fe4-6281-1b5a-033a-4944aa0d1690.active, button#15ff392d-8fc8-a395-8b6e-c704cac45653, button#0b871e98-fdff-9d5e-1b51-7a31c600a5a5, button#3ad6f4c9-a7bf-9fc8-a1cd-f63683a1a946] @ https://cdn.utmify.com.br/scripts/pixel/pixel.js:0
[  144705ms] [LOG] buttons [button#73d12fe4-6281-1b5a-033a-4944aa0d1690, button#15ff392d-8fc8-a395-8b6e-c704cac45653.active, button#0b871e98-fdff-9d5e-1b51-7a31c600a5a5, button#3ad6f4c9-a7bf-9fc8-a1cd-f63683a1a946] @ https://cdn.utmify.com.br/scripts/pixel/pixel.js:0
[  146705ms] [LOG] buttons [button#73d12fe4-6281-1b5a-033a-4944aa0d1690, button#15ff392d-8fc8-a395-8b6e-c704cac45653.active, button#0b871e98-fdff-9d5e-1b51-7a31c600a5a5, button#3ad6f4c9-a7bf-9fc8-a1cd-f63683a1a946] @ https://cdn.utmify.com.br/scripts/pixel/pixel.js:0
[  148706ms] [LOG] buttons [button#73d12fe4-6281-1b5a-033a-4944aa0d1690, button#15ff392d-8fc8-a395-8b6e-c704cac45653, button#0b871e98-fdff-9d5e-1b51-7a31c600a5a5.active, button#3ad6f4c9-a7bf-9fc8-a1cd-f63683a1a946] @ https://cdn.utmify.com.br/scripts/pixel/pixel.js:0
[  150705ms] [LOG] buttons [button#73d12fe4-6281-1b5a-033a-4944aa0d1690, button#15ff392d-8fc8-a395-8b6e-c704cac45653, button#0b871e98-fdff-9d5e-1b51-7a31c600a5a5, button#3ad6f4c9-a7bf-9fc8-a1cd-f63683a1a946.active] @ https://cdn.utmify.com.br/scripts/pixel/pixel.js:0
[  152705ms] [LOG] buttons [button#73d12fe4-6281-1b5a-033a-4944aa0d1690, button#15ff392d-8fc8-a395-8b6e-c704cac45653, button#0b871e98-fdff-9d5e-1b51-7a31c600a5a5, button#3ad6f4c9-a7bf-9fc8-a1cd-f63683a1a946.active] @ https://cdn.utmify.com.br/scripts/pixel/pixel.js:0
[  154705ms] [LOG] buttons [button#73d12fe4-6281-1b5a-033a-4944aa0d1690.active, button#15ff392d-8fc8-a395-8b6e-c704cac45653, button#0b871e98-fdff-9d5e-1b51-7a31c600a5a5, button#3ad6f4c9-a7bf-9fc8-a1cd-f63683a1a946] @ https://cdn.utmify.com.br/scripts/pixel/pixel.js:0
[  156705ms] [LOG] buttons [button#73d12fe4-6281-1b5a-033a-4944aa0d1690.active, button#15ff392d-8fc8-a395-8b6e-c704cac45653, button#0b871e98-fdff-9d5e-1b51-7a31c600a5a5, button#3ad6f4c9-a7bf-9fc8-a1cd-f63683a1a946] @ https://cdn.utmify.com.br/scripts/pixel/pixel.js:0
[  158705ms] [LOG] buttons [button#73d12fe4-6281-1b5a-033a-4944aa0d1690, button#15ff392d-8fc8-a395-8b6e-c704cac45653.active, button#0b871e98-fdff-9d5e-1b51-7a31c600a5a5, button#3ad6f4c9-a7bf-9fc8-a1cd-f63683a1a946] @ https://cdn.utmify.com.br/scripts/pixel/pixel.js:0
[  160705ms] [LOG] buttons [button#73d12fe4-6281-1b5a-033a-4944aa0d1690, button#15ff392d-8fc8-a395-8b6e-c704cac45653, button#0b871e98-fdff-9d5e-1b51-7a31c600a5a5.active, button#3ad6f4c9-a7bf-9fc8-a1cd-f63683a1a946] @ https://cdn.utmify.com.br/scripts/pixel/pixel.js:0
[  162705ms] [LOG] buttons [button#73d12fe4-6281-1b5a-033a-4944aa0d1690, button#15ff392d-8fc8-a395-8b6e-c704cac45653, button#0b871e98-fdff-9d5e-1b51-7a31c600a5a5.active, button#3ad6f4c9-a7bf-9fc8-a1cd-f63683a1a946] @ https://cdn.utmify.com.br/scripts/pixel/pixel.js:0
[  164705ms] [LOG] buttons [button#73d12fe4-6281-1b5a-033a-4944aa0d1690, button#15ff392d-8fc8-a395-8b6e-c704cac45653, button#0b871e98-fdff-9d5e-1b51-7a31c600a5a5, button#3ad6f4c9-a7bf-9fc8-a1cd-f63683a1a946.active] @ https://cdn.utmify.com.br/scripts/pixel/pixel.js:0
[  166705ms] [LOG] buttons [button#73d12fe4-6281-1b5a-033a-4944aa0d1690.active, button#15ff392d-8fc8-a395-8b6e-c704cac45653, button#0b871e98-fdff-9d5e-1b51-7a31c600a5a5, button#3ad6f4c9-a7bf-9fc8-a1cd-f63683a1a946] @ https://cdn.utmify.com.br/scripts/pixel/pixel.js:0
[  168705ms] [LOG] buttons [button#73d12fe4-6281-1b5a-033a-4944aa0d1690.active, button#15ff392d-8fc8-a395-8b6e-c704cac45653, button#0b871e98-fdff-9d5e-1b51-7a31c600a5a5, button#3ad6f4c9-a7bf-9fc8-a1cd-f63683a1a946] @ https://cdn.utmify.com.br/scripts/pixel/pixel.js:0
[  170705ms] [LOG] buttons [button#73d12fe4-6281-1b5a-033a-4944aa0d1690, button#15ff392d-8fc8-a395-8b6e-c704cac45653.active, button#0b871e98-fdff-9d5e-1b51-7a31c600a5a5, button#3ad6f4c9-a7bf-9fc8-a1cd-f63683a1a946] @ https://cdn.utmify.com.br/scripts/pixel/pixel.js:0
[  172704ms] [LOG] buttons [button#73d12fe4-6281-1b5a-033a-4944aa0d1690, button#15ff392d-8fc8-a395-8b6e-c704cac45653.active, button#0b871e98-fdff-9d5e-1b51-7a31c600a5a5, button#3ad6f4c9-a7bf-9fc8-a1cd-f63683a1a946] @ https://cdn.utmify.com.br/scripts/pixel/pixel.js:0
[  174705ms] [LOG] buttons [button#73d12fe4-6281-1b5a-033a-4944aa0d1690, button#15ff392d-8fc8-a395-8b6e-c704cac45653, button#0b871e98-fdff-9d5e-1b51-7a31c600a5a5.active, button#3ad6f4c9-a7bf-9fc8-a1cd-f63683a1a946] @ https://cdn.utmify.com.br/scripts/pixel/pixel.js:0
[  176705ms] [LOG] buttons [button#73d12fe4-6281-1b5a-033a-4944aa0d1690, button#15ff392d-8fc8-a395-8b6e-c704cac45653, button#0b871e98-fdff-9d5e-1b51-7a31c600a5a5, button#3ad6f4c9-a7bf-9fc8-a1cd-f63683a1a946.active] @ https://cdn.utmify.com.br/scripts/pixel/pixel.js:0
[  178705ms] [LOG] buttons [button#73d12fe4-6281-1b5a-033a-4944aa0d1690, button#15ff392d-8fc8-a395-8b6e-c704cac45653, button#0b871e98-fdff-9d5e-1b51-7a31c600a5a5, button#3ad6f4c9-a7bf-9fc8-a1cd-f63683a1a946.active] @ https://cdn.utmify.com.br/scripts/pixel/pixel.js:0
[  180705ms] [LOG] buttons [button#73d12fe4-6281-1b5a-033a-4944aa0d1690.active, button#15ff392d-8fc8-a395-8b6e-c704cac45653, button#0b871e98-fdff-9d5e-1b51-7a31c600a5a5, button#3ad6f4c9-a7bf-9fc8-a1cd-f63683a1a946] @ https://cdn.utmify.com.br/scripts/pixel/pixel.js:0
[  182704ms] [LOG] buttons [button#73d12fe4-6281-1b5a-033a-4944aa0d1690, button#15ff392d-8fc8-a395-8b6e-c704cac45653.active, button#0b871e98-fdff-9d5e-1b51-7a31c600a5a5, button#3ad6f4c9-a7bf-9fc8-a1cd-f63683a1a946] @ https://cdn.utmify.com.br/scripts/pixel/pixel.js:0
[  184705ms] [LOG] buttons [button#73d12fe4-6281-1b5a-033a-4944aa0d1690, button#15ff392d-8fc8-a395-8b6e-c704cac45653.active, button#0b871e98-fdff-9d5e-1b51-7a31c600a5a5, button#3ad6f4c9-a7bf-9fc8-a1cd-f63683a1a946] @ https://cdn.utmify.com.br/scripts/pixel/pixel.js:0
[  186705ms] [LOG] buttons [button#73d12fe4-6281-1b5a-033a-4944aa0d1690, button#15ff392d-8fc8-a395-8b6e-c704cac45653, button#0b871e98-fdff-9d5e-1b51-7a31c600a5a5.active, button#3ad6f4c9-a7bf-9fc8-a1cd-f63683a1a946] @ https://cdn.utmify.com.br/scripts/pixel/pixel.js:0
[  188705ms] [LOG] buttons [button#73d12fe4-6281-1b5a-033a-4944aa0d1690, button#15ff392d-8fc8-a395-8b6e-c704cac45653, button#0b871e98-fdff-9d5e-1b51-7a31c600a5a5.active, button#3ad6f4c9-a7bf-9fc8-a1cd-f63683a1a946] @ https://cdn.utmify.com.br/scripts/pixel/pixel.js:0
[  190705ms] [LOG] buttons [button#73d12fe4-6281-1b5a-033a-4944aa0d1690, button#15ff392d-8fc8-a395-8b6e-c704cac45653, button#0b871e98-fdff-9d5e-1b51-7a31c600a5a5, button#3ad6f4c9-a7bf-9fc8-a1cd-f63683a1a946.active] @ https://cdn.utmify.com.br/scripts/pixel/pixel.js:0
[  192705ms] [LOG] buttons [button#73d12fe4-6281-1b5a-033a-4944aa0d1690.active, button#15ff392d-8fc8-a395-8b6e-c704cac45653, button#0b871e98-fdff-9d5e-1b51-7a31c600a5a5, button#3ad6f4c9-a7bf-9fc8-a1cd-f63683a1a946] @ https://cdn.utmify.com.br/scripts/pixel/pixel.js:0
[  194705ms] [LOG] buttons [button#73d12fe4-6281-1b5a-033a-4944aa0d1690.active, button#15ff392d-8fc8-a395-8b6e-c704cac45653, button#0b871e98-fdff-9d5e-1b51-7a31c600a5a5, button#3ad6f4c9-a7bf-9fc8-a1cd-f63683a1a946] @ https://cdn.utmify.com.br/scripts/pixel/pixel.js:0
[  196705ms] [LOG] buttons [button#73d12fe4-6281-1b5a-033a-4944aa0d1690, button#15ff392d-8fc8-a395-8b6e-c704cac45653.active, button#0b871e98-fdff-9d5e-1b51-7a31c600a5a5, button#3ad6f4c9-a7bf-9fc8-a1cd-f63683a1a946] @ https://cdn.utmify.com.br/scripts/pixel/pixel.js:0
[  198704ms] [LOG] buttons [button#73d12fe4-6281-1b5a-033a-4944aa0d1690, button#15ff392d-8fc8-a395-8b6e-c704cac45653, button#0b871e98-fdff-9d5e-1b51-7a31c600a5a5.active, button#3ad6f4c9-a7bf-9fc8-a1cd-f63683a1a946] @ https://cdn.utmify.com.br/scripts/pixel/pixel.js:0
[  200705ms] [LOG] buttons [button#73d12fe4-6281-1b5a-033a-4944aa0d1690, button#15ff392d-8fc8-a395-8b6e-c704cac45653, button#0b871e98-fdff-9d5e-1b51-7a31c600a5a5.active, button#3ad6f4c9-a7bf-9fc8-a1cd-f63683a1a946] @ https://cdn.utmify.com.br/scripts/pixel/pixel.js:0
[  202705ms] [LOG] buttons [button#73d12fe4-6281-1b5a-033a-4944aa0d1690, button#15ff392d-8fc8-a395-8b6e-c704cac45653, button#0b871e98-fdff-9d5e-1b51-7a31c600a5a5, button#3ad6f4c9-a7bf-9fc8-a1cd-f63683a1a946.active] @ https://cdn.utmify.com.br/scripts/pixel/pixel.js:0
[  204705ms] [LOG] buttons [button#73d12fe4-6281-1b5a-033a-4944aa0d1690, button#15ff392d-8fc8-a395-8b6e-c704cac45653, button#0b871e98-fdff-9d5e-1b51-7a31c600a5a5, button#3ad6f4c9-a7bf-9fc8-a1cd-f63683a1a946.active] @ https://cdn.utmify.com.br/scripts/pixel/pixel.js:0
[  206705ms] [LOG] buttons [button#73d12fe4-6281-1b5a-033a-4944aa0d1690.active, button#15ff392d-8fc8-a395-8b6e-c704cac45653, button#0b871e98-fdff-9d5e-1b51-7a31c600a5a5, button#3ad6f4c9-a7bf-9fc8-a1cd-f63683a1a946] @ https://cdn.utmify.com.br/scripts/pixel/pixel.js:0
[  208705ms] [LOG] buttons [button#73d12fe4-6281-1b5a-033a-4944aa0d1690, button#15ff392d-8fc8-a395-8b6e-c704cac45653.active, button#0b871e98-fdff-9d5e-1b51-7a31c600a5a5, button#3ad6f4c9-a7bf-9fc8-a1cd-f63683a1a946] @ https://cdn.utmify.com.br/scripts/pixel/pixel.js:0
[  210705ms] [LOG] buttons [button#73d12fe4-6281-1b5a-033a-4944aa0d1690, button#15ff392d-8fc8-a395-8b6e-c704cac45653.active, button#0b871e98-fdff-9d5e-1b51-7a31c600a5a5, button#3ad6f4c9-a7bf-9fc8-a1cd-f63683a1a946] @ https://cdn.utmify.com.br/scripts/pixel/pixel.js:0
[  212704ms] [LOG] buttons [button#73d12fe4-6281-1b5a-033a-4944aa0d1690, button#15ff392d-8fc8-a395-8b6e-c704cac45653, button#0b871e98-fdff-9d5e-1b51-7a31c600a5a5.active, button#3ad6f4c9-a7bf-9fc8-a1cd-f63683a1a946] @ https://cdn.utmify.com.br/scripts/pixel/pixel.js:0
[  214705ms] [LOG] buttons [button#73d12fe4-6281-1b5a-033a-4944aa0d1690, button#15ff392d-8fc8-a395-8b6e-c704cac45653, button#0b871e98-fdff-9d5e-1b51-7a31c600a5a5, button#3ad6f4c9-a7bf-9fc8-a1cd-f63683a1a946.active] @ https://cdn.utmify.com.br/scripts/pixel/pixel.js:0
[  216705ms] [LOG] buttons [button#73d12fe4-6281-1b5a-033a-4944aa0d1690, button#15ff392d-8fc8-a395-8b6e-c704cac45653, button#0b871e98-fdff-9d5e-1b51-7a31c600a5a5, button#3ad6f4c9-a7bf-9fc8-a1cd-f63683a1a946.active] @ https://cdn.utmify.com.br/scripts/pixel/pixel.js:0
[  218705ms] [LOG] buttons [button#73d12fe4-6281-1b5a-033a-4944aa0d1690.active, button#15ff392d-8fc8-a395-8b6e-c704cac45653, button#0b871e98-fdff-9d5e-1b51-7a31c600a5a5, button#3ad6f4c9-a7bf-9fc8-a1cd-f63683a1a946] @ https://cdn.utmify.com.br/scripts/pixel/pixel.js:0
[  220706ms] [LOG] buttons [button#73d12fe4-6281-1b5a-033a-4944aa0d1690.active, button#15ff392d-8fc8-a395-8b6e-c704cac45653, button#0b871e98-fdff-9d5e-1b51-7a31c600a5a5, button#3ad6f4c9-a7bf-9fc8-a1cd-f63683a1a946] @ https://cdn.utmify.com.br/scripts/pixel/pixel.js:0
[  222705ms] [LOG] buttons [button#73d12fe4-6281-1b5a-033a-4944aa0d1690, button#15ff392d-8fc8-a395-8b6e-c704cac45653.active, button#0b871e98-fdff-9d5e-1b51-7a31c600a5a5, button#3ad6f4c9-a7bf-9fc8-a1cd-f63683a1a946] @ https://cdn.utmify.com.br/scripts/pixel/pixel.js:0
[  224705ms] [LOG] buttons [button#73d12fe4-6281-1b5a-033a-4944aa0d1690, button#15ff392d-8fc8-a395-8b6e-c704cac45653, button#0b871e98-fdff-9d5e-1b51-7a31c600a5a5.active, button#3ad6f4c9-a7bf-9fc8-a1cd-f63683a1a946] @ https://cdn.utmify.com.br/scripts/pixel/pixel.js:0
[  226705ms] [LOG] buttons [button#73d12fe4-6281-1b5a-033a-4944aa0d1690, button#15ff392d-8fc8-a395-8b6e-c704cac45653, button#0b871e98-fdff-9d5e-1b51-7a31c600a5a5.active, button#3ad6f4c9-a7bf-9fc8-a1cd-f63683a1a946] @ https://cdn.utmify.com.br/scripts/pixel/pixel.js:0
[  228705ms] [LOG] buttons [button#73d12fe4-6281-1b5a-033a-4944aa0d1690, button#15ff392d-8fc8-a395-8b6e-c704cac45653, button#0b871e98-fdff-9d5e-1b51-7a31c600a5a5, button#3ad6f4c9-a7bf-9fc8-a1cd-f63683a1a946.active] @ https://cdn.utmify.com.br/scripts/pixel/pixel.js:0
[  230706ms] [LOG] buttons [button#73d12fe4-6281-1b5a-033a-4944aa0d1690.active, button#15ff392d-8fc8-a395-8b6e-c704cac45653, button#0b871e98-fdff-9d5e-1b51-7a31c600a5a5, button#3ad6f4c9-a7bf-9fc8-a1cd-f63683a1a946] @ https://cdn.utmify.com.br/scripts/pixel/pixel.js:0
[  232706ms] [LOG] buttons [button#73d12fe4-6281-1b5a-033a-4944aa0d1690.active, button#15ff392d-8fc8-a395-8b6e-c704cac45653, button#0b871e98-fdff-9d5e-1b51-7a31c600a5a5, button#3ad6f4c9-a7bf-9fc8-a1cd-f63683a1a946] @ https://cdn.utmify.com.br/scripts/pixel/pixel.js:0
[  234706ms] [LOG] buttons [button#73d12fe4-6281-1b5a-033a-4944aa0d1690, button#15ff392d-8fc8-a395-8b6e-c704cac45653.active, button#0b871e98-fdff-9d5e-1b51-7a31c600a5a5, button#3ad6f4c9-a7bf-9fc8-a1cd-f63683a1a946] @ https://cdn.utmify.com.br/scripts/pixel/pixel.js:0
[  236705ms] [LOG] buttons [button#73d12fe4-6281-1b5a-033a-4944aa0d1690, button#15ff392d-8fc8-a395-8b6e-c704cac45653.active, button#0b871e98-fdff-9d5e-1b51-7a31c600a5a5, button#3ad6f4c9-a7bf-9fc8-a1cd-f63683a1a946] @ https://cdn.utmify.com.br/scripts/pixel/pixel.js:0
[  238705ms] [LOG] buttons [button#73d12fe4-6281-1b5a-033a-4944aa0d1690, button#15ff392d-8fc8-a395-8b6e-c704cac45653, button#0b871e98-fdff-9d5e-1b51-7a31c600a5a5.active, button#3ad6f4c9-a7bf-9fc8-a1cd-f63683a1a946] @ https://cdn.utmify.com.br/scripts/pixel/pixel.js:0
[  240705ms] [LOG] buttons [button#73d12fe4-6281-1b5a-033a-4944aa0d1690, button#15ff392d-8fc8-a395-8b6e-c704cac45653, button#0b871e98-fdff-9d5e-1b51-7a31c600a5a5, button#3ad6f4c9-a7bf-9fc8-a1cd-f63683a1a946.active] @ https://cdn.utmify.com.br/scripts/pixel/pixel.js:0
[  242705ms] [LOG] buttons [button#73d12fe4-6281-1b5a-033a-4944aa0d1690, button#15ff392d-8fc8-a395-8b6e-c704cac45653, button#0b871e98-fdff-9d5e-1b51-7a31c600a5a5, button#3ad6f4c9-a7bf-9fc8-a1cd-f63683a1a946.active] @ https://cdn.utmify.com.br/scripts/pixel/pixel.js:0
[  244704ms] [LOG] buttons [button#73d12fe4-6281-1b5a-033a-4944aa0d1690.active, button#15ff392d-8fc8-a395-8b6e-c704cac45653, button#0b871e98-fdff-9d5e-1b51-7a31c600a5a5, button#3ad6f4c9-a7bf-9fc8-a1cd-f63683a1a946] @ https://cdn.utmify.com.br/scripts/pixel/pixel.js:0
[  246705ms] [LOG] buttons [button#73d12fe4-6281-1b5a-033a-4944aa0d1690, button#15ff392d-8fc8-a395-8b6e-c704cac45653.active, button#0b871e98-fdff-9d5e-1b51-7a31c600a5a5, button#3ad6f4c9-a7bf-9fc8-a1cd-f63683a1a946] @ https://cdn.utmify.com.br/scripts/pixel/pixel.js:0
[  248705ms] [LOG] buttons [button#73d12fe4-6281-1b5a-033a-4944aa0d1690, button#15ff392d-8fc8-a395-8b6e-c704cac45653.active, button#0b871e98-fdff-9d5e-1b51-7a31c600a5a5, button#3ad6f4c9-a7bf-9fc8-a1cd-f63683a1a946] @ https://cdn.utmify.com.br/scripts/pixel/pixel.js:0
[  250705ms] [LOG] buttons [button#73d12fe4-6281-1b5a-033a-4944aa0d1690, button#15ff392d-8fc8-a395-8b6e-c704cac45653, button#0b871e98-fdff-9d5e-1b51-7a31c600a5a5.active, button#3ad6f4c9-a7bf-9fc8-a1cd-f63683a1a946] @ https://cdn.utmify.com.br/scripts/pixel/pixel.js:0
[  252705ms] [LOG] buttons [button#73d12fe4-6281-1b5a-033a-4944aa0d1690, button#15ff392d-8fc8-a395-8b6e-c704cac45653, button#0b871e98-fdff-9d5e-1b51-7a31c600a5a5.active, button#3ad6f4c9-a7bf-9fc8-a1cd-f63683a1a946] @ https://cdn.utmify.com.br/scripts/pixel/pixel.js:0
[  254705ms] [LOG] buttons [button#73d12fe4-6281-1b5a-033a-4944aa0d1690, button#15ff392d-8fc8-a395-8b6e-c704cac45653, button#0b871e98-fdff-9d5e-1b51-7a31c600a5a5, button#3ad6f4c9-a7bf-9fc8-a1cd-f63683a1a946.active] @ https://cdn.utmify.com.br/scripts/pixel/pixel.js:0
[  256705ms] [LOG] buttons [button#73d12fe4-6281-1b5a-033a-4944aa0d1690.active, button#15ff392d-8fc8-a395-8b6e-c704cac45653, button#0b871e98-fdff-9d5e-1b51-7a31c600a5a5, button#3ad6f4c9-a7bf-9fc8-a1cd-f63683a1a946] @ https://cdn.utmify.com.br/scripts/pixel/pixel.js:0
[  258705ms] [LOG] buttons [button#73d12fe4-6281-1b5a-033a-4944aa0d1690.active, button#15ff392d-8fc8-a395-8b6e-c704cac45653, button#0b871e98-fdff-9d5e-1b51-7a31c600a5a5, button#3ad6f4c9-a7bf-9fc8-a1cd-f63683a1a946] @ https://cdn.utmify.com.br/scripts/pixel/pixel.js:0
[  260705ms] [LOG] buttons [button#73d12fe4-6281-1b5a-033a-4944aa0d1690, button#15ff392d-8fc8-a395-8b6e-c704cac45653.active, button#0b871e98-fdff-9d5e-1b51-7a31c600a5a5, button#3ad6f4c9-a7bf-9fc8-a1cd-f63683a1a946] @ https://cdn.utmify.com.br/scripts/pixel/pixel.js:0
[  262705ms] [LOG] buttons [button#73d12fe4-6281-1b5a-033a-4944aa0d1690, button#15ff392d-8fc8-a395-8b6e-c704cac45653, button#0b871e98-fdff-9d5e-1b51-7a31c600a5a5.active, button#3ad6f4c9-a7bf-9fc8-a1cd-f63683a1a946] @ https://cdn.utmify.com.br/scripts/pixel/pixel.js:0
[  264705ms] [LOG] buttons [button#73d12fe4-6281-1b5a-033a-4944aa0d1690, button#15ff392d-8fc8-a395-8b6e-c704cac45653, button#0b871e98-fdff-9d5e-1b51-7a31c600a5a5.active, button#3ad6f4c9-a7bf-9fc8-a1cd-f63683a1a946] @ https://cdn.utmify.com.br/scripts/pixel/pixel.js:0
[  266705ms] [LOG] buttons [button#73d12fe4-6281-1b5a-033a-4944aa0d1690, button#15ff392d-8fc8-a395-8b6e-c704cac45653, button#0b871e98-fdff-9d5e-1b51-7a31c600a5a5, button#3ad6f4c9-a7bf-9fc8-a1cd-f63683a1a946.active] @ https://cdn.utmify.com.br/scripts/pixel/pixel.js:0
[  268705ms] [LOG] buttons [button#73d12fe4-6281-1b5a-033a-4944aa0d1690, button#15ff392d-8fc8-a395-8b6e-c704cac45653, button#0b871e98-fdff-9d5e-1b51-7a31c600a5a5, button#3ad6f4c9-a7bf-9fc8-a1cd-f63683a1a946.active] @ https://cdn.utmify.com.br/scripts/pixel/pixel.js:0
[  270705ms] [LOG] buttons [button#73d12fe4-6281-1b5a-033a-4944aa0d1690.active, button#15ff392d-8fc8-a395-8b6e-c704cac45653, button#0b871e98-fdff-9d5e-1b51-7a31c600a5a5, button#3ad6f4c9-a7bf-9fc8-a1cd-f63683a1a946] @ https://cdn.utmify.com.br/scripts/pixel/pixel.js:0
[  272705ms] [LOG] buttons [button#73d12fe4-6281-1b5a-033a-4944aa0d1690, button#15ff392d-8fc8-a395-8b6e-c704cac45653.active, button#0b871e98-fdff-9d5e-1b51-7a31c600a5a5, button#3ad6f4c9-a7bf-9fc8-a1cd-f63683a1a946] @ https://cdn.utmify.com.br/scripts/pixel/pixel.js:0
[  274705ms] [LOG] buttons [button#73d12fe4-6281-1b5a-033a-4944aa0d1690, button#15ff392d-8fc8-a395-8b6e-c704cac45653.active, button#0b871e98-fdff-9d5e-1b51-7a31c600a5a5, button#3ad6f4c9-a7bf-9fc8-a1cd-f63683a1a946] @ https://cdn.utmify.com.br/scripts/pixel/pixel.js:0
[  276705ms] [LOG] buttons [button#73d12fe4-6281-1b5a-033a-4944aa0d1690, button#15ff392d-8fc8-a395-8b6e-c704cac45653, button#0b871e98-fdff-9d5e-1b51-7a31c600a5a5.active, button#3ad6f4c9-a7bf-9fc8-a1cd-f63683a1a946] @ https://cdn.utmify.com.br/scripts/pixel/pixel.js:0
[  278705ms] [LOG] buttons [button#73d12fe4-6281-1b5a-033a-4944aa0d1690, button#15ff392d-8fc8-a395-8b6e-c704cac45653, button#0b871e98-fdff-9d5e-1b51-7a31c600a5a5, button#3ad6f4c9-a7bf-9fc8-a1cd-f63683a1a946.active] @ https://cdn.utmify.com.br/scripts/pixel/pixel.js:0
[  280705ms] [LOG] buttons [button#73d12fe4-6281-1b5a-033a-4944aa0d1690, button#15ff392d-8fc8-a395-8b6e-c704cac45653, button#0b871e98-fdff-9d5e-1b51-7a31c600a5a5, button#3ad6f4c9-a7bf-9fc8-a1cd-f63683a1a946.active] @ https://cdn.utmify.com.br/scripts/pixel/pixel.js:0
[  282705ms] [LOG] buttons [button#73d12fe4-6281-1b5a-033a-4944aa0d1690.active, button#15ff392d-8fc8-a395-8b6e-c704cac45653, button#0b871e98-fdff-9d5e-1b51-7a31c600a5a5, button#3ad6f4c9-a7bf-9fc8-a1cd-f63683a1a946] @ https://cdn.utmify.com.br/scripts/pixel/pixel.js:0
[  284705ms] [LOG] buttons [button#73d12fe4-6281-1b5a-033a-4944aa0d1690.active, button#15ff392d-8fc8-a395-8b6e-c704cac45653, button#0b871e98-fdff-9d5e-1b51-7a31c600a5a5, button#3ad6f4c9-a7bf-9fc8-a1cd-f63683a1a946] @ https://cdn.utmify.com.br/scripts/pixel/pixel.js:0
[  286705ms] [LOG] buttons [button#73d12fe4-6281-1b5a-033a-4944aa0d1690, button#15ff392d-8fc8-a395-8b6e-c704cac45653.active, button#0b871e98-fdff-9d5e-1b51-7a31c600a5a5, button#3ad6f4c9-a7bf-9fc8-a1cd-f63683a1a946] @ https://cdn.utmify.com.br/scripts/pixel/pixel.js:0
[  288705ms] [LOG] buttons [button#73d12fe4-6281-1b5a-033a-4944aa0d1690, button#15ff392d-8fc8-a395-8b6e-c704cac45653, button#0b871e98-fdff-9d5e-1b51-7a31c600a5a5.active, button#3ad6f4c9-a7bf-9fc8-a1cd-f63683a1a946] @ https://cdn.utmify.com.br/scripts/pixel/pixel.js:0
[  290707ms] [LOG] buttons [button#73d12fe4-6281-1b5a-033a-4944aa0d1690, button#15ff392d-8fc8-a395-8b6e-c704cac45653, button#0b871e98-fdff-9d5e-1b51-7a31c600a5a5.active, button#3ad6f4c9-a7bf-9fc8-a1cd-f63683a1a946] @ https://cdn.utmify.com.br/scripts/pixel/pixel.js:0
[  292705ms] [LOG] buttons [button#73d12fe4-6281-1b5a-033a-4944aa0d1690, button#15ff392d-8fc8-a395-8b6e-c704cac45653, button#0b871e98-fdff-9d5e-1b51-7a31c600a5a5, button#3ad6f4c9-a7bf-9fc8-a1cd-f63683a1a946.active] @ https://cdn.utmify.com.br/scripts/pixel/pixel.js:0
[  294707ms] [LOG] buttons [button#73d12fe4-6281-1b5a-033a-4944aa0d1690.active, button#15ff392d-8fc8-a395-8b6e-c704cac45653, button#0b871e98-fdff-9d5e-1b51-7a31c600a5a5, button#3ad6f4c9-a7bf-9fc8-a1cd-f63683a1a946] @ https://cdn.utmify.com.br/scripts/pixel/pixel.js:0
[  296705ms] [LOG] buttons [button#73d12fe4-6281-1b5a-033a-4944aa0d1690.active, button#15ff392d-8fc8-a395-8b6e-c704cac45653, button#0b871e98-fdff-9d5e-1b51-7a31c600a5a5, button#3ad6f4c9-a7bf-9fc8-a1cd-f63683a1a946] @ https://cdn.utmify.com.br/scripts/pixel/pixel.js:0
[  298705ms] [LOG] buttons [button#73d12fe4-6281-1b5a-033a-4944aa0d1690, button#15ff392d-8fc8-a395-8b6e-c704cac45653.active, button#0b871e98-fdff-9d5e-1b51-7a31c600a5a5, button#3ad6f4c9-a7bf-9fc8-a1cd-f63683a1a946] @ https://cdn.utmify.com.br/scripts/pixel/pixel.js:0
[  300705ms] [LOG] buttons [button#73d12fe4-6281-1b5a-033a-4944aa0d1690, button#15ff392d-8fc8-a395-8b6e-c704cac45653.active, button#0b871e98-fdff-9d5e-1b51-7a31c600a5a5, button#3ad6f4c9-a7bf-9fc8-a1cd-f63683a1a946] @ https://cdn.utmify.com.br/scripts/pixel/pixel.js:0
[  302705ms] [LOG] buttons [button#73d12fe4-6281-1b5a-033a-4944aa0d1690, button#15ff392d-8fc8-a395-8b6e-c704cac45653, button#0b871e98-fdff-9d5e-1b51-7a31c600a5a5.active, button#3ad6f4c9-a7bf-9fc8-a1cd-f63683a1a946] @ https://cdn.utmify.com.br/scripts/pixel/pixel.js:0
[  304705ms] [LOG] buttons [button#73d12fe4-6281-1b5a-033a-4944aa0d1690, button#15ff392d-8fc8-a395-8b6e-c704cac45653, button#0b871e98-fdff-9d5e-1b51-7a31c600a5a5, button#3ad6f4c9-a7bf-9fc8-a1cd-f63683a1a946.active] @ https://cdn.utmify.com.br/scripts/pixel/pixel.js:0
[  306704ms] [LOG] buttons [button#73d12fe4-6281-1b5a-033a-4944aa0d1690, button#15ff392d-8fc8-a395-8b6e-c704cac45653, button#0b871e98-fdff-9d5e-1b51-7a31c600a5a5, button#3ad6f4c9-a7bf-9fc8-a1cd-f63683a1a946.active] @ https://cdn.utmify.com.br/scripts/pixel/pixel.js:0
[  308706ms] [LOG] buttons [button#73d12fe4-6281-1b5a-033a-4944aa0d1690.active, button#15ff392d-8fc8-a395-8b6e-c704cac45653, button#0b871e98-fdff-9d5e-1b51-7a31c600a5a5, button#3ad6f4c9-a7bf-9fc8-a1cd-f63683a1a946] @ https://cdn.utmify.com.br/scripts/pixel/pixel.js:0
[  310705ms] [LOG] buttons [button#73d12fe4-6281-1b5a-033a-4944aa0d1690, button#15ff392d-8fc8-a395-8b6e-c704cac45653.active, button#0b871e98-fdff-9d5e-1b51-7a31c600a5a5, button#3ad6f4c9-a7bf-9fc8-a1cd-f63683a1a946] @ https://cdn.utmify.com.br/scripts/pixel/pixel.js:0
[  312705ms] [LOG] buttons [button#73d12fe4-6281-1b5a-033a-4944aa0d1690, button#15ff392d-8fc8-a395-8b6e-c704cac45653.active, button#0b871e98-fdff-9d5e-1b51-7a31c600a5a5, button#3ad6f4c9-a7bf-9fc8-a1cd-f63683a1a946] @ https://cdn.utmify.com.br/scripts/pixel/pixel.js:0
[  314706ms] [LOG] buttons [button#73d12fe4-6281-1b5a-033a-4944aa0d1690, button#15ff392d-8fc8-a395-8b6e-c704cac45653, button#0b871e98-fdff-9d5e-1b51-7a31c600a5a5.active, button#3ad6f4c9-a7bf-9fc8-a1cd-f63683a1a946] @ https://cdn.utmify.com.br/scripts/pixel/pixel.js:0
[  316705ms] [LOG] buttons [button#73d12fe4-6281-1b5a-033a-4944aa0d1690, button#15ff392d-8fc8-a395-8b6e-c704cac45653, button#0b871e98-fdff-9d5e-1b51-7a31c600a5a5.active, button#3ad6f4c9-a7bf-9fc8-a1cd-f63683a1a946] @ https://cdn.utmify.com.br/scripts/pixel/pixel.js:0
[  318705ms] [LOG] buttons [button#73d12fe4-6281-1b5a-033a-4944aa0d1690, button#15ff392d-8fc8-a395-8b6e-c704cac45653, button#0b871e98-fdff-9d5e-1b51-7a31c600a5a5, button#3ad6f4c9-a7bf-9fc8-a1cd-f63683a1a946.active] @ https://cdn.utmify.com.br/scripts/pixel/pixel.js:0
[  320705ms] [LOG] buttons [button#73d12fe4-6281-1b5a-033a-4944aa0d1690.active, button#15ff392d-8fc8-a395-8b6e-c704cac45653, button#0b871e98-fdff-9d5e-1b51-7a31c600a5a5, button#3ad6f4c9-a7bf-9fc8-a1cd-f63683a1a946] @ https://cdn.utmify.com.br/scripts/pixel/pixel.js:0
[  322705ms] [LOG] buttons [button#73d12fe4-6281-1b5a-033a-4944aa0d1690.active, button#15ff392d-8fc8-a395-8b6e-c704cac45653, button#0b871e98-fdff-9d5e-1b51-7a31c600a5a5, button#3ad6f4c9-a7bf-9fc8-a1cd-f63683a1a946] @ https://cdn.utmify.com.br/scripts/pixel/pixel.js:0
[  324704ms] [LOG] buttons [button#73d12fe4-6281-1b5a-033a-4944aa0d1690, button#15ff392d-8fc8-a395-8b6e-c704cac45653.active, button#0b871e98-fdff-9d5e-1b51-7a31c600a5a5, button#3ad6f4c9-a7bf-9fc8-a1cd-f63683a1a946] @ https://cdn.utmify.com.br/scripts/pixel/pixel.js:0
[  326705ms] [LOG] buttons [button#73d12fe4-6281-1b5a-033a-4944aa0d1690, button#15ff392d-8fc8-a395-8b6e-c704cac45653, button#0b871e98-fdff-9d5e-1b51-7a31c600a5a5.active, button#3ad6f4c9-a7bf-9fc8-a1cd-f63683a1a946] @ https://cdn.utmify.com.br/scripts/pixel/pixel.js:0
[  328704ms] [LOG] buttons [button#73d12fe4-6281-1b5a-033a-4944aa0d1690, button#15ff392d-8fc8-a395-8b6e-c704cac45653, button#0b871e98-fdff-9d5e-1b51-7a31c600a5a5.active, button#3ad6f4c9-a7bf-9fc8-a1cd-f63683a1a946] @ https://cdn.utmify.com.br/scripts/pixel/pixel.js:0
[  330705ms] [LOG] buttons [button#73d12fe4-6281-1b5a-033a-4944aa0d1690, button#15ff392d-8fc8-a395-8b6e-c704cac45653, button#0b871e98-fdff-9d5e-1b51-7a31c600a5a5, button#3ad6f4c9-a7bf-9fc8-a1cd-f63683a1a946.active] @ https://cdn.utmify.com.br/scripts/pixel/pixel.js:0
[  332705ms] [LOG] buttons [button#73d12fe4-6281-1b5a-033a-4944aa0d1690, button#15ff392d-8fc8-a395-8b6e-c704cac45653, button#0b871e98-fdff-9d5e-1b51-7a31c600a5a5, button#3ad6f4c9-a7bf-9fc8-a1cd-f63683a1a946.active] @ https://cdn.utmify.com.br/scripts/pixel/pixel.js:0
[  334705ms] [LOG] buttons [button#73d12fe4-6281-1b5a-033a-4944aa0d1690.active, button#15ff392d-8fc8-a395-8b6e-c704cac45653, button#0b871e98-fdff-9d5e-1b51-7a31c600a5a5, button#3ad6f4c9-a7bf-9fc8-a1cd-f63683a1a946] @ https://cdn.utmify.com.br/scripts/pixel/pixel.js:0
[  336705ms] [LOG] buttons [button#73d12fe4-6281-1b5a-033a-4944aa0d1690, button#15ff392d-8fc8-a395-8b6e-c704cac45653.active, button#0b871e98-fdff-9d5e-1b51-7a31c600a5a5, button#3ad6f4c9-a7bf-9fc8-a1cd-f63683a1a946] @ https://cdn.utmify.com.br/scripts/pixel/pixel.js:0
[  338705ms] [LOG] buttons [button#73d12fe4-6281-1b5a-033a-4944aa0d1690, button#15ff392d-8fc8-a395-8b6e-c704cac45653.active, button#0b871e98-fdff-9d5e-1b51-7a31c600a5a5, button#3ad6f4c9-a7bf-9fc8-a1cd-f63683a1a946] @ https://cdn.utmify.com.br/scripts/pixel/pixel.js:0
[  340705ms] [LOG] buttons [button#73d12fe4-6281-1b5a-033a-4944aa0d1690, button#15ff392d-8fc8-a395-8b6e-c704cac45653, button#0b871e98-fdff-9d5e-1b51-7a31c600a5a5.active, button#3ad6f4c9-a7bf-9fc8-a1cd-f63683a1a946] @ https://cdn.utmify.com.br/scripts/pixel/pixel.js:0
[  342705ms] [LOG] buttons [button#73d12fe4-6281-1b5a-033a-4944aa0d1690, button#15ff392d-8fc8-a395-8b6e-c704cac45653, button#0b871e98-fdff-9d5e-1b51-7a31c600a5a5, button#3ad6f4c9-a7bf-9fc8-a1cd-f63683a1a946.active] @ https://cdn.utmify.com.br/scripts/pixel/pixel.js:0
[  344705ms] [LOG] buttons [button#73d12fe4-6281-1b5a-033a-4944aa0d1690, button#15ff392d-8fc8-a395-8b6e-c704cac45653, button#0b871e98-fdff-9d5e-1b51-7a31c600a5a5, button#3ad6f4c9-a7bf-9fc8-a1cd-f63683a1a946.active] @ https://cdn.utmify.com.br/scripts/pixel/pixel.js:0
[  346706ms] [LOG] buttons [button#73d12fe4-6281-1b5a-033a-4944aa0d1690.active, button#15ff392d-8fc8-a395-8b6e-c704cac45653, button#0b871e98-fdff-9d5e-1b51-7a31c600a5a5, button#3ad6f4c9-a7bf-9fc8-a1cd-f63683a1a946] @ https://cdn.utmify.com.br/scripts/pixel/pixel.js:0
[  348705ms] [LOG] buttons [button#73d12fe4-6281-1b5a-033a-4944aa0d1690.active, button#15ff392d-8fc8-a395-8b6e-c704cac45653, button#0b871e98-fdff-9d5e-1b51-7a31c600a5a5, button#3ad6f4c9-a7bf-9fc8-a1cd-f63683a1a946] @ https://cdn.utmify.com.br/scripts/pixel/pixel.js:0
[  350705ms] [LOG] buttons [button#73d12fe4-6281-1b5a-033a-4944aa0d1690, button#15ff392d-8fc8-a395-8b6e-c704cac45653.active, button#0b871e98-fdff-9d5e-1b51-7a31c600a5a5, button#3ad6f4c9-a7bf-9fc8-a1cd-f63683a1a946] @ https://cdn.utmify.com.br/scripts/pixel/pixel.js:0
[  352705ms] [LOG] buttons [button#73d12fe4-6281-1b5a-033a-4944aa0d1690, button#15ff392d-8fc8-a395-8b6e-c704cac45653, button#0b871e98-fdff-9d5e-1b51-7a31c600a5a5.active, button#3ad6f4c9-a7bf-9fc8-a1cd-f63683a1a946] @ https://cdn.utmify.com.br/scripts/pixel/pixel.js:0
[  354705ms] [LOG] buttons [button#73d12fe4-6281-1b5a-033a-4944aa0d1690, button#15ff392d-8fc8-a395-8b6e-c704cac45653, button#0b871e98-fdff-9d5e-1b51-7a31c600a5a5.active, button#3ad6f4c9-a7bf-9fc8-a1cd-f63683a1a946] @ https://cdn.utmify.com.br/scripts/pixel/pixel.js:0
[  356705ms] [LOG] buttons [button#73d12fe4-6281-1b5a-033a-4944aa0d1690, button#15ff392d-8fc8-a395-8b6e-c704cac45653, button#0b871e98-fdff-9d5e-1b51-7a31c600a5a5, button#3ad6f4c9-a7bf-9fc8-a1cd-f63683a1a946.active] @ https://cdn.utmify.com.br/scripts/pixel/pixel.js:0
[  358705ms] [LOG] buttons [button#73d12fe4-6281-1b5a-033a-4944aa0d1690.active, button#15ff392d-8fc8-a395-8b6e-c704cac45653, button#0b871e98-fdff-9d5e-1b51-7a31c600a5a5, button#3ad6f4c9-a7bf-9fc8-a1cd-f63683a1a946] @ https://cdn.utmify.com.br/scripts/pixel/pixel.js:0
[  360705ms] [LOG] buttons [button#73d12fe4-6281-1b5a-033a-4944aa0d1690.active, button#15ff392d-8fc8-a395-8b6e-c704cac45653, button#0b871e98-fdff-9d5e-1b51-7a31c600a5a5, button#3ad6f4c9-a7bf-9fc8-a1cd-f63683a1a946] @ https://cdn.utmify.com.br/scripts/pixel/pixel.js:0
[  362705ms] [LOG] buttons [button#73d12fe4-6281-1b5a-033a-4944aa0d1690, button#15ff392d-8fc8-a395-8b6e-c704cac45653.active, button#0b871e98-fdff-9d5e-1b51-7a31c600a5a5, button#3ad6f4c9-a7bf-9fc8-a1cd-f63683a1a946] @ https://cdn.utmify.com.br/scripts/pixel/pixel.js:0
[  364705ms] [LOG] buttons [button#73d12fe4-6281-1b5a-033a-4944aa0d1690, button#15ff392d-8fc8-a395-8b6e-c704cac45653.active, button#0b871e98-fdff-9d5e-1b51-7a31c600a5a5, button#3ad6f4c9-a7bf-9fc8-a1cd-f63683a1a946] @ https://cdn.utmify.com.br/scripts/pixel/pixel.js:0
[  366705ms] [LOG] buttons [button#73d12fe4-6281-1b5a-033a-4944aa0d1690, button#15ff392d-8fc8-a395-8b6e-c704cac45653, button#0b871e98-fdff-9d5e-1b51-7a31c600a5a5.active, button#3ad6f4c9-a7bf-9fc8-a1cd-f63683a1a946] @ https://cdn.utmify.com.br/scripts/pixel/pixel.js:0
[  368706ms] [LOG] buttons [button#73d12fe4-6281-1b5a-033a-4944aa0d1690, button#15ff392d-8fc8-a395-8b6e-c704cac45653, button#0b871e98-fdff-9d5e-1b51-7a31c600a5a5, button#3ad6f4c9-a7bf-9fc8-a1cd-f63683a1a946.active] @ https://cdn.utmify.com.br/scripts/pixel/pixel.js:0
[  370705ms] [LOG] buttons [button#73d12fe4-6281-1b5a-033a-4944aa0d1690, button#15ff392d-8fc8-a395-8b6e-c704cac45653, button#0b871e98-fdff-9d5e-1b51-7a31c600a5a5, button#3ad6f4c9-a7bf-9fc8-a1cd-f63683a1a946.active] @ https://cdn.utmify.com.br/scripts/pixel/pixel.js:0
[  372705ms] [LOG] buttons [button#73d12fe4-6281-1b5a-033a-4944aa0d1690.active, button#15ff392d-8fc8-a395-8b6e-c704cac45653, button#0b871e98-fdff-9d5e-1b51-7a31c600a5a5, button#3ad6f4c9-a7bf-9fc8-a1cd-f63683a1a946] @ https://cdn.utmify.com.br/scripts/pixel/pixel.js:0
[  374705ms] [LOG] buttons [button#73d12fe4-6281-1b5a-033a-4944aa0d1690, button#15ff392d-8fc8-a395-8b6e-c704cac45653.active, button#0b871e98-fdff-9d5e-1b51-7a31c600a5a5, button#3ad6f4c9-a7bf-9fc8-a1cd-f63683a1a946] @ https://cdn.utmify.com.br/scripts/pixel/pixel.js:0
[  376705ms] [LOG] buttons [button#73d12fe4-6281-1b5a-033a-4944aa0d1690, button#15ff392d-8fc8-a395-8b6e-c704cac45653.active, button#0b871e98-fdff-9d5e-1b51-7a31c600a5a5, button#3ad6f4c9-a7bf-9fc8-a1cd-f63683a1a946] @ https://cdn.utmify.com.br/scripts/pixel/pixel.js:0
[  378705ms] [LOG] buttons [button#73d12fe4-6281-1b5a-033a-4944aa0d1690, button#15ff392d-8fc8-a395-8b6e-c704cac45653, button#0b871e98-fdff-9d5e-1b51-7a31c600a5a5.active, button#3ad6f4c9-a7bf-9fc8-a1cd-f63683a1a946] @ https://cdn.utmify.com.br/scripts/pixel/pixel.js:0
[  380705ms] [LOG] buttons [button#73d12fe4-6281-1b5a-033a-4944aa0d1690, button#15ff392d-8fc8-a395-8b6e-c704cac45653, button#0b871e98-fdff-9d5e-1b51-7a31c600a5a5.active, button#3ad6f4c9-a7bf-9fc8-a1cd-f63683a1a946] @ https://cdn.utmify.com.br/scripts/pixel/pixel.js:0
[  382705ms] [LOG] buttons [button#73d12fe4-6281-1b5a-033a-4944aa0d1690, button#15ff392d-8fc8-a395-8b6e-c704cac45653, button#0b871e98-fdff-9d5e-1b51-7a31c600a5a5, button#3ad6f4c9-a7bf-9fc8-a1cd-f63683a1a946.active] @ https://cdn.utmify.com.br/scripts/pixel/pixel.js:0
[  384706ms] [LOG] buttons [button#73d12fe4-6281-1b5a-033a-4944aa0d1690.active, button#15ff392d-8fc8-a395-8b6e-c704cac45653, button#0b871e98-fdff-9d5e-1b51-7a31c600a5a5, button#3ad6f4c9-a7bf-9fc8-a1cd-f63683a1a946] @ https://cdn.utmify.com.br/scripts/pixel/pixel.js:0
[  386705ms] [LOG] buttons [button#73d12fe4-6281-1b5a-033a-4944aa0d1690.active, button#15ff392d-8fc8-a395-8b6e-c704cac45653, button#0b871e98-fdff-9d5e-1b51-7a31c600a5a5, button#3ad6f4c9-a7bf-9fc8-a1cd-f63683a1a946] @ https://cdn.utmify.com.br/scripts/pixel/pixel.js:0
[  388705ms] [LOG] buttons [button#73d12fe4-6281-1b5a-033a-4944aa0d1690, button#15ff392d-8fc8-a395-8b6e-c704cac45653.active, button#0b871e98-fdff-9d5e-1b51-7a31c600a5a5, button#3ad6f4c9-a7bf-9fc8-a1cd-f63683a1a946] @ https://cdn.utmify.com.br/scripts/pixel/pixel.js:0
[  390705ms] [LOG] buttons [button#73d12fe4-6281-1b5a-033a-4944aa0d1690, button#15ff392d-8fc8-a395-8b6e-c704cac45653, button#0b871e98-fdff-9d5e-1b51-7a31c600a5a5.active, button#3ad6f4c9-a7bf-9fc8-a1cd-f63683a1a946] @ https://cdn.utmify.com.br/scripts/pixel/pixel.js:0
[  392705ms] [LOG] buttons [button#73d12fe4-6281-1b5a-033a-4944aa0d1690, button#15ff392d-8fc8-a395-8b6e-c704cac45653, button#0b871e98-fdff-9d5e-1b51-7a31c600a5a5.active, button#3ad6f4c9-a7bf-9fc8-a1cd-f63683a1a946] @ https://cdn.utmify.com.br/scripts/pixel/pixel.js:0
[  394705ms] [LOG] buttons [button#73d12fe4-6281-1b5a-033a-4944aa0d1690, button#15ff392d-8fc8-a395-8b6e-c704cac45653, button#0b871e98-fdff-9d5e-1b51-7a31c600a5a5, button#3ad6f4c9-a7bf-9fc8-a1cd-f63683a1a946.active] @ https://cdn.utmify.com.br/scripts/pixel/pixel.js:0
[  396705ms] [LOG] buttons [button#73d12fe4-6281-1b5a-033a-4944aa0d1690, button#15ff392d-8fc8-a395-8b6e-c704cac45653, button#0b871e98-fdff-9d5e-1b51-7a31c600a5a5, button#3ad6f4c9-a7bf-9fc8-a1cd-f63683a1a946.active] @ https://cdn.utmify.com.br/scripts/pixel/pixel.js:0
[  398705ms] [LOG] buttons [button#73d12fe4-6281-1b5a-033a-4944aa0d1690.active, button#15ff392d-8fc8-a395-8b6e-c704cac45653, button#0b871e98-fdff-9d5e-1b51-7a31c600a5a5, button#3ad6f4c9-a7bf-9fc8-a1cd-f63683a1a946] @ https://cdn.utmify.com.br/scripts/pixel/pixel.js:0
[  400705ms] [LOG] buttons [button#73d12fe4-6281-1b5a-033a-4944aa0d1690, button#15ff392d-8fc8-a395-8b6e-c704cac45653.active, button#0b871e98-fdff-9d5e-1b51-7a31c600a5a5, button#3ad6f4c9-a7bf-9fc8-a1cd-f63683a1a946] @ https://cdn.utmify.com.br/scripts/pixel/pixel.js:0
[  402704ms] [LOG] buttons [button#73d12fe4-6281-1b5a-033a-4944aa0d1690, button#15ff392d-8fc8-a395-8b6e-c704cac45653.active, button#0b871e98-fdff-9d5e-1b51-7a31c600a5a5, button#3ad6f4c9-a7bf-9fc8-a1cd-f63683a1a946] @ https://cdn.utmify.com.br/scripts/pixel/pixel.js:0
[  404705ms] [LOG] buttons [button#73d12fe4-6281-1b5a-033a-4944aa0d1690, button#15ff392d-8fc8-a395-8b6e-c704cac45653, button#0b871e98-fdff-9d5e-1b51-7a31c600a5a5.active, button#3ad6f4c9-a7bf-9fc8-a1cd-f63683a1a946] @ https://cdn.utmify.com.br/scripts/pixel/pixel.js:0
[  406705ms] [LOG] buttons [button#73d12fe4-6281-1b5a-033a-4944aa0d1690, button#15ff392d-8fc8-a395-8b6e-c704cac45653, button#0b871e98-fdff-9d5e-1b51-7a31c600a5a5, button#3ad6f4c9-a7bf-9fc8-a1cd-f63683a1a946.active] @ https://cdn.utmify.com.br/scripts/pixel/pixel.js:0
[  408705ms] [LOG] buttons [button#73d12fe4-6281-1b5a-033a-4944aa0d1690, button#15ff392d-8fc8-a395-8b6e-c704cac45653, button#0b871e98-fdff-9d5e-1b51-7a31c600a5a5, button#3ad6f4c9-a7bf-9fc8-a1cd-f63683a1a946.active] @ https://cdn.utmify.com.br/scripts/pixel/pixel.js:0
[  410705ms] [LOG] buttons [button#73d12fe4-6281-1b5a-033a-4944aa0d1690.active, button#15ff392d-8fc8-a395-8b6e-c704cac45653, button#0b871e98-fdff-9d5e-1b51-7a31c600a5a5, button#3ad6f4c9-a7bf-9fc8-a1cd-f63683a1a946] @ https://cdn.utmify.com.br/scripts/pixel/pixel.js:0
[  412705ms] [LOG] buttons [button#73d12fe4-6281-1b5a-033a-4944aa0d1690.active, button#15ff392d-8fc8-a395-8b6e-c704cac45653, button#0b871e98-fdff-9d5e-1b51-7a31c600a5a5, button#3ad6f4c9-a7bf-9fc8-a1cd-f63683a1a946] @ https://cdn.utmify.com.br/scripts/pixel/pixel.js:0
[  414706ms] [LOG] buttons [button#73d12fe4-6281-1b5a-033a-4944aa0d1690, button#15ff392d-8fc8-a395-8b6e-c704cac45653.active, button#0b871e98-fdff-9d5e-1b51-7a31c600a5a5, button#3ad6f4c9-a7bf-9fc8-a1cd-f63683a1a946] @ https://cdn.utmify.com.br/scripts/pixel/pixel.js:0
[  416704ms] [LOG] buttons [button#73d12fe4-6281-1b5a-033a-4944aa0d1690, button#15ff392d-8fc8-a395-8b6e-c704cac45653, button#0b871e98-fdff-9d5e-1b51-7a31c600a5a5.active, button#3ad6f4c9-a7bf-9fc8-a1cd-f63683a1a946] @ https://cdn.utmify.com.br/scripts/pixel/pixel.js:0
[  418704ms] [LOG] buttons [button#73d12fe4-6281-1b5a-033a-4944aa0d1690, button#15ff392d-8fc8-a395-8b6e-c704cac45653, button#0b871e98-fdff-9d5e-1b51-7a31c600a5a5.active, button#3ad6f4c9-a7bf-9fc8-a1cd-f63683a1a946] @ https://cdn.utmify.com.br/scripts/pixel/pixel.js:0
[  420705ms] [LOG] buttons [button#73d12fe4-6281-1b5a-033a-4944aa0d1690, button#15ff392d-8fc8-a395-8b6e-c704cac45653, button#0b871e98-fdff-9d5e-1b51-7a31c600a5a5, button#3ad6f4c9-a7bf-9fc8-a1cd-f63683a1a946.active] @ https://cdn.utmify.com.br/scripts/pixel/pixel.js:0
[  422705ms] [LOG] buttons [button#73d12fe4-6281-1b5a-033a-4944aa0d1690.active, button#15ff392d-8fc8-a395-8b6e-c704cac45653, button#0b871e98-fdff-9d5e-1b51-7a31c600a5a5, button#3ad6f4c9-a7bf-9fc8-a1cd-f63683a1a946] @ https://cdn.utmify.com.br/scripts/pixel/pixel.js:0
[  424704ms] [LOG] buttons [button#73d12fe4-6281-1b5a-033a-4944aa0d1690.active, button#15ff392d-8fc8-a395-8b6e-c704cac45653, button#0b871e98-fdff-9d5e-1b51-7a31c600a5a5, button#3ad6f4c9-a7bf-9fc8-a1cd-f63683a1a946] @ https://cdn.utmify.com.br/scripts/pixel/pixel.js:0
[  426705ms] [LOG] buttons [button#73d12fe4-6281-1b5a-033a-4944aa0d1690, button#15ff392d-8fc8-a395-8b6e-c704cac45653.active, button#0b871e98-fdff-9d5e-1b51-7a31c600a5a5, button#3ad6f4c9-a7bf-9fc8-a1cd-f63683a1a946] @ https://cdn.utmify.com.br/scripts/pixel/pixel.js:0
[  428705ms] [LOG] buttons [button#73d12fe4-6281-1b5a-033a-4944aa0d1690, button#15ff392d-8fc8-a395-8b6e-c704cac45653.active, button#0b871e98-fdff-9d5e-1b51-7a31c600a5a5, button#3ad6f4c9-a7bf-9fc8-a1cd-f63683a1a946] @ https://cdn.utmify.com.br/scripts/pixel/pixel.js:0
[  430705ms] [LOG] buttons [button#73d12fe4-6281-1b5a-033a-4944aa0d1690, button#15ff392d-8fc8-a395-8b6e-c704cac45653, button#0b871e98-fdff-9d5e-1b51-7a31c600a5a5.active, button#3ad6f4c9-a7bf-9fc8-a1cd-f63683a1a946] @ https://cdn.utmify.com.br/scripts/pixel/pixel.js:0
[  432705ms] [LOG] buttons [button#73d12fe4-6281-1b5a-033a-4944aa0d1690, button#15ff392d-8fc8-a395-8b6e-c704cac45653, button#0b871e98-fdff-9d5e-1b51-7a31c600a5a5, button#3ad6f4c9-a7bf-9fc8-a1cd-f63683a1a946.active] @ https://cdn.utmify.com.br/scripts/pixel/pixel.js:0
[  434704ms] [LOG] buttons [button#73d12fe4-6281-1b5a-033a-4944aa0d1690, button#15ff392d-8fc8-a395-8b6e-c704cac45653, button#0b871e98-fdff-9d5e-1b51-7a31c600a5a5, button#3ad6f4c9-a7bf-9fc8-a1cd-f63683a1a946.active] @ https://cdn.utmify.com.br/scripts/pixel/pixel.js:0
[  436705ms] [LOG] buttons [button#73d12fe4-6281-1b5a-033a-4944aa0d1690.active, button#15ff392d-8fc8-a395-8b6e-c704cac45653, button#0b871e98-fdff-9d5e-1b51-7a31c600a5a5, button#3ad6f4c9-a7bf-9fc8-a1cd-f63683a1a946] @ https://cdn.utmify.com.br/scripts/pixel/pixel.js:0
[  438705ms] [LOG] buttons [button#73d12fe4-6281-1b5a-033a-4944aa0d1690, button#15ff392d-8fc8-a395-8b6e-c704cac45653.active, button#0b871e98-fdff-9d5e-1b51-7a31c600a5a5, button#3ad6f4c9-a7bf-9fc8-a1cd-f63683a1a946] @ https://cdn.utmify.com.br/scripts/pixel/pixel.js:0
[  440704ms] [LOG] buttons [button#73d12fe4-6281-1b5a-033a-4944aa0d1690, button#15ff392d-8fc8-a395-8b6e-c704cac45653.active, button#0b871e98-fdff-9d5e-1b51-7a31c600a5a5, button#3ad6f4c9-a7bf-9fc8-a1cd-f63683a1a946] @ https://cdn.utmify.com.br/scripts/pixel/pixel.js:0
[  442706ms] [LOG] buttons [button#73d12fe4-6281-1b5a-033a-4944aa0d1690, button#15ff392d-8fc8-a395-8b6e-c704cac45653, button#0b871e98-fdff-9d5e-1b51-7a31c600a5a5.active, button#3ad6f4c9-a7bf-9fc8-a1cd-f63683a1a946] @ https://cdn.utmify.com.br/scripts/pixel/pixel.js:0
[  444705ms] [LOG] buttons [button#73d12fe4-6281-1b5a-033a-4944aa0d1690, button#15ff392d-8fc8-a395-8b6e-c704cac45653, button#0b871e98-fdff-9d5e-1b51-7a31c600a5a5.active, button#3ad6f4c9-a7bf-9fc8-a1cd-f63683a1a946] @ https://cdn.utmify.com.br/scripts/pixel/pixel.js:0
[  446705ms] [LOG] buttons [button#73d12fe4-6281-1b5a-033a-4944aa0d1690, button#15ff392d-8fc8-a395-8b6e-c704cac45653, button#0b871e98-fdff-9d5e-1b51-7a31c600a5a5, button#3ad6f4c9-a7bf-9fc8-a1cd-f63683a1a946.active] @ https://cdn.utmify.com.br/scripts/pixel/pixel.js:0
[  448705ms] [LOG] buttons [button#73d12fe4-6281-1b5a-033a-4944aa0d1690.active, button#15ff392d-8fc8-a395-8b6e-c704cac45653, button#0b871e98-fdff-9d5e-1b51-7a31c600a5a5, button#3ad6f4c9-a7bf-9fc8-a1cd-f63683a1a946] @ https://cdn.utmify.com.br/scripts/pixel/pixel.js:0
[  450705ms] [LOG] buttons [button#73d12fe4-6281-1b5a-033a-4944aa0d1690.active, button#15ff392d-8fc8-a395-8b6e-c704cac45653, button#0b871e98-fdff-9d5e-1b51-7a31c600a5a5, button#3ad6f4c9-a7bf-9fc8-a1cd-f63683a1a946] @ https://cdn.utmify.com.br/scripts/pixel/pixel.js:0
[  452705ms] [LOG] buttons [button#73d12fe4-6281-1b5a-033a-4944aa0d1690, button#15ff392d-8fc8-a395-8b6e-c704cac45653.active, button#0b871e98-fdff-9d5e-1b51-7a31c600a5a5, button#3ad6f4c9-a7bf-9fc8-a1cd-f63683a1a946] @ https://cdn.utmify.com.br/scripts/pixel/pixel.js:0
[  454705ms] [LOG] buttons [button#73d12fe4-6281-1b5a-033a-4944aa0d1690, button#15ff392d-8fc8-a395-8b6e-c704cac45653, button#0b871e98-fdff-9d5e-1b51-7a31c600a5a5.active, button#3ad6f4c9-a7bf-9fc8-a1cd-f63683a1a946] @ https://cdn.utmify.com.br/scripts/pixel/pixel.js:0
[  456704ms] [LOG] buttons [button#73d12fe4-6281-1b5a-033a-4944aa0d1690, button#15ff392d-8fc8-a395-8b6e-c704cac45653, button#0b871e98-fdff-9d5e-1b51-7a31c600a5a5.active, button#3ad6f4c9-a7bf-9fc8-a1cd-f63683a1a946] @ https://cdn.utmify.com.br/scripts/pixel/pixel.js:0
[  458705ms] [LOG] buttons [button#73d12fe4-6281-1b5a-033a-4944aa0d1690, button#15ff392d-8fc8-a395-8b6e-c704cac45653, button#0b871e98-fdff-9d5e-1b51-7a31c600a5a5, button#3ad6f4c9-a7bf-9fc8-a1cd-f63683a1a946.active] @ https://cdn.utmify.com.br/scripts/pixel/pixel.js:0
[  460705ms] [LOG] buttons [button#73d12fe4-6281-1b5a-033a-4944aa0d1690, button#15ff392d-8fc8-a395-8b6e-c704cac45653, button#0b871e98-fdff-9d5e-1b51-7a31c600a5a5, button#3ad6f4c9-a7bf-9fc8-a1cd-f63683a1a946.active] @ https://cdn.utmify.com.br/scripts/pixel/pixel.js:0
[  462705ms] [LOG] buttons [button#73d12fe4-6281-1b5a-033a-4944aa0d1690.active, button#15ff392d-8fc8-a395-8b6e-c704cac45653, button#0b871e98-fdff-9d5e-1b51-7a31c600a5a5, button#3ad6f4c9-a7bf-9fc8-a1cd-f63683a1a946] @ https://cdn.utmify.com.br/scripts/pixel/pixel.js:0
[  464705ms] [LOG] buttons [button#73d12fe4-6281-1b5a-033a-4944aa0d1690, button#15ff392d-8fc8-a395-8b6e-c704cac45653.active, button#0b871e98-fdff-9d5e-1b51-7a31c600a5a5, button#3ad6f4c9-a7bf-9fc8-a1cd-f63683a1a946] @ https://cdn.utmify.com.br/scripts/pixel/pixel.js:0
[  466706ms] [LOG] buttons [button#73d12fe4-6281-1b5a-033a-4944aa0d1690, button#15ff392d-8fc8-a395-8b6e-c704cac45653.active, button#0b871e98-fdff-9d5e-1b51-7a31c600a5a5, button#3ad6f4c9-a7bf-9fc8-a1cd-f63683a1a946] @ https://cdn.utmify.com.br/scripts/pixel/pixel.js:0
[  468705ms] [LOG] buttons [button#73d12fe4-6281-1b5a-033a-4944aa0d1690, button#15ff392d-8fc8-a395-8b6e-c704cac45653, button#0b871e98-fdff-9d5e-1b51-7a31c600a5a5.active, button#3ad6f4c9-a7bf-9fc8-a1cd-f63683a1a946] @ https://cdn.utmify.com.br/scripts/pixel/pixel.js:0
[  470705ms] [LOG] buttons [button#73d12fe4-6281-1b5a-033a-4944aa0d1690, button#15ff392d-8fc8-a395-8b6e-c704cac45653, button#0b871e98-fdff-9d5e-1b51-7a31c600a5a5, button#3ad6f4c9-a7bf-9fc8-a1cd-f63683a1a946.active] @ https://cdn.utmify.com.br/scripts/pixel/pixel.js:0
[  472705ms] [LOG] buttons [button#73d12fe4-6281-1b5a-033a-4944aa0d1690, button#15ff392d-8fc8-a395-8b6e-c704cac45653, button#0b871e98-fdff-9d5e-1b51-7a31c600a5a5, button#3ad6f4c9-a7bf-9fc8-a1cd-f63683a1a946.active] @ https://cdn.utmify.com.br/scripts/pixel/pixel.js:0
[  474705ms] [LOG] buttons [button#73d12fe4-6281-1b5a-033a-4944aa0d1690.active, button#15ff392d-8fc8-a395-8b6e-c704cac45653, button#0b871e98-fdff-9d5e-1b51-7a31c600a5a5, button#3ad6f4c9-a7bf-9fc8-a1cd-f63683a1a946] @ https://cdn.utmify.com.br/scripts/pixel/pixel.js:0
[  476705ms] [LOG] buttons [button#73d12fe4-6281-1b5a-033a-4944aa0d1690.active, button#15ff392d-8fc8-a395-8b6e-c704cac45653, button#0b871e98-fdff-9d5e-1b51-7a31c600a5a5, button#3ad6f4c9-a7bf-9fc8-a1cd-f63683a1a946] @ https://cdn.utmify.com.br/scripts/pixel/pixel.js:0
[  478705ms] [LOG] buttons [button#73d12fe4-6281-1b5a-033a-4944aa0d1690, button#15ff392d-8fc8-a395-8b6e-c704cac45653.active, button#0b871e98-fdff-9d5e-1b51-7a31c600a5a5, button#3ad6f4c9-a7bf-9fc8-a1cd-f63683a1a946] @ https://cdn.utmify.com.br/scripts/pixel/pixel.js:0
[  480705ms] [LOG] buttons [button#73d12fe4-6281-1b5a-033a-4944aa0d1690, button#15ff392d-8fc8-a395-8b6e-c704cac45653, button#0b871e98-fdff-9d5e-1b51-7a31c600a5a5.active, button#3ad6f4c9-a7bf-9fc8-a1cd-f63683a1a946] @ https://cdn.utmify.com.br/scripts/pixel/pixel.js:0
[  482705ms] [LOG] buttons [button#73d12fe4-6281-1b5a-033a-4944aa0d1690, button#15ff392d-8fc8-a395-8b6e-c704cac45653, button#0b871e98-fdff-9d5e-1b51-7a31c600a5a5.active, button#3ad6f4c9-a7bf-9fc8-a1cd-f63683a1a946] @ https://cdn.utmify.com.br/scripts/pixel/pixel.js:0
[  484705ms] [LOG] buttons [button#73d12fe4-6281-1b5a-033a-4944aa0d1690, button#15ff392d-8fc8-a395-8b6e-c704cac45653, button#0b871e98-fdff-9d5e-1b51-7a31c600a5a5, button#3ad6f4c9-a7bf-9fc8-a1cd-f63683a1a946.active] @ https://cdn.utmify.com.br/scripts/pixel/pixel.js:0
[  486705ms] [LOG] buttons [button#73d12fe4-6281-1b5a-033a-4944aa0d1690.active, button#15ff392d-8fc8-a395-8b6e-c704cac45653, button#0b871e98-fdff-9d5e-1b51-7a31c600a5a5, button#3ad6f4c9-a7bf-9fc8-a1cd-f63683a1a946] @ https://cdn.utmify.com.br/scripts/pixel/pixel.js:0
[  488705ms] [LOG] buttons [button#73d12fe4-6281-1b5a-033a-4944aa0d1690.active, button#15ff392d-8fc8-a395-8b6e-c704cac45653, button#0b871e98-fdff-9d5e-1b51-7a31c600a5a5, button#3ad6f4c9-a7bf-9fc8-a1cd-f63683a1a946] @ https://cdn.utmify.com.br/scripts/pixel/pixel.js:0
[  490705ms] [LOG] buttons [button#73d12fe4-6281-1b5a-033a-4944aa0d1690, button#15ff392d-8fc8-a395-8b6e-c704cac45653.active, button#0b871e98-fdff-9d5e-1b51-7a31c600a5a5, button#3ad6f4c9-a7bf-9fc8-a1cd-f63683a1a946] @ https://cdn.utmify.com.br/scripts/pixel/pixel.js:0
[  492705ms] [LOG] buttons [button#73d12fe4-6281-1b5a-033a-4944aa0d1690, button#15ff392d-8fc8-a395-8b6e-c704cac45653.active, button#0b871e98-fdff-9d5e-1b51-7a31c600a5a5, button#3ad6f4c9-a7bf-9fc8-a1cd-f63683a1a946] @ https://cdn.utmify.com.br/scripts/pixel/pixel.js:0
[  494706ms] [LOG] buttons [button#73d12fe4-6281-1b5a-033a-4944aa0d1690, button#15ff392d-8fc8-a395-8b6e-c704cac45653, button#0b871e98-fdff-9d5e-1b51-7a31c600a5a5.active, button#3ad6f4c9-a7bf-9fc8-a1cd-f63683a1a946] @ https://cdn.utmify.com.br/scripts/pixel/pixel.js:0
[  496710ms] [LOG] buttons [button#73d12fe4-6281-1b5a-033a-4944aa0d1690, button#15ff392d-8fc8-a395-8b6e-c704cac45653, button#0b871e98-fdff-9d5e-1b51-7a31c600a5a5, button#3ad6f4c9-a7bf-9fc8-a1cd-f63683a1a946.active] @ https://cdn.utmify.com.br/scripts/pixel/pixel.js:0
[  498705ms] [LOG] buttons [button#73d12fe4-6281-1b5a-033a-4944aa0d1690, button#15ff392d-8fc8-a395-8b6e-c704cac45653, button#0b871e98-fdff-9d5e-1b51-7a31c600a5a5, button#3ad6f4c9-a7bf-9fc8-a1cd-f63683a1a946.active] @ https://cdn.utmify.com.br/scripts/pixel/pixel.js:0
[  500707ms] [LOG] buttons [button#73d12fe4-6281-1b5a-033a-4944aa0d1690.active, button#15ff392d-8fc8-a395-8b6e-c704cac45653, button#0b871e98-fdff-9d5e-1b51-7a31c600a5a5, button#3ad6f4c9-a7bf-9fc8-a1cd-f63683a1a946] @ https://cdn.utmify.com.br/scripts/pixel/pixel.js:0
[  502705ms] [LOG] buttons [button#73d12fe4-6281-1b5a-033a-4944aa0d1690, button#15ff392d-8fc8-a395-8b6e-c704cac45653.active, button#0b871e98-fdff-9d5e-1b51-7a31c600a5a5, button#3ad6f4c9-a7bf-9fc8-a1cd-f63683a1a946] @ https://cdn.utmify.com.br/scripts/pixel/pixel.js:0
[  504706ms] [LOG] buttons [button#73d12fe4-6281-1b5a-033a-4944aa0d1690, button#15ff392d-8fc8-a395-8b6e-c704cac45653.active, button#0b871e98-fdff-9d5e-1b51-7a31c600a5a5, button#3ad6f4c9-a7bf-9fc8-a1cd-f63683a1a946] @ https://cdn.utmify.com.br/scripts/pixel/pixel.js:0
[  506706ms] [LOG] buttons [button#73d12fe4-6281-1b5a-033a-4944aa0d1690, button#15ff392d-8fc8-a395-8b6e-c704cac45653, button#0b871e98-fdff-9d5e-1b51-7a31c600a5a5.active, button#3ad6f4c9-a7bf-9fc8-a1cd-f63683a1a946] @ https://cdn.utmify.com.br/scripts/pixel/pixel.js:0
[  508705ms] [LOG] buttons [button#73d12fe4-6281-1b5a-033a-4944aa0d1690, button#15ff392d-8fc8-a395-8b6e-c704cac45653, button#0b871e98-fdff-9d5e-1b51-7a31c600a5a5.active, button#3ad6f4c9-a7bf-9fc8-a1cd-f63683a1a946] @ https://cdn.utmify.com.br/scripts/pixel/pixel.js:0
[  510705ms] [LOG] buttons [button#73d12fe4-6281-1b5a-033a-4944aa0d1690, button#15ff392d-8fc8-a395-8b6e-c704cac45653, button#0b871e98-fdff-9d5e-1b51-7a31c600a5a5, button#3ad6f4c9-a7bf-9fc8-a1cd-f63683a1a946.active] @ https://cdn.utmify.com.br/scripts/pixel/pixel.js:0
[  512705ms] [LOG] buttons [button#73d12fe4-6281-1b5a-033a-4944aa0d1690.active, button#15ff392d-8fc8-a395-8b6e-c704cac45653, button#0b871e98-fdff-9d5e-1b51-7a31c600a5a5, button#3ad6f4c9-a7bf-9fc8-a1cd-f63683a1a946] @ https://cdn.utmify.com.br/scripts/pixel/pixel.js:0
[  514706ms] [LOG] buttons [button#73d12fe4-6281-1b5a-033a-4944aa0d1690.active, button#15ff392d-8fc8-a395-8b6e-c704cac45653, button#0b871e98-fdff-9d5e-1b51-7a31c600a5a5, button#3ad6f4c9-a7bf-9fc8-a1cd-f63683a1a946] @ https://cdn.utmify.com.br/scripts/pixel/pixel.js:0
[  516705ms] [LOG] buttons [button#73d12fe4-6281-1b5a-033a-4944aa0d1690, button#15ff392d-8fc8-a395-8b6e-c704cac45653.active, button#0b871e98-fdff-9d5e-1b51-7a31c600a5a5, button#3ad6f4c9-a7bf-9fc8-a1cd-f63683a1a946] @ https://cdn.utmify.com.br/scripts/pixel/pixel.js:0
[  518706ms] [LOG] buttons [button#73d12fe4-6281-1b5a-033a-4944aa0d1690, button#15ff392d-8fc8-a395-8b6e-c704cac45653, button#0b871e98-fdff-9d5e-1b51-7a31c600a5a5.active, button#3ad6f4c9-a7bf-9fc8-a1cd-f63683a1a946] @ https://cdn.utmify.com.br/scripts/pixel/pixel.js:0
[  520705ms] [LOG] buttons [button#73d12fe4-6281-1b5a-033a-4944aa0d1690, button#15ff392d-8fc8-a395-8b6e-c704cac45653, button#0b871e98-fdff-9d5e-1b51-7a31c600a5a5.active, button#3ad6f4c9-a7bf-9fc8-a1cd-f63683a1a946] @ https://cdn.utmify.com.br/scripts/pixel/pixel.js:0
[  522705ms] [LOG] buttons [button#73d12fe4-6281-1b5a-033a-4944aa0d1690, button#15ff392d-8fc8-a395-8b6e-c704cac45653, button#0b871e98-fdff-9d5e-1b51-7a31c600a5a5, button#3ad6f4c9-a7bf-9fc8-a1cd-f63683a1a946.active] @ https://cdn.utmify.com.br/scripts/pixel/pixel.js:0
[  524706ms] [LOG] buttons [button#73d12fe4-6281-1b5a-033a-4944aa0d1690, button#15ff392d-8fc8-a395-8b6e-c704cac45653, button#0b871e98-fdff-9d5e-1b51-7a31c600a5a5, button#3ad6f4c9-a7bf-9fc8-a1cd-f63683a1a946.active] @ https://cdn.utmify.com.br/scripts/pixel/pixel.js:0
[  526705ms] [LOG] buttons [button#73d12fe4-6281-1b5a-033a-4944aa0d1690.active, button#15ff392d-8fc8-a395-8b6e-c704cac45653, button#0b871e98-fdff-9d5e-1b51-7a31c600a5a5, button#3ad6f4c9-a7bf-9fc8-a1cd-f63683a1a946] @ https://cdn.utmify.com.br/scripts/pixel/pixel.js:0
[  528705ms] [LOG] buttons [button#73d12fe4-6281-1b5a-033a-4944aa0d1690, button#15ff392d-8fc8-a395-8b6e-c704cac45653.active, button#0b871e98-fdff-9d5e-1b51-7a31c600a5a5, button#3ad6f4c9-a7bf-9fc8-a1cd-f63683a1a946] @ https://cdn.utmify.com.br/scripts/pixel/pixel.js:0
[  530706ms] [LOG] buttons [button#73d12fe4-6281-1b5a-033a-4944aa0d1690, button#15ff392d-8fc8-a395-8b6e-c704cac45653.active, button#0b871e98-fdff-9d5e-1b51-7a31c600a5a5, button#3ad6f4c9-a7bf-9fc8-a1cd-f63683a1a946] @ https://cdn.utmify.com.br/scripts/pixel/pixel.js:0
[  532705ms] [LOG] buttons [button#73d12fe4-6281-1b5a-033a-4944aa0d1690, button#15ff392d-8fc8-a395-8b6e-c704cac45653, button#0b871e98-fdff-9d5e-1b51-7a31c600a5a5.active, button#3ad6f4c9-a7bf-9fc8-a1cd-f63683a1a946] @ https://cdn.utmify.com.br/scripts/pixel/pixel.js:0
[  534705ms] [LOG] buttons [button#73d12fe4-6281-1b5a-033a-4944aa0d1690, button#15ff392d-8fc8-a395-8b6e-c704cac45653, button#0b871e98-fdff-9d5e-1b51-7a31c600a5a5, button#3ad6f4c9-a7bf-9fc8-a1cd-f63683a1a946.active] @ https://cdn.utmify.com.br/scripts/pixel/pixel.js:0
[  536706ms] [LOG] buttons [button#73d12fe4-6281-1b5a-033a-4944aa0d1690, button#15ff392d-8fc8-a395-8b6e-c704cac45653, button#0b871e98-fdff-9d5e-1b51-7a31c600a5a5, button#3ad6f4c9-a7bf-9fc8-a1cd-f63683a1a946.active] @ https://cdn.utmify.com.br/scripts/pixel/pixel.js:0
[  538706ms] [LOG] buttons [button#73d12fe4-6281-1b5a-033a-4944aa0d1690.active, button#15ff392d-8fc8-a395-8b6e-c704cac45653, button#0b871e98-fdff-9d5e-1b51-7a31c600a5a5, button#3ad6f4c9-a7bf-9fc8-a1cd-f63683a1a946] @ https://cdn.utmify.com.br/scripts/pixel/pixel.js:0
[  540705ms] [LOG] buttons [button#73d12fe4-6281-1b5a-033a-4944aa0d1690.active, button#15ff392d-8fc8-a395-8b6e-c704cac45653, button#0b871e98-fdff-9d5e-1b51-7a31c600a5a5, button#3ad6f4c9-a7bf-9fc8-a1cd-f63683a1a946] @ https://cdn.utmify.com.br/scripts/pixel/pixel.js:0
[  542705ms] [LOG] buttons [button#73d12fe4-6281-1b5a-033a-4944aa0d1690, button#15ff392d-8fc8-a395-8b6e-c704cac45653.active, button#0b871e98-fdff-9d5e-1b51-7a31c600a5a5, button#3ad6f4c9-a7bf-9fc8-a1cd-f63683a1a946] @ https://cdn.utmify.com.br/scripts/pixel/pixel.js:0
[  544708ms] [LOG] buttons [button#73d12fe4-6281-1b5a-033a-4944aa0d1690, button#15ff392d-8fc8-a395-8b6e-c704cac45653, button#0b871e98-fdff-9d5e-1b51-7a31c600a5a5.active, button#3ad6f4c9-a7bf-9fc8-a1cd-f63683a1a946] @ https://cdn.utmify.com.br/scripts/pixel/pixel.js:0
[  546707ms] [LOG] buttons [button#73d12fe4-6281-1b5a-033a-4944aa0d1690, button#15ff392d-8fc8-a395-8b6e-c704cac45653, button#0b871e98-fdff-9d5e-1b51-7a31c600a5a5.active, button#3ad6f4c9-a7bf-9fc8-a1cd-f63683a1a946] @ https://cdn.utmify.com.br/scripts/pixel/pixel.js:0
[  548705ms] [LOG] buttons [button#73d12fe4-6281-1b5a-033a-4944aa0d1690, button#15ff392d-8fc8-a395-8b6e-c704cac45653, button#0b871e98-fdff-9d5e-1b51-7a31c600a5a5, button#3ad6f4c9-a7bf-9fc8-a1cd-f63683a1a946.active] @ https://cdn.utmify.com.br/scripts/pixel/pixel.js:0
[  550705ms] [LOG] buttons [button#73d12fe4-6281-1b5a-033a-4944aa0d1690.active, button#15ff392d-8fc8-a395-8b6e-c704cac45653, button#0b871e98-fdff-9d5e-1b51-7a31c600a5a5, button#3ad6f4c9-a7bf-9fc8-a1cd-f63683a1a946] @ https://cdn.utmify.com.br/scripts/pixel/pixel.js:0
[  552707ms] [LOG] buttons [button#73d12fe4-6281-1b5a-033a-4944aa0d1690.active, button#15ff392d-8fc8-a395-8b6e-c704cac45653, button#0b871e98-fdff-9d5e-1b51-7a31c600a5a5, button#3ad6f4c9-a7bf-9fc8-a1cd-f63683a1a946] @ https://cdn.utmify.com.br/scripts/pixel/pixel.js:0
[  554705ms] [LOG] buttons [button#73d12fe4-6281-1b5a-033a-4944aa0d1690, button#15ff392d-8fc8-a395-8b6e-c704cac45653.active, button#0b871e98-fdff-9d5e-1b51-7a31c600a5a5, button#3ad6f4c9-a7bf-9fc8-a1cd-f63683a1a946] @ https://cdn.utmify.com.br/scripts/pixel/pixel.js:0
[  556705ms] [LOG] buttons [button#73d12fe4-6281-1b5a-033a-4944aa0d1690, button#15ff392d-8fc8-a395-8b6e-c704cac45653.active, button#0b871e98-fdff-9d5e-1b51-7a31c600a5a5, button#3ad6f4c9-a7bf-9fc8-a1cd-f63683a1a946] @ https://cdn.utmify.com.br/scripts/pixel/pixel.js:0
[  558705ms] [LOG] buttons [button#73d12fe4-6281-1b5a-033a-4944aa0d1690, button#15ff392d-8fc8-a395-8b6e-c704cac45653, button#0b871e98-fdff-9d5e-1b51-7a31c600a5a5.active, button#3ad6f4c9-a7bf-9fc8-a1cd-f63683a1a946] @ https://cdn.utmify.com.br/scripts/pixel/pixel.js:0
[  560705ms] [LOG] buttons [button#73d12fe4-6281-1b5a-033a-4944aa0d1690, button#15ff392d-8fc8-a395-8b6e-c704cac45653, button#0b871e98-fdff-9d5e-1b51-7a31c600a5a5, button#3ad6f4c9-a7bf-9fc8-a1cd-f63683a1a946.active] @ https://cdn.utmify.com.br/scripts/pixel/pixel.js:0
[  562707ms] [LOG] buttons [button#73d12fe4-6281-1b5a-033a-4944aa0d1690, button#15ff392d-8fc8-a395-8b6e-c704cac45653, button#0b871e98-fdff-9d5e-1b51-7a31c600a5a5, button#3ad6f4c9-a7bf-9fc8-a1cd-f63683a1a946.active] @ https://cdn.utmify.com.br/scripts/pixel/pixel.js:0
[  564705ms] [LOG] buttons [button#73d12fe4-6281-1b5a-033a-4944aa0d1690.active, button#15ff392d-8fc8-a395-8b6e-c704cac45653, button#0b871e98-fdff-9d5e-1b51-7a31c600a5a5, button#3ad6f4c9-a7bf-9fc8-a1cd-f63683a1a946] @ https://cdn.utmify.com.br/scripts/pixel/pixel.js:0
[  566705ms] [LOG] buttons [button#73d12fe4-6281-1b5a-033a-4944aa0d1690, button#15ff392d-8fc8-a395-8b6e-c704cac45653.active, button#0b871e98-fdff-9d5e-1b51-7a31c600a5a5, button#3ad6f4c9-a7bf-9fc8-a1cd-f63683a1a946] @ https://cdn.utmify.com.br/scripts/pixel/pixel.js:0
[  568705ms] [LOG] buttons [button#73d12fe4-6281-1b5a-033a-4944aa0d1690, button#15ff392d-8fc8-a395-8b6e-c704cac45653.active, button#0b871e98-fdff-9d5e-1b51-7a31c600a5a5, button#3ad6f4c9-a7bf-9fc8-a1cd-f63683a1a946] @ https://cdn.utmify.com.br/scripts/pixel/pixel.js:0
[  570705ms] [LOG] buttons [button#73d12fe4-6281-1b5a-033a-4944aa0d1690, button#15ff392d-8fc8-a395-8b6e-c704cac45653, button#0b871e98-fdff-9d5e-1b51-7a31c600a5a5.active, button#3ad6f4c9-a7bf-9fc8-a1cd-f63683a1a946] @ https://cdn.utmify.com.br/scripts/pixel/pixel.js:0
[  572705ms] [LOG] buttons [button#73d12fe4-6281-1b5a-033a-4944aa0d1690, button#15ff392d-8fc8-a395-8b6e-c704cac45653, button#0b871e98-fdff-9d5e-1b51-7a31c600a5a5.active, button#3ad6f4c9-a7bf-9fc8-a1cd-f63683a1a946] @ https://cdn.utmify.com.br/scripts/pixel/pixel.js:0
[  574705ms] [LOG] buttons [button#73d12fe4-6281-1b5a-033a-4944aa0d1690, button#15ff392d-8fc8-a395-8b6e-c704cac45653, button#0b871e98-fdff-9d5e-1b51-7a31c600a5a5, button#3ad6f4c9-a7bf-9fc8-a1cd-f63683a1a946.active] @ https://cdn.utmify.com.br/scripts/pixel/pixel.js:0
[  576704ms] [LOG] buttons [button#73d12fe4-6281-1b5a-033a-4944aa0d1690.active, button#15ff392d-8fc8-a395-8b6e-c704cac45653, button#0b871e98-fdff-9d5e-1b51-7a31c600a5a5, button#3ad6f4c9-a7bf-9fc8-a1cd-f63683a1a946] @ https://cdn.utmify.com.br/scripts/pixel/pixel.js:0
[  578705ms] [LOG] buttons [button#73d12fe4-6281-1b5a-033a-4944aa0d1690.active, button#15ff392d-8fc8-a395-8b6e-c704cac45653, button#0b871e98-fdff-9d5e-1b51-7a31c600a5a5, button#3ad6f4c9-a7bf-9fc8-a1cd-f63683a1a946] @ https://cdn.utmify.com.br/scripts/pixel/pixel.js:0
[  580706ms] [LOG] buttons [button#73d12fe4-6281-1b5a-033a-4944aa0d1690, button#15ff392d-8fc8-a395-8b6e-c704cac45653.active, button#0b871e98-fdff-9d5e-1b51-7a31c600a5a5, button#3ad6f4c9-a7bf-9fc8-a1cd-f63683a1a946] @ https://cdn.utmify.com.br/scripts/pixel/pixel.js:0
[  582706ms] [LOG] buttons [button#73d12fe4-6281-1b5a-033a-4944aa0d1690, button#15ff392d-8fc8-a395-8b6e-c704cac45653, button#0b871e98-fdff-9d5e-1b51-7a31c600a5a5.active, button#3ad6f4c9-a7bf-9fc8-a1cd-f63683a1a946] @ https://cdn.utmify.com.br/scripts/pixel/pixel.js:0
[  584705ms] [LOG] buttons [button#73d12fe4-6281-1b5a-033a-4944aa0d1690, button#15ff392d-8fc8-a395-8b6e-c704cac45653, button#0b871e98-fdff-9d5e-1b51-7a31c600a5a5.active, button#3ad6f4c9-a7bf-9fc8-a1cd-f63683a1a946] @ https://cdn.utmify.com.br/scripts/pixel/pixel.js:0
[  586705ms] [LOG] buttons [button#73d12fe4-6281-1b5a-033a-4944aa0d1690, button#15ff392d-8fc8-a395-8b6e-c704cac45653, button#0b871e98-fdff-9d5e-1b51-7a31c600a5a5, button#3ad6f4c9-a7bf-9fc8-a1cd-f63683a1a946.active] @ https://cdn.utmify.com.br/scripts/pixel/pixel.js:0
[  588706ms] [LOG] buttons [button#73d12fe4-6281-1b5a-033a-4944aa0d1690, button#15ff392d-8fc8-a395-8b6e-c704cac45653, button#0b871e98-fdff-9d5e-1b51-7a31c600a5a5, button#3ad6f4c9-a7bf-9fc8-a1cd-f63683a1a946.active] @ https://cdn.utmify.com.br/scripts/pixel/pixel.js:0
[  590705ms] [LOG] buttons [button#73d12fe4-6281-1b5a-033a-4944aa0d1690.active, button#15ff392d-8fc8-a395-8b6e-c704cac45653, button#0b871e98-fdff-9d5e-1b51-7a31c600a5a5, button#3ad6f4c9-a7bf-9fc8-a1cd-f63683a1a946] @ https://cdn.utmify.com.br/scripts/pixel/pixel.js:0
[  592705ms] [LOG] buttons [button#73d12fe4-6281-1b5a-033a-4944aa0d1690, button#15ff392d-8fc8-a395-8b6e-c704cac45653.active, button#0b871e98-fdff-9d5e-1b51-7a31c600a5a5, button#3ad6f4c9-a7bf-9fc8-a1cd-f63683a1a946] @ https://cdn.utmify.com.br/scripts/pixel/pixel.js:0
[  594705ms] [LOG] buttons [button#73d12fe4-6281-1b5a-033a-4944aa0d1690, button#15ff392d-8fc8-a395-8b6e-c704cac45653.active, button#0b871e98-fdff-9d5e-1b51-7a31c600a5a5, button#3ad6f4c9-a7bf-9fc8-a1cd-f63683a1a946] @ https://cdn.utmify.com.br/scripts/pixel/pixel.js:0
[  596705ms] [LOG] buttons [button#73d12fe4-6281-1b5a-033a-4944aa0d1690, button#15ff392d-8fc8-a395-8b6e-c704cac45653, button#0b871e98-fdff-9d5e-1b51-7a31c600a5a5.active, button#3ad6f4c9-a7bf-9fc8-a1cd-f63683a1a946] @ https://cdn.utmify.com.br/scripts/pixel/pixel.js:0
[  598704ms] [LOG] buttons [button#73d12fe4-6281-1b5a-033a-4944aa0d1690, button#15ff392d-8fc8-a395-8b6e-c704cac45653, button#0b871e98-fdff-9d5e-1b51-7a31c600a5a5, button#3ad6f4c9-a7bf-9fc8-a1cd-f63683a1a946.active] @ https://cdn.utmify.com.br/scripts/pixel/pixel.js:0
[  600706ms] [LOG] buttons [button#73d12fe4-6281-1b5a-033a-4944aa0d1690, button#15ff392d-8fc8-a395-8b6e-c704cac45653, button#0b871e98-fdff-9d5e-1b51-7a31c600a5a5, button#3ad6f4c9-a7bf-9fc8-a1cd-f63683a1a946.active] @ https://cdn.utmify.com.br/scripts/pixel/pixel.js:0
[  602705ms] [LOG] buttons [button#73d12fe4-6281-1b5a-033a-4944aa0d1690.active, button#15ff392d-8fc8-a395-8b6e-c704cac45653, button#0b871e98-fdff-9d5e-1b51-7a31c600a5a5, button#3ad6f4c9-a7bf-9fc8-a1cd-f63683a1a946] @ https://cdn.utmify.com.br/scripts/pixel/pixel.js:0
[  604705ms] [LOG] buttons [button#73d12fe4-6281-1b5a-033a-4944aa0d1690.active, button#15ff392d-8fc8-a395-8b6e-c704cac45653, button#0b871e98-fdff-9d5e-1b51-7a31c600a5a5, button#3ad6f4c9-a7bf-9fc8-a1cd-f63683a1a946] @ https://cdn.utmify.com.br/scripts/pixel/pixel.js:0
[  606705ms] [LOG] buttons [button#73d12fe4-6281-1b5a-033a-4944aa0d1690, button#15ff392d-8fc8-a395-8b6e-c704cac45653.active, button#0b871e98-fdff-9d5e-1b51-7a31c600a5a5, button#3ad6f4c9-a7bf-9fc8-a1cd-f63683a1a946] @ https://cdn.utmify.com.br/scripts/pixel/pixel.js:0
[  608707ms] [LOG] buttons [button#73d12fe4-6281-1b5a-033a-4944aa0d1690, button#15ff392d-8fc8-a395-8b6e-c704cac45653, button#0b871e98-fdff-9d5e-1b51-7a31c600a5a5.active, button#3ad6f4c9-a7bf-9fc8-a1cd-f63683a1a946] @ https://cdn.utmify.com.br/scripts/pixel/pixel.js:0
[  610706ms] [LOG] buttons [button#73d12fe4-6281-1b5a-033a-4944aa0d1690, button#15ff392d-8fc8-a395-8b6e-c704cac45653, button#0b871e98-fdff-9d5e-1b51-7a31c600a5a5.active, button#3ad6f4c9-a7bf-9fc8-a1cd-f63683a1a946] @ https://cdn.utmify.com.br/scripts/pixel/pixel.js:0
[  612705ms] [LOG] buttons [button#73d12fe4-6281-1b5a-033a-4944aa0d1690, button#15ff392d-8fc8-a395-8b6e-c704cac45653, button#0b871e98-fdff-9d5e-1b51-7a31c600a5a5, button#3ad6f4c9-a7bf-9fc8-a1cd-f63683a1a946.active] @ https://cdn.utmify.com.br/scripts/pixel/pixel.js:0
[  614705ms] [LOG] buttons [button#73d12fe4-6281-1b5a-033a-4944aa0d1690.active, button#15ff392d-8fc8-a395-8b6e-c704cac45653, button#0b871e98-fdff-9d5e-1b51-7a31c600a5a5, button#3ad6f4c9-a7bf-9fc8-a1cd-f63683a1a946] @ https://cdn.utmify.com.br/scripts/pixel/pixel.js:0
[  616705ms] [LOG] buttons [button#73d12fe4-6281-1b5a-033a-4944aa0d1690.active, button#15ff392d-8fc8-a395-8b6e-c704cac45653, button#0b871e98-fdff-9d5e-1b51-7a31c600a5a5, button#3ad6f4c9-a7bf-9fc8-a1cd-f63683a1a946] @ https://cdn.utmify.com.br/scripts/pixel/pixel.js:0
[  618704ms] [LOG] buttons [button#73d12fe4-6281-1b5a-033a-4944aa0d1690, button#15ff392d-8fc8-a395-8b6e-c704cac45653.active, button#0b871e98-fdff-9d5e-1b51-7a31c600a5a5, button#3ad6f4c9-a7bf-9fc8-a1cd-f63683a1a946] @ https://cdn.utmify.com.br/scripts/pixel/pixel.js:0
[  620705ms] [LOG] buttons [button#73d12fe4-6281-1b5a-033a-4944aa0d1690, button#15ff392d-8fc8-a395-8b6e-c704cac45653.active, button#0b871e98-fdff-9d5e-1b51-7a31c600a5a5, button#3ad6f4c9-a7bf-9fc8-a1cd-f63683a1a946] @ https://cdn.utmify.com.br/scripts/pixel/pixel.js:0
[  622705ms] [LOG] buttons [button#73d12fe4-6281-1b5a-033a-4944aa0d1690, button#15ff392d-8fc8-a395-8b6e-c704cac45653, button#0b871e98-fdff-9d5e-1b51-7a31c600a5a5.active, button#3ad6f4c9-a7bf-9fc8-a1cd-f63683a1a946] @ https://cdn.utmify.com.br/scripts/pixel/pixel.js:0
[  624705ms] [LOG] buttons [button#73d12fe4-6281-1b5a-033a-4944aa0d1690, button#15ff392d-8fc8-a395-8b6e-c704cac45653, button#0b871e98-fdff-9d5e-1b51-7a31c600a5a5, button#3ad6f4c9-a7bf-9fc8-a1cd-f63683a1a946.active] @ https://cdn.utmify.com.br/scripts/pixel/pixel.js:0
[  626706ms] [LOG] buttons [button#73d12fe4-6281-1b5a-033a-4944aa0d1690, button#15ff392d-8fc8-a395-8b6e-c704cac45653, button#0b871e98-fdff-9d5e-1b51-7a31c600a5a5, button#3ad6f4c9-a7bf-9fc8-a1cd-f63683a1a946.active] @ https://cdn.utmify.com.br/scripts/pixel/pixel.js:0
[  628705ms] [LOG] buttons [button#73d12fe4-6281-1b5a-033a-4944aa0d1690.active, button#15ff392d-8fc8-a395-8b6e-c704cac45653, button#0b871e98-fdff-9d5e-1b51-7a31c600a5a5, button#3ad6f4c9-a7bf-9fc8-a1cd-f63683a1a946] @ https://cdn.utmify.com.br/scripts/pixel/pixel.js:0
[  630707ms] [LOG] buttons [button#73d12fe4-6281-1b5a-033a-4944aa0d1690, button#15ff392d-8fc8-a395-8b6e-c704cac45653.active, button#0b871e98-fdff-9d5e-1b51-7a31c600a5a5, button#3ad6f4c9-a7bf-9fc8-a1cd-f63683a1a946] @ https://cdn.utmify.com.br/scripts/pixel/pixel.js:0
[  632706ms] [LOG] buttons [button#73d12fe4-6281-1b5a-033a-4944aa0d1690, button#15ff392d-8fc8-a395-8b6e-c704cac45653.active, button#0b871e98-fdff-9d5e-1b51-7a31c600a5a5, button#3ad6f4c9-a7bf-9fc8-a1cd-f63683a1a946] @ https://cdn.utmify.com.br/scripts/pixel/pixel.js:0
[  634706ms] [LOG] buttons [button#73d12fe4-6281-1b5a-033a-4944aa0d1690, button#15ff392d-8fc8-a395-8b6e-c704cac45653, button#0b871e98-fdff-9d5e-1b51-7a31c600a5a5.active, button#3ad6f4c9-a7bf-9fc8-a1cd-f63683a1a946] @ https://cdn.utmify.com.br/scripts/pixel/pixel.js:0
[  636705ms] [LOG] buttons [button#73d12fe4-6281-1b5a-033a-4944aa0d1690, button#15ff392d-8fc8-a395-8b6e-c704cac45653, button#0b871e98-fdff-9d5e-1b51-7a31c600a5a5.active, button#3ad6f4c9-a7bf-9fc8-a1cd-f63683a1a946] @ https://cdn.utmify.com.br/scripts/pixel/pixel.js:0
[  638704ms] [LOG] buttons [button#73d12fe4-6281-1b5a-033a-4944aa0d1690, button#15ff392d-8fc8-a395-8b6e-c704cac45653, button#0b871e98-fdff-9d5e-1b51-7a31c600a5a5, button#3ad6f4c9-a7bf-9fc8-a1cd-f63683a1a946.active] @ https://cdn.utmify.com.br/scripts/pixel/pixel.js:0
[  640706ms] [LOG] buttons [button#73d12fe4-6281-1b5a-033a-4944aa0d1690.active, button#15ff392d-8fc8-a395-8b6e-c704cac45653, button#0b871e98-fdff-9d5e-1b51-7a31c600a5a5, button#3ad6f4c9-a7bf-9fc8-a1cd-f63683a1a946] @ https://cdn.utmify.com.br/scripts/pixel/pixel.js:0
[  642705ms] [LOG] buttons [button#73d12fe4-6281-1b5a-033a-4944aa0d1690.active, button#15ff392d-8fc8-a395-8b6e-c704cac45653, button#0b871e98-fdff-9d5e-1b51-7a31c600a5a5, button#3ad6f4c9-a7bf-9fc8-a1cd-f63683a1a946] @ https://cdn.utmify.com.br/scripts/pixel/pixel.js:0
[  644705ms] [LOG] buttons [button#73d12fe4-6281-1b5a-033a-4944aa0d1690, button#15ff392d-8fc8-a395-8b6e-c704cac45653.active, button#0b871e98-fdff-9d5e-1b51-7a31c600a5a5, button#3ad6f4c9-a7bf-9fc8-a1cd-f63683a1a946] @ https://cdn.utmify.com.br/scripts/pixel/pixel.js:0
[  646705ms] [LOG] buttons [button#73d12fe4-6281-1b5a-033a-4944aa0d1690, button#15ff392d-8fc8-a395-8b6e-c704cac45653, button#0b871e98-fdff-9d5e-1b51-7a31c600a5a5.active, button#3ad6f4c9-a7bf-9fc8-a1cd-f63683a1a946] @ https://cdn.utmify.com.br/scripts/pixel/pixel.js:0
[  648705ms] [LOG] buttons [button#73d12fe4-6281-1b5a-033a-4944aa0d1690, button#15ff392d-8fc8-a395-8b6e-c704cac45653, button#0b871e98-fdff-9d5e-1b51-7a31c600a5a5.active, button#3ad6f4c9-a7bf-9fc8-a1cd-f63683a1a946] @ https://cdn.utmify.com.br/scripts/pixel/pixel.js:0
[  650705ms] [LOG] buttons [button#73d12fe4-6281-1b5a-033a-4944aa0d1690, button#15ff392d-8fc8-a395-8b6e-c704cac45653, button#0b871e98-fdff-9d5e-1b51-7a31c600a5a5, button#3ad6f4c9-a7bf-9fc8-a1cd-f63683a1a946.active] @ https://cdn.utmify.com.br/scripts/pixel/pixel.js:0
[  652706ms] [LOG] buttons [button#73d12fe4-6281-1b5a-033a-4944aa0d1690, button#15ff392d-8fc8-a395-8b6e-c704cac45653, button#0b871e98-fdff-9d5e-1b51-7a31c600a5a5, button#3ad6f4c9-a7bf-9fc8-a1cd-f63683a1a946.active] @ https://cdn.utmify.com.br/scripts/pixel/pixel.js:0
[  654705ms] [LOG] buttons [button#73d12fe4-6281-1b5a-033a-4944aa0d1690.active, button#15ff392d-8fc8-a395-8b6e-c704cac45653, button#0b871e98-fdff-9d5e-1b51-7a31c600a5a5, button#3ad6f4c9-a7bf-9fc8-a1cd-f63683a1a946] @ https://cdn.utmify.com.br/scripts/pixel/pixel.js:0
[  656707ms] [LOG] buttons [button#73d12fe4-6281-1b5a-033a-4944aa0d1690, button#15ff392d-8fc8-a395-8b6e-c704cac45653.active, button#0b871e98-fdff-9d5e-1b51-7a31c600a5a5, button#3ad6f4c9-a7bf-9fc8-a1cd-f63683a1a946] @ https://cdn.utmify.com.br/scripts/pixel/pixel.js:0
[  658705ms] [LOG] buttons [button#73d12fe4-6281-1b5a-033a-4944aa0d1690, button#15ff392d-8fc8-a395-8b6e-c704cac45653.active, button#0b871e98-fdff-9d5e-1b51-7a31c600a5a5, button#3ad6f4c9-a7bf-9fc8-a1cd-f63683a1a946] @ https://cdn.utmify.com.br/scripts/pixel/pixel.js:0
[  660705ms] [LOG] buttons [button#73d12fe4-6281-1b5a-033a-4944aa0d1690, button#15ff392d-8fc8-a395-8b6e-c704cac45653, button#0b871e98-fdff-9d5e-1b51-7a31c600a5a5.active, button#3ad6f4c9-a7bf-9fc8-a1cd-f63683a1a946] @ https://cdn.utmify.com.br/scripts/pixel/pixel.js:0
[  662705ms] [LOG] buttons [button#73d12fe4-6281-1b5a-033a-4944aa0d1690, button#15ff392d-8fc8-a395-8b6e-c704cac45653, button#0b871e98-fdff-9d5e-1b51-7a31c600a5a5, button#3ad6f4c9-a7bf-9fc8-a1cd-f63683a1a946.active] @ https://cdn.utmify.com.br/scripts/pixel/pixel.js:0
[  664705ms] [LOG] buttons [button#73d12fe4-6281-1b5a-033a-4944aa0d1690, button#15ff392d-8fc8-a395-8b6e-c704cac45653, button#0b871e98-fdff-9d5e-1b51-7a31c600a5a5, button#3ad6f4c9-a7bf-9fc8-a1cd-f63683a1a946.active] @ https://cdn.utmify.com.br/scripts/pixel/pixel.js:0
[  666706ms] [LOG] buttons [button#73d12fe4-6281-1b5a-033a-4944aa0d1690.active, button#15ff392d-8fc8-a395-8b6e-c704cac45653, button#0b871e98-fdff-9d5e-1b51-7a31c600a5a5, button#3ad6f4c9-a7bf-9fc8-a1cd-f63683a1a946] @ https://cdn.utmify.com.br/scripts/pixel/pixel.js:0
[  668706ms] [LOG] buttons [button#73d12fe4-6281-1b5a-033a-4944aa0d1690.active, button#15ff392d-8fc8-a395-8b6e-c704cac45653, button#0b871e98-fdff-9d5e-1b51-7a31c600a5a5, button#3ad6f4c9-a7bf-9fc8-a1cd-f63683a1a946] @ https://cdn.utmify.com.br/scripts/pixel/pixel.js:0
[  670706ms] [LOG] buttons [button#73d12fe4-6281-1b5a-033a-4944aa0d1690, button#15ff392d-8fc8-a395-8b6e-c704cac45653.active, button#0b871e98-fdff-9d5e-1b51-7a31c600a5a5, button#3ad6f4c9-a7bf-9fc8-a1cd-f63683a1a946] @ https://cdn.utmify.com.br/scripts/pixel/pixel.js:0
[  672705ms] [LOG] buttons [button#73d12fe4-6281-1b5a-033a-4944aa0d1690, button#15ff392d-8fc8-a395-8b6e-c704cac45653, button#0b871e98-fdff-9d5e-1b51-7a31c600a5a5.active, button#3ad6f4c9-a7bf-9fc8-a1cd-f63683a1a946] @ https://cdn.utmify.com.br/scripts/pixel/pixel.js:0
[  674705ms] [LOG] buttons [button#73d12fe4-6281-1b5a-033a-4944aa0d1690, button#15ff392d-8fc8-a395-8b6e-c704cac45653, button#0b871e98-fdff-9d5e-1b51-7a31c600a5a5.active, button#3ad6f4c9-a7bf-9fc8-a1cd-f63683a1a946] @ https://cdn.utmify.com.br/scripts/pixel/pixel.js:0
[  676705ms] [LOG] buttons [button#73d12fe4-6281-1b5a-033a-4944aa0d1690, button#15ff392d-8fc8-a395-8b6e-c704cac45653, button#0b871e98-fdff-9d5e-1b51-7a31c600a5a5, button#3ad6f4c9-a7bf-9fc8-a1cd-f63683a1a946.active] @ https://cdn.utmify.com.br/scripts/pixel/pixel.js:0
[  678705ms] [LOG] buttons [button#73d12fe4-6281-1b5a-033a-4944aa0d1690.active, button#15ff392d-8fc8-a395-8b6e-c704cac45653, button#0b871e98-fdff-9d5e-1b51-7a31c600a5a5, button#3ad6f4c9-a7bf-9fc8-a1cd-f63683a1a946] @ https://cdn.utmify.com.br/scripts/pixel/pixel.js:0
[  680705ms] [LOG] buttons [button#73d12fe4-6281-1b5a-033a-4944aa0d1690.active, button#15ff392d-8fc8-a395-8b6e-c704cac45653, button#0b871e98-fdff-9d5e-1b51-7a31c600a5a5, button#3ad6f4c9-a7bf-9fc8-a1cd-f63683a1a946] @ https://cdn.utmify.com.br/scripts/pixel/pixel.js:0
[  682706ms] [LOG] buttons [button#73d12fe4-6281-1b5a-033a-4944aa0d1690, button#15ff392d-8fc8-a395-8b6e-c704cac45653.active, button#0b871e98-fdff-9d5e-1b51-7a31c600a5a5, button#3ad6f4c9-a7bf-9fc8-a1cd-f63683a1a946] @ https://cdn.utmify.com.br/scripts/pixel/pixel.js:0
[  684705ms] [LOG] buttons [button#73d12fe4-6281-1b5a-033a-4944aa0d1690, button#15ff392d-8fc8-a395-8b6e-c704cac45653.active, button#0b871e98-fdff-9d5e-1b51-7a31c600a5a5, button#3ad6f4c9-a7bf-9fc8-a1cd-f63683a1a946] @ https://cdn.utmify.com.br/scripts/pixel/pixel.js:0
[  686705ms] [LOG] buttons [button#73d12fe4-6281-1b5a-033a-4944aa0d1690, button#15ff392d-8fc8-a395-8b6e-c704cac45653, button#0b871e98-fdff-9d5e-1b51-7a31c600a5a5.active, button#3ad6f4c9-a7bf-9fc8-a1cd-f63683a1a946] @ https://cdn.utmify.com.br/scripts/pixel/pixel.js:0
[  688705ms] [LOG] buttons [button#73d12fe4-6281-1b5a-033a-4944aa0d1690, button#15ff392d-8fc8-a395-8b6e-c704cac45653, button#0b871e98-fdff-9d5e-1b51-7a31c600a5a5, button#3ad6f4c9-a7bf-9fc8-a1cd-f63683a1a946.active] @ https://cdn.utmify.com.br/scripts/pixel/pixel.js:0
[  690704ms] [LOG] buttons [button#73d12fe4-6281-1b5a-033a-4944aa0d1690, button#15ff392d-8fc8-a395-8b6e-c704cac45653, button#0b871e98-fdff-9d5e-1b51-7a31c600a5a5, button#3ad6f4c9-a7bf-9fc8-a1cd-f63683a1a946.active] @ https://cdn.utmify.com.br/scripts/pixel/pixel.js:0
[  692705ms] [LOG] buttons [button#73d12fe4-6281-1b5a-033a-4944aa0d1690.active, button#15ff392d-8fc8-a395-8b6e-c704cac45653, button#0b871e98-fdff-9d5e-1b51-7a31c600a5a5, button#3ad6f4c9-a7bf-9fc8-a1cd-f63683a1a946] @ https://cdn.utmify.com.br/scripts/pixel/pixel.js:0
[  694704ms] [LOG] buttons [button#73d12fe4-6281-1b5a-033a-4944aa0d1690, button#15ff392d-8fc8-a395-8b6e-c704cac45653.active, button#0b871e98-fdff-9d5e-1b51-7a31c600a5a5, button#3ad6f4c9-a7bf-9fc8-a1cd-f63683a1a946] @ https://cdn.utmify.com.br/scripts/pixel/pixel.js:0
[  696705ms] [LOG] buttons [button#73d12fe4-6281-1b5a-033a-4944aa0d1690, button#15ff392d-8fc8-a395-8b6e-c704cac45653.active, button#0b871e98-fdff-9d5e-1b51-7a31c600a5a5, button#3ad6f4c9-a7bf-9fc8-a1cd-f63683a1a946] @ https://cdn.utmify.com.br/scripts/pixel/pixel.js:0
[  698705ms] [LOG] buttons [button#73d12fe4-6281-1b5a-033a-4944aa0d1690, button#15ff392d-8fc8-a395-8b6e-c704cac45653, button#0b871e98-fdff-9d5e-1b51-7a31c600a5a5.active, button#3ad6f4c9-a7bf-9fc8-a1cd-f63683a1a946] @ https://cdn.utmify.com.br/scripts/pixel/pixel.js:0
[  700705ms] [LOG] buttons [button#73d12fe4-6281-1b5a-033a-4944aa0d1690, button#15ff392d-8fc8-a395-8b6e-c704cac45653, button#0b871e98-fdff-9d5e-1b51-7a31c600a5a5.active, button#3ad6f4c9-a7bf-9fc8-a1cd-f63683a1a946] @ https://cdn.utmify.com.br/scripts/pixel/pixel.js:0
[  702705ms] [LOG] buttons [button#73d12fe4-6281-1b5a-033a-4944aa0d1690, button#15ff392d-8fc8-a395-8b6e-c704cac45653, button#0b871e98-fdff-9d5e-1b51-7a31c600a5a5, button#3ad6f4c9-a7bf-9fc8-a1cd-f63683a1a946.active] @ https://cdn.utmify.com.br/scripts/pixel/pixel.js:0
[  704706ms] [LOG] buttons [button#73d12fe4-6281-1b5a-033a-4944aa0d1690.active, button#15ff392d-8fc8-a395-8b6e-c704cac45653, button#0b871e98-fdff-9d5e-1b51-7a31c600a5a5, button#3ad6f4c9-a7bf-9fc8-a1cd-f63683a1a946] @ https://cdn.utmify.com.br/scripts/pixel/pixel.js:0
[  706705ms] [LOG] buttons [button#73d12fe4-6281-1b5a-033a-4944aa0d1690.active, button#15ff392d-8fc8-a395-8b6e-c704cac45653, button#0b871e98-fdff-9d5e-1b51-7a31c600a5a5, button#3ad6f4c9-a7bf-9fc8-a1cd-f63683a1a946] @ https://cdn.utmify.com.br/scripts/pixel/pixel.js:0
[  708705ms] [LOG] buttons [button#73d12fe4-6281-1b5a-033a-4944aa0d1690, button#15ff392d-8fc8-a395-8b6e-c704cac45653.active, button#0b871e98-fdff-9d5e-1b51-7a31c600a5a5, button#3ad6f4c9-a7bf-9fc8-a1cd-f63683a1a946] @ https://cdn.utmify.com.br/scripts/pixel/pixel.js:0
[  710707ms] [LOG] buttons [button#73d12fe4-6281-1b5a-033a-4944aa0d1690, button#15ff392d-8fc8-a395-8b6e-c704cac45653, button#0b871e98-fdff-9d5e-1b51-7a31c600a5a5.active, button#3ad6f4c9-a7bf-9fc8-a1cd-f63683a1a946] @ https://cdn.utmify.com.br/scripts/pixel/pixel.js:0
[  712705ms] [LOG] buttons [button#73d12fe4-6281-1b5a-033a-4944aa0d1690, button#15ff392d-8fc8-a395-8b6e-c704cac45653, button#0b871e98-fdff-9d5e-1b51-7a31c600a5a5.active, button#3ad6f4c9-a7bf-9fc8-a1cd-f63683a1a946] @ https://cdn.utmify.com.br/scripts/pixel/pixel.js:0
[  714705ms] [LOG] buttons [button#73d12fe4-6281-1b5a-033a-4944aa0d1690, button#15ff392d-8fc8-a395-8b6e-c704cac45653, button#0b871e98-fdff-9d5e-1b51-7a31c600a5a5, button#3ad6f4c9-a7bf-9fc8-a1cd-f63683a1a946.active] @ https://cdn.utmify.com.br/scripts/pixel/pixel.js:0
[  716705ms] [LOG] buttons [button#73d12fe4-6281-1b5a-033a-4944aa0d1690, button#15ff392d-8fc8-a395-8b6e-c704cac45653, button#0b871e98-fdff-9d5e-1b51-7a31c600a5a5, button#3ad6f4c9-a7bf-9fc8-a1cd-f63683a1a946.active] @ https://cdn.utmify.com.br/scripts/pixel/pixel.js:0
[  718707ms] [LOG] buttons [button#73d12fe4-6281-1b5a-033a-4944aa0d1690.active, button#15ff392d-8fc8-a395-8b6e-c704cac45653, button#0b871e98-fdff-9d5e-1b51-7a31c600a5a5, button#3ad6f4c9-a7bf-9fc8-a1cd-f63683a1a946] @ https://cdn.utmify.com.br/scripts/pixel/pixel.js:0
[  720706ms] [LOG] buttons [button#73d12fe4-6281-1b5a-033a-4944aa0d1690, button#15ff392d-8fc8-a395-8b6e-c704cac45653.active, button#0b871e98-fdff-9d5e-1b51-7a31c600a5a5, button#3ad6f4c9-a7bf-9fc8-a1cd-f63683a1a946] @ https://cdn.utmify.com.br/scripts/pixel/pixel.js:0
[  722706ms] [LOG] buttons [button#73d12fe4-6281-1b5a-033a-4944aa0d1690, button#15ff392d-8fc8-a395-8b6e-c704cac45653.active, button#0b871e98-fdff-9d5e-1b51-7a31c600a5a5, button#3ad6f4c9-a7bf-9fc8-a1cd-f63683a1a946] @ https://cdn.utmify.com.br/scripts/pixel/pixel.js:0
[  724705ms] [LOG] buttons [button#73d12fe4-6281-1b5a-033a-4944aa0d1690, button#15ff392d-8fc8-a395-8b6e-c704cac45653, button#0b871e98-fdff-9d5e-1b51-7a31c600a5a5.active, button#3ad6f4c9-a7bf-9fc8-a1cd-f63683a1a946] @ https://cdn.utmify.com.br/scripts/pixel/pixel.js:0
[  726707ms] [LOG] buttons [button#73d12fe4-6281-1b5a-033a-4944aa0d1690, button#15ff392d-8fc8-a395-8b6e-c704cac45653, button#0b871e98-fdff-9d5e-1b51-7a31c600a5a5, button#3ad6f4c9-a7bf-9fc8-a1cd-f63683a1a946.active] @ https://cdn.utmify.com.br/scripts/pixel/pixel.js:0
[  728707ms] [LOG] buttons [button#73d12fe4-6281-1b5a-033a-4944aa0d1690, button#15ff392d-8fc8-a395-8b6e-c704cac45653, button#0b871e98-fdff-9d5e-1b51-7a31c600a5a5, button#3ad6f4c9-a7bf-9fc8-a1cd-f63683a1a946.active] @ https://cdn.utmify.com.br/scripts/pixel/pixel.js:0
[  730704ms] [LOG] buttons [button#73d12fe4-6281-1b5a-033a-4944aa0d1690.active, button#15ff392d-8fc8-a395-8b6e-c704cac45653, button#0b871e98-fdff-9d5e-1b51-7a31c600a5a5, button#3ad6f4c9-a7bf-9fc8-a1cd-f63683a1a946] @ https://cdn.utmify.com.br/scripts/pixel/pixel.js:0
[  732705ms] [LOG] buttons [button#73d12fe4-6281-1b5a-033a-4944aa0d1690.active, button#15ff392d-8fc8-a395-8b6e-c704cac45653, button#0b871e98-fdff-9d5e-1b51-7a31c600a5a5, button#3ad6f4c9-a7bf-9fc8-a1cd-f63683a1a946] @ https://cdn.utmify.com.br/scripts/pixel/pixel.js:0
[  734706ms] [LOG] buttons [button#73d12fe4-6281-1b5a-033a-4944aa0d1690, button#15ff392d-8fc8-a395-8b6e-c704cac45653.active, button#0b871e98-fdff-9d5e-1b51-7a31c600a5a5, button#3ad6f4c9-a7bf-9fc8-a1cd-f63683a1a946] @ https://cdn.utmify.com.br/scripts/pixel/pixel.js:0
[  736705ms] [LOG] buttons [button#73d12fe4-6281-1b5a-033a-4944aa0d1690, button#15ff392d-8fc8-a395-8b6e-c704cac45653, button#0b871e98-fdff-9d5e-1b51-7a31c600a5a5.active, button#3ad6f4c9-a7bf-9fc8-a1cd-f63683a1a946] @ https://cdn.utmify.com.br/scripts/pixel/pixel.js:0
[  738707ms] [LOG] buttons [button#73d12fe4-6281-1b5a-033a-4944aa0d1690, button#15ff392d-8fc8-a395-8b6e-c704cac45653, button#0b871e98-fdff-9d5e-1b51-7a31c600a5a5.active, button#3ad6f4c9-a7bf-9fc8-a1cd-f63683a1a946] @ https://cdn.utmify.com.br/scripts/pixel/pixel.js:0
[  740706ms] [LOG] buttons [button#73d12fe4-6281-1b5a-033a-4944aa0d1690, button#15ff392d-8fc8-a395-8b6e-c704cac45653, button#0b871e98-fdff-9d5e-1b51-7a31c600a5a5, button#3ad6f4c9-a7bf-9fc8-a1cd-f63683a1a946.active] @ https://cdn.utmify.com.br/scripts/pixel/pixel.js:0
[  742705ms] [LOG] buttons [button#73d12fe4-6281-1b5a-033a-4944aa0d1690.active, button#15ff392d-8fc8-a395-8b6e-c704cac45653, button#0b871e98-fdff-9d5e-1b51-7a31c600a5a5, button#3ad6f4c9-a7bf-9fc8-a1cd-f63683a1a946] @ https://cdn.utmify.com.br/scripts/pixel/pixel.js:0
[  744705ms] [LOG] buttons [button#73d12fe4-6281-1b5a-033a-4944aa0d1690.active, button#15ff392d-8fc8-a395-8b6e-c704cac45653, button#0b871e98-fdff-9d5e-1b51-7a31c600a5a5, button#3ad6f4c9-a7bf-9fc8-a1cd-f63683a1a946] @ https://cdn.utmify.com.br/scripts/pixel/pixel.js:0
[  746706ms] [LOG] buttons [button#73d12fe4-6281-1b5a-033a-4944aa0d1690, button#15ff392d-8fc8-a395-8b6e-c704cac45653.active, button#0b871e98-fdff-9d5e-1b51-7a31c600a5a5, button#3ad6f4c9-a7bf-9fc8-a1cd-f63683a1a946] @ https://cdn.utmify.com.br/scripts/pixel/pixel.js:0
[  748705ms] [LOG] buttons [button#73d12fe4-6281-1b5a-033a-4944aa0d1690, button#15ff392d-8fc8-a395-8b6e-c704cac45653.active, button#0b871e98-fdff-9d5e-1b51-7a31c600a5a5, button#3ad6f4c9-a7bf-9fc8-a1cd-f63683a1a946] @ https://cdn.utmify.com.br/scripts/pixel/pixel.js:0
[  750706ms] [LOG] buttons [button#73d12fe4-6281-1b5a-033a-4944aa0d1690, button#15ff392d-8fc8-a395-8b6e-c704cac45653, button#0b871e98-fdff-9d5e-1b51-7a31c600a5a5.active, button#3ad6f4c9-a7bf-9fc8-a1cd-f63683a1a946] @ https://cdn.utmify.com.br/scripts/pixel/pixel.js:0
[  752705ms] [LOG] buttons [button#73d12fe4-6281-1b5a-033a-4944aa0d1690, button#15ff392d-8fc8-a395-8b6e-c704cac45653, button#0b871e98-fdff-9d5e-1b51-7a31c600a5a5, button#3ad6f4c9-a7bf-9fc8-a1cd-f63683a1a946.active] @ https://cdn.utmify.com.br/scripts/pixel/pixel.js:0
[  754705ms] [LOG] buttons [button#73d12fe4-6281-1b5a-033a-4944aa0d1690, button#15ff392d-8fc8-a395-8b6e-c704cac45653, button#0b871e98-fdff-9d5e-1b51-7a31c600a5a5, button#3ad6f4c9-a7bf-9fc8-a1cd-f63683a1a946.active] @ https://cdn.utmify.com.br/scripts/pixel/pixel.js:0
[  756706ms] [LOG] buttons [button#73d12fe4-6281-1b5a-033a-4944aa0d1690.active, button#15ff392d-8fc8-a395-8b6e-c704cac45653, button#0b871e98-fdff-9d5e-1b51-7a31c600a5a5, button#3ad6f4c9-a7bf-9fc8-a1cd-f63683a1a946] @ https://cdn.utmify.com.br/scripts/pixel/pixel.js:0
[  758705ms] [LOG] buttons [button#73d12fe4-6281-1b5a-033a-4944aa0d1690, button#15ff392d-8fc8-a395-8b6e-c704cac45653.active, button#0b871e98-fdff-9d5e-1b51-7a31c600a5a5, button#3ad6f4c9-a7bf-9fc8-a1cd-f63683a1a946] @ https://cdn.utmify.com.br/scripts/pixel/pixel.js:0
[  760706ms] [LOG] buttons [button#73d12fe4-6281-1b5a-033a-4944aa0d1690, button#15ff392d-8fc8-a395-8b6e-c704cac45653.active, button#0b871e98-fdff-9d5e-1b51-7a31c600a5a5, button#3ad6f4c9-a7bf-9fc8-a1cd-f63683a1a946] @ https://cdn.utmify.com.br/scripts/pixel/pixel.js:0
[  762706ms] [LOG] buttons [button#73d12fe4-6281-1b5a-033a-4944aa0d1690, button#15ff392d-8fc8-a395-8b6e-c704cac45653, button#0b871e98-fdff-9d5e-1b51-7a31c600a5a5.active, button#3ad6f4c9-a7bf-9fc8-a1cd-f63683a1a946] @ https://cdn.utmify.com.br/scripts/pixel/pixel.js:0
[  764706ms] [LOG] buttons [button#73d12fe4-6281-1b5a-033a-4944aa0d1690, button#15ff392d-8fc8-a395-8b6e-c704cac45653, button#0b871e98-fdff-9d5e-1b51-7a31c600a5a5.active, button#3ad6f4c9-a7bf-9fc8-a1cd-f63683a1a946] @ https://cdn.utmify.com.br/scripts/pixel/pixel.js:0
[  766705ms] [LOG] buttons [button#73d12fe4-6281-1b5a-033a-4944aa0d1690, button#15ff392d-8fc8-a395-8b6e-c704cac45653, button#0b871e98-fdff-9d5e-1b51-7a31c600a5a5, button#3ad6f4c9-a7bf-9fc8-a1cd-f63683a1a946.active] @ https://cdn.utmify.com.br/scripts/pixel/pixel.js:0
[  768705ms] [LOG] buttons [button#73d12fe4-6281-1b5a-033a-4944aa0d1690.active, button#15ff392d-8fc8-a395-8b6e-c704cac45653, button#0b871e98-fdff-9d5e-1b51-7a31c600a5a5, button#3ad6f4c9-a7bf-9fc8-a1cd-f63683a1a946] @ https://cdn.utmify.com.br/scripts/pixel/pixel.js:0
[  770705ms] [LOG] buttons [button#73d12fe4-6281-1b5a-033a-4944aa0d1690.active, button#15ff392d-8fc8-a395-8b6e-c704cac45653, button#0b871e98-fdff-9d5e-1b51-7a31c600a5a5, button#3ad6f4c9-a7bf-9fc8-a1cd-f63683a1a946] @ https://cdn.utmify.com.br/scripts/pixel/pixel.js:0
[  772706ms] [LOG] buttons [button#73d12fe4-6281-1b5a-033a-4944aa0d1690, button#15ff392d-8fc8-a395-8b6e-c704cac45653.active, button#0b871e98-fdff-9d5e-1b51-7a31c600a5a5, button#3ad6f4c9-a7bf-9fc8-a1cd-f63683a1a946] @ https://cdn.utmify.com.br/scripts/pixel/pixel.js:0
[  774707ms] [LOG] buttons [button#73d12fe4-6281-1b5a-033a-4944aa0d1690, button#15ff392d-8fc8-a395-8b6e-c704cac45653, button#0b871e98-fdff-9d5e-1b51-7a31c600a5a5.active, button#3ad6f4c9-a7bf-9fc8-a1cd-f63683a1a946] @ https://cdn.utmify.com.br/scripts/pixel/pixel.js:0
[  776707ms] [LOG] buttons [button#73d12fe4-6281-1b5a-033a-4944aa0d1690, button#15ff392d-8fc8-a395-8b6e-c704cac45653, button#0b871e98-fdff-9d5e-1b51-7a31c600a5a5.active, button#3ad6f4c9-a7bf-9fc8-a1cd-f63683a1a946] @ https://cdn.utmify.com.br/scripts/pixel/pixel.js:0
[  778705ms] [LOG] buttons [button#73d12fe4-6281-1b5a-033a-4944aa0d1690, button#15ff392d-8fc8-a395-8b6e-c704cac45653, button#0b871e98-fdff-9d5e-1b51-7a31c600a5a5, button#3ad6f4c9-a7bf-9fc8-a1cd-f63683a1a946.active] @ https://cdn.utmify.com.br/scripts/pixel/pixel.js:0
[  780705ms] [LOG] buttons [button#73d12fe4-6281-1b5a-033a-4944aa0d1690, button#15ff392d-8fc8-a395-8b6e-c704cac45653, button#0b871e98-fdff-9d5e-1b51-7a31c600a5a5, button#3ad6f4c9-a7bf-9fc8-a1cd-f63683a1a946.active] @ https://cdn.utmify.com.br/scripts/pixel/pixel.js:0
[  782706ms] [LOG] buttons [button#73d12fe4-6281-1b5a-033a-4944aa0d1690.active, button#15ff392d-8fc8-a395-8b6e-c704cac45653, button#0b871e98-fdff-9d5e-1b51-7a31c600a5a5, button#3ad6f4c9-a7bf-9fc8-a1cd-f63683a1a946] @ https://cdn.utmify.com.br/scripts/pixel/pixel.js:0
[  784707ms] [LOG] buttons [button#73d12fe4-6281-1b5a-033a-4944aa0d1690, button#15ff392d-8fc8-a395-8b6e-c704cac45653.active, button#0b871e98-fdff-9d5e-1b51-7a31c600a5a5, button#3ad6f4c9-a7bf-9fc8-a1cd-f63683a1a946] @ https://cdn.utmify.com.br/scripts/pixel/pixel.js:0
[  786706ms] [LOG] buttons [button#73d12fe4-6281-1b5a-033a-4944aa0d1690, button#15ff392d-8fc8-a395-8b6e-c704cac45653.active, button#0b871e98-fdff-9d5e-1b51-7a31c600a5a5, button#3ad6f4c9-a7bf-9fc8-a1cd-f63683a1a946] @ https://cdn.utmify.com.br/scripts/pixel/pixel.js:0
[  788705ms] [LOG] buttons [button#73d12fe4-6281-1b5a-033a-4944aa0d1690, button#15ff392d-8fc8-a395-8b6e-c704cac45653, button#0b871e98-fdff-9d5e-1b51-7a31c600a5a5.active, button#3ad6f4c9-a7bf-9fc8-a1cd-f63683a1a946] @ https://cdn.utmify.com.br/scripts/pixel/pixel.js:0
[  790707ms] [LOG] buttons [button#73d12fe4-6281-1b5a-033a-4944aa0d1690, button#15ff392d-8fc8-a395-8b6e-c704cac45653, button#0b871e98-fdff-9d5e-1b51-7a31c600a5a5, button#3ad6f4c9-a7bf-9fc8-a1cd-f63683a1a946.active] @ https://cdn.utmify.com.br/scripts/pixel/pixel.js:0
[  792705ms] [LOG] buttons [button#73d12fe4-6281-1b5a-033a-4944aa0d1690, button#15ff392d-8fc8-a395-8b6e-c704cac45653, button#0b871e98-fdff-9d5e-1b51-7a31c600a5a5, button#3ad6f4c9-a7bf-9fc8-a1cd-f63683a1a946.active] @ https://cdn.utmify.com.br/scripts/pixel/pixel.js:0
[  794706ms] [LOG] buttons [button#73d12fe4-6281-1b5a-033a-4944aa0d1690.active, button#15ff392d-8fc8-a395-8b6e-c704cac45653, button#0b871e98-fdff-9d5e-1b51-7a31c600a5a5, button#3ad6f4c9-a7bf-9fc8-a1cd-f63683a1a946] @ https://cdn.utmify.com.br/scripts/pixel/pixel.js:0
[  796705ms] [LOG] buttons [button#73d12fe4-6281-1b5a-033a-4944aa0d1690.active, button#15ff392d-8fc8-a395-8b6e-c704cac45653, button#0b871e98-fdff-9d5e-1b51-7a31c600a5a5, button#3ad6f4c9-a7bf-9fc8-a1cd-f63683a1a946] @ https://cdn.utmify.com.br/scripts/pixel/pixel.js:0
[  798705ms] [LOG] buttons [button#73d12fe4-6281-1b5a-033a-4944aa0d1690, button#15ff392d-8fc8-a395-8b6e-c704cac45653.active, button#0b871e98-fdff-9d5e-1b51-7a31c600a5a5, button#3ad6f4c9-a7bf-9fc8-a1cd-f63683a1a946] @ https://cdn.utmify.com.br/scripts/pixel/pixel.js:0
[  800705ms] [LOG] buttons [button#73d12fe4-6281-1b5a-033a-4944aa0d1690, button#15ff392d-8fc8-a395-8b6e-c704cac45653, button#0b871e98-fdff-9d5e-1b51-7a31c600a5a5.active, button#3ad6f4c9-a7bf-9fc8-a1cd-f63683a1a946] @ https://cdn.utmify.com.br/scripts/pixel/pixel.js:0
[  802705ms] [LOG] buttons [button#73d12fe4-6281-1b5a-033a-4944aa0d1690, button#15ff392d-8fc8-a395-8b6e-c704cac45653, button#0b871e98-fdff-9d5e-1b51-7a31c600a5a5.active, button#3ad6f4c9-a7bf-9fc8-a1cd-f63683a1a946] @ https://cdn.utmify.com.br/scripts/pixel/pixel.js:0
[  804705ms] [LOG] buttons [button#73d12fe4-6281-1b5a-033a-4944aa0d1690, button#15ff392d-8fc8-a395-8b6e-c704cac45653, button#0b871e98-fdff-9d5e-1b51-7a31c600a5a5, button#3ad6f4c9-a7bf-9fc8-a1cd-f63683a1a946.active] @ https://cdn.utmify.com.br/scripts/pixel/pixel.js:0
[  806705ms] [LOG] buttons [button#73d12fe4-6281-1b5a-033a-4944aa0d1690.active, button#15ff392d-8fc8-a395-8b6e-c704cac45653, button#0b871e98-fdff-9d5e-1b51-7a31c600a5a5, button#3ad6f4c9-a7bf-9fc8-a1cd-f63683a1a946] @ https://cdn.utmify.com.br/scripts/pixel/pixel.js:0
[  808705ms] [LOG] buttons [button#73d12fe4-6281-1b5a-033a-4944aa0d1690.active, button#15ff392d-8fc8-a395-8b6e-c704cac45653, button#0b871e98-fdff-9d5e-1b51-7a31c600a5a5, button#3ad6f4c9-a7bf-9fc8-a1cd-f63683a1a946] @ https://cdn.utmify.com.br/scripts/pixel/pixel.js:0
[  810705ms] [LOG] buttons [button#73d12fe4-6281-1b5a-033a-4944aa0d1690, button#15ff392d-8fc8-a395-8b6e-c704cac45653.active, button#0b871e98-fdff-9d5e-1b51-7a31c600a5a5, button#3ad6f4c9-a7bf-9fc8-a1cd-f63683a1a946] @ https://cdn.utmify.com.br/scripts/pixel/pixel.js:0
[  812706ms] [LOG] buttons [button#73d12fe4-6281-1b5a-033a-4944aa0d1690, button#15ff392d-8fc8-a395-8b6e-c704cac45653.active, button#0b871e98-fdff-9d5e-1b51-7a31c600a5a5, button#3ad6f4c9-a7bf-9fc8-a1cd-f63683a1a946] @ https://cdn.utmify.com.br/scripts/pixel/pixel.js:0
[  814705ms] [LOG] buttons [button#73d12fe4-6281-1b5a-033a-4944aa0d1690, button#15ff392d-8fc8-a395-8b6e-c704cac45653, button#0b871e98-fdff-9d5e-1b51-7a31c600a5a5.active, button#3ad6f4c9-a7bf-9fc8-a1cd-f63683a1a946] @ https://cdn.utmify.com.br/scripts/pixel/pixel.js:0
[  816705ms] [LOG] buttons [button#73d12fe4-6281-1b5a-033a-4944aa0d1690, button#15ff392d-8fc8-a395-8b6e-c704cac45653, button#0b871e98-fdff-9d5e-1b51-7a31c600a5a5, button#3ad6f4c9-a7bf-9fc8-a1cd-f63683a1a946.active] @ https://cdn.utmify.com.br/scripts/pixel/pixel.js:0
[  818705ms] [LOG] buttons [button#73d12fe4-6281-1b5a-033a-4944aa0d1690, button#15ff392d-8fc8-a395-8b6e-c704cac45653, button#0b871e98-fdff-9d5e-1b51-7a31c600a5a5, button#3ad6f4c9-a7bf-9fc8-a1cd-f63683a1a946.active] @ https://cdn.utmify.com.br/scripts/pixel/pixel.js:0
[  820706ms] [LOG] buttons [button#73d12fe4-6281-1b5a-033a-4944aa0d1690.active, button#15ff392d-8fc8-a395-8b6e-c704cac45653, button#0b871e98-fdff-9d5e-1b51-7a31c600a5a5, button#3ad6f4c9-a7bf-9fc8-a1cd-f63683a1a946] @ https://cdn.utmify.com.br/scripts/pixel/pixel.js:0
[  822706ms] [LOG] buttons [button#73d12fe4-6281-1b5a-033a-4944aa0d1690, button#15ff392d-8fc8-a395-8b6e-c704cac45653.active, button#0b871e98-fdff-9d5e-1b51-7a31c600a5a5, button#3ad6f4c9-a7bf-9fc8-a1cd-f63683a1a946] @ https://cdn.utmify.com.br/scripts/pixel/pixel.js:0
[  824706ms] [LOG] buttons [button#73d12fe4-6281-1b5a-033a-4944aa0d1690, button#15ff392d-8fc8-a395-8b6e-c704cac45653.active, button#0b871e98-fdff-9d5e-1b51-7a31c600a5a5, button#3ad6f4c9-a7bf-9fc8-a1cd-f63683a1a946] @ https://cdn.utmify.com.br/scripts/pixel/pixel.js:0
[  826706ms] [LOG] buttons [button#73d12fe4-6281-1b5a-033a-4944aa0d1690, button#15ff392d-8fc8-a395-8b6e-c704cac45653, button#0b871e98-fdff-9d5e-1b51-7a31c600a5a5.active, button#3ad6f4c9-a7bf-9fc8-a1cd-f63683a1a946] @ https://cdn.utmify.com.br/scripts/pixel/pixel.js:0
[  828705ms] [LOG] buttons [button#73d12fe4-6281-1b5a-033a-4944aa0d1690, button#15ff392d-8fc8-a395-8b6e-c704cac45653, button#0b871e98-fdff-9d5e-1b51-7a31c600a5a5.active, button#3ad6f4c9-a7bf-9fc8-a1cd-f63683a1a946] @ https://cdn.utmify.com.br/scripts/pixel/pixel.js:0
[  830706ms] [LOG] buttons [button#73d12fe4-6281-1b5a-033a-4944aa0d1690, button#15ff392d-8fc8-a395-8b6e-c704cac45653, button#0b871e98-fdff-9d5e-1b51-7a31c600a5a5, button#3ad6f4c9-a7bf-9fc8-a1cd-f63683a1a946.active] @ https://cdn.utmify.com.br/scripts/pixel/pixel.js:0
[  832707ms] [LOG] buttons [button#73d12fe4-6281-1b5a-033a-4944aa0d1690.active, button#15ff392d-8fc8-a395-8b6e-c704cac45653, button#0b871e98-fdff-9d5e-1b51-7a31c600a5a5, button#3ad6f4c9-a7bf-9fc8-a1cd-f63683a1a946] @ https://cdn.utmify.com.br/scripts/pixel/pixel.js:0
[  834705ms] [LOG] buttons [button#73d12fe4-6281-1b5a-033a-4944aa0d1690.active, button#15ff392d-8fc8-a395-8b6e-c704cac45653, button#0b871e98-fdff-9d5e-1b51-7a31c600a5a5, button#3ad6f4c9-a7bf-9fc8-a1cd-f63683a1a946] @ https://cdn.utmify.com.br/scripts/pixel/pixel.js:0
[  836705ms] [LOG] buttons [button#73d12fe4-6281-1b5a-033a-4944aa0d1690, button#15ff392d-8fc8-a395-8b6e-c704cac45653.active, button#0b871e98-fdff-9d5e-1b51-7a31c600a5a5, button#3ad6f4c9-a7bf-9fc8-a1cd-f63683a1a946] @ https://cdn.utmify.com.br/scripts/pixel/pixel.js:0
[  838705ms] [LOG] buttons [button#73d12fe4-6281-1b5a-033a-4944aa0d1690, button#15ff392d-8fc8-a395-8b6e-c704cac45653, button#0b871e98-fdff-9d5e-1b51-7a31c600a5a5.active, button#3ad6f4c9-a7bf-9fc8-a1cd-f63683a1a946] @ https://cdn.utmify.com.br/scripts/pixel/pixel.js:0
[  840705ms] [LOG] buttons [button#73d12fe4-6281-1b5a-033a-4944aa0d1690, button#15ff392d-8fc8-a395-8b6e-c704cac45653, button#0b871e98-fdff-9d5e-1b51-7a31c600a5a5.active, button#3ad6f4c9-a7bf-9fc8-a1cd-f63683a1a946] @ https://cdn.utmify.com.br/scripts/pixel/pixel.js:0
[  842704ms] [LOG] buttons [button#73d12fe4-6281-1b5a-033a-4944aa0d1690, button#15ff392d-8fc8-a395-8b6e-c704cac45653, button#0b871e98-fdff-9d5e-1b51-7a31c600a5a5, button#3ad6f4c9-a7bf-9fc8-a1cd-f63683a1a946.active] @ https://cdn.utmify.com.br/scripts/pixel/pixel.js:0
[  844705ms] [LOG] buttons [button#73d12fe4-6281-1b5a-033a-4944aa0d1690, button#15ff392d-8fc8-a395-8b6e-c704cac45653, button#0b871e98-fdff-9d5e-1b51-7a31c600a5a5, button#3ad6f4c9-a7bf-9fc8-a1cd-f63683a1a946.active] @ https://cdn.utmify.com.br/scripts/pixel/pixel.js:0
[  846705ms] [LOG] buttons [button#73d12fe4-6281-1b5a-033a-4944aa0d1690.active, button#15ff392d-8fc8-a395-8b6e-c704cac45653, button#0b871e98-fdff-9d5e-1b51-7a31c600a5a5, button#3ad6f4c9-a7bf-9fc8-a1cd-f63683a1a946] @ https://cdn.utmify.com.br/scripts/pixel/pixel.js:0
[  848705ms] [LOG] buttons [button#73d12fe4-6281-1b5a-033a-4944aa0d1690, button#15ff392d-8fc8-a395-8b6e-c704cac45653.active, button#0b871e98-fdff-9d5e-1b51-7a31c600a5a5, button#3ad6f4c9-a7bf-9fc8-a1cd-f63683a1a946] @ https://cdn.utmify.com.br/scripts/pixel/pixel.js:0
[  850705ms] [LOG] buttons [button#73d12fe4-6281-1b5a-033a-4944aa0d1690, button#15ff392d-8fc8-a395-8b6e-c704cac45653.active, button#0b871e98-fdff-9d5e-1b51-7a31c600a5a5, button#3ad6f4c9-a7bf-9fc8-a1cd-f63683a1a946] @ https://cdn.utmify.com.br/scripts/pixel/pixel.js:0
[  852706ms] [LOG] buttons [button#73d12fe4-6281-1b5a-033a-4944aa0d1690, button#15ff392d-8fc8-a395-8b6e-c704cac45653, button#0b871e98-fdff-9d5e-1b51-7a31c600a5a5.active, button#3ad6f4c9-a7bf-9fc8-a1cd-f63683a1a946] @ https://cdn.utmify.com.br/scripts/pixel/pixel.js:0
[  854705ms] [LOG] buttons [button#73d12fe4-6281-1b5a-033a-4944aa0d1690, button#15ff392d-8fc8-a395-8b6e-c704cac45653, button#0b871e98-fdff-9d5e-1b51-7a31c600a5a5, button#3ad6f4c9-a7bf-9fc8-a1cd-f63683a1a946.active] @ https://cdn.utmify.com.br/scripts/pixel/pixel.js:0
[  856705ms] [LOG] buttons [button#73d12fe4-6281-1b5a-033a-4944aa0d1690, button#15ff392d-8fc8-a395-8b6e-c704cac45653, button#0b871e98-fdff-9d5e-1b51-7a31c600a5a5, button#3ad6f4c9-a7bf-9fc8-a1cd-f63683a1a946.active] @ https://cdn.utmify.com.br/scripts/pixel/pixel.js:0
[  858706ms] [LOG] buttons [button#73d12fe4-6281-1b5a-033a-4944aa0d1690.active, button#15ff392d-8fc8-a395-8b6e-c704cac45653, button#0b871e98-fdff-9d5e-1b51-7a31c600a5a5, button#3ad6f4c9-a7bf-9fc8-a1cd-f63683a1a946] @ https://cdn.utmify.com.br/scripts/pixel/pixel.js:0
[  860705ms] [LOG] buttons [button#73d12fe4-6281-1b5a-033a-4944aa0d1690.active, button#15ff392d-8fc8-a395-8b6e-c704cac45653, button#0b871e98-fdff-9d5e-1b51-7a31c600a5a5, button#3ad6f4c9-a7bf-9fc8-a1cd-f63683a1a946] @ https://cdn.utmify.com.br/scripts/pixel/pixel.js:0
[  862706ms] [LOG] buttons [button#73d12fe4-6281-1b5a-033a-4944aa0d1690, button#15ff392d-8fc8-a395-8b6e-c704cac45653.active, button#0b871e98-fdff-9d5e-1b51-7a31c600a5a5, button#3ad6f4c9-a7bf-9fc8-a1cd-f63683a1a946] @ https://cdn.utmify.com.br/scripts/pixel/pixel.js:0
[  864705ms] [LOG] buttons [button#73d12fe4-6281-1b5a-033a-4944aa0d1690, button#15ff392d-8fc8-a395-8b6e-c704cac45653, button#0b871e98-fdff-9d5e-1b51-7a31c600a5a5.active, button#3ad6f4c9-a7bf-9fc8-a1cd-f63683a1a946] @ https://cdn.utmify.com.br/scripts/pixel/pixel.js:0
[  866704ms] [LOG] buttons [button#73d12fe4-6281-1b5a-033a-4944aa0d1690, button#15ff392d-8fc8-a395-8b6e-c704cac45653, button#0b871e98-fdff-9d5e-1b51-7a31c600a5a5.active, button#3ad6f4c9-a7bf-9fc8-a1cd-f63683a1a946] @ https://cdn.utmify.com.br/scripts/pixel/pixel.js:0
[  868705ms] [LOG] buttons [button#73d12fe4-6281-1b5a-033a-4944aa0d1690, button#15ff392d-8fc8-a395-8b6e-c704cac45653, button#0b871e98-fdff-9d5e-1b51-7a31c600a5a5, button#3ad6f4c9-a7bf-9fc8-a1cd-f63683a1a946.active] @ https://cdn.utmify.com.br/scripts/pixel/pixel.js:0
[  870705ms] [LOG] buttons [button#73d12fe4-6281-1b5a-033a-4944aa0d1690.active, button#15ff392d-8fc8-a395-8b6e-c704cac45653, button#0b871e98-fdff-9d5e-1b51-7a31c600a5a5, button#3ad6f4c9-a7bf-9fc8-a1cd-f63683a1a946] @ https://cdn.utmify.com.br/scripts/pixel/pixel.js:0
[  872705ms] [LOG] buttons [button#73d12fe4-6281-1b5a-033a-4944aa0d1690.active, button#15ff392d-8fc8-a395-8b6e-c704cac45653, button#0b871e98-fdff-9d5e-1b51-7a31c600a5a5, button#3ad6f4c9-a7bf-9fc8-a1cd-f63683a1a946] @ https://cdn.utmify.com.br/scripts/pixel/pixel.js:0
[  874706ms] [LOG] buttons [button#73d12fe4-6281-1b5a-033a-4944aa0d1690, button#15ff392d-8fc8-a395-8b6e-c704cac45653.active, button#0b871e98-fdff-9d5e-1b51-7a31c600a5a5, button#3ad6f4c9-a7bf-9fc8-a1cd-f63683a1a946] @ https://cdn.utmify.com.br/scripts/pixel/pixel.js:0
[  876705ms] [LOG] buttons [button#73d12fe4-6281-1b5a-033a-4944aa0d1690, button#15ff392d-8fc8-a395-8b6e-c704cac45653.active, button#0b871e98-fdff-9d5e-1b51-7a31c600a5a5, button#3ad6f4c9-a7bf-9fc8-a1cd-f63683a1a946] @ https://cdn.utmify.com.br/scripts/pixel/pixel.js:0
[  878705ms] [LOG] buttons [button#73d12fe4-6281-1b5a-033a-4944aa0d1690, button#15ff392d-8fc8-a395-8b6e-c704cac45653, button#0b871e98-fdff-9d5e-1b51-7a31c600a5a5.active, button#3ad6f4c9-a7bf-9fc8-a1cd-f63683a1a946] @ https://cdn.utmify.com.br/scripts/pixel/pixel.js:0
[  880705ms] [LOG] buttons [button#73d12fe4-6281-1b5a-033a-4944aa0d1690, button#15ff392d-8fc8-a395-8b6e-c704cac45653, button#0b871e98-fdff-9d5e-1b51-7a31c600a5a5, button#3ad6f4c9-a7bf-9fc8-a1cd-f63683a1a946.active] @ https://cdn.utmify.com.br/scripts/pixel/pixel.js:0
[  882705ms] [LOG] buttons [button#73d12fe4-6281-1b5a-033a-4944aa0d1690, button#15ff392d-8fc8-a395-8b6e-c704cac45653, button#0b871e98-fdff-9d5e-1b51-7a31c600a5a5, button#3ad6f4c9-a7bf-9fc8-a1cd-f63683a1a946.active] @ https://cdn.utmify.com.br/scripts/pixel/pixel.js:0
[  884705ms] [LOG] buttons [button#73d12fe4-6281-1b5a-033a-4944aa0d1690.active, button#15ff392d-8fc8-a395-8b6e-c704cac45653, button#0b871e98-fdff-9d5e-1b51-7a31c600a5a5, button#3ad6f4c9-a7bf-9fc8-a1cd-f63683a1a946] @ https://cdn.utmify.com.br/scripts/pixel/pixel.js:0
[  886705ms] [LOG] buttons [button#73d12fe4-6281-1b5a-033a-4944aa0d1690, button#15ff392d-8fc8-a395-8b6e-c704cac45653.active, button#0b871e98-fdff-9d5e-1b51-7a31c600a5a5, button#3ad6f4c9-a7bf-9fc8-a1cd-f63683a1a946] @ https://cdn.utmify.com.br/scripts/pixel/pixel.js:0
[  888705ms] [LOG] buttons [button#73d12fe4-6281-1b5a-033a-4944aa0d1690, button#15ff392d-8fc8-a395-8b6e-c704cac45653.active, button#0b871e98-fdff-9d5e-1b51-7a31c600a5a5, button#3ad6f4c9-a7bf-9fc8-a1cd-f63683a1a946] @ https://cdn.utmify.com.br/scripts/pixel/pixel.js:0
[  890704ms] [LOG] buttons [button#73d12fe4-6281-1b5a-033a-4944aa0d1690, button#15ff392d-8fc8-a395-8b6e-c704cac45653, button#0b871e98-fdff-9d5e-1b51-7a31c600a5a5.active, button#3ad6f4c9-a7bf-9fc8-a1cd-f63683a1a946] @ https://cdn.utmify.com.br/scripts/pixel/pixel.js:0
[  892705ms] [LOG] buttons [button#73d12fe4-6281-1b5a-033a-4944aa0d1690, button#15ff392d-8fc8-a395-8b6e-c704cac45653, button#0b871e98-fdff-9d5e-1b51-7a31c600a5a5.active, button#3ad6f4c9-a7bf-9fc8-a1cd-f63683a1a946] @ https://cdn.utmify.com.br/scripts/pixel/pixel.js:0
[  894705ms] [LOG] buttons [button#73d12fe4-6281-1b5a-033a-4944aa0d1690, button#15ff392d-8fc8-a395-8b6e-c704cac45653, button#0b871e98-fdff-9d5e-1b51-7a31c600a5a5, button#3ad6f4c9-a7bf-9fc8-a1cd-f63683a1a946.active] @ https://cdn.utmify.com.br/scripts/pixel/pixel.js:0
[  896705ms] [LOG] buttons [button#73d12fe4-6281-1b5a-033a-4944aa0d1690.active, button#15ff392d-8fc8-a395-8b6e-c704cac45653, button#0b871e98-fdff-9d5e-1b51-7a31c600a5a5, button#3ad6f4c9-a7bf-9fc8-a1cd-f63683a1a946] @ https://cdn.utmify.com.br/scripts/pixel/pixel.js:0
[  898705ms] [LOG] buttons [button#73d12fe4-6281-1b5a-033a-4944aa0d1690.active, button#15ff392d-8fc8-a395-8b6e-c704cac45653, button#0b871e98-fdff-9d5e-1b51-7a31c600a5a5, button#3ad6f4c9-a7bf-9fc8-a1cd-f63683a1a946] @ https://cdn.utmify.com.br/scripts/pixel/pixel.js:0
[  900705ms] [LOG] buttons [button#73d12fe4-6281-1b5a-033a-4944aa0d1690, button#15ff392d-8fc8-a395-8b6e-c704cac45653.active, button#0b871e98-fdff-9d5e-1b51-7a31c600a5a5, button#3ad6f4c9-a7bf-9fc8-a1cd-f63683a1a946] @ https://cdn.utmify.com.br/scripts/pixel/pixel.js:0
[  902705ms] [LOG] buttons [button#73d12fe4-6281-1b5a-033a-4944aa0d1690, button#15ff392d-8fc8-a395-8b6e-c704cac45653, button#0b871e98-fdff-9d5e-1b51-7a31c600a5a5.active, button#3ad6f4c9-a7bf-9fc8-a1cd-f63683a1a946] @ https://cdn.utmify.com.br/scripts/pixel/pixel.js:0
[  904705ms] [LOG] buttons [button#73d12fe4-6281-1b5a-033a-4944aa0d1690, button#15ff392d-8fc8-a395-8b6e-c704cac45653, button#0b871e98-fdff-9d5e-1b51-7a31c600a5a5.active, button#3ad6f4c9-a7bf-9fc8-a1cd-f63683a1a946] @ https://cdn.utmify.com.br/scripts/pixel/pixel.js:0
[  906707ms] [LOG] buttons [button#73d12fe4-6281-1b5a-033a-4944aa0d1690, button#15ff392d-8fc8-a395-8b6e-c704cac45653, button#0b871e98-fdff-9d5e-1b51-7a31c600a5a5, button#3ad6f4c9-a7bf-9fc8-a1cd-f63683a1a946.active] @ https://cdn.utmify.com.br/scripts/pixel/pixel.js:0
[  908706ms] [LOG] buttons [button#73d12fe4-6281-1b5a-033a-4944aa0d1690, button#15ff392d-8fc8-a395-8b6e-c704cac45653, button#0b871e98-fdff-9d5e-1b51-7a31c600a5a5, button#3ad6f4c9-a7bf-9fc8-a1cd-f63683a1a946.active] @ https://cdn.utmify.com.br/scripts/pixel/pixel.js:0
[  910704ms] [LOG] buttons [button#73d12fe4-6281-1b5a-033a-4944aa0d1690.active, button#15ff392d-8fc8-a395-8b6e-c704cac45653, button#0b871e98-fdff-9d5e-1b51-7a31c600a5a5, button#3ad6f4c9-a7bf-9fc8-a1cd-f63683a1a946] @ https://cdn.utmify.com.br/scripts/pixel/pixel.js:0
[  912705ms] [LOG] buttons [button#73d12fe4-6281-1b5a-033a-4944aa0d1690, button#15ff392d-8fc8-a395-8b6e-c704cac45653.active, button#0b871e98-fdff-9d5e-1b51-7a31c600a5a5, button#3ad6f4c9-a7bf-9fc8-a1cd-f63683a1a946] @ https://cdn.utmify.com.br/scripts/pixel/pixel.js:0
[  914706ms] [LOG] buttons [button#73d12fe4-6281-1b5a-033a-4944aa0d1690, button#15ff392d-8fc8-a395-8b6e-c704cac45653.active, button#0b871e98-fdff-9d5e-1b51-7a31c600a5a5, button#3ad6f4c9-a7bf-9fc8-a1cd-f63683a1a946] @ https://cdn.utmify.com.br/scripts/pixel/pixel.js:0
[  916706ms] [LOG] buttons [button#73d12fe4-6281-1b5a-033a-4944aa0d1690, button#15ff392d-8fc8-a395-8b6e-c704cac45653, button#0b871e98-fdff-9d5e-1b51-7a31c600a5a5.active, button#3ad6f4c9-a7bf-9fc8-a1cd-f63683a1a946] @ https://cdn.utmify.com.br/scripts/pixel/pixel.js:0
[  918706ms] [LOG] buttons [button#73d12fe4-6281-1b5a-033a-4944aa0d1690, button#15ff392d-8fc8-a395-8b6e-c704cac45653, button#0b871e98-fdff-9d5e-1b51-7a31c600a5a5, button#3ad6f4c9-a7bf-9fc8-a1cd-f63683a1a946.active] @ https://cdn.utmify.com.br/scripts/pixel/pixel.js:0
[  920705ms] [LOG] buttons [button#73d12fe4-6281-1b5a-033a-4944aa0d1690, button#15ff392d-8fc8-a395-8b6e-c704cac45653, button#0b871e98-fdff-9d5e-1b51-7a31c600a5a5, button#3ad6f4c9-a7bf-9fc8-a1cd-f63683a1a946.active] @ https://cdn.utmify.com.br/scripts/pixel/pixel.js:0
[  922706ms] [LOG] buttons [button#73d12fe4-6281-1b5a-033a-4944aa0d1690.active, button#15ff392d-8fc8-a395-8b6e-c704cac45653, button#0b871e98-fdff-9d5e-1b51-7a31c600a5a5, button#3ad6f4c9-a7bf-9fc8-a1cd-f63683a1a946] @ https://cdn.utmify.com.br/scripts/pixel/pixel.js:0
[  924706ms] [LOG] buttons [button#73d12fe4-6281-1b5a-033a-4944aa0d1690.active, button#15ff392d-8fc8-a395-8b6e-c704cac45653, button#0b871e98-fdff-9d5e-1b51-7a31c600a5a5, button#3ad6f4c9-a7bf-9fc8-a1cd-f63683a1a946] @ https://cdn.utmify.com.br/scripts/pixel/pixel.js:0
[  926705ms] [LOG] buttons [button#73d12fe4-6281-1b5a-033a-4944aa0d1690, button#15ff392d-8fc8-a395-8b6e-c704cac45653.active, button#0b871e98-fdff-9d5e-1b51-7a31c600a5a5, button#3ad6f4c9-a7bf-9fc8-a1cd-f63683a1a946] @ https://cdn.utmify.com.br/scripts/pixel/pixel.js:0
[  928705ms] [LOG] buttons [button#73d12fe4-6281-1b5a-033a-4944aa0d1690, button#15ff392d-8fc8-a395-8b6e-c704cac45653, button#0b871e98-fdff-9d5e-1b51-7a31c600a5a5.active, button#3ad6f4c9-a7bf-9fc8-a1cd-f63683a1a946] @ https://cdn.utmify.com.br/scripts/pixel/pixel.js:0
[  930706ms] [LOG] buttons [button#73d12fe4-6281-1b5a-033a-4944aa0d1690, button#15ff392d-8fc8-a395-8b6e-c704cac45653, button#0b871e98-fdff-9d5e-1b51-7a31c600a5a5.active, button#3ad6f4c9-a7bf-9fc8-a1cd-f63683a1a946] @ https://cdn.utmify.com.br/scripts/pixel/pixel.js:0
[  932705ms] [LOG] buttons [button#73d12fe4-6281-1b5a-033a-4944aa0d1690, button#15ff392d-8fc8-a395-8b6e-c704cac45653, button#0b871e98-fdff-9d5e-1b51-7a31c600a5a5, button#3ad6f4c9-a7bf-9fc8-a1cd-f63683a1a946.active] @ https://cdn.utmify.com.br/scripts/pixel/pixel.js:0
[  934707ms] [LOG] buttons [button#73d12fe4-6281-1b5a-033a-4944aa0d1690.active, button#15ff392d-8fc8-a395-8b6e-c704cac45653, button#0b871e98-fdff-9d5e-1b51-7a31c600a5a5, button#3ad6f4c9-a7bf-9fc8-a1cd-f63683a1a946] @ https://cdn.utmify.com.br/scripts/pixel/pixel.js:0
[  936705ms] [LOG] buttons [button#73d12fe4-6281-1b5a-033a-4944aa0d1690.active, button#15ff392d-8fc8-a395-8b6e-c704cac45653, button#0b871e98-fdff-9d5e-1b51-7a31c600a5a5, button#3ad6f4c9-a7bf-9fc8-a1cd-f63683a1a946] @ https://cdn.utmify.com.br/scripts/pixel/pixel.js:0
[  938706ms] [LOG] buttons [button#73d12fe4-6281-1b5a-033a-4944aa0d1690, button#15ff392d-8fc8-a395-8b6e-c704cac45653.active, button#0b871e98-fdff-9d5e-1b51-7a31c600a5a5, button#3ad6f4c9-a7bf-9fc8-a1cd-f63683a1a946] @ https://cdn.utmify.com.br/scripts/pixel/pixel.js:0
[  940705ms] [LOG] buttons [button#73d12fe4-6281-1b5a-033a-4944aa0d1690, button#15ff392d-8fc8-a395-8b6e-c704cac45653.active, button#0b871e98-fdff-9d5e-1b51-7a31c600a5a5, button#3ad6f4c9-a7bf-9fc8-a1cd-f63683a1a946] @ https://cdn.utmify.com.br/scripts/pixel/pixel.js:0
[  942706ms] [LOG] buttons [button#73d12fe4-6281-1b5a-033a-4944aa0d1690, button#15ff392d-8fc8-a395-8b6e-c704cac45653, button#0b871e98-fdff-9d5e-1b51-7a31c600a5a5.active, button#3ad6f4c9-a7bf-9fc8-a1cd-f63683a1a946] @ https://cdn.utmify.com.br/scripts/pixel/pixel.js:0
[  944705ms] [LOG] buttons [button#73d12fe4-6281-1b5a-033a-4944aa0d1690, button#15ff392d-8fc8-a395-8b6e-c704cac45653, button#0b871e98-fdff-9d5e-1b51-7a31c600a5a5, button#3ad6f4c9-a7bf-9fc8-a1cd-f63683a1a946.active] @ https://cdn.utmify.com.br/scripts/pixel/pixel.js:0
[  946706ms] [LOG] buttons [button#73d12fe4-6281-1b5a-033a-4944aa0d1690, button#15ff392d-8fc8-a395-8b6e-c704cac45653, button#0b871e98-fdff-9d5e-1b51-7a31c600a5a5, button#3ad6f4c9-a7bf-9fc8-a1cd-f63683a1a946.active] @ https://cdn.utmify.com.br/scripts/pixel/pixel.js:0
[  948704ms] [LOG] buttons [button#73d12fe4-6281-1b5a-033a-4944aa0d1690.active, button#15ff392d-8fc8-a395-8b6e-c704cac45653, button#0b871e98-fdff-9d5e-1b51-7a31c600a5a5, button#3ad6f4c9-a7bf-9fc8-a1cd-f63683a1a946] @ https://cdn.utmify.com.br/scripts/pixel/pixel.js:0
[  950706ms] [LOG] buttons [button#73d12fe4-6281-1b5a-033a-4944aa0d1690, button#15ff392d-8fc8-a395-8b6e-c704cac45653.active, button#0b871e98-fdff-9d5e-1b51-7a31c600a5a5, button#3ad6f4c9-a7bf-9fc8-a1cd-f63683a1a946] @ https://cdn.utmify.com.br/scripts/pixel/pixel.js:0
[  952707ms] [LOG] buttons [button#73d12fe4-6281-1b5a-033a-4944aa0d1690, button#15ff392d-8fc8-a395-8b6e-c704cac45653.active, button#0b871e98-fdff-9d5e-1b51-7a31c600a5a5, button#3ad6f4c9-a7bf-9fc8-a1cd-f63683a1a946] @ https://cdn.utmify.com.br/scripts/pixel/pixel.js:0
[  954705ms] [LOG] buttons [button#73d12fe4-6281-1b5a-033a-4944aa0d1690, button#15ff392d-8fc8-a395-8b6e-c704cac45653, button#0b871e98-fdff-9d5e-1b51-7a31c600a5a5.active, button#3ad6f4c9-a7bf-9fc8-a1cd-f63683a1a946] @ https://cdn.utmify.com.br/scripts/pixel/pixel.js:0
[  956705ms] [LOG] buttons [button#73d12fe4-6281-1b5a-033a-4944aa0d1690, button#15ff392d-8fc8-a395-8b6e-c704cac45653, button#0b871e98-fdff-9d5e-1b51-7a31c600a5a5.active, button#3ad6f4c9-a7bf-9fc8-a1cd-f63683a1a946] @ https://cdn.utmify.com.br/scripts/pixel/pixel.js:0
[  958704ms] [LOG] buttons [button#73d12fe4-6281-1b5a-033a-4944aa0d1690, button#15ff392d-8fc8-a395-8b6e-c704cac45653, button#0b871e98-fdff-9d5e-1b51-7a31c600a5a5, button#3ad6f4c9-a7bf-9fc8-a1cd-f63683a1a946.active] @ https://cdn.utmify.com.br/scripts/pixel/pixel.js:0
[  960705ms] [LOG] buttons [button#73d12fe4-6281-1b5a-033a-4944aa0d1690.active, button#15ff392d-8fc8-a395-8b6e-c704cac45653, button#0b871e98-fdff-9d5e-1b51-7a31c600a5a5, button#3ad6f4c9-a7bf-9fc8-a1cd-f63683a1a946] @ https://cdn.utmify.com.br/scripts/pixel/pixel.js:0
[  962705ms] [LOG] buttons [button#73d12fe4-6281-1b5a-033a-4944aa0d1690.active, button#15ff392d-8fc8-a395-8b6e-c704cac45653, button#0b871e98-fdff-9d5e-1b51-7a31c600a5a5, button#3ad6f4c9-a7bf-9fc8-a1cd-f63683a1a946] @ https://cdn.utmify.com.br/scripts/pixel/pixel.js:0
[  964705ms] [LOG] buttons [button#73d12fe4-6281-1b5a-033a-4944aa0d1690, button#15ff392d-8fc8-a395-8b6e-c704cac45653.active, button#0b871e98-fdff-9d5e-1b51-7a31c600a5a5, button#3ad6f4c9-a7bf-9fc8-a1cd-f63683a1a946] @ https://cdn.utmify.com.br/scripts/pixel/pixel.js:0
[  966707ms] [LOG] buttons [button#73d12fe4-6281-1b5a-033a-4944aa0d1690, button#15ff392d-8fc8-a395-8b6e-c704cac45653, button#0b871e98-fdff-9d5e-1b51-7a31c600a5a5.active, button#3ad6f4c9-a7bf-9fc8-a1cd-f63683a1a946] @ https://cdn.utmify.com.br/scripts/pixel/pixel.js:0
[  968705ms] [LOG] buttons [button#73d12fe4-6281-1b5a-033a-4944aa0d1690, button#15ff392d-8fc8-a395-8b6e-c704cac45653, button#0b871e98-fdff-9d5e-1b51-7a31c600a5a5.active, button#3ad6f4c9-a7bf-9fc8-a1cd-f63683a1a946] @ https://cdn.utmify.com.br/scripts/pixel/pixel.js:0
[  970706ms] [LOG] buttons [button#73d12fe4-6281-1b5a-033a-4944aa0d1690, button#15ff392d-8fc8-a395-8b6e-c704cac45653, button#0b871e98-fdff-9d5e-1b51-7a31c600a5a5, button#3ad6f4c9-a7bf-9fc8-a1cd-f63683a1a946.active] @ https://cdn.utmify.com.br/scripts/pixel/pixel.js:0
[  972706ms] [LOG] buttons [button#73d12fe4-6281-1b5a-033a-4944aa0d1690, button#15ff392d-8fc8-a395-8b6e-c704cac45653, button#0b871e98-fdff-9d5e-1b51-7a31c600a5a5, button#3ad6f4c9-a7bf-9fc8-a1cd-f63683a1a946.active] @ https://cdn.utmify.com.br/scripts/pixel/pixel.js:0
[  974705ms] [LOG] buttons [button#73d12fe4-6281-1b5a-033a-4944aa0d1690.active, button#15ff392d-8fc8-a395-8b6e-c704cac45653, button#0b871e98-fdff-9d5e-1b51-7a31c600a5a5, button#3ad6f4c9-a7bf-9fc8-a1cd-f63683a1a946] @ https://cdn.utmify.com.br/scripts/pixel/pixel.js:0
[  976705ms] [LOG] buttons [button#73d12fe4-6281-1b5a-033a-4944aa0d1690, button#15ff392d-8fc8-a395-8b6e-c704cac45653.active, button#0b871e98-fdff-9d5e-1b51-7a31c600a5a5, button#3ad6f4c9-a7bf-9fc8-a1cd-f63683a1a946] @ https://cdn.utmify.com.br/scripts/pixel/pixel.js:0
[  978705ms] [LOG] buttons [button#73d12fe4-6281-1b5a-033a-4944aa0d1690, button#15ff392d-8fc8-a395-8b6e-c704cac45653.active, button#0b871e98-fdff-9d5e-1b51-7a31c600a5a5, button#3ad6f4c9-a7bf-9fc8-a1cd-f63683a1a946] @ https://cdn.utmify.com.br/scripts/pixel/pixel.js:0
[  980706ms] [LOG] buttons [button#73d12fe4-6281-1b5a-033a-4944aa0d1690, button#15ff392d-8fc8-a395-8b6e-c704cac45653, button#0b871e98-fdff-9d5e-1b51-7a31c600a5a5.active, button#3ad6f4c9-a7bf-9fc8-a1cd-f63683a1a946] @ https://cdn.utmify.com.br/scripts/pixel/pixel.js:0
[  982705ms] [LOG] buttons [button#73d12fe4-6281-1b5a-033a-4944aa0d1690, button#15ff392d-8fc8-a395-8b6e-c704cac45653, button#0b871e98-fdff-9d5e-1b51-7a31c600a5a5, button#3ad6f4c9-a7bf-9fc8-a1cd-f63683a1a946.active] @ https://cdn.utmify.com.br/scripts/pixel/pixel.js:0
[  984706ms] [LOG] buttons [button#73d12fe4-6281-1b5a-033a-4944aa0d1690, button#15ff392d-8fc8-a395-8b6e-c704cac45653, button#0b871e98-fdff-9d5e-1b51-7a31c600a5a5, button#3ad6f4c9-a7bf-9fc8-a1cd-f63683a1a946.active] @ https://cdn.utmify.com.br/scripts/pixel/pixel.js:0
[  986706ms] [LOG] buttons [button#73d12fe4-6281-1b5a-033a-4944aa0d1690.active, button#15ff392d-8fc8-a395-8b6e-c704cac45653, button#0b871e98-fdff-9d5e-1b51-7a31c600a5a5, button#3ad6f4c9-a7bf-9fc8-a1cd-f63683a1a946] @ https://cdn.utmify.com.br/scripts/pixel/pixel.js:0
[  988704ms] [LOG] buttons [button#73d12fe4-6281-1b5a-033a-4944aa0d1690.active, button#15ff392d-8fc8-a395-8b6e-c704cac45653, button#0b871e98-fdff-9d5e-1b51-7a31c600a5a5, button#3ad6f4c9-a7bf-9fc8-a1cd-f63683a1a946] @ https://cdn.utmify.com.br/scripts/pixel/pixel.js:0
[  990706ms] [LOG] buttons [button#73d12fe4-6281-1b5a-033a-4944aa0d1690, button#15ff392d-8fc8-a395-8b6e-c704cac45653.active, button#0b871e98-fdff-9d5e-1b51-7a31c600a5a5, button#3ad6f4c9-a7bf-9fc8-a1cd-f63683a1a946] @ https://cdn.utmify.com.br/scripts/pixel/pixel.js:0
[  992706ms] [LOG] buttons [button#73d12fe4-6281-1b5a-033a-4944aa0d1690, button#15ff392d-8fc8-a395-8b6e-c704cac45653, button#0b871e98-fdff-9d5e-1b51-7a31c600a5a5.active, button#3ad6f4c9-a7bf-9fc8-a1cd-f63683a1a946] @ https://cdn.utmify.com.br/scripts/pixel/pixel.js:0
[  994705ms] [LOG] buttons [button#73d12fe4-6281-1b5a-033a-4944aa0d1690, button#15ff392d-8fc8-a395-8b6e-c704cac45653, button#0b871e98-fdff-9d5e-1b51-7a31c600a5a5.active, button#3ad6f4c9-a7bf-9fc8-a1cd-f63683a1a946] @ https://cdn.utmify.com.br/scripts/pixel/pixel.js:0
[  996706ms] [LOG] buttons [button#73d12fe4-6281-1b5a-033a-4944aa0d1690, button#15ff392d-8fc8-a395-8b6e-c704cac45653, button#0b871e98-fdff-9d5e-1b51-7a31c600a5a5, button#3ad6f4c9-a7bf-9fc8-a1cd-f63683a1a946.active] @ https://cdn.utmify.com.br/scripts/pixel/pixel.js:0
[  998705ms] [LOG] buttons [button#73d12fe4-6281-1b5a-033a-4944aa0d1690.active, button#15ff392d-8fc8-a395-8b6e-c704cac45653, button#0b871e98-fdff-9d5e-1b51-7a31c600a5a5, button#3ad6f4c9-a7bf-9fc8-a1cd-f63683a1a946] @ https://cdn.utmify.com.br/scripts/pixel/pixel.js:0
[ 1000705ms] [LOG] buttons [button#73d12fe4-6281-1b5a-033a-4944aa0d1690.active, button#15ff392d-8fc8-a395-8b6e-c704cac45653, button#0b871e98-fdff-9d5e-1b51-7a31c600a5a5, button#3ad6f4c9-a7bf-9fc8-a1cd-f63683a1a946] @ https://cdn.utmify.com.br/scripts/pixel/pixel.js:0
[ 1002706ms] [LOG] buttons [button#73d12fe4-6281-1b5a-033a-4944aa0d1690, button#15ff392d-8fc8-a395-8b6e-c704cac45653.active, button#0b871e98-fdff-9d5e-1b51-7a31c600a5a5, button#3ad6f4c9-a7bf-9fc8-a1cd-f63683a1a946] @ https://cdn.utmify.com.br/scripts/pixel/pixel.js:0
[ 1004705ms] [LOG] buttons [button#73d12fe4-6281-1b5a-033a-4944aa0d1690, button#15ff392d-8fc8-a395-8b6e-c704cac45653.active, button#0b871e98-fdff-9d5e-1b51-7a31c600a5a5, button#3ad6f4c9-a7bf-9fc8-a1cd-f63683a1a946] @ https://cdn.utmify.com.br/scripts/pixel/pixel.js:0
[ 1006705ms] [LOG] buttons [button#73d12fe4-6281-1b5a-033a-4944aa0d1690, button#15ff392d-8fc8-a395-8b6e-c704cac45653, button#0b871e98-fdff-9d5e-1b51-7a31c600a5a5.active, button#3ad6f4c9-a7bf-9fc8-a1cd-f63683a1a946] @ https://cdn.utmify.com.br/scripts/pixel/pixel.js:0
[ 1008705ms] [LOG] buttons [button#73d12fe4-6281-1b5a-033a-4944aa0d1690, button#15ff392d-8fc8-a395-8b6e-c704cac45653, button#0b871e98-fdff-9d5e-1b51-7a31c600a5a5, button#3ad6f4c9-a7bf-9fc8-a1cd-f63683a1a946.active] @ https://cdn.utmify.com.br/scripts/pixel/pixel.js:0
[ 1010706ms] [LOG] buttons [button#73d12fe4-6281-1b5a-033a-4944aa0d1690, button#15ff392d-8fc8-a395-8b6e-c704cac45653, button#0b871e98-fdff-9d5e-1b51-7a31c600a5a5, button#3ad6f4c9-a7bf-9fc8-a1cd-f63683a1a946.active] @ https://cdn.utmify.com.br/scripts/pixel/pixel.js:0
[ 1012705ms] [LOG] buttons [button#73d12fe4-6281-1b5a-033a-4944aa0d1690.active, button#15ff392d-8fc8-a395-8b6e-c704cac45653, button#0b871e98-fdff-9d5e-1b51-7a31c600a5a5, button#3ad6f4c9-a7bf-9fc8-a1cd-f63683a1a946] @ https://cdn.utmify.com.br/scripts/pixel/pixel.js:0
[ 1014706ms] [LOG] buttons [button#73d12fe4-6281-1b5a-033a-4944aa0d1690, button#15ff392d-8fc8-a395-8b6e-c704cac45653.active, button#0b871e98-fdff-9d5e-1b51-7a31c600a5a5, button#3ad6f4c9-a7bf-9fc8-a1cd-f63683a1a946] @ https://cdn.utmify.com.br/scripts/pixel/pixel.js:0
[ 1016705ms] [LOG] buttons [button#73d12fe4-6281-1b5a-033a-4944aa0d1690, button#15ff392d-8fc8-a395-8b6e-c704cac45653.active, button#0b871e98-fdff-9d5e-1b51-7a31c600a5a5, button#3ad6f4c9-a7bf-9fc8-a1cd-f63683a1a946] @ https://cdn.utmify.com.br/scripts/pixel/pixel.js:0
[ 1018705ms] [LOG] buttons [button#73d12fe4-6281-1b5a-033a-4944aa0d1690, button#15ff392d-8fc8-a395-8b6e-c704cac45653, button#0b871e98-fdff-9d5e-1b51-7a31c600a5a5.active, button#3ad6f4c9-a7bf-9fc8-a1cd-f63683a1a946] @ https://cdn.utmify.com.br/scripts/pixel/pixel.js:0
[ 1020704ms] [LOG] buttons [button#73d12fe4-6281-1b5a-033a-4944aa0d1690, button#15ff392d-8fc8-a395-8b6e-c704cac45653, button#0b871e98-fdff-9d5e-1b51-7a31c600a5a5.active, button#3ad6f4c9-a7bf-9fc8-a1cd-f63683a1a946] @ https://cdn.utmify.com.br/scripts/pixel/pixel.js:0
[ 1022705ms] [LOG] buttons [button#73d12fe4-6281-1b5a-033a-4944aa0d1690, button#15ff392d-8fc8-a395-8b6e-c704cac45653, button#0b871e98-fdff-9d5e-1b51-7a31c600a5a5, button#3ad6f4c9-a7bf-9fc8-a1cd-f63683a1a946.active] @ https://cdn.utmify.com.br/scripts/pixel/pixel.js:0
[ 1024705ms] [LOG] buttons [button#73d12fe4-6281-1b5a-033a-4944aa0d1690.active, button#15ff392d-8fc8-a395-8b6e-c704cac45653, button#0b871e98-fdff-9d5e-1b51-7a31c600a5a5, button#3ad6f4c9-a7bf-9fc8-a1cd-f63683a1a946] @ https://cdn.utmify.com.br/scripts/pixel/pixel.js:0
[ 1026705ms] [LOG] buttons [button#73d12fe4-6281-1b5a-033a-4944aa0d1690.active, button#15ff392d-8fc8-a395-8b6e-c704cac45653, button#0b871e98-fdff-9d5e-1b51-7a31c600a5a5, button#3ad6f4c9-a7bf-9fc8-a1cd-f63683a1a946] @ https://cdn.utmify.com.br/scripts/pixel/pixel.js:0
[ 1028706ms] [LOG] buttons [button#73d12fe4-6281-1b5a-033a-4944aa0d1690, button#15ff392d-8fc8-a395-8b6e-c704cac45653.active, button#0b871e98-fdff-9d5e-1b51-7a31c600a5a5, button#3ad6f4c9-a7bf-9fc8-a1cd-f63683a1a946] @ https://cdn.utmify.com.br/scripts/pixel/pixel.js:0
[ 1030706ms] [LOG] buttons [button#73d12fe4-6281-1b5a-033a-4944aa0d1690, button#15ff392d-8fc8-a395-8b6e-c704cac45653, button#0b871e98-fdff-9d5e-1b51-7a31c600a5a5.active, button#3ad6f4c9-a7bf-9fc8-a1cd-f63683a1a946] @ https://cdn.utmify.com.br/scripts/pixel/pixel.js:0
[ 1032705ms] [LOG] buttons [button#73d12fe4-6281-1b5a-033a-4944aa0d1690, button#15ff392d-8fc8-a395-8b6e-c704cac45653, button#0b871e98-fdff-9d5e-1b51-7a31c600a5a5.active, button#3ad6f4c9-a7bf-9fc8-a1cd-f63683a1a946] @ https://cdn.utmify.com.br/scripts/pixel/pixel.js:0
[ 1034705ms] [LOG] buttons [button#73d12fe4-6281-1b5a-033a-4944aa0d1690, button#15ff392d-8fc8-a395-8b6e-c704cac45653, button#0b871e98-fdff-9d5e-1b51-7a31c600a5a5, button#3ad6f4c9-a7bf-9fc8-a1cd-f63683a1a946.active] @ https://cdn.utmify.com.br/scripts/pixel/pixel.js:0
[ 1036707ms] [LOG] buttons [button#73d12fe4-6281-1b5a-033a-4944aa0d1690, button#15ff392d-8fc8-a395-8b6e-c704cac45653, button#0b871e98-fdff-9d5e-1b51-7a31c600a5a5, button#3ad6f4c9-a7bf-9fc8-a1cd-f63683a1a946.active] @ https://cdn.utmify.com.br/scripts/pixel/pixel.js:0
[ 1038705ms] [LOG] buttons [button#73d12fe4-6281-1b5a-033a-4944aa0d1690.active, button#15ff392d-8fc8-a395-8b6e-c704cac45653, button#0b871e98-fdff-9d5e-1b51-7a31c600a5a5, button#3ad6f4c9-a7bf-9fc8-a1cd-f63683a1a946] @ https://cdn.utmify.com.br/scripts/pixel/pixel.js:0
[ 1040706ms] [LOG] buttons [button#73d12fe4-6281-1b5a-033a-4944aa0d1690, button#15ff392d-8fc8-a395-8b6e-c704cac45653.active, button#0b871e98-fdff-9d5e-1b51-7a31c600a5a5, button#3ad6f4c9-a7bf-9fc8-a1cd-f63683a1a946] @ https://cdn.utmify.com.br/scripts/pixel/pixel.js:0
[ 1042705ms] [LOG] buttons [button#73d12fe4-6281-1b5a-033a-4944aa0d1690, button#15ff392d-8fc8-a395-8b6e-c704cac45653.active, button#0b871e98-fdff-9d5e-1b51-7a31c600a5a5, button#3ad6f4c9-a7bf-9fc8-a1cd-f63683a1a946] @ https://cdn.utmify.com.br/scripts/pixel/pixel.js:0
[ 1044706ms] [LOG] buttons [button#73d12fe4-6281-1b5a-033a-4944aa0d1690, button#15ff392d-8fc8-a395-8b6e-c704cac45653, button#0b871e98-fdff-9d5e-1b51-7a31c600a5a5.active, button#3ad6f4c9-a7bf-9fc8-a1cd-f63683a1a946] @ https://cdn.utmify.com.br/scripts/pixel/pixel.js:0
[ 1046706ms] [LOG] buttons [button#73d12fe4-6281-1b5a-033a-4944aa0d1690, button#15ff392d-8fc8-a395-8b6e-c704cac45653, button#0b871e98-fdff-9d5e-1b51-7a31c600a5a5, button#3ad6f4c9-a7bf-9fc8-a1cd-f63683a1a946.active] @ https://cdn.utmify.com.br/scripts/pixel/pixel.js:0
[ 1048704ms] [LOG] buttons [button#73d12fe4-6281-1b5a-033a-4944aa0d1690, button#15ff392d-8fc8-a395-8b6e-c704cac45653, button#0b871e98-fdff-9d5e-1b51-7a31c600a5a5, button#3ad6f4c9-a7bf-9fc8-a1cd-f63683a1a946.active] @ https://cdn.utmify.com.br/scripts/pixel/pixel.js:0
[ 1050705ms] [LOG] buttons [button#73d12fe4-6281-1b5a-033a-4944aa0d1690.active, button#15ff392d-8fc8-a395-8b6e-c704cac45653, button#0b871e98-fdff-9d5e-1b51-7a31c600a5a5, button#3ad6f4c9-a7bf-9fc8-a1cd-f63683a1a946] @ https://cdn.utmify.com.br/scripts/pixel/pixel.js:0
[ 1052706ms] [LOG] buttons [button#73d12fe4-6281-1b5a-033a-4944aa0d1690.active, button#15ff392d-8fc8-a395-8b6e-c704cac45653, button#0b871e98-fdff-9d5e-1b51-7a31c600a5a5, button#3ad6f4c9-a7bf-9fc8-a1cd-f63683a1a946] @ https://cdn.utmify.com.br/scripts/pixel/pixel.js:0
[ 1054704ms] [LOG] buttons [button#73d12fe4-6281-1b5a-033a-4944aa0d1690, button#15ff392d-8fc8-a395-8b6e-c704cac45653.active, button#0b871e98-fdff-9d5e-1b51-7a31c600a5a5, button#3ad6f4c9-a7bf-9fc8-a1cd-f63683a1a946] @ https://cdn.utmify.com.br/scripts/pixel/pixel.js:0
[ 1056706ms] [LOG] buttons [button#73d12fe4-6281-1b5a-033a-4944aa0d1690, button#15ff392d-8fc8-a395-8b6e-c704cac45653, button#0b871e98-fdff-9d5e-1b51-7a31c600a5a5.active, button#3ad6f4c9-a7bf-9fc8-a1cd-f63683a1a946] @ https://cdn.utmify.com.br/scripts/pixel/pixel.js:0
[ 1058706ms] [LOG] buttons [button#73d12fe4-6281-1b5a-033a-4944aa0d1690, button#15ff392d-8fc8-a395-8b6e-c704cac45653, button#0b871e98-fdff-9d5e-1b51-7a31c600a5a5.active, button#3ad6f4c9-a7bf-9fc8-a1cd-f63683a1a946] @ https://cdn.utmify.com.br/scripts/pixel/pixel.js:0
[ 1060706ms] [LOG] buttons [button#73d12fe4-6281-1b5a-033a-4944aa0d1690, button#15ff392d-8fc8-a395-8b6e-c704cac45653, button#0b871e98-fdff-9d5e-1b51-7a31c600a5a5, button#3ad6f4c9-a7bf-9fc8-a1cd-f63683a1a946.active] @ https://cdn.utmify.com.br/scripts/pixel/pixel.js:0
[ 1062707ms] [LOG] buttons [button#73d12fe4-6281-1b5a-033a-4944aa0d1690.active, button#15ff392d-8fc8-a395-8b6e-c704cac45653, button#0b871e98-fdff-9d5e-1b51-7a31c600a5a5, button#3ad6f4c9-a7bf-9fc8-a1cd-f63683a1a946] @ https://cdn.utmify.com.br/scripts/pixel/pixel.js:0
[ 1064706ms] [LOG] buttons [button#73d12fe4-6281-1b5a-033a-4944aa0d1690.active, button#15ff392d-8fc8-a395-8b6e-c704cac45653, button#0b871e98-fdff-9d5e-1b51-7a31c600a5a5, button#3ad6f4c9-a7bf-9fc8-a1cd-f63683a1a946] @ https://cdn.utmify.com.br/scripts/pixel/pixel.js:0
[ 1066706ms] [LOG] buttons [button#73d12fe4-6281-1b5a-033a-4944aa0d1690, button#15ff392d-8fc8-a395-8b6e-c704cac45653.active, button#0b871e98-fdff-9d5e-1b51-7a31c600a5a5, button#3ad6f4c9-a7bf-9fc8-a1cd-f63683a1a946] @ https://cdn.utmify.com.br/scripts/pixel/pixel.js:0
[ 1068705ms] [LOG] buttons [button#73d12fe4-6281-1b5a-033a-4944aa0d1690, button#15ff392d-8fc8-a395-8b6e-c704cac45653.active, button#0b871e98-fdff-9d5e-1b51-7a31c600a5a5, button#3ad6f4c9-a7bf-9fc8-a1cd-f63683a1a946] @ https://cdn.utmify.com.br/scripts/pixel/pixel.js:0
[ 1070706ms] [LOG] buttons [button#73d12fe4-6281-1b5a-033a-4944aa0d1690, button#15ff392d-8fc8-a395-8b6e-c704cac45653, button#0b871e98-fdff-9d5e-1b51-7a31c600a5a5.active, button#3ad6f4c9-a7bf-9fc8-a1cd-f63683a1a946] @ https://cdn.utmify.com.br/scripts/pixel/pixel.js:0
[ 1072705ms] [LOG] buttons [button#73d12fe4-6281-1b5a-033a-4944aa0d1690, button#15ff392d-8fc8-a395-8b6e-c704cac45653, button#0b871e98-fdff-9d5e-1b51-7a31c600a5a5, button#3ad6f4c9-a7bf-9fc8-a1cd-f63683a1a946.active] @ https://cdn.utmify.com.br/scripts/pixel/pixel.js:0
[ 1074705ms] [LOG] buttons [button#73d12fe4-6281-1b5a-033a-4944aa0d1690, button#15ff392d-8fc8-a395-8b6e-c704cac45653, button#0b871e98-fdff-9d5e-1b51-7a31c600a5a5, button#3ad6f4c9-a7bf-9fc8-a1cd-f63683a1a946.active] @ https://cdn.utmify.com.br/scripts/pixel/pixel.js:0
[ 1076706ms] [LOG] buttons [button#73d12fe4-6281-1b5a-033a-4944aa0d1690.active, button#15ff392d-8fc8-a395-8b6e-c704cac45653, button#0b871e98-fdff-9d5e-1b51-7a31c600a5a5, button#3ad6f4c9-a7bf-9fc8-a1cd-f63683a1a946] @ https://cdn.utmify.com.br/scripts/pixel/pixel.js:0
[ 1078706ms] [LOG] buttons [button#73d12fe4-6281-1b5a-033a-4944aa0d1690, button#15ff392d-8fc8-a395-8b6e-c704cac45653.active, button#0b871e98-fdff-9d5e-1b51-7a31c600a5a5, button#3ad6f4c9-a7bf-9fc8-a1cd-f63683a1a946] @ https://cdn.utmify.com.br/scripts/pixel/pixel.js:0
[ 1080706ms] [LOG] buttons [button#73d12fe4-6281-1b5a-033a-4944aa0d1690, button#15ff392d-8fc8-a395-8b6e-c704cac45653.active, button#0b871e98-fdff-9d5e-1b51-7a31c600a5a5, button#3ad6f4c9-a7bf-9fc8-a1cd-f63683a1a946] @ https://cdn.utmify.com.br/scripts/pixel/pixel.js:0
[ 1082707ms] [LOG] buttons [button#73d12fe4-6281-1b5a-033a-4944aa0d1690, button#15ff392d-8fc8-a395-8b6e-c704cac45653, button#0b871e98-fdff-9d5e-1b51-7a31c600a5a5.active, button#3ad6f4c9-a7bf-9fc8-a1cd-f63683a1a946] @ https://cdn.utmify.com.br/scripts/pixel/pixel.js:0
[ 1084706ms] [LOG] buttons [button#73d12fe4-6281-1b5a-033a-4944aa0d1690, button#15ff392d-8fc8-a395-8b6e-c704cac45653, button#0b871e98-fdff-9d5e-1b51-7a31c600a5a5.active, button#3ad6f4c9-a7bf-9fc8-a1cd-f63683a1a946] @ https://cdn.utmify.com.br/scripts/pixel/pixel.js:0
[ 1086706ms] [LOG] buttons [button#73d12fe4-6281-1b5a-033a-4944aa0d1690, button#15ff392d-8fc8-a395-8b6e-c704cac45653, button#0b871e98-fdff-9d5e-1b51-7a31c600a5a5, button#3ad6f4c9-a7bf-9fc8-a1cd-f63683a1a946.active] @ https://cdn.utmify.com.br/scripts/pixel/pixel.js:0
[ 1088705ms] [LOG] buttons [button#73d12fe4-6281-1b5a-033a-4944aa0d1690.active, button#15ff392d-8fc8-a395-8b6e-c704cac45653, button#0b871e98-fdff-9d5e-1b51-7a31c600a5a5, button#3ad6f4c9-a7bf-9fc8-a1cd-f63683a1a946] @ https://cdn.utmify.com.br/scripts/pixel/pixel.js:0
[ 1090705ms] [LOG] buttons [button#73d12fe4-6281-1b5a-033a-4944aa0d1690.active, button#15ff392d-8fc8-a395-8b6e-c704cac45653, button#0b871e98-fdff-9d5e-1b51-7a31c600a5a5, button#3ad6f4c9-a7bf-9fc8-a1cd-f63683a1a946] @ https://cdn.utmify.com.br/scripts/pixel/pixel.js:0
[ 1092706ms] [LOG] buttons [button#73d12fe4-6281-1b5a-033a-4944aa0d1690, button#15ff392d-8fc8-a395-8b6e-c704cac45653.active, button#0b871e98-fdff-9d5e-1b51-7a31c600a5a5, button#3ad6f4c9-a7bf-9fc8-a1cd-f63683a1a946] @ https://cdn.utmify.com.br/scripts/pixel/pixel.js:0
[ 1094706ms] [LOG] buttons [button#73d12fe4-6281-1b5a-033a-4944aa0d1690, button#15ff392d-8fc8-a395-8b6e-c704cac45653, button#0b871e98-fdff-9d5e-1b51-7a31c600a5a5.active, button#3ad6f4c9-a7bf-9fc8-a1cd-f63683a1a946] @ https://cdn.utmify.com.br/scripts/pixel/pixel.js:0
[ 1096705ms] [LOG] buttons [button#73d12fe4-6281-1b5a-033a-4944aa0d1690, button#15ff392d-8fc8-a395-8b6e-c704cac45653, button#0b871e98-fdff-9d5e-1b51-7a31c600a5a5.active, button#3ad6f4c9-a7bf-9fc8-a1cd-f63683a1a946] @ https://cdn.utmify.com.br/scripts/pixel/pixel.js:0
[ 1098706ms] [LOG] buttons [button#73d12fe4-6281-1b5a-033a-4944aa0d1690, button#15ff392d-8fc8-a395-8b6e-c704cac45653, button#0b871e98-fdff-9d5e-1b51-7a31c600a5a5, button#3ad6f4c9-a7bf-9fc8-a1cd-f63683a1a946.active] @ https://cdn.utmify.com.br/scripts/pixel/pixel.js:0
[ 1100705ms] [LOG] buttons [button#73d12fe4-6281-1b5a-033a-4944aa0d1690, button#15ff392d-8fc8-a395-8b6e-c704cac45653, button#0b871e98-fdff-9d5e-1b51-7a31c600a5a5, button#3ad6f4c9-a7bf-9fc8-a1cd-f63683a1a946.active] @ https://cdn.utmify.com.br/scripts/pixel/pixel.js:0
[ 1102706ms] [LOG] buttons [button#73d12fe4-6281-1b5a-033a-4944aa0d1690.active, button#15ff392d-8fc8-a395-8b6e-c704cac45653, button#0b871e98-fdff-9d5e-1b51-7a31c600a5a5, button#3ad6f4c9-a7bf-9fc8-a1cd-f63683a1a946] @ https://cdn.utmify.com.br/scripts/pixel/pixel.js:0
[ 1104706ms] [LOG] buttons [button#73d12fe4-6281-1b5a-033a-4944aa0d1690, button#15ff392d-8fc8-a395-8b6e-c704cac45653.active, button#0b871e98-fdff-9d5e-1b51-7a31c600a5a5, button#3ad6f4c9-a7bf-9fc8-a1cd-f63683a1a946] @ https://cdn.utmify.com.br/scripts/pixel/pixel.js:0
[ 1106706ms] [LOG] buttons [button#73d12fe4-6281-1b5a-033a-4944aa0d1690, button#15ff392d-8fc8-a395-8b6e-c704cac45653.active, button#0b871e98-fdff-9d5e-1b51-7a31c600a5a5, button#3ad6f4c9-a7bf-9fc8-a1cd-f63683a1a946] @ https://cdn.utmify.com.br/scripts/pixel/pixel.js:0
[ 1108705ms] [LOG] buttons [button#73d12fe4-6281-1b5a-033a-4944aa0d1690, button#15ff392d-8fc8-a395-8b6e-c704cac45653, button#0b871e98-fdff-9d5e-1b51-7a31c600a5a5.active, button#3ad6f4c9-a7bf-9fc8-a1cd-f63683a1a946] @ https://cdn.utmify.com.br/scripts/pixel/pixel.js:0
[ 1110707ms] [LOG] buttons [button#73d12fe4-6281-1b5a-033a-4944aa0d1690, button#15ff392d-8fc8-a395-8b6e-c704cac45653, button#0b871e98-fdff-9d5e-1b51-7a31c600a5a5, button#3ad6f4c9-a7bf-9fc8-a1cd-f63683a1a946.active] @ https://cdn.utmify.com.br/scripts/pixel/pixel.js:0
[ 1112705ms] [LOG] buttons [button#73d12fe4-6281-1b5a-033a-4944aa0d1690, button#15ff392d-8fc8-a395-8b6e-c704cac45653, button#0b871e98-fdff-9d5e-1b51-7a31c600a5a5, button#3ad6f4c9-a7bf-9fc8-a1cd-f63683a1a946.active] @ https://cdn.utmify.com.br/scripts/pixel/pixel.js:0
[ 1114705ms] [LOG] buttons [button#73d12fe4-6281-1b5a-033a-4944aa0d1690.active, button#15ff392d-8fc8-a395-8b6e-c704cac45653, button#0b871e98-fdff-9d5e-1b51-7a31c600a5a5, button#3ad6f4c9-a7bf-9fc8-a1cd-f63683a1a946] @ https://cdn.utmify.com.br/scripts/pixel/pixel.js:0
[ 1116705ms] [LOG] buttons [button#73d12fe4-6281-1b5a-033a-4944aa0d1690.active, button#15ff392d-8fc8-a395-8b6e-c704cac45653, button#0b871e98-fdff-9d5e-1b51-7a31c600a5a5, button#3ad6f4c9-a7bf-9fc8-a1cd-f63683a1a946] @ https://cdn.utmify.com.br/scripts/pixel/pixel.js:0
[ 1118706ms] [LOG] buttons [button#73d12fe4-6281-1b5a-033a-4944aa0d1690, button#15ff392d-8fc8-a395-8b6e-c704cac45653.active, button#0b871e98-fdff-9d5e-1b51-7a31c600a5a5, button#3ad6f4c9-a7bf-9fc8-a1cd-f63683a1a946] @ https://cdn.utmify.com.br/scripts/pixel/pixel.js:0
[ 1120707ms] [LOG] buttons [button#73d12fe4-6281-1b5a-033a-4944aa0d1690, button#15ff392d-8fc8-a395-8b6e-c704cac45653, button#0b871e98-fdff-9d5e-1b51-7a31c600a5a5.active, button#3ad6f4c9-a7bf-9fc8-a1cd-f63683a1a946] @ https://cdn.utmify.com.br/scripts/pixel/pixel.js:0
[ 1122706ms] [LOG] buttons [button#73d12fe4-6281-1b5a-033a-4944aa0d1690, button#15ff392d-8fc8-a395-8b6e-c704cac45653, button#0b871e98-fdff-9d5e-1b51-7a31c600a5a5.active, button#3ad6f4c9-a7bf-9fc8-a1cd-f63683a1a946] @ https://cdn.utmify.com.br/scripts/pixel/pixel.js:0
[ 1124705ms] [LOG] buttons [button#73d12fe4-6281-1b5a-033a-4944aa0d1690, button#15ff392d-8fc8-a395-8b6e-c704cac45653, button#0b871e98-fdff-9d5e-1b51-7a31c600a5a5, button#3ad6f4c9-a7bf-9fc8-a1cd-f63683a1a946.active] @ https://cdn.utmify.com.br/scripts/pixel/pixel.js:0
[ 1126705ms] [LOG] buttons [button#73d12fe4-6281-1b5a-033a-4944aa0d1690.active, button#15ff392d-8fc8-a395-8b6e-c704cac45653, button#0b871e98-fdff-9d5e-1b51-7a31c600a5a5, button#3ad6f4c9-a7bf-9fc8-a1cd-f63683a1a946] @ https://cdn.utmify.com.br/scripts/pixel/pixel.js:0
[ 1128705ms] [LOG] buttons [button#73d12fe4-6281-1b5a-033a-4944aa0d1690.active, button#15ff392d-8fc8-a395-8b6e-c704cac45653, button#0b871e98-fdff-9d5e-1b51-7a31c600a5a5, button#3ad6f4c9-a7bf-9fc8-a1cd-f63683a1a946] @ https://cdn.utmify.com.br/scripts/pixel/pixel.js:0
[ 1130705ms] [LOG] buttons [button#73d12fe4-6281-1b5a-033a-4944aa0d1690, button#15ff392d-8fc8-a395-8b6e-c704cac45653.active, button#0b871e98-fdff-9d5e-1b51-7a31c600a5a5, button#3ad6f4c9-a7bf-9fc8-a1cd-f63683a1a946] @ https://cdn.utmify.com.br/scripts/pixel/pixel.js:0
[ 1132706ms] [LOG] buttons [button#73d12fe4-6281-1b5a-033a-4944aa0d1690, button#15ff392d-8fc8-a395-8b6e-c704cac45653.active, button#0b871e98-fdff-9d5e-1b51-7a31c600a5a5, button#3ad6f4c9-a7bf-9fc8-a1cd-f63683a1a946] @ https://cdn.utmify.com.br/scripts/pixel/pixel.js:0
[ 1134706ms] [LOG] buttons [button#73d12fe4-6281-1b5a-033a-4944aa0d1690, button#15ff392d-8fc8-a395-8b6e-c704cac45653, button#0b871e98-fdff-9d5e-1b51-7a31c600a5a5.active, button#3ad6f4c9-a7bf-9fc8-a1cd-f63683a1a946] @ https://cdn.utmify.com.br/scripts/pixel/pixel.js:0
[ 1136707ms] [LOG] buttons [button#73d12fe4-6281-1b5a-033a-4944aa0d1690, button#15ff392d-8fc8-a395-8b6e-c704cac45653, button#0b871e98-fdff-9d5e-1b51-7a31c600a5a5, button#3ad6f4c9-a7bf-9fc8-a1cd-f63683a1a946.active] @ https://cdn.utmify.com.br/scripts/pixel/pixel.js:0
[ 1138705ms] [LOG] buttons [button#73d12fe4-6281-1b5a-033a-4944aa0d1690, button#15ff392d-8fc8-a395-8b6e-c704cac45653, button#0b871e98-fdff-9d5e-1b51-7a31c600a5a5, button#3ad6f4c9-a7bf-9fc8-a1cd-f63683a1a946.active] @ https://cdn.utmify.com.br/scripts/pixel/pixel.js:0
[ 1140705ms] [LOG] buttons [button#73d12fe4-6281-1b5a-033a-4944aa0d1690.active, button#15ff392d-8fc8-a395-8b6e-c704cac45653, button#0b871e98-fdff-9d5e-1b51-7a31c600a5a5, button#3ad6f4c9-a7bf-9fc8-a1cd-f63683a1a946] @ https://cdn.utmify.com.br/scripts/pixel/pixel.js:0
[ 1142706ms] [LOG] buttons [button#73d12fe4-6281-1b5a-033a-4944aa0d1690, button#15ff392d-8fc8-a395-8b6e-c704cac45653.active, button#0b871e98-fdff-9d5e-1b51-7a31c600a5a5, button#3ad6f4c9-a7bf-9fc8-a1cd-f63683a1a946] @ https://cdn.utmify.com.br/scripts/pixel/pixel.js:0
[ 1144706ms] [LOG] buttons [button#73d12fe4-6281-1b5a-033a-4944aa0d1690, button#15ff392d-8fc8-a395-8b6e-c704cac45653.active, button#0b871e98-fdff-9d5e-1b51-7a31c600a5a5, button#3ad6f4c9-a7bf-9fc8-a1cd-f63683a1a946] @ https://cdn.utmify.com.br/scripts/pixel/pixel.js:0
[ 1146706ms] [LOG] buttons [button#73d12fe4-6281-1b5a-033a-4944aa0d1690, button#15ff392d-8fc8-a395-8b6e-c704cac45653, button#0b871e98-fdff-9d5e-1b51-7a31c600a5a5.active, button#3ad6f4c9-a7bf-9fc8-a1cd-f63683a1a946] @ https://cdn.utmify.com.br/scripts/pixel/pixel.js:0
[ 1148706ms] [LOG] buttons [button#73d12fe4-6281-1b5a-033a-4944aa0d1690, button#15ff392d-8fc8-a395-8b6e-c704cac45653, button#0b871e98-fdff-9d5e-1b51-7a31c600a5a5.active, button#3ad6f4c9-a7bf-9fc8-a1cd-f63683a1a946] @ https://cdn.utmify.com.br/scripts/pixel/pixel.js:0
[ 1150705ms] [LOG] buttons [button#73d12fe4-6281-1b5a-033a-4944aa0d1690, button#15ff392d-8fc8-a395-8b6e-c704cac45653, button#0b871e98-fdff-9d5e-1b51-7a31c600a5a5, button#3ad6f4c9-a7bf-9fc8-a1cd-f63683a1a946.active] @ https://cdn.utmify.com.br/scripts/pixel/pixel.js:0
[ 1152706ms] [LOG] buttons [button#73d12fe4-6281-1b5a-033a-4944aa0d1690.active, button#15ff392d-8fc8-a395-8b6e-c704cac45653, button#0b871e98-fdff-9d5e-1b51-7a31c600a5a5, button#3ad6f4c9-a7bf-9fc8-a1cd-f63683a1a946] @ https://cdn.utmify.com.br/scripts/pixel/pixel.js:0
[ 1154705ms] [LOG] buttons [button#73d12fe4-6281-1b5a-033a-4944aa0d1690.active, button#15ff392d-8fc8-a395-8b6e-c704cac45653, button#0b871e98-fdff-9d5e-1b51-7a31c600a5a5, button#3ad6f4c9-a7bf-9fc8-a1cd-f63683a1a946] @ https://cdn.utmify.com.br/scripts/pixel/pixel.js:0
[ 1156705ms] [LOG] buttons [button#73d12fe4-6281-1b5a-033a-4944aa0d1690, button#15ff392d-8fc8-a395-8b6e-c704cac45653.active, button#0b871e98-fdff-9d5e-1b51-7a31c600a5a5, button#3ad6f4c9-a7bf-9fc8-a1cd-f63683a1a946] @ https://cdn.utmify.com.br/scripts/pixel/pixel.js:0
[ 1158708ms] [LOG] buttons [button#73d12fe4-6281-1b5a-033a-4944aa0d1690, button#15ff392d-8fc8-a395-8b6e-c704cac45653, button#0b871e98-fdff-9d5e-1b51-7a31c600a5a5.active, button#3ad6f4c9-a7bf-9fc8-a1cd-f63683a1a946] @ https://cdn.utmify.com.br/scripts/pixel/pixel.js:0
[ 1160706ms] [LOG] buttons [button#73d12fe4-6281-1b5a-033a-4944aa0d1690, button#15ff392d-8fc8-a395-8b6e-c704cac45653, button#0b871e98-fdff-9d5e-1b51-7a31c600a5a5.active, button#3ad6f4c9-a7bf-9fc8-a1cd-f63683a1a946] @ https://cdn.utmify.com.br/scripts/pixel/pixel.js:0
[ 1162705ms] [LOG] buttons [button#73d12fe4-6281-1b5a-033a-4944aa0d1690, button#15ff392d-8fc8-a395-8b6e-c704cac45653, button#0b871e98-fdff-9d5e-1b51-7a31c600a5a5, button#3ad6f4c9-a7bf-9fc8-a1cd-f63683a1a946.active] @ https://cdn.utmify.com.br/scripts/pixel/pixel.js:0
[ 1164705ms] [LOG] buttons [button#73d12fe4-6281-1b5a-033a-4944aa0d1690, button#15ff392d-8fc8-a395-8b6e-c704cac45653, button#0b871e98-fdff-9d5e-1b51-7a31c600a5a5, button#3ad6f4c9-a7bf-9fc8-a1cd-f63683a1a946.active] @ https://cdn.utmify.com.br/scripts/pixel/pixel.js:0
[ 1166705ms] [LOG] buttons [button#73d12fe4-6281-1b5a-033a-4944aa0d1690.active, button#15ff392d-8fc8-a395-8b6e-c704cac45653, button#0b871e98-fdff-9d5e-1b51-7a31c600a5a5, button#3ad6f4c9-a7bf-9fc8-a1cd-f63683a1a946] @ https://cdn.utmify.com.br/scripts/pixel/pixel.js:0
[ 1168705ms] [LOG] buttons [button#73d12fe4-6281-1b5a-033a-4944aa0d1690, button#15ff392d-8fc8-a395-8b6e-c704cac45653.active, button#0b871e98-fdff-9d5e-1b51-7a31c600a5a5, button#3ad6f4c9-a7bf-9fc8-a1cd-f63683a1a946] @ https://cdn.utmify.com.br/scripts/pixel/pixel.js:0
[ 1170705ms] [LOG] buttons [button#73d12fe4-6281-1b5a-033a-4944aa0d1690, button#15ff392d-8fc8-a395-8b6e-c704cac45653.active, button#0b871e98-fdff-9d5e-1b51-7a31c600a5a5, button#3ad6f4c9-a7bf-9fc8-a1cd-f63683a1a946] @ https://cdn.utmify.com.br/scripts/pixel/pixel.js:0
[ 1172705ms] [LOG] buttons [button#73d12fe4-6281-1b5a-033a-4944aa0d1690, button#15ff392d-8fc8-a395-8b6e-c704cac45653, button#0b871e98-fdff-9d5e-1b51-7a31c600a5a5.active, button#3ad6f4c9-a7bf-9fc8-a1cd-f63683a1a946] @ https://cdn.utmify.com.br/scripts/pixel/pixel.js:0
[ 1174707ms] [LOG] buttons [button#73d12fe4-6281-1b5a-033a-4944aa0d1690, button#15ff392d-8fc8-a395-8b6e-c704cac45653, button#0b871e98-fdff-9d5e-1b51-7a31c600a5a5, button#3ad6f4c9-a7bf-9fc8-a1cd-f63683a1a946.active] @ https://cdn.utmify.com.br/scripts/pixel/pixel.js:0
[ 1176705ms] [LOG] buttons [button#73d12fe4-6281-1b5a-033a-4944aa0d1690, button#15ff392d-8fc8-a395-8b6e-c704cac45653, button#0b871e98-fdff-9d5e-1b51-7a31c600a5a5, button#3ad6f4c9-a7bf-9fc8-a1cd-f63683a1a946.active] @ https://cdn.utmify.com.br/scripts/pixel/pixel.js:0
[ 1178705ms] [LOG] buttons [button#73d12fe4-6281-1b5a-033a-4944aa0d1690.active, button#15ff392d-8fc8-a395-8b6e-c704cac45653, button#0b871e98-fdff-9d5e-1b51-7a31c600a5a5, button#3ad6f4c9-a7bf-9fc8-a1cd-f63683a1a946] @ https://cdn.utmify.com.br/scripts/pixel/pixel.js:0
[ 1180706ms] [LOG] buttons [button#73d12fe4-6281-1b5a-033a-4944aa0d1690.active, button#15ff392d-8fc8-a395-8b6e-c704cac45653, button#0b871e98-fdff-9d5e-1b51-7a31c600a5a5, button#3ad6f4c9-a7bf-9fc8-a1cd-f63683a1a946] @ https://cdn.utmify.com.br/scripts/pixel/pixel.js:0
[ 1182706ms] [LOG] buttons [button#73d12fe4-6281-1b5a-033a-4944aa0d1690, button#15ff392d-8fc8-a395-8b6e-c704cac45653.active, button#0b871e98-fdff-9d5e-1b51-7a31c600a5a5, button#3ad6f4c9-a7bf-9fc8-a1cd-f63683a1a946] @ https://cdn.utmify.com.br/scripts/pixel/pixel.js:0
[ 1184705ms] [LOG] buttons [button#73d12fe4-6281-1b5a-033a-4944aa0d1690, button#15ff392d-8fc8-a395-8b6e-c704cac45653, button#0b871e98-fdff-9d5e-1b51-7a31c600a5a5.active, button#3ad6f4c9-a7bf-9fc8-a1cd-f63683a1a946] @ https://cdn.utmify.com.br/scripts/pixel/pixel.js:0
[ 1186706ms] [LOG] buttons [button#73d12fe4-6281-1b5a-033a-4944aa0d1690, button#15ff392d-8fc8-a395-8b6e-c704cac45653, button#0b871e98-fdff-9d5e-1b51-7a31c600a5a5.active, button#3ad6f4c9-a7bf-9fc8-a1cd-f63683a1a946] @ https://cdn.utmify.com.br/scripts/pixel/pixel.js:0
[ 1188706ms] [LOG] buttons [button#73d12fe4-6281-1b5a-033a-4944aa0d1690, button#15ff392d-8fc8-a395-8b6e-c704cac45653, button#0b871e98-fdff-9d5e-1b51-7a31c600a5a5, button#3ad6f4c9-a7bf-9fc8-a1cd-f63683a1a946.active] @ https://cdn.utmify.com.br/scripts/pixel/pixel.js:0
[ 1190706ms] [LOG] buttons [button#73d12fe4-6281-1b5a-033a-4944aa0d1690.active, button#15ff392d-8fc8-a395-8b6e-c704cac45653, button#0b871e98-fdff-9d5e-1b51-7a31c600a5a5, button#3ad6f4c9-a7bf-9fc8-a1cd-f63683a1a946] @ https://cdn.utmify.com.br/scripts/pixel/pixel.js:0
[ 1192706ms] [LOG] buttons [button#73d12fe4-6281-1b5a-033a-4944aa0d1690.active, button#15ff392d-8fc8-a395-8b6e-c704cac45653, button#0b871e98-fdff-9d5e-1b51-7a31c600a5a5, button#3ad6f4c9-a7bf-9fc8-a1cd-f63683a1a946] @ https://cdn.utmify.com.br/scripts/pixel/pixel.js:0
[ 1194706ms] [LOG] buttons [button#73d12fe4-6281-1b5a-033a-4944aa0d1690, button#15ff392d-8fc8-a395-8b6e-c704cac45653.active, button#0b871e98-fdff-9d5e-1b51-7a31c600a5a5, button#3ad6f4c9-a7bf-9fc8-a1cd-f63683a1a946] @ https://cdn.utmify.com.br/scripts/pixel/pixel.js:0
[ 1196706ms] [LOG] buttons [button#73d12fe4-6281-1b5a-033a-4944aa0d1690, button#15ff392d-8fc8-a395-8b6e-c704cac45653.active, button#0b871e98-fdff-9d5e-1b51-7a31c600a5a5, button#3ad6f4c9-a7bf-9fc8-a1cd-f63683a1a946] @ https://cdn.utmify.com.br/scripts/pixel/pixel.js:0
[ 1198706ms] [LOG] buttons [button#73d12fe4-6281-1b5a-033a-4944aa0d1690, button#15ff392d-8fc8-a395-8b6e-c704cac45653, button#0b871e98-fdff-9d5e-1b51-7a31c600a5a5.active, button#3ad6f4c9-a7bf-9fc8-a1cd-f63683a1a946] @ https://cdn.utmify.com.br/scripts/pixel/pixel.js:0
[ 1200706ms] [LOG] buttons [button#73d12fe4-6281-1b5a-033a-4944aa0d1690, button#15ff392d-8fc8-a395-8b6e-c704cac45653, button#0b871e98-fdff-9d5e-1b51-7a31c600a5a5, button#3ad6f4c9-a7bf-9fc8-a1cd-f63683a1a946.active] @ https://cdn.utmify.com.br/scripts/pixel/pixel.js:0
[ 1202706ms] [LOG] buttons [button#73d12fe4-6281-1b5a-033a-4944aa0d1690, button#15ff392d-8fc8-a395-8b6e-c704cac45653, button#0b871e98-fdff-9d5e-1b51-7a31c600a5a5, button#3ad6f4c9-a7bf-9fc8-a1cd-f63683a1a946.active] @ https://cdn.utmify.com.br/scripts/pixel/pixel.js:0
[ 1204707ms] [LOG] buttons [button#73d12fe4-6281-1b5a-033a-4944aa0d1690.active, button#15ff392d-8fc8-a395-8b6e-c704cac45653, button#0b871e98-fdff-9d5e-1b51-7a31c600a5a5, button#3ad6f4c9-a7bf-9fc8-a1cd-f63683a1a946] @ https://cdn.utmify.com.br/scripts/pixel/pixel.js:0
[ 1206706ms] [LOG] buttons [button#73d12fe4-6281-1b5a-033a-4944aa0d1690, button#15ff392d-8fc8-a395-8b6e-c704cac45653.active, button#0b871e98-fdff-9d5e-1b51-7a31c600a5a5, button#3ad6f4c9-a7bf-9fc8-a1cd-f63683a1a946] @ https://cdn.utmify.com.br/scripts/pixel/pixel.js:0
[ 1208706ms] [LOG] buttons [button#73d12fe4-6281-1b5a-033a-4944aa0d1690, button#15ff392d-8fc8-a395-8b6e-c704cac45653.active, button#0b871e98-fdff-9d5e-1b51-7a31c600a5a5, button#3ad6f4c9-a7bf-9fc8-a1cd-f63683a1a946] @ https://cdn.utmify.com.br/scripts/pixel/pixel.js:0
[ 1210706ms] [LOG] buttons [button#73d12fe4-6281-1b5a-033a-4944aa0d1690, button#15ff392d-8fc8-a395-8b6e-c704cac45653, button#0b871e98-fdff-9d5e-1b51-7a31c600a5a5.active, button#3ad6f4c9-a7bf-9fc8-a1cd-f63683a1a946] @ https://cdn.utmify.com.br/scripts/pixel/pixel.js:0
[ 1212706ms] [LOG] buttons [button#73d12fe4-6281-1b5a-033a-4944aa0d1690, button#15ff392d-8fc8-a395-8b6e-c704cac45653, button#0b871e98-fdff-9d5e-1b51-7a31c600a5a5.active, button#3ad6f4c9-a7bf-9fc8-a1cd-f63683a1a946] @ https://cdn.utmify.com.br/scripts/pixel/pixel.js:0
[ 1214706ms] [LOG] buttons [button#73d12fe4-6281-1b5a-033a-4944aa0d1690, button#15ff392d-8fc8-a395-8b6e-c704cac45653, button#0b871e98-fdff-9d5e-1b51-7a31c600a5a5, button#3ad6f4c9-a7bf-9fc8-a1cd-f63683a1a946.active] @ https://cdn.utmify.com.br/scripts/pixel/pixel.js:0
[ 1216705ms] [LOG] buttons [button#73d12fe4-6281-1b5a-033a-4944aa0d1690.active, button#15ff392d-8fc8-a395-8b6e-c704cac45653, button#0b871e98-fdff-9d5e-1b51-7a31c600a5a5, button#3ad6f4c9-a7bf-9fc8-a1cd-f63683a1a946] @ https://cdn.utmify.com.br/scripts/pixel/pixel.js:0
[ 1218706ms] [LOG] buttons [button#73d12fe4-6281-1b5a-033a-4944aa0d1690.active, button#15ff392d-8fc8-a395-8b6e-c704cac45653, button#0b871e98-fdff-9d5e-1b51-7a31c600a5a5, button#3ad6f4c9-a7bf-9fc8-a1cd-f63683a1a946] @ https://cdn.utmify.com.br/scripts/pixel/pixel.js:0
[ 1220706ms] [LOG] buttons [button#73d12fe4-6281-1b5a-033a-4944aa0d1690, button#15ff392d-8fc8-a395-8b6e-c704cac45653.active, button#0b871e98-fdff-9d5e-1b51-7a31c600a5a5, button#3ad6f4c9-a7bf-9fc8-a1cd-f63683a1a946] @ https://cdn.utmify.com.br/scripts/pixel/pixel.js:0
[ 1222706ms] [LOG] buttons [button#73d12fe4-6281-1b5a-033a-4944aa0d1690, button#15ff392d-8fc8-a395-8b6e-c704cac45653, button#0b871e98-fdff-9d5e-1b51-7a31c600a5a5.active, button#3ad6f4c9-a7bf-9fc8-a1cd-f63683a1a946] @ https://cdn.utmify.com.br/scripts/pixel/pixel.js:0
[ 1224705ms] [LOG] buttons [button#73d12fe4-6281-1b5a-033a-4944aa0d1690, button#15ff392d-8fc8-a395-8b6e-c704cac45653, button#0b871e98-fdff-9d5e-1b51-7a31c600a5a5.active, button#3ad6f4c9-a7bf-9fc8-a1cd-f63683a1a946] @ https://cdn.utmify.com.br/scripts/pixel/pixel.js:0
[ 1226706ms] [LOG] buttons [button#73d12fe4-6281-1b5a-033a-4944aa0d1690, button#15ff392d-8fc8-a395-8b6e-c704cac45653, button#0b871e98-fdff-9d5e-1b51-7a31c600a5a5, button#3ad6f4c9-a7bf-9fc8-a1cd-f63683a1a946.active] @ https://cdn.utmify.com.br/scripts/pixel/pixel.js:0
[ 1228706ms] [LOG] buttons [button#73d12fe4-6281-1b5a-033a-4944aa0d1690, button#15ff392d-8fc8-a395-8b6e-c704cac45653, button#0b871e98-fdff-9d5e-1b51-7a31c600a5a5, button#3ad6f4c9-a7bf-9fc8-a1cd-f63683a1a946.active] @ https://cdn.utmify.com.br/scripts/pixel/pixel.js:0
[ 1230705ms] [LOG] buttons [button#73d12fe4-6281-1b5a-033a-4944aa0d1690.active, button#15ff392d-8fc8-a395-8b6e-c704cac45653, button#0b871e98-fdff-9d5e-1b51-7a31c600a5a5, button#3ad6f4c9-a7bf-9fc8-a1cd-f63683a1a946] @ https://cdn.utmify.com.br/scripts/pixel/pixel.js:0
[ 1232705ms] [LOG] buttons [button#73d12fe4-6281-1b5a-033a-4944aa0d1690, button#15ff392d-8fc8-a395-8b6e-c704cac45653.active, button#0b871e98-fdff-9d5e-1b51-7a31c600a5a5, button#3ad6f4c9-a7bf-9fc8-a1cd-f63683a1a946] @ https://cdn.utmify.com.br/scripts/pixel/pixel.js:0
[ 1234706ms] [LOG] buttons [button#73d12fe4-6281-1b5a-033a-4944aa0d1690, button#15ff392d-8fc8-a395-8b6e-c704cac45653.active, button#0b871e98-fdff-9d5e-1b51-7a31c600a5a5, button#3ad6f4c9-a7bf-9fc8-a1cd-f63683a1a946] @ https://cdn.utmify.com.br/scripts/pixel/pixel.js:0
[ 1236705ms] [LOG] buttons [button#73d12fe4-6281-1b5a-033a-4944aa0d1690, button#15ff392d-8fc8-a395-8b6e-c704cac45653, button#0b871e98-fdff-9d5e-1b51-7a31c600a5a5.active, button#3ad6f4c9-a7bf-9fc8-a1cd-f63683a1a946] @ https://cdn.utmify.com.br/scripts/pixel/pixel.js:0
[ 1238705ms] [LOG] buttons [button#73d12fe4-6281-1b5a-033a-4944aa0d1690, button#15ff392d-8fc8-a395-8b6e-c704cac45653, button#0b871e98-fdff-9d5e-1b51-7a31c600a5a5, button#3ad6f4c9-a7bf-9fc8-a1cd-f63683a1a946.active] @ https://cdn.utmify.com.br/scripts/pixel/pixel.js:0
[ 1240706ms] [LOG] buttons [button#73d12fe4-6281-1b5a-033a-4944aa0d1690, button#15ff392d-8fc8-a395-8b6e-c704cac45653, button#0b871e98-fdff-9d5e-1b51-7a31c600a5a5, button#3ad6f4c9-a7bf-9fc8-a1cd-f63683a1a946.active] @ https://cdn.utmify.com.br/scripts/pixel/pixel.js:0
[ 1242705ms] [LOG] buttons [button#73d12fe4-6281-1b5a-033a-4944aa0d1690.active, button#15ff392d-8fc8-a395-8b6e-c704cac45653, button#0b871e98-fdff-9d5e-1b51-7a31c600a5a5, button#3ad6f4c9-a7bf-9fc8-a1cd-f63683a1a946] @ https://cdn.utmify.com.br/scripts/pixel/pixel.js:0
[ 1244705ms] [LOG] buttons [button#73d12fe4-6281-1b5a-033a-4944aa0d1690.active, button#15ff392d-8fc8-a395-8b6e-c704cac45653, button#0b871e98-fdff-9d5e-1b51-7a31c600a5a5, button#3ad6f4c9-a7bf-9fc8-a1cd-f63683a1a946] @ https://cdn.utmify.com.br/scripts/pixel/pixel.js:0
[ 1246706ms] [LOG] buttons [button#73d12fe4-6281-1b5a-033a-4944aa0d1690, button#15ff392d-8fc8-a395-8b6e-c704cac45653.active, button#0b871e98-fdff-9d5e-1b51-7a31c600a5a5, button#3ad6f4c9-a7bf-9fc8-a1cd-f63683a1a946] @ https://cdn.utmify.com.br/scripts/pixel/pixel.js:0
[ 1248705ms] [LOG] buttons [button#73d12fe4-6281-1b5a-033a-4944aa0d1690, button#15ff392d-8fc8-a395-8b6e-c704cac45653, button#0b871e98-fdff-9d5e-1b51-7a31c600a5a5.active, button#3ad6f4c9-a7bf-9fc8-a1cd-f63683a1a946] @ https://cdn.utmify.com.br/scripts/pixel/pixel.js:0
[ 1250705ms] [LOG] buttons [button#73d12fe4-6281-1b5a-033a-4944aa0d1690, button#15ff392d-8fc8-a395-8b6e-c704cac45653, button#0b871e98-fdff-9d5e-1b51-7a31c600a5a5.active, button#3ad6f4c9-a7bf-9fc8-a1cd-f63683a1a946] @ https://cdn.utmify.com.br/scripts/pixel/pixel.js:0
[ 1252705ms] [LOG] buttons [button#73d12fe4-6281-1b5a-033a-4944aa0d1690, button#15ff392d-8fc8-a395-8b6e-c704cac45653, button#0b871e98-fdff-9d5e-1b51-7a31c600a5a5, button#3ad6f4c9-a7bf-9fc8-a1cd-f63683a1a946.active] @ https://cdn.utmify.com.br/scripts/pixel/pixel.js:0
[ 1254706ms] [LOG] buttons [button#73d12fe4-6281-1b5a-033a-4944aa0d1690.active, button#15ff392d-8fc8-a395-8b6e-c704cac45653, button#0b871e98-fdff-9d5e-1b51-7a31c600a5a5, button#3ad6f4c9-a7bf-9fc8-a1cd-f63683a1a946] @ https://cdn.utmify.com.br/scripts/pixel/pixel.js:0
[ 1256706ms] [LOG] buttons [button#73d12fe4-6281-1b5a-033a-4944aa0d1690.active, button#15ff392d-8fc8-a395-8b6e-c704cac45653, button#0b871e98-fdff-9d5e-1b51-7a31c600a5a5, button#3ad6f4c9-a7bf-9fc8-a1cd-f63683a1a946] @ https://cdn.utmify.com.br/scripts/pixel/pixel.js:0
[ 1258706ms] [LOG] buttons [button#73d12fe4-6281-1b5a-033a-4944aa0d1690, button#15ff392d-8fc8-a395-8b6e-c704cac45653.active, button#0b871e98-fdff-9d5e-1b51-7a31c600a5a5, button#3ad6f4c9-a7bf-9fc8-a1cd-f63683a1a946] @ https://cdn.utmify.com.br/scripts/pixel/pixel.js:0
[ 1260708ms] [LOG] buttons [button#73d12fe4-6281-1b5a-033a-4944aa0d1690, button#15ff392d-8fc8-a395-8b6e-c704cac45653.active, button#0b871e98-fdff-9d5e-1b51-7a31c600a5a5, button#3ad6f4c9-a7bf-9fc8-a1cd-f63683a1a946] @ https://cdn.utmify.com.br/scripts/pixel/pixel.js:0
[ 1262705ms] [LOG] buttons [button#73d12fe4-6281-1b5a-033a-4944aa0d1690, button#15ff392d-8fc8-a395-8b6e-c704cac45653, button#0b871e98-fdff-9d5e-1b51-7a31c600a5a5.active, button#3ad6f4c9-a7bf-9fc8-a1cd-f63683a1a946] @ https://cdn.utmify.com.br/scripts/pixel/pixel.js:0
[ 1264706ms] [LOG] buttons [button#73d12fe4-6281-1b5a-033a-4944aa0d1690, button#15ff392d-8fc8-a395-8b6e-c704cac45653, button#0b871e98-fdff-9d5e-1b51-7a31c600a5a5, button#3ad6f4c9-a7bf-9fc8-a1cd-f63683a1a946.active] @ https://cdn.utmify.com.br/scripts/pixel/pixel.js:0
[ 1266705ms] [LOG] buttons [button#73d12fe4-6281-1b5a-033a-4944aa0d1690, button#15ff392d-8fc8-a395-8b6e-c704cac45653, button#0b871e98-fdff-9d5e-1b51-7a31c600a5a5, button#3ad6f4c9-a7bf-9fc8-a1cd-f63683a1a946.active] @ https://cdn.utmify.com.br/scripts/pixel/pixel.js:0
[ 1268706ms] [LOG] buttons [button#73d12fe4-6281-1b5a-033a-4944aa0d1690.active, button#15ff392d-8fc8-a395-8b6e-c704cac45653, button#0b871e98-fdff-9d5e-1b51-7a31c600a5a5, button#3ad6f4c9-a7bf-9fc8-a1cd-f63683a1a946] @ https://cdn.utmify.com.br/scripts/pixel/pixel.js:0
[ 1270706ms] [LOG] buttons [button#73d12fe4-6281-1b5a-033a-4944aa0d1690, button#15ff392d-8fc8-a395-8b6e-c704cac45653.active, button#0b871e98-fdff-9d5e-1b51-7a31c600a5a5, button#3ad6f4c9-a7bf-9fc8-a1cd-f63683a1a946] @ https://cdn.utmify.com.br/scripts/pixel/pixel.js:0
[ 1272706ms] [LOG] buttons [button#73d12fe4-6281-1b5a-033a-4944aa0d1690, button#15ff392d-8fc8-a395-8b6e-c704cac45653.active, button#0b871e98-fdff-9d5e-1b51-7a31c600a5a5, button#3ad6f4c9-a7bf-9fc8-a1cd-f63683a1a946] @ https://cdn.utmify.com.br/scripts/pixel/pixel.js:0
[ 1274706ms] [LOG] buttons [button#73d12fe4-6281-1b5a-033a-4944aa0d1690, button#15ff392d-8fc8-a395-8b6e-c704cac45653, button#0b871e98-fdff-9d5e-1b51-7a31c600a5a5.active, button#3ad6f4c9-a7bf-9fc8-a1cd-f63683a1a946] @ https://cdn.utmify.com.br/scripts/pixel/pixel.js:0
[ 1276706ms] [LOG] buttons [button#73d12fe4-6281-1b5a-033a-4944aa0d1690, button#15ff392d-8fc8-a395-8b6e-c704cac45653, button#0b871e98-fdff-9d5e-1b51-7a31c600a5a5.active, button#3ad6f4c9-a7bf-9fc8-a1cd-f63683a1a946] @ https://cdn.utmify.com.br/scripts/pixel/pixel.js:0
[ 1278706ms] [LOG] buttons [button#73d12fe4-6281-1b5a-033a-4944aa0d1690, button#15ff392d-8fc8-a395-8b6e-c704cac45653, button#0b871e98-fdff-9d5e-1b51-7a31c600a5a5, button#3ad6f4c9-a7bf-9fc8-a1cd-f63683a1a946.active] @ https://cdn.utmify.com.br/scripts/pixel/pixel.js:0
[ 1280707ms] [LOG] buttons [button#73d12fe4-6281-1b5a-033a-4944aa0d1690.active, button#15ff392d-8fc8-a395-8b6e-c704cac45653, button#0b871e98-fdff-9d5e-1b51-7a31c600a5a5, button#3ad6f4c9-a7bf-9fc8-a1cd-f63683a1a946] @ https://cdn.utmify.com.br/scripts/pixel/pixel.js:0
[ 1282705ms] [LOG] buttons [button#73d12fe4-6281-1b5a-033a-4944aa0d1690.active, button#15ff392d-8fc8-a395-8b6e-c704cac45653, button#0b871e98-fdff-9d5e-1b51-7a31c600a5a5, button#3ad6f4c9-a7bf-9fc8-a1cd-f63683a1a946] @ https://cdn.utmify.com.br/scripts/pixel/pixel.js:0
[ 1284706ms] [LOG] buttons [button#73d12fe4-6281-1b5a-033a-4944aa0d1690, button#15ff392d-8fc8-a395-8b6e-c704cac45653.active, button#0b871e98-fdff-9d5e-1b51-7a31c600a5a5, button#3ad6f4c9-a7bf-9fc8-a1cd-f63683a1a946] @ https://cdn.utmify.com.br/scripts/pixel/pixel.js:0
[ 1286708ms] [LOG] buttons [button#73d12fe4-6281-1b5a-033a-4944aa0d1690, button#15ff392d-8fc8-a395-8b6e-c704cac45653, button#0b871e98-fdff-9d5e-1b51-7a31c600a5a5.active, button#3ad6f4c9-a7bf-9fc8-a1cd-f63683a1a946] @ https://cdn.utmify.com.br/scripts/pixel/pixel.js:0
[ 1288706ms] [LOG] buttons [button#73d12fe4-6281-1b5a-033a-4944aa0d1690, button#15ff392d-8fc8-a395-8b6e-c704cac45653, button#0b871e98-fdff-9d5e-1b51-7a31c600a5a5.active, button#3ad6f4c9-a7bf-9fc8-a1cd-f63683a1a946] @ https://cdn.utmify.com.br/scripts/pixel/pixel.js:0
[ 1290705ms] [LOG] buttons [button#73d12fe4-6281-1b5a-033a-4944aa0d1690, button#15ff392d-8fc8-a395-8b6e-c704cac45653, button#0b871e98-fdff-9d5e-1b51-7a31c600a5a5, button#3ad6f4c9-a7bf-9fc8-a1cd-f63683a1a946.active] @ https://cdn.utmify.com.br/scripts/pixel/pixel.js:0
[ 1292706ms] [LOG] buttons [button#73d12fe4-6281-1b5a-033a-4944aa0d1690, button#15ff392d-8fc8-a395-8b6e-c704cac45653, button#0b871e98-fdff-9d5e-1b51-7a31c600a5a5, button#3ad6f4c9-a7bf-9fc8-a1cd-f63683a1a946.active] @ https://cdn.utmify.com.br/scripts/pixel/pixel.js:0
[ 1294705ms] [LOG] buttons [button#73d12fe4-6281-1b5a-033a-4944aa0d1690.active, button#15ff392d-8fc8-a395-8b6e-c704cac45653, button#0b871e98-fdff-9d5e-1b51-7a31c600a5a5, button#3ad6f4c9-a7bf-9fc8-a1cd-f63683a1a946] @ https://cdn.utmify.com.br/scripts/pixel/pixel.js:0
[ 1296707ms] [LOG] buttons [button#73d12fe4-6281-1b5a-033a-4944aa0d1690, button#15ff392d-8fc8-a395-8b6e-c704cac45653.active, button#0b871e98-fdff-9d5e-1b51-7a31c600a5a5, button#3ad6f4c9-a7bf-9fc8-a1cd-f63683a1a946] @ https://cdn.utmify.com.br/scripts/pixel/pixel.js:0
[ 1298705ms] [LOG] buttons [button#73d12fe4-6281-1b5a-033a-4944aa0d1690, button#15ff392d-8fc8-a395-8b6e-c704cac45653.active, button#0b871e98-fdff-9d5e-1b51-7a31c600a5a5, button#3ad6f4c9-a7bf-9fc8-a1cd-f63683a1a946] @ https://cdn.utmify.com.br/scripts/pixel/pixel.js:0
[ 1300705ms] [LOG] buttons [button#73d12fe4-6281-1b5a-033a-4944aa0d1690, button#15ff392d-8fc8-a395-8b6e-c704cac45653, button#0b871e98-fdff-9d5e-1b51-7a31c600a5a5.active, button#3ad6f4c9-a7bf-9fc8-a1cd-f63683a1a946] @ https://cdn.utmify.com.br/scripts/pixel/pixel.js:0
[ 1302706ms] [LOG] buttons [button#73d12fe4-6281-1b5a-033a-4944aa0d1690, button#15ff392d-8fc8-a395-8b6e-c704cac45653, button#0b871e98-fdff-9d5e-1b51-7a31c600a5a5, button#3ad6f4c9-a7bf-9fc8-a1cd-f63683a1a946.active] @ https://cdn.utmify.com.br/scripts/pixel/pixel.js:0
[ 1304706ms] [LOG] buttons [button#73d12fe4-6281-1b5a-033a-4944aa0d1690, button#15ff392d-8fc8-a395-8b6e-c704cac45653, button#0b871e98-fdff-9d5e-1b51-7a31c600a5a5, button#3ad6f4c9-a7bf-9fc8-a1cd-f63683a1a946.active] @ https://cdn.utmify.com.br/scripts/pixel/pixel.js:0
[ 1306706ms] [LOG] buttons [button#73d12fe4-6281-1b5a-033a-4944aa0d1690.active, button#15ff392d-8fc8-a395-8b6e-c704cac45653, button#0b871e98-fdff-9d5e-1b51-7a31c600a5a5, button#3ad6f4c9-a7bf-9fc8-a1cd-f63683a1a946] @ https://cdn.utmify.com.br/scripts/pixel/pixel.js:0
[ 1308706ms] [LOG] buttons [button#73d12fe4-6281-1b5a-033a-4944aa0d1690.active, button#15ff392d-8fc8-a395-8b6e-c704cac45653, button#0b871e98-fdff-9d5e-1b51-7a31c600a5a5, button#3ad6f4c9-a7bf-9fc8-a1cd-f63683a1a946] @ https://cdn.utmify.com.br/scripts/pixel/pixel.js:0
[ 1310707ms] [LOG] buttons [button#73d12fe4-6281-1b5a-033a-4944aa0d1690, button#15ff392d-8fc8-a395-8b6e-c704cac45653.active, button#0b871e98-fdff-9d5e-1b51-7a31c600a5a5, button#3ad6f4c9-a7bf-9fc8-a1cd-f63683a1a946] @ https://cdn.utmify.com.br/scripts/pixel/pixel.js:0
[ 1312705ms] [LOG] buttons [button#73d12fe4-6281-1b5a-033a-4944aa0d1690, button#15ff392d-8fc8-a395-8b6e-c704cac45653, button#0b871e98-fdff-9d5e-1b51-7a31c600a5a5.active, button#3ad6f4c9-a7bf-9fc8-a1cd-f63683a1a946] @ https://cdn.utmify.com.br/scripts/pixel/pixel.js:0
[ 1314706ms] [LOG] buttons [button#73d12fe4-6281-1b5a-033a-4944aa0d1690, button#15ff392d-8fc8-a395-8b6e-c704cac45653, button#0b871e98-fdff-9d5e-1b51-7a31c600a5a5.active, button#3ad6f4c9-a7bf-9fc8-a1cd-f63683a1a946] @ https://cdn.utmify.com.br/scripts/pixel/pixel.js:0
[ 1316706ms] [LOG] buttons [button#73d12fe4-6281-1b5a-033a-4944aa0d1690, button#15ff392d-8fc8-a395-8b6e-c704cac45653, button#0b871e98-fdff-9d5e-1b51-7a31c600a5a5, button#3ad6f4c9-a7bf-9fc8-a1cd-f63683a1a946.active] @ https://cdn.utmify.com.br/scripts/pixel/pixel.js:0
[ 1318705ms] [LOG] buttons [button#73d12fe4-6281-1b5a-033a-4944aa0d1690.active, button#15ff392d-8fc8-a395-8b6e-c704cac45653, button#0b871e98-fdff-9d5e-1b51-7a31c600a5a5, button#3ad6f4c9-a7bf-9fc8-a1cd-f63683a1a946] @ https://cdn.utmify.com.br/scripts/pixel/pixel.js:0
[ 1320705ms] [LOG] buttons [button#73d12fe4-6281-1b5a-033a-4944aa0d1690.active, button#15ff392d-8fc8-a395-8b6e-c704cac45653, button#0b871e98-fdff-9d5e-1b51-7a31c600a5a5, button#3ad6f4c9-a7bf-9fc8-a1cd-f63683a1a946] @ https://cdn.utmify.com.br/scripts/pixel/pixel.js:0
[ 1322706ms] [LOG] buttons [button#73d12fe4-6281-1b5a-033a-4944aa0d1690, button#15ff392d-8fc8-a395-8b6e-c704cac45653.active, button#0b871e98-fdff-9d5e-1b51-7a31c600a5a5, button#3ad6f4c9-a7bf-9fc8-a1cd-f63683a1a946] @ https://cdn.utmify.com.br/scripts/pixel/pixel.js:0
[ 1324705ms] [LOG] buttons [button#73d12fe4-6281-1b5a-033a-4944aa0d1690, button#15ff392d-8fc8-a395-8b6e-c704cac45653.active, button#0b871e98-fdff-9d5e-1b51-7a31c600a5a5, button#3ad6f4c9-a7bf-9fc8-a1cd-f63683a1a946] @ https://cdn.utmify.com.br/scripts/pixel/pixel.js:0
[ 1326706ms] [LOG] buttons [button#73d12fe4-6281-1b5a-033a-4944aa0d1690, button#15ff392d-8fc8-a395-8b6e-c704cac45653, button#0b871e98-fdff-9d5e-1b51-7a31c600a5a5.active, button#3ad6f4c9-a7bf-9fc8-a1cd-f63683a1a946] @ https://cdn.utmify.com.br/scripts/pixel/pixel.js:0
[ 1328705ms] [LOG] buttons [button#73d12fe4-6281-1b5a-033a-4944aa0d1690, button#15ff392d-8fc8-a395-8b6e-c704cac45653, button#0b871e98-fdff-9d5e-1b51-7a31c600a5a5, button#3ad6f4c9-a7bf-9fc8-a1cd-f63683a1a946.active] @ https://cdn.utmify.com.br/scripts/pixel/pixel.js:0
[ 1330705ms] [LOG] buttons [button#73d12fe4-6281-1b5a-033a-4944aa0d1690, button#15ff392d-8fc8-a395-8b6e-c704cac45653, button#0b871e98-fdff-9d5e-1b51-7a31c600a5a5, button#3ad6f4c9-a7bf-9fc8-a1cd-f63683a1a946.active] @ https://cdn.utmify.com.br/scripts/pixel/pixel.js:0
[ 1332705ms] [LOG] buttons [button#73d12fe4-6281-1b5a-033a-4944aa0d1690.active, button#15ff392d-8fc8-a395-8b6e-c704cac45653, button#0b871e98-fdff-9d5e-1b51-7a31c600a5a5, button#3ad6f4c9-a7bf-9fc8-a1cd-f63683a1a946] @ https://cdn.utmify.com.br/scripts/pixel/pixel.js:0
[ 1334705ms] [LOG] buttons [button#73d12fe4-6281-1b5a-033a-4944aa0d1690, button#15ff392d-8fc8-a395-8b6e-c704cac45653.active, button#0b871e98-fdff-9d5e-1b51-7a31c600a5a5, button#3ad6f4c9-a7bf-9fc8-a1cd-f63683a1a946] @ https://cdn.utmify.com.br/scripts/pixel/pixel.js:0
[ 1336706ms] [LOG] buttons [button#73d12fe4-6281-1b5a-033a-4944aa0d1690, button#15ff392d-8fc8-a395-8b6e-c704cac45653.active, button#0b871e98-fdff-9d5e-1b51-7a31c600a5a5, button#3ad6f4c9-a7bf-9fc8-a1cd-f63683a1a946] @ https://cdn.utmify.com.br/scripts/pixel/pixel.js:0
[ 1338706ms] [LOG] buttons [button#73d12fe4-6281-1b5a-033a-4944aa0d1690, button#15ff392d-8fc8-a395-8b6e-c704cac45653, button#0b871e98-fdff-9d5e-1b51-7a31c600a5a5.active, button#3ad6f4c9-a7bf-9fc8-a1cd-f63683a1a946] @ https://cdn.utmify.com.br/scripts/pixel/pixel.js:0
[ 1340707ms] [LOG] buttons [button#73d12fe4-6281-1b5a-033a-4944aa0d1690, button#15ff392d-8fc8-a395-8b6e-c704cac45653, button#0b871e98-fdff-9d5e-1b51-7a31c600a5a5.active, button#3ad6f4c9-a7bf-9fc8-a1cd-f63683a1a946] @ https://cdn.utmify.com.br/scripts/pixel/pixel.js:0
[ 1342707ms] [LOG] buttons [button#73d12fe4-6281-1b5a-033a-4944aa0d1690, button#15ff392d-8fc8-a395-8b6e-c704cac45653, button#0b871e98-fdff-9d5e-1b51-7a31c600a5a5, button#3ad6f4c9-a7bf-9fc8-a1cd-f63683a1a946.active] @ https://cdn.utmify.com.br/scripts/pixel/pixel.js:0
[ 1344706ms] [LOG] buttons [button#73d12fe4-6281-1b5a-033a-4944aa0d1690.active, button#15ff392d-8fc8-a395-8b6e-c704cac45653, button#0b871e98-fdff-9d5e-1b51-7a31c600a5a5, button#3ad6f4c9-a7bf-9fc8-a1cd-f63683a1a946] @ https://cdn.utmify.com.br/scripts/pixel/pixel.js:0
[ 1346706ms] [LOG] buttons [button#73d12fe4-6281-1b5a-033a-4944aa0d1690.active, button#15ff392d-8fc8-a395-8b6e-c704cac45653, button#0b871e98-fdff-9d5e-1b51-7a31c600a5a5, button#3ad6f4c9-a7bf-9fc8-a1cd-f63683a1a946] @ https://cdn.utmify.com.br/scripts/pixel/pixel.js:0
[ 1348706ms] [LOG] buttons [button#73d12fe4-6281-1b5a-033a-4944aa0d1690, button#15ff392d-8fc8-a395-8b6e-c704cac45653.active, button#0b871e98-fdff-9d5e-1b51-7a31c600a5a5, button#3ad6f4c9-a7bf-9fc8-a1cd-f63683a1a946] @ https://cdn.utmify.com.br/scripts/pixel/pixel.js:0
[ 1350706ms] [LOG] buttons [button#73d12fe4-6281-1b5a-033a-4944aa0d1690, button#15ff392d-8fc8-a395-8b6e-c704cac45653, button#0b871e98-fdff-9d5e-1b51-7a31c600a5a5.active, button#3ad6f4c9-a7bf-9fc8-a1cd-f63683a1a946] @ https://cdn.utmify.com.br/scripts/pixel/pixel.js:0
[ 1352706ms] [LOG] buttons [button#73d12fe4-6281-1b5a-033a-4944aa0d1690, button#15ff392d-8fc8-a395-8b6e-c704cac45653, button#0b871e98-fdff-9d5e-1b51-7a31c600a5a5.active, button#3ad6f4c9-a7bf-9fc8-a1cd-f63683a1a946] @ https://cdn.utmify.com.br/scripts/pixel/pixel.js:0
[ 1354706ms] [LOG] buttons [button#73d12fe4-6281-1b5a-033a-4944aa0d1690, button#15ff392d-8fc8-a395-8b6e-c704cac45653, button#0b871e98-fdff-9d5e-1b51-7a31c600a5a5, button#3ad6f4c9-a7bf-9fc8-a1cd-f63683a1a946.active] @ https://cdn.utmify.com.br/scripts/pixel/pixel.js:0
[ 1356705ms] [LOG] buttons [button#73d12fe4-6281-1b5a-033a-4944aa0d1690, button#15ff392d-8fc8-a395-8b6e-c704cac45653, button#0b871e98-fdff-9d5e-1b51-7a31c600a5a5, button#3ad6f4c9-a7bf-9fc8-a1cd-f63683a1a946.active] @ https://cdn.utmify.com.br/scripts/pixel/pixel.js:0
[ 1358706ms] [LOG] buttons [button#73d12fe4-6281-1b5a-033a-4944aa0d1690.active, button#15ff392d-8fc8-a395-8b6e-c704cac45653, button#0b871e98-fdff-9d5e-1b51-7a31c600a5a5, button#3ad6f4c9-a7bf-9fc8-a1cd-f63683a1a946] @ https://cdn.utmify.com.br/scripts/pixel/pixel.js:0
[ 1360705ms] [LOG] buttons [button#73d12fe4-6281-1b5a-033a-4944aa0d1690, button#15ff392d-8fc8-a395-8b6e-c704cac45653.active, button#0b871e98-fdff-9d5e-1b51-7a31c600a5a5, button#3ad6f4c9-a7bf-9fc8-a1cd-f63683a1a946] @ https://cdn.utmify.com.br/scripts/pixel/pixel.js:0
[ 1362705ms] [LOG] buttons [button#73d12fe4-6281-1b5a-033a-4944aa0d1690, button#15ff392d-8fc8-a395-8b6e-c704cac45653.active, button#0b871e98-fdff-9d5e-1b51-7a31c600a5a5, button#3ad6f4c9-a7bf-9fc8-a1cd-f63683a1a946] @ https://cdn.utmify.com.br/scripts/pixel/pixel.js:0
[ 1364705ms] [LOG] buttons [button#73d12fe4-6281-1b5a-033a-4944aa0d1690, button#15ff392d-8fc8-a395-8b6e-c704cac45653, button#0b871e98-fdff-9d5e-1b51-7a31c600a5a5.active, button#3ad6f4c9-a7bf-9fc8-a1cd-f63683a1a946] @ https://cdn.utmify.com.br/scripts/pixel/pixel.js:0
[ 1366706ms] [LOG] buttons [button#73d12fe4-6281-1b5a-033a-4944aa0d1690, button#15ff392d-8fc8-a395-8b6e-c704cac45653, button#0b871e98-fdff-9d5e-1b51-7a31c600a5a5, button#3ad6f4c9-a7bf-9fc8-a1cd-f63683a1a946.active] @ https://cdn.utmify.com.br/scripts/pixel/pixel.js:0
[ 1368705ms] [LOG] buttons [button#73d12fe4-6281-1b5a-033a-4944aa0d1690, button#15ff392d-8fc8-a395-8b6e-c704cac45653, button#0b871e98-fdff-9d5e-1b51-7a31c600a5a5, button#3ad6f4c9-a7bf-9fc8-a1cd-f63683a1a946.active] @ https://cdn.utmify.com.br/scripts/pixel/pixel.js:0
[ 1370706ms] [LOG] buttons [button#73d12fe4-6281-1b5a-033a-4944aa0d1690.active, button#15ff392d-8fc8-a395-8b6e-c704cac45653, button#0b871e98-fdff-9d5e-1b51-7a31c600a5a5, button#3ad6f4c9-a7bf-9fc8-a1cd-f63683a1a946] @ https://cdn.utmify.com.br/scripts/pixel/pixel.js:0
[ 1372706ms] [LOG] buttons [button#73d12fe4-6281-1b5a-033a-4944aa0d1690.active, button#15ff392d-8fc8-a395-8b6e-c704cac45653, button#0b871e98-fdff-9d5e-1b51-7a31c600a5a5, button#3ad6f4c9-a7bf-9fc8-a1cd-f63683a1a946] @ https://cdn.utmify.com.br/scripts/pixel/pixel.js:0
[ 1374706ms] [LOG] buttons [button#73d12fe4-6281-1b5a-033a-4944aa0d1690, button#15ff392d-8fc8-a395-8b6e-c704cac45653.active, button#0b871e98-fdff-9d5e-1b51-7a31c600a5a5, button#3ad6f4c9-a7bf-9fc8-a1cd-f63683a1a946] @ https://cdn.utmify.com.br/scripts/pixel/pixel.js:0
[ 1376705ms] [LOG] buttons [button#73d12fe4-6281-1b5a-033a-4944aa0d1690, button#15ff392d-8fc8-a395-8b6e-c704cac45653, button#0b871e98-fdff-9d5e-1b51-7a31c600a5a5.active, button#3ad6f4c9-a7bf-9fc8-a1cd-f63683a1a946] @ https://cdn.utmify.com.br/scripts/pixel/pixel.js:0
[ 1378706ms] [LOG] buttons [button#73d12fe4-6281-1b5a-033a-4944aa0d1690, button#15ff392d-8fc8-a395-8b6e-c704cac45653, button#0b871e98-fdff-9d5e-1b51-7a31c600a5a5.active, button#3ad6f4c9-a7bf-9fc8-a1cd-f63683a1a946] @ https://cdn.utmify.com.br/scripts/pixel/pixel.js:0
[ 1380706ms] [LOG] buttons [button#73d12fe4-6281-1b5a-033a-4944aa0d1690, button#15ff392d-8fc8-a395-8b6e-c704cac45653, button#0b871e98-fdff-9d5e-1b51-7a31c600a5a5, button#3ad6f4c9-a7bf-9fc8-a1cd-f63683a1a946.active] @ https://cdn.utmify.com.br/scripts/pixel/pixel.js:0
[ 1382706ms] [LOG] buttons [button#73d12fe4-6281-1b5a-033a-4944aa0d1690.active, button#15ff392d-8fc8-a395-8b6e-c704cac45653, button#0b871e98-fdff-9d5e-1b51-7a31c600a5a5, button#3ad6f4c9-a7bf-9fc8-a1cd-f63683a1a946] @ https://cdn.utmify.com.br/scripts/pixel/pixel.js:0
[ 1384706ms] [LOG] buttons [button#73d12fe4-6281-1b5a-033a-4944aa0d1690.active, button#15ff392d-8fc8-a395-8b6e-c704cac45653, button#0b871e98-fdff-9d5e-1b51-7a31c600a5a5, button#3ad6f4c9-a7bf-9fc8-a1cd-f63683a1a946] @ https://cdn.utmify.com.br/scripts/pixel/pixel.js:0
[ 1386706ms] [LOG] buttons [button#73d12fe4-6281-1b5a-033a-4944aa0d1690, button#15ff392d-8fc8-a395-8b6e-c704cac45653.active, button#0b871e98-fdff-9d5e-1b51-7a31c600a5a5, button#3ad6f4c9-a7bf-9fc8-a1cd-f63683a1a946] @ https://cdn.utmify.com.br/scripts/pixel/pixel.js:0
[ 1388706ms] [LOG] buttons [button#73d12fe4-6281-1b5a-033a-4944aa0d1690, button#15ff392d-8fc8-a395-8b6e-c704cac45653.active, button#0b871e98-fdff-9d5e-1b51-7a31c600a5a5, button#3ad6f4c9-a7bf-9fc8-a1cd-f63683a1a946] @ https://cdn.utmify.com.br/scripts/pixel/pixel.js:0
[ 1390705ms] [LOG] buttons [button#73d12fe4-6281-1b5a-033a-4944aa0d1690, button#15ff392d-8fc8-a395-8b6e-c704cac45653, button#0b871e98-fdff-9d5e-1b51-7a31c600a5a5.active, button#3ad6f4c9-a7bf-9fc8-a1cd-f63683a1a946] @ https://cdn.utmify.com.br/scripts/pixel/pixel.js:0
[ 1392705ms] [LOG] buttons [button#73d12fe4-6281-1b5a-033a-4944aa0d1690, button#15ff392d-8fc8-a395-8b6e-c704cac45653, button#0b871e98-fdff-9d5e-1b51-7a31c600a5a5, button#3ad6f4c9-a7bf-9fc8-a1cd-f63683a1a946.active] @ https://cdn.utmify.com.br/scripts/pixel/pixel.js:0
[ 1394706ms] [LOG] buttons [button#73d12fe4-6281-1b5a-033a-4944aa0d1690, button#15ff392d-8fc8-a395-8b6e-c704cac45653, button#0b871e98-fdff-9d5e-1b51-7a31c600a5a5, button#3ad6f4c9-a7bf-9fc8-a1cd-f63683a1a946.active] @ https://cdn.utmify.com.br/scripts/pixel/pixel.js:0
[ 1396706ms] [LOG] buttons [button#73d12fe4-6281-1b5a-033a-4944aa0d1690.active, button#15ff392d-8fc8-a395-8b6e-c704cac45653, button#0b871e98-fdff-9d5e-1b51-7a31c600a5a5, button#3ad6f4c9-a7bf-9fc8-a1cd-f63683a1a946] @ https://cdn.utmify.com.br/scripts/pixel/pixel.js:0
[ 1398706ms] [LOG] buttons [button#73d12fe4-6281-1b5a-033a-4944aa0d1690, button#15ff392d-8fc8-a395-8b6e-c704cac45653.active, button#0b871e98-fdff-9d5e-1b51-7a31c600a5a5, button#3ad6f4c9-a7bf-9fc8-a1cd-f63683a1a946] @ https://cdn.utmify.com.br/scripts/pixel/pixel.js:0
[ 1400705ms] [LOG] buttons [button#73d12fe4-6281-1b5a-033a-4944aa0d1690, button#15ff392d-8fc8-a395-8b6e-c704cac45653.active, button#0b871e98-fdff-9d5e-1b51-7a31c600a5a5, button#3ad6f4c9-a7bf-9fc8-a1cd-f63683a1a946] @ https://cdn.utmify.com.br/scripts/pixel/pixel.js:0
[ 1402706ms] [LOG] buttons [button#73d12fe4-6281-1b5a-033a-4944aa0d1690, button#15ff392d-8fc8-a395-8b6e-c704cac45653, button#0b871e98-fdff-9d5e-1b51-7a31c600a5a5.active, button#3ad6f4c9-a7bf-9fc8-a1cd-f63683a1a946] @ https://cdn.utmify.com.br/scripts/pixel/pixel.js:0
[ 1404705ms] [LOG] buttons [button#73d12fe4-6281-1b5a-033a-4944aa0d1690, button#15ff392d-8fc8-a395-8b6e-c704cac45653, button#0b871e98-fdff-9d5e-1b51-7a31c600a5a5.active, button#3ad6f4c9-a7bf-9fc8-a1cd-f63683a1a946] @ https://cdn.utmify.com.br/scripts/pixel/pixel.js:0
[ 1406705ms] [LOG] buttons [button#73d12fe4-6281-1b5a-033a-4944aa0d1690, button#15ff392d-8fc8-a395-8b6e-c704cac45653, button#0b871e98-fdff-9d5e-1b51-7a31c600a5a5, button#3ad6f4c9-a7bf-9fc8-a1cd-f63683a1a946.active] @ https://cdn.utmify.com.br/scripts/pixel/pixel.js:0
[ 1408705ms] [LOG] buttons [button#73d12fe4-6281-1b5a-033a-4944aa0d1690.active, button#15ff392d-8fc8-a395-8b6e-c704cac45653, button#0b871e98-fdff-9d5e-1b51-7a31c600a5a5, button#3ad6f4c9-a7bf-9fc8-a1cd-f63683a1a946] @ https://cdn.utmify.com.br/scripts/pixel/pixel.js:0
[ 1410705ms] [LOG] buttons [button#73d12fe4-6281-1b5a-033a-4944aa0d1690.active, button#15ff392d-8fc8-a395-8b6e-c704cac45653, button#0b871e98-fdff-9d5e-1b51-7a31c600a5a5, button#3ad6f4c9-a7bf-9fc8-a1cd-f63683a1a946] @ https://cdn.utmify.com.br/scripts/pixel/pixel.js:0
[ 1412705ms] [LOG] buttons [button#73d12fe4-6281-1b5a-033a-4944aa0d1690, button#15ff392d-8fc8-a395-8b6e-c704cac45653.active, button#0b871e98-fdff-9d5e-1b51-7a31c600a5a5, button#3ad6f4c9-a7bf-9fc8-a1cd-f63683a1a946] @ https://cdn.utmify.com.br/scripts/pixel/pixel.js:0
[ 1414705ms] [LOG] buttons [button#73d12fe4-6281-1b5a-033a-4944aa0d1690, button#15ff392d-8fc8-a395-8b6e-c704cac45653, button#0b871e98-fdff-9d5e-1b51-7a31c600a5a5.active, button#3ad6f4c9-a7bf-9fc8-a1cd-f63683a1a946] @ https://cdn.utmify.com.br/scripts/pixel/pixel.js:0
[ 1416706ms] [LOG] buttons [button#73d12fe4-6281-1b5a-033a-4944aa0d1690, button#15ff392d-8fc8-a395-8b6e-c704cac45653, button#0b871e98-fdff-9d5e-1b51-7a31c600a5a5.active, button#3ad6f4c9-a7bf-9fc8-a1cd-f63683a1a946] @ https://cdn.utmify.com.br/scripts/pixel/pixel.js:0
[ 1418706ms] [LOG] buttons [button#73d12fe4-6281-1b5a-033a-4944aa0d1690, button#15ff392d-8fc8-a395-8b6e-c704cac45653, button#0b871e98-fdff-9d5e-1b51-7a31c600a5a5, button#3ad6f4c9-a7bf-9fc8-a1cd-f63683a1a946.active] @ https://cdn.utmify.com.br/scripts/pixel/pixel.js:0
[ 1420706ms] [LOG] buttons [button#73d12fe4-6281-1b5a-033a-4944aa0d1690, button#15ff392d-8fc8-a395-8b6e-c704cac45653, button#0b871e98-fdff-9d5e-1b51-7a31c600a5a5, button#3ad6f4c9-a7bf-9fc8-a1cd-f63683a1a946.active] @ https://cdn.utmify.com.br/scripts/pixel/pixel.js:0
[ 1422705ms] [LOG] buttons [button#73d12fe4-6281-1b5a-033a-4944aa0d1690.active, button#15ff392d-8fc8-a395-8b6e-c704cac45653, button#0b871e98-fdff-9d5e-1b51-7a31c600a5a5, button#3ad6f4c9-a7bf-9fc8-a1cd-f63683a1a946] @ https://cdn.utmify.com.br/scripts/pixel/pixel.js:0
[ 1424706ms] [LOG] buttons [button#73d12fe4-6281-1b5a-033a-4944aa0d1690, button#15ff392d-8fc8-a395-8b6e-c704cac45653.active, button#0b871e98-fdff-9d5e-1b51-7a31c600a5a5, button#3ad6f4c9-a7bf-9fc8-a1cd-f63683a1a946] @ https://cdn.utmify.com.br/scripts/pixel/pixel.js:0
[ 1426706ms] [LOG] buttons [button#73d12fe4-6281-1b5a-033a-4944aa0d1690, button#15ff392d-8fc8-a395-8b6e-c704cac45653.active, button#0b871e98-fdff-9d5e-1b51-7a31c600a5a5, button#3ad6f4c9-a7bf-9fc8-a1cd-f63683a1a946] @ https://cdn.utmify.com.br/scripts/pixel/pixel.js:0
[ 1428706ms] [LOG] buttons [button#73d12fe4-6281-1b5a-033a-4944aa0d1690, button#15ff392d-8fc8-a395-8b6e-c704cac45653, button#0b871e98-fdff-9d5e-1b51-7a31c600a5a5.active, button#3ad6f4c9-a7bf-9fc8-a1cd-f63683a1a946] @ https://cdn.utmify.com.br/scripts/pixel/pixel.js:0
[ 1430706ms] [LOG] buttons [button#73d12fe4-6281-1b5a-033a-4944aa0d1690, button#15ff392d-8fc8-a395-8b6e-c704cac45653, button#0b871e98-fdff-9d5e-1b51-7a31c600a5a5, button#3ad6f4c9-a7bf-9fc8-a1cd-f63683a1a946.active] @ https://cdn.utmify.com.br/scripts/pixel/pixel.js:0
[ 1432706ms] [LOG] buttons [button#73d12fe4-6281-1b5a-033a-4944aa0d1690, button#15ff392d-8fc8-a395-8b6e-c704cac45653, button#0b871e98-fdff-9d5e-1b51-7a31c600a5a5, button#3ad6f4c9-a7bf-9fc8-a1cd-f63683a1a946.active] @ https://cdn.utmify.com.br/scripts/pixel/pixel.js:0
[ 1434706ms] [LOG] buttons [button#73d12fe4-6281-1b5a-033a-4944aa0d1690.active, button#15ff392d-8fc8-a395-8b6e-c704cac45653, button#0b871e98-fdff-9d5e-1b51-7a31c600a5a5, button#3ad6f4c9-a7bf-9fc8-a1cd-f63683a1a946] @ https://cdn.utmify.com.br/scripts/pixel/pixel.js:0
[ 1436705ms] [LOG] buttons [button#73d12fe4-6281-1b5a-033a-4944aa0d1690.active, button#15ff392d-8fc8-a395-8b6e-c704cac45653, button#0b871e98-fdff-9d5e-1b51-7a31c600a5a5, button#3ad6f4c9-a7bf-9fc8-a1cd-f63683a1a946] @ https://cdn.utmify.com.br/scripts/pixel/pixel.js:0
[ 1438705ms] [LOG] buttons [button#73d12fe4-6281-1b5a-033a-4944aa0d1690, button#15ff392d-8fc8-a395-8b6e-c704cac45653.active, button#0b871e98-fdff-9d5e-1b51-7a31c600a5a5, button#3ad6f4c9-a7bf-9fc8-a1cd-f63683a1a946] @ https://cdn.utmify.com.br/scripts/pixel/pixel.js:0
[ 1440705ms] [LOG] buttons [button#73d12fe4-6281-1b5a-033a-4944aa0d1690, button#15ff392d-8fc8-a395-8b6e-c704cac45653, button#0b871e98-fdff-9d5e-1b51-7a31c600a5a5.active, button#3ad6f4c9-a7bf-9fc8-a1cd-f63683a1a946] @ https://cdn.utmify.com.br/scripts/pixel/pixel.js:0
[ 1442705ms] [LOG] buttons [button#73d12fe4-6281-1b5a-033a-4944aa0d1690, button#15ff392d-8fc8-a395-8b6e-c704cac45653, button#0b871e98-fdff-9d5e-1b51-7a31c600a5a5.active, button#3ad6f4c9-a7bf-9fc8-a1cd-f63683a1a946] @ https://cdn.utmify.com.br/scripts/pixel/pixel.js:0
[ 1444706ms] [LOG] buttons [button#73d12fe4-6281-1b5a-033a-4944aa0d1690, button#15ff392d-8fc8-a395-8b6e-c704cac45653, button#0b871e98-fdff-9d5e-1b51-7a31c600a5a5, button#3ad6f4c9-a7bf-9fc8-a1cd-f63683a1a946.active] @ https://cdn.utmify.com.br/scripts/pixel/pixel.js:0
[ 1446708ms] [LOG] buttons [button#73d12fe4-6281-1b5a-033a-4944aa0d1690.active, button#15ff392d-8fc8-a395-8b6e-c704cac45653, button#0b871e98-fdff-9d5e-1b51-7a31c600a5a5, button#3ad6f4c9-a7bf-9fc8-a1cd-f63683a1a946] @ https://cdn.utmify.com.br/scripts/pixel/pixel.js:0
[ 1448706ms] [LOG] buttons [button#73d12fe4-6281-1b5a-033a-4944aa0d1690.active, button#15ff392d-8fc8-a395-8b6e-c704cac45653, button#0b871e98-fdff-9d5e-1b51-7a31c600a5a5, button#3ad6f4c9-a7bf-9fc8-a1cd-f63683a1a946] @ https://cdn.utmify.com.br/scripts/pixel/pixel.js:0
[ 1450705ms] [LOG] buttons [button#73d12fe4-6281-1b5a-033a-4944aa0d1690, button#15ff392d-8fc8-a395-8b6e-c704cac45653.active, button#0b871e98-fdff-9d5e-1b51-7a31c600a5a5, button#3ad6f4c9-a7bf-9fc8-a1cd-f63683a1a946] @ https://cdn.utmify.com.br/scripts/pixel/pixel.js:0
[ 1452705ms] [LOG] buttons [button#73d12fe4-6281-1b5a-033a-4944aa0d1690, button#15ff392d-8fc8-a395-8b6e-c704cac45653.active, button#0b871e98-fdff-9d5e-1b51-7a31c600a5a5, button#3ad6f4c9-a7bf-9fc8-a1cd-f63683a1a946] @ https://cdn.utmify.com.br/scripts/pixel/pixel.js:0
[ 1454706ms] [LOG] buttons [button#73d12fe4-6281-1b5a-033a-4944aa0d1690, button#15ff392d-8fc8-a395-8b6e-c704cac45653, button#0b871e98-fdff-9d5e-1b51-7a31c600a5a5.active, button#3ad6f4c9-a7bf-9fc8-a1cd-f63683a1a946] @ https://cdn.utmify.com.br/scripts/pixel/pixel.js:0
[ 1456706ms] [LOG] buttons [button#73d12fe4-6281-1b5a-033a-4944aa0d1690, button#15ff392d-8fc8-a395-8b6e-c704cac45653, button#0b871e98-fdff-9d5e-1b51-7a31c600a5a5, button#3ad6f4c9-a7bf-9fc8-a1cd-f63683a1a946.active] @ https://cdn.utmify.com.br/scripts/pixel/pixel.js:0
[ 1458705ms] [LOG] buttons [button#73d12fe4-6281-1b5a-033a-4944aa0d1690, button#15ff392d-8fc8-a395-8b6e-c704cac45653, button#0b871e98-fdff-9d5e-1b51-7a31c600a5a5, button#3ad6f4c9-a7bf-9fc8-a1cd-f63683a1a946.active] @ https://cdn.utmify.com.br/scripts/pixel/pixel.js:0
[ 1460705ms] [LOG] buttons [button#73d12fe4-6281-1b5a-033a-4944aa0d1690.active, button#15ff392d-8fc8-a395-8b6e-c704cac45653, button#0b871e98-fdff-9d5e-1b51-7a31c600a5a5, button#3ad6f4c9-a7bf-9fc8-a1cd-f63683a1a946] @ https://cdn.utmify.com.br/scripts/pixel/pixel.js:0
[ 1462705ms] [LOG] buttons [button#73d12fe4-6281-1b5a-033a-4944aa0d1690, button#15ff392d-8fc8-a395-8b6e-c704cac45653.active, button#0b871e98-fdff-9d5e-1b51-7a31c600a5a5, button#3ad6f4c9-a7bf-9fc8-a1cd-f63683a1a946] @ https://cdn.utmify.com.br/scripts/pixel/pixel.js:0
[ 1464705ms] [LOG] buttons [button#73d12fe4-6281-1b5a-033a-4944aa0d1690, button#15ff392d-8fc8-a395-8b6e-c704cac45653.active, button#0b871e98-fdff-9d5e-1b51-7a31c600a5a5, button#3ad6f4c9-a7bf-9fc8-a1cd-f63683a1a946] @ https://cdn.utmify.com.br/scripts/pixel/pixel.js:0
[ 1466706ms] [LOG] buttons [button#73d12fe4-6281-1b5a-033a-4944aa0d1690, button#15ff392d-8fc8-a395-8b6e-c704cac45653, button#0b871e98-fdff-9d5e-1b51-7a31c600a5a5.active, button#3ad6f4c9-a7bf-9fc8-a1cd-f63683a1a946] @ https://cdn.utmify.com.br/scripts/pixel/pixel.js:0
[ 1468706ms] [LOG] buttons [button#73d12fe4-6281-1b5a-033a-4944aa0d1690, button#15ff392d-8fc8-a395-8b6e-c704cac45653, button#0b871e98-fdff-9d5e-1b51-7a31c600a5a5.active, button#3ad6f4c9-a7bf-9fc8-a1cd-f63683a1a946] @ https://cdn.utmify.com.br/scripts/pixel/pixel.js:0
[ 1470706ms] [LOG] buttons [button#73d12fe4-6281-1b5a-033a-4944aa0d1690, button#15ff392d-8fc8-a395-8b6e-c704cac45653, button#0b871e98-fdff-9d5e-1b51-7a31c600a5a5, button#3ad6f4c9-a7bf-9fc8-a1cd-f63683a1a946.active] @ https://cdn.utmify.com.br/scripts/pixel/pixel.js:0
[ 1472706ms] [LOG] buttons [button#73d12fe4-6281-1b5a-033a-4944aa0d1690.active, button#15ff392d-8fc8-a395-8b6e-c704cac45653, button#0b871e98-fdff-9d5e-1b51-7a31c600a5a5, button#3ad6f4c9-a7bf-9fc8-a1cd-f63683a1a946] @ https://cdn.utmify.com.br/scripts/pixel/pixel.js:0
[ 1474706ms] [LOG] buttons [button#73d12fe4-6281-1b5a-033a-4944aa0d1690.active, button#15ff392d-8fc8-a395-8b6e-c704cac45653, button#0b871e98-fdff-9d5e-1b51-7a31c600a5a5, button#3ad6f4c9-a7bf-9fc8-a1cd-f63683a1a946] @ https://cdn.utmify.com.br/scripts/pixel/pixel.js:0
[ 1476705ms] [LOG] buttons [button#73d12fe4-6281-1b5a-033a-4944aa0d1690, button#15ff392d-8fc8-a395-8b6e-c704cac45653.active, button#0b871e98-fdff-9d5e-1b51-7a31c600a5a5, button#3ad6f4c9-a7bf-9fc8-a1cd-f63683a1a946] @ https://cdn.utmify.com.br/scripts/pixel/pixel.js:0
[ 1478707ms] [LOG] buttons [button#73d12fe4-6281-1b5a-033a-4944aa0d1690, button#15ff392d-8fc8-a395-8b6e-c704cac45653, button#0b871e98-fdff-9d5e-1b51-7a31c600a5a5.active, button#3ad6f4c9-a7bf-9fc8-a1cd-f63683a1a946] @ https://cdn.utmify.com.br/scripts/pixel/pixel.js:0
[ 1480705ms] [LOG] buttons [button#73d12fe4-6281-1b5a-033a-4944aa0d1690, button#15ff392d-8fc8-a395-8b6e-c704cac45653, button#0b871e98-fdff-9d5e-1b51-7a31c600a5a5.active, button#3ad6f4c9-a7bf-9fc8-a1cd-f63683a1a946] @ https://cdn.utmify.com.br/scripts/pixel/pixel.js:0
[ 1482705ms] [LOG] buttons [button#73d12fe4-6281-1b5a-033a-4944aa0d1690, button#15ff392d-8fc8-a395-8b6e-c704cac45653, button#0b871e98-fdff-9d5e-1b51-7a31c600a5a5, button#3ad6f4c9-a7bf-9fc8-a1cd-f63683a1a946.active] @ https://cdn.utmify.com.br/scripts/pixel/pixel.js:0
[ 1484705ms] [LOG] buttons [button#73d12fe4-6281-1b5a-033a-4944aa0d1690, button#15ff392d-8fc8-a395-8b6e-c704cac45653, button#0b871e98-fdff-9d5e-1b51-7a31c600a5a5, button#3ad6f4c9-a7bf-9fc8-a1cd-f63683a1a946.active] @ https://cdn.utmify.com.br/scripts/pixel/pixel.js:0
[ 1486705ms] [LOG] buttons [button#73d12fe4-6281-1b5a-033a-4944aa0d1690.active, button#15ff392d-8fc8-a395-8b6e-c704cac45653, button#0b871e98-fdff-9d5e-1b51-7a31c600a5a5, button#3ad6f4c9-a7bf-9fc8-a1cd-f63683a1a946] @ https://cdn.utmify.com.br/scripts/pixel/pixel.js:0
[ 1488706ms] [LOG] buttons [button#73d12fe4-6281-1b5a-033a-4944aa0d1690, button#15ff392d-8fc8-a395-8b6e-c704cac45653.active, button#0b871e98-fdff-9d5e-1b51-7a31c600a5a5, button#3ad6f4c9-a7bf-9fc8-a1cd-f63683a1a946] @ https://cdn.utmify.com.br/scripts/pixel/pixel.js:0
[ 1490705ms] [LOG] buttons [button#73d12fe4-6281-1b5a-033a-4944aa0d1690, button#15ff392d-8fc8-a395-8b6e-c704cac45653.active, button#0b871e98-fdff-9d5e-1b51-7a31c600a5a5, button#3ad6f4c9-a7bf-9fc8-a1cd-f63683a1a946] @ https://cdn.utmify.com.br/scripts/pixel/pixel.js:0
[ 1492705ms] [LOG] buttons [button#73d12fe4-6281-1b5a-033a-4944aa0d1690, button#15ff392d-8fc8-a395-8b6e-c704cac45653, button#0b871e98-fdff-9d5e-1b51-7a31c600a5a5.active, button#3ad6f4c9-a7bf-9fc8-a1cd-f63683a1a946] @ https://cdn.utmify.com.br/scripts/pixel/pixel.js:0
[ 1494705ms] [LOG] buttons [button#73d12fe4-6281-1b5a-033a-4944aa0d1690, button#15ff392d-8fc8-a395-8b6e-c704cac45653, button#0b871e98-fdff-9d5e-1b51-7a31c600a5a5, button#3ad6f4c9-a7bf-9fc8-a1cd-f63683a1a946.active] @ https://cdn.utmify.com.br/scripts/pixel/pixel.js:0
[ 1496706ms] [LOG] buttons [button#73d12fe4-6281-1b5a-033a-4944aa0d1690, button#15ff392d-8fc8-a395-8b6e-c704cac45653, button#0b871e98-fdff-9d5e-1b51-7a31c600a5a5, button#3ad6f4c9-a7bf-9fc8-a1cd-f63683a1a946.active] @ https://cdn.utmify.com.br/scripts/pixel/pixel.js:0
[ 1498706ms] [LOG] buttons [button#73d12fe4-6281-1b5a-033a-4944aa0d1690.active, button#15ff392d-8fc8-a395-8b6e-c704cac45653, button#0b871e98-fdff-9d5e-1b51-7a31c600a5a5, button#3ad6f4c9-a7bf-9fc8-a1cd-f63683a1a946] @ https://cdn.utmify.com.br/scripts/pixel/pixel.js:0
[ 1500707ms] [LOG] buttons [button#73d12fe4-6281-1b5a-033a-4944aa0d1690.active, button#15ff392d-8fc8-a395-8b6e-c704cac45653, button#0b871e98-fdff-9d5e-1b51-7a31c600a5a5, button#3ad6f4c9-a7bf-9fc8-a1cd-f63683a1a946] @ https://cdn.utmify.com.br/scripts/pixel/pixel.js:0
[ 1502706ms] [LOG] buttons [button#73d12fe4-6281-1b5a-033a-4944aa0d1690, button#15ff392d-8fc8-a395-8b6e-c704cac45653.active, button#0b871e98-fdff-9d5e-1b51-7a31c600a5a5, button#3ad6f4c9-a7bf-9fc8-a1cd-f63683a1a946] @ https://cdn.utmify.com.br/scripts/pixel/pixel.js:0
[ 1504706ms] [LOG] buttons [button#73d12fe4-6281-1b5a-033a-4944aa0d1690, button#15ff392d-8fc8-a395-8b6e-c704cac45653, button#0b871e98-fdff-9d5e-1b51-7a31c600a5a5.active, button#3ad6f4c9-a7bf-9fc8-a1cd-f63683a1a946] @ https://cdn.utmify.com.br/scripts/pixel/pixel.js:0
[ 1506706ms] [LOG] buttons [button#73d12fe4-6281-1b5a-033a-4944aa0d1690, button#15ff392d-8fc8-a395-8b6e-c704cac45653, button#0b871e98-fdff-9d5e-1b51-7a31c600a5a5.active, button#3ad6f4c9-a7bf-9fc8-a1cd-f63683a1a946] @ https://cdn.utmify.com.br/scripts/pixel/pixel.js:0
[ 1508706ms] [LOG] buttons [button#73d12fe4-6281-1b5a-033a-4944aa0d1690, button#15ff392d-8fc8-a395-8b6e-c704cac45653, button#0b871e98-fdff-9d5e-1b51-7a31c600a5a5, button#3ad6f4c9-a7bf-9fc8-a1cd-f63683a1a946.active] @ https://cdn.utmify.com.br/scripts/pixel/pixel.js:0
[ 1510705ms] [LOG] buttons [button#73d12fe4-6281-1b5a-033a-4944aa0d1690.active, button#15ff392d-8fc8-a395-8b6e-c704cac45653, button#0b871e98-fdff-9d5e-1b51-7a31c600a5a5, button#3ad6f4c9-a7bf-9fc8-a1cd-f63683a1a946] @ https://cdn.utmify.com.br/scripts/pixel/pixel.js:0
[ 1512705ms] [LOG] buttons [button#73d12fe4-6281-1b5a-033a-4944aa0d1690.active, button#15ff392d-8fc8-a395-8b6e-c704cac45653, button#0b871e98-fdff-9d5e-1b51-7a31c600a5a5, button#3ad6f4c9-a7bf-9fc8-a1cd-f63683a1a946] @ https://cdn.utmify.com.br/scripts/pixel/pixel.js:0
[ 1514705ms] [LOG] buttons [button#73d12fe4-6281-1b5a-033a-4944aa0d1690, button#15ff392d-8fc8-a395-8b6e-c704cac45653.active, button#0b871e98-fdff-9d5e-1b51-7a31c600a5a5, button#3ad6f4c9-a7bf-9fc8-a1cd-f63683a1a946] @ https://cdn.utmify.com.br/scripts/pixel/pixel.js:0
[ 1516705ms] [LOG] buttons [button#73d12fe4-6281-1b5a-033a-4944aa0d1690, button#15ff392d-8fc8-a395-8b6e-c704cac45653.active, button#0b871e98-fdff-9d5e-1b51-7a31c600a5a5, button#3ad6f4c9-a7bf-9fc8-a1cd-f63683a1a946] @ https://cdn.utmify.com.br/scripts/pixel/pixel.js:0
[ 1518705ms] [LOG] buttons [button#73d12fe4-6281-1b5a-033a-4944aa0d1690, button#15ff392d-8fc8-a395-8b6e-c704cac45653, button#0b871e98-fdff-9d5e-1b51-7a31c600a5a5.active, button#3ad6f4c9-a7bf-9fc8-a1cd-f63683a1a946] @ https://cdn.utmify.com.br/scripts/pixel/pixel.js:0
[ 1520705ms] [LOG] buttons [button#73d12fe4-6281-1b5a-033a-4944aa0d1690, button#15ff392d-8fc8-a395-8b6e-c704cac45653, button#0b871e98-fdff-9d5e-1b51-7a31c600a5a5, button#3ad6f4c9-a7bf-9fc8-a1cd-f63683a1a946.active] @ https://cdn.utmify.com.br/scripts/pixel/pixel.js:0
[ 1522706ms] [LOG] buttons [button#73d12fe4-6281-1b5a-033a-4944aa0d1690, button#15ff392d-8fc8-a395-8b6e-c704cac45653, button#0b871e98-fdff-9d5e-1b51-7a31c600a5a5, button#3ad6f4c9-a7bf-9fc8-a1cd-f63683a1a946.active] @ https://cdn.utmify.com.br/scripts/pixel/pixel.js:0
[ 1524705ms] [LOG] buttons [button#73d12fe4-6281-1b5a-033a-4944aa0d1690.active, button#15ff392d-8fc8-a395-8b6e-c704cac45653, button#0b871e98-fdff-9d5e-1b51-7a31c600a5a5, button#3ad6f4c9-a7bf-9fc8-a1cd-f63683a1a946] @ https://cdn.utmify.com.br/scripts/pixel/pixel.js:0
[ 1526705ms] [LOG] buttons [button#73d12fe4-6281-1b5a-033a-4944aa0d1690, button#15ff392d-8fc8-a395-8b6e-c704cac45653.active, button#0b871e98-fdff-9d5e-1b51-7a31c600a5a5, button#3ad6f4c9-a7bf-9fc8-a1cd-f63683a1a946] @ https://cdn.utmify.com.br/scripts/pixel/pixel.js:0
[ 1528705ms] [LOG] buttons [button#73d12fe4-6281-1b5a-033a-4944aa0d1690, button#15ff392d-8fc8-a395-8b6e-c704cac45653.active, button#0b871e98-fdff-9d5e-1b51-7a31c600a5a5, button#3ad6f4c9-a7bf-9fc8-a1cd-f63683a1a946] @ https://cdn.utmify.com.br/scripts/pixel/pixel.js:0
[ 1530705ms] [LOG] buttons [button#73d12fe4-6281-1b5a-033a-4944aa0d1690, button#15ff392d-8fc8-a395-8b6e-c704cac45653, button#0b871e98-fdff-9d5e-1b51-7a31c600a5a5.active, button#3ad6f4c9-a7bf-9fc8-a1cd-f63683a1a946] @ https://cdn.utmify.com.br/scripts/pixel/pixel.js:0
[ 1532705ms] [LOG] buttons [button#73d12fe4-6281-1b5a-033a-4944aa0d1690, button#15ff392d-8fc8-a395-8b6e-c704cac45653, button#0b871e98-fdff-9d5e-1b51-7a31c600a5a5.active, button#3ad6f4c9-a7bf-9fc8-a1cd-f63683a1a946] @ https://cdn.utmify.com.br/scripts/pixel/pixel.js:0
[ 1534706ms] [LOG] buttons [button#73d12fe4-6281-1b5a-033a-4944aa0d1690, button#15ff392d-8fc8-a395-8b6e-c704cac45653, button#0b871e98-fdff-9d5e-1b51-7a31c600a5a5, button#3ad6f4c9-a7bf-9fc8-a1cd-f63683a1a946.active] @ https://cdn.utmify.com.br/scripts/pixel/pixel.js:0
[ 1536706ms] [LOG] buttons [button#73d12fe4-6281-1b5a-033a-4944aa0d1690.active, button#15ff392d-8fc8-a395-8b6e-c704cac45653, button#0b871e98-fdff-9d5e-1b51-7a31c600a5a5, button#3ad6f4c9-a7bf-9fc8-a1cd-f63683a1a946] @ https://cdn.utmify.com.br/scripts/pixel/pixel.js:0
[ 1538705ms] [LOG] buttons [button#73d12fe4-6281-1b5a-033a-4944aa0d1690.active, button#15ff392d-8fc8-a395-8b6e-c704cac45653, button#0b871e98-fdff-9d5e-1b51-7a31c600a5a5, button#3ad6f4c9-a7bf-9fc8-a1cd-f63683a1a946] @ https://cdn.utmify.com.br/scripts/pixel/pixel.js:0
[ 1540705ms] [LOG] buttons [button#73d12fe4-6281-1b5a-033a-4944aa0d1690, button#15ff392d-8fc8-a395-8b6e-c704cac45653.active, button#0b871e98-fdff-9d5e-1b51-7a31c600a5a5, button#3ad6f4c9-a7bf-9fc8-a1cd-f63683a1a946] @ https://cdn.utmify.com.br/scripts/pixel/pixel.js:0
[ 1542705ms] [LOG] buttons [button#73d12fe4-6281-1b5a-033a-4944aa0d1690, button#15ff392d-8fc8-a395-8b6e-c704cac45653, button#0b871e98-fdff-9d5e-1b51-7a31c600a5a5.active, button#3ad6f4c9-a7bf-9fc8-a1cd-f63683a1a946] @ https://cdn.utmify.com.br/scripts/pixel/pixel.js:0
[ 1544707ms] [LOG] buttons [button#73d12fe4-6281-1b5a-033a-4944aa0d1690, button#15ff392d-8fc8-a395-8b6e-c704cac45653, button#0b871e98-fdff-9d5e-1b51-7a31c600a5a5.active, button#3ad6f4c9-a7bf-9fc8-a1cd-f63683a1a946] @ https://cdn.utmify.com.br/scripts/pixel/pixel.js:0
[ 1546706ms] [LOG] buttons [button#73d12fe4-6281-1b5a-033a-4944aa0d1690, button#15ff392d-8fc8-a395-8b6e-c704cac45653, button#0b871e98-fdff-9d5e-1b51-7a31c600a5a5, button#3ad6f4c9-a7bf-9fc8-a1cd-f63683a1a946.active] @ https://cdn.utmify.com.br/scripts/pixel/pixel.js:0
[ 1548706ms] [LOG] buttons [button#73d12fe4-6281-1b5a-033a-4944aa0d1690, button#15ff392d-8fc8-a395-8b6e-c704cac45653, button#0b871e98-fdff-9d5e-1b51-7a31c600a5a5, button#3ad6f4c9-a7bf-9fc8-a1cd-f63683a1a946.active] @ https://cdn.utmify.com.br/scripts/pixel/pixel.js:0
[ 1550706ms] [LOG] buttons [button#73d12fe4-6281-1b5a-033a-4944aa0d1690.active, button#15ff392d-8fc8-a395-8b6e-c704cac45653, button#0b871e98-fdff-9d5e-1b51-7a31c600a5a5, button#3ad6f4c9-a7bf-9fc8-a1cd-f63683a1a946] @ https://cdn.utmify.com.br/scripts/pixel/pixel.js:0
[ 1552708ms] [LOG] buttons [button#73d12fe4-6281-1b5a-033a-4944aa0d1690, button#15ff392d-8fc8-a395-8b6e-c704cac45653.active, button#0b871e98-fdff-9d5e-1b51-7a31c600a5a5, button#3ad6f4c9-a7bf-9fc8-a1cd-f63683a1a946] @ https://cdn.utmify.com.br/scripts/pixel/pixel.js:0
[ 1554707ms] [LOG] buttons [button#73d12fe4-6281-1b5a-033a-4944aa0d1690, button#15ff392d-8fc8-a395-8b6e-c704cac45653.active, button#0b871e98-fdff-9d5e-1b51-7a31c600a5a5, button#3ad6f4c9-a7bf-9fc8-a1cd-f63683a1a946] @ https://cdn.utmify.com.br/scripts/pixel/pixel.js:0
[ 1556706ms] [LOG] buttons [button#73d12fe4-6281-1b5a-033a-4944aa0d1690, button#15ff392d-8fc8-a395-8b6e-c704cac45653, button#0b871e98-fdff-9d5e-1b51-7a31c600a5a5.active, button#3ad6f4c9-a7bf-9fc8-a1cd-f63683a1a946] @ https://cdn.utmify.com.br/scripts/pixel/pixel.js:0
[ 1558705ms] [LOG] buttons [button#73d12fe4-6281-1b5a-033a-4944aa0d1690, button#15ff392d-8fc8-a395-8b6e-c704cac45653, button#0b871e98-fdff-9d5e-1b51-7a31c600a5a5, button#3ad6f4c9-a7bf-9fc8-a1cd-f63683a1a946.active] @ https://cdn.utmify.com.br/scripts/pixel/pixel.js:0
[ 1560706ms] [LOG] buttons [button#73d12fe4-6281-1b5a-033a-4944aa0d1690, button#15ff392d-8fc8-a395-8b6e-c704cac45653, button#0b871e98-fdff-9d5e-1b51-7a31c600a5a5, button#3ad6f4c9-a7bf-9fc8-a1cd-f63683a1a946.active] @ https://cdn.utmify.com.br/scripts/pixel/pixel.js:0
[ 1562707ms] [LOG] buttons [button#73d12fe4-6281-1b5a-033a-4944aa0d1690.active, button#15ff392d-8fc8-a395-8b6e-c704cac45653, button#0b871e98-fdff-9d5e-1b51-7a31c600a5a5, button#3ad6f4c9-a7bf-9fc8-a1cd-f63683a1a946] @ https://cdn.utmify.com.br/scripts/pixel/pixel.js:0
[ 1564706ms] [LOG] buttons [button#73d12fe4-6281-1b5a-033a-4944aa0d1690.active, button#15ff392d-8fc8-a395-8b6e-c704cac45653, button#0b871e98-fdff-9d5e-1b51-7a31c600a5a5, button#3ad6f4c9-a7bf-9fc8-a1cd-f63683a1a946] @ https://cdn.utmify.com.br/scripts/pixel/pixel.js:0
[ 1566705ms] [LOG] buttons [button#73d12fe4-6281-1b5a-033a-4944aa0d1690, button#15ff392d-8fc8-a395-8b6e-c704cac45653.active, button#0b871e98-fdff-9d5e-1b51-7a31c600a5a5, button#3ad6f4c9-a7bf-9fc8-a1cd-f63683a1a946] @ https://cdn.utmify.com.br/scripts/pixel/pixel.js:0
[ 1568707ms] [LOG] buttons [button#73d12fe4-6281-1b5a-033a-4944aa0d1690, button#15ff392d-8fc8-a395-8b6e-c704cac45653, button#0b871e98-fdff-9d5e-1b51-7a31c600a5a5.active, button#3ad6f4c9-a7bf-9fc8-a1cd-f63683a1a946] @ https://cdn.utmify.com.br/scripts/pixel/pixel.js:0
[ 1570706ms] [LOG] buttons [button#73d12fe4-6281-1b5a-033a-4944aa0d1690, button#15ff392d-8fc8-a395-8b6e-c704cac45653, button#0b871e98-fdff-9d5e-1b51-7a31c600a5a5.active, button#3ad6f4c9-a7bf-9fc8-a1cd-f63683a1a946] @ https://cdn.utmify.com.br/scripts/pixel/pixel.js:0
[ 1572706ms] [LOG] buttons [button#73d12fe4-6281-1b5a-033a-4944aa0d1690, button#15ff392d-8fc8-a395-8b6e-c704cac45653, button#0b871e98-fdff-9d5e-1b51-7a31c600a5a5, button#3ad6f4c9-a7bf-9fc8-a1cd-f63683a1a946.active] @ https://cdn.utmify.com.br/scripts/pixel/pixel.js:0
[ 1574705ms] [LOG] buttons [button#73d12fe4-6281-1b5a-033a-4944aa0d1690.active, button#15ff392d-8fc8-a395-8b6e-c704cac45653, button#0b871e98-fdff-9d5e-1b51-7a31c600a5a5, button#3ad6f4c9-a7bf-9fc8-a1cd-f63683a1a946] @ https://cdn.utmify.com.br/scripts/pixel/pixel.js:0
[ 1576706ms] [LOG] buttons [button#73d12fe4-6281-1b5a-033a-4944aa0d1690.active, button#15ff392d-8fc8-a395-8b6e-c704cac45653, button#0b871e98-fdff-9d5e-1b51-7a31c600a5a5, button#3ad6f4c9-a7bf-9fc8-a1cd-f63683a1a946] @ https://cdn.utmify.com.br/scripts/pixel/pixel.js:0
[ 1578705ms] [LOG] buttons [button#73d12fe4-6281-1b5a-033a-4944aa0d1690, button#15ff392d-8fc8-a395-8b6e-c704cac45653.active, button#0b871e98-fdff-9d5e-1b51-7a31c600a5a5, button#3ad6f4c9-a7bf-9fc8-a1cd-f63683a1a946] @ https://cdn.utmify.com.br/scripts/pixel/pixel.js:0
[ 1580707ms] [LOG] buttons [button#73d12fe4-6281-1b5a-033a-4944aa0d1690, button#15ff392d-8fc8-a395-8b6e-c704cac45653.active, button#0b871e98-fdff-9d5e-1b51-7a31c600a5a5, button#3ad6f4c9-a7bf-9fc8-a1cd-f63683a1a946] @ https://cdn.utmify.com.br/scripts/pixel/pixel.js:0
[ 1582705ms] [LOG] buttons [button#73d12fe4-6281-1b5a-033a-4944aa0d1690, button#15ff392d-8fc8-a395-8b6e-c704cac45653, button#0b871e98-fdff-9d5e-1b51-7a31c600a5a5.active, button#3ad6f4c9-a7bf-9fc8-a1cd-f63683a1a946] @ https://cdn.utmify.com.br/scripts/pixel/pixel.js:0
[ 1584707ms] [LOG] buttons [button#73d12fe4-6281-1b5a-033a-4944aa0d1690, button#15ff392d-8fc8-a395-8b6e-c704cac45653, button#0b871e98-fdff-9d5e-1b51-7a31c600a5a5, button#3ad6f4c9-a7bf-9fc8-a1cd-f63683a1a946.active] @ https://cdn.utmify.com.br/scripts/pixel/pixel.js:0
[ 1586706ms] [LOG] buttons [button#73d12fe4-6281-1b5a-033a-4944aa0d1690, button#15ff392d-8fc8-a395-8b6e-c704cac45653, button#0b871e98-fdff-9d5e-1b51-7a31c600a5a5, button#3ad6f4c9-a7bf-9fc8-a1cd-f63683a1a946.active] @ https://cdn.utmify.com.br/scripts/pixel/pixel.js:0
[ 1588705ms] [LOG] buttons [button#73d12fe4-6281-1b5a-033a-4944aa0d1690.active, button#15ff392d-8fc8-a395-8b6e-c704cac45653, button#0b871e98-fdff-9d5e-1b51-7a31c600a5a5, button#3ad6f4c9-a7bf-9fc8-a1cd-f63683a1a946] @ https://cdn.utmify.com.br/scripts/pixel/pixel.js:0
[ 1590705ms] [LOG] buttons [button#73d12fe4-6281-1b5a-033a-4944aa0d1690, button#15ff392d-8fc8-a395-8b6e-c704cac45653.active, button#0b871e98-fdff-9d5e-1b51-7a31c600a5a5, button#3ad6f4c9-a7bf-9fc8-a1cd-f63683a1a946] @ https://cdn.utmify.com.br/scripts/pixel/pixel.js:0
[ 1592705ms] [LOG] buttons [button#73d12fe4-6281-1b5a-033a-4944aa0d1690, button#15ff392d-8fc8-a395-8b6e-c704cac45653.active, button#0b871e98-fdff-9d5e-1b51-7a31c600a5a5, button#3ad6f4c9-a7bf-9fc8-a1cd-f63683a1a946] @ https://cdn.utmify.com.br/scripts/pixel/pixel.js:0
[ 1594706ms] [LOG] buttons [button#73d12fe4-6281-1b5a-033a-4944aa0d1690, button#15ff392d-8fc8-a395-8b6e-c704cac45653, button#0b871e98-fdff-9d5e-1b51-7a31c600a5a5.active, button#3ad6f4c9-a7bf-9fc8-a1cd-f63683a1a946] @ https://cdn.utmify.com.br/scripts/pixel/pixel.js:0
[ 1596705ms] [LOG] buttons [button#73d12fe4-6281-1b5a-033a-4944aa0d1690, button#15ff392d-8fc8-a395-8b6e-c704cac45653, button#0b871e98-fdff-9d5e-1b51-7a31c600a5a5.active, button#3ad6f4c9-a7bf-9fc8-a1cd-f63683a1a946] @ https://cdn.utmify.com.br/scripts/pixel/pixel.js:0
[ 1598706ms] [LOG] buttons [button#73d12fe4-6281-1b5a-033a-4944aa0d1690, button#15ff392d-8fc8-a395-8b6e-c704cac45653, button#0b871e98-fdff-9d5e-1b51-7a31c600a5a5, button#3ad6f4c9-a7bf-9fc8-a1cd-f63683a1a946.active] @ https://cdn.utmify.com.br/scripts/pixel/pixel.js:0
[ 1600705ms] [LOG] buttons [button#73d12fe4-6281-1b5a-033a-4944aa0d1690.active, button#15ff392d-8fc8-a395-8b6e-c704cac45653, button#0b871e98-fdff-9d5e-1b51-7a31c600a5a5, button#3ad6f4c9-a7bf-9fc8-a1cd-f63683a1a946] @ https://cdn.utmify.com.br/scripts/pixel/pixel.js:0
[ 1602705ms] [LOG] buttons [button#73d12fe4-6281-1b5a-033a-4944aa0d1690.active, button#15ff392d-8fc8-a395-8b6e-c704cac45653, button#0b871e98-fdff-9d5e-1b51-7a31c600a5a5, button#3ad6f4c9-a7bf-9fc8-a1cd-f63683a1a946] @ https://cdn.utmify.com.br/scripts/pixel/pixel.js:0
[ 1604705ms] [LOG] buttons [button#73d12fe4-6281-1b5a-033a-4944aa0d1690, button#15ff392d-8fc8-a395-8b6e-c704cac45653.active, button#0b871e98-fdff-9d5e-1b51-7a31c600a5a5, button#3ad6f4c9-a7bf-9fc8-a1cd-f63683a1a946] @ https://cdn.utmify.com.br/scripts/pixel/pixel.js:0
[ 1606705ms] [LOG] buttons [button#73d12fe4-6281-1b5a-033a-4944aa0d1690, button#15ff392d-8fc8-a395-8b6e-c704cac45653, button#0b871e98-fdff-9d5e-1b51-7a31c600a5a5.active, button#3ad6f4c9-a7bf-9fc8-a1cd-f63683a1a946] @ https://cdn.utmify.com.br/scripts/pixel/pixel.js:0
[ 1608705ms] [LOG] buttons [button#73d12fe4-6281-1b5a-033a-4944aa0d1690, button#15ff392d-8fc8-a395-8b6e-c704cac45653, button#0b871e98-fdff-9d5e-1b51-7a31c600a5a5.active, button#3ad6f4c9-a7bf-9fc8-a1cd-f63683a1a946] @ https://cdn.utmify.com.br/scripts/pixel/pixel.js:0
[ 1610705ms] [LOG] buttons [button#73d12fe4-6281-1b5a-033a-4944aa0d1690, button#15ff392d-8fc8-a395-8b6e-c704cac45653, button#0b871e98-fdff-9d5e-1b51-7a31c600a5a5, button#3ad6f4c9-a7bf-9fc8-a1cd-f63683a1a946.active] @ https://cdn.utmify.com.br/scripts/pixel/pixel.js:0
[ 1612705ms] [LOG] buttons [button#73d12fe4-6281-1b5a-033a-4944aa0d1690, button#15ff392d-8fc8-a395-8b6e-c704cac45653, button#0b871e98-fdff-9d5e-1b51-7a31c600a5a5, button#3ad6f4c9-a7bf-9fc8-a1cd-f63683a1a946.active] @ https://cdn.utmify.com.br/scripts/pixel/pixel.js:0
[ 1614706ms] [LOG] buttons [button#73d12fe4-6281-1b5a-033a-4944aa0d1690.active, button#15ff392d-8fc8-a395-8b6e-c704cac45653, button#0b871e98-fdff-9d5e-1b51-7a31c600a5a5, button#3ad6f4c9-a7bf-9fc8-a1cd-f63683a1a946] @ https://cdn.utmify.com.br/scripts/pixel/pixel.js:0
[ 1616706ms] [LOG] buttons [button#73d12fe4-6281-1b5a-033a-4944aa0d1690, button#15ff392d-8fc8-a395-8b6e-c704cac45653.active, button#0b871e98-fdff-9d5e-1b51-7a31c600a5a5, button#3ad6f4c9-a7bf-9fc8-a1cd-f63683a1a946] @ https://cdn.utmify.com.br/scripts/pixel/pixel.js:0
[ 1618705ms] [LOG] buttons [button#73d12fe4-6281-1b5a-033a-4944aa0d1690, button#15ff392d-8fc8-a395-8b6e-c704cac45653.active, button#0b871e98-fdff-9d5e-1b51-7a31c600a5a5, button#3ad6f4c9-a7bf-9fc8-a1cd-f63683a1a946] @ https://cdn.utmify.com.br/scripts/pixel/pixel.js:0
[ 1620705ms] [LOG] buttons [button#73d12fe4-6281-1b5a-033a-4944aa0d1690, button#15ff392d-8fc8-a395-8b6e-c704cac45653, button#0b871e98-fdff-9d5e-1b51-7a31c600a5a5.active, button#3ad6f4c9-a7bf-9fc8-a1cd-f63683a1a946] @ https://cdn.utmify.com.br/scripts/pixel/pixel.js:0
[ 1622706ms] [LOG] buttons [button#73d12fe4-6281-1b5a-033a-4944aa0d1690, button#15ff392d-8fc8-a395-8b6e-c704cac45653, button#0b871e98-fdff-9d5e-1b51-7a31c600a5a5, button#3ad6f4c9-a7bf-9fc8-a1cd-f63683a1a946.active] @ https://cdn.utmify.com.br/scripts/pixel/pixel.js:0
[ 1624705ms] [LOG] buttons [button#73d12fe4-6281-1b5a-033a-4944aa0d1690, button#15ff392d-8fc8-a395-8b6e-c704cac45653, button#0b871e98-fdff-9d5e-1b51-7a31c600a5a5, button#3ad6f4c9-a7bf-9fc8-a1cd-f63683a1a946.active] @ https://cdn.utmify.com.br/scripts/pixel/pixel.js:0
[ 1626706ms] [LOG] buttons [button#73d12fe4-6281-1b5a-033a-4944aa0d1690.active, button#15ff392d-8fc8-a395-8b6e-c704cac45653, button#0b871e98-fdff-9d5e-1b51-7a31c600a5a5, button#3ad6f4c9-a7bf-9fc8-a1cd-f63683a1a946] @ https://cdn.utmify.com.br/scripts/pixel/pixel.js:0
[ 1628706ms] [LOG] buttons [button#73d12fe4-6281-1b5a-033a-4944aa0d1690.active, button#15ff392d-8fc8-a395-8b6e-c704cac45653, button#0b871e98-fdff-9d5e-1b51-7a31c600a5a5, button#3ad6f4c9-a7bf-9fc8-a1cd-f63683a1a946] @ https://cdn.utmify.com.br/scripts/pixel/pixel.js:0
[ 1630705ms] [LOG] buttons [button#73d12fe4-6281-1b5a-033a-4944aa0d1690, button#15ff392d-8fc8-a395-8b6e-c704cac45653.active, button#0b871e98-fdff-9d5e-1b51-7a31c600a5a5, button#3ad6f4c9-a7bf-9fc8-a1cd-f63683a1a946] @ https://cdn.utmify.com.br/scripts/pixel/pixel.js:0
[ 1632706ms] [LOG] buttons [button#73d12fe4-6281-1b5a-033a-4944aa0d1690, button#15ff392d-8fc8-a395-8b6e-c704cac45653, button#0b871e98-fdff-9d5e-1b51-7a31c600a5a5.active, button#3ad6f4c9-a7bf-9fc8-a1cd-f63683a1a946] @ https://cdn.utmify.com.br/scripts/pixel/pixel.js:0
[ 1634705ms] [LOG] buttons [button#73d12fe4-6281-1b5a-033a-4944aa0d1690, button#15ff392d-8fc8-a395-8b6e-c704cac45653, button#0b871e98-fdff-9d5e-1b51-7a31c600a5a5.active, button#3ad6f4c9-a7bf-9fc8-a1cd-f63683a1a946] @ https://cdn.utmify.com.br/scripts/pixel/pixel.js:0
[ 1636706ms] [LOG] buttons [button#73d12fe4-6281-1b5a-033a-4944aa0d1690, button#15ff392d-8fc8-a395-8b6e-c704cac45653, button#0b871e98-fdff-9d5e-1b51-7a31c600a5a5, button#3ad6f4c9-a7bf-9fc8-a1cd-f63683a1a946.active] @ https://cdn.utmify.com.br/scripts/pixel/pixel.js:0
[ 1638706ms] [LOG] buttons [button#73d12fe4-6281-1b5a-033a-4944aa0d1690.active, button#15ff392d-8fc8-a395-8b6e-c704cac45653, button#0b871e98-fdff-9d5e-1b51-7a31c600a5a5, button#3ad6f4c9-a7bf-9fc8-a1cd-f63683a1a946] @ https://cdn.utmify.com.br/scripts/pixel/pixel.js:0
[ 1640706ms] [LOG] buttons [button#73d12fe4-6281-1b5a-033a-4944aa0d1690.active, button#15ff392d-8fc8-a395-8b6e-c704cac45653, button#0b871e98-fdff-9d5e-1b51-7a31c600a5a5, button#3ad6f4c9-a7bf-9fc8-a1cd-f63683a1a946] @ https://cdn.utmify.com.br/scripts/pixel/pixel.js:0
[ 1642705ms] [LOG] buttons [button#73d12fe4-6281-1b5a-033a-4944aa0d1690, button#15ff392d-8fc8-a395-8b6e-c704cac45653.active, button#0b871e98-fdff-9d5e-1b51-7a31c600a5a5, button#3ad6f4c9-a7bf-9fc8-a1cd-f63683a1a946] @ https://cdn.utmify.com.br/scripts/pixel/pixel.js:0
[ 1644706ms] [LOG] buttons [button#73d12fe4-6281-1b5a-033a-4944aa0d1690, button#15ff392d-8fc8-a395-8b6e-c704cac45653.active, button#0b871e98-fdff-9d5e-1b51-7a31c600a5a5, button#3ad6f4c9-a7bf-9fc8-a1cd-f63683a1a946] @ https://cdn.utmify.com.br/scripts/pixel/pixel.js:0
[ 1646705ms] [LOG] buttons [button#73d12fe4-6281-1b5a-033a-4944aa0d1690, button#15ff392d-8fc8-a395-8b6e-c704cac45653, button#0b871e98-fdff-9d5e-1b51-7a31c600a5a5.active, button#3ad6f4c9-a7bf-9fc8-a1cd-f63683a1a946] @ https://cdn.utmify.com.br/scripts/pixel/pixel.js:0
[ 1648706ms] [LOG] buttons [button#73d12fe4-6281-1b5a-033a-4944aa0d1690, button#15ff392d-8fc8-a395-8b6e-c704cac45653, button#0b871e98-fdff-9d5e-1b51-7a31c600a5a5, button#3ad6f4c9-a7bf-9fc8-a1cd-f63683a1a946.active] @ https://cdn.utmify.com.br/scripts/pixel/pixel.js:0
[ 1650705ms] [LOG] buttons [button#73d12fe4-6281-1b5a-033a-4944aa0d1690, button#15ff392d-8fc8-a395-8b6e-c704cac45653, button#0b871e98-fdff-9d5e-1b51-7a31c600a5a5, button#3ad6f4c9-a7bf-9fc8-a1cd-f63683a1a946.active] @ https://cdn.utmify.com.br/scripts/pixel/pixel.js:0
[ 1652705ms] [LOG] buttons [button#73d12fe4-6281-1b5a-033a-4944aa0d1690.active, button#15ff392d-8fc8-a395-8b6e-c704cac45653, button#0b871e98-fdff-9d5e-1b51-7a31c600a5a5, button#3ad6f4c9-a7bf-9fc8-a1cd-f63683a1a946] @ https://cdn.utmify.com.br/scripts/pixel/pixel.js:0
[ 1654706ms] [LOG] buttons [button#73d12fe4-6281-1b5a-033a-4944aa0d1690, button#15ff392d-8fc8-a395-8b6e-c704cac45653.active, button#0b871e98-fdff-9d5e-1b51-7a31c600a5a5, button#3ad6f4c9-a7bf-9fc8-a1cd-f63683a1a946] @ https://cdn.utmify.com.br/scripts/pixel/pixel.js:0
[ 1656705ms] [LOG] buttons [button#73d12fe4-6281-1b5a-033a-4944aa0d1690, button#15ff392d-8fc8-a395-8b6e-c704cac45653.active, button#0b871e98-fdff-9d5e-1b51-7a31c600a5a5, button#3ad6f4c9-a7bf-9fc8-a1cd-f63683a1a946] @ https://cdn.utmify.com.br/scripts/pixel/pixel.js:0
[ 1658706ms] [LOG] buttons [button#73d12fe4-6281-1b5a-033a-4944aa0d1690, button#15ff392d-8fc8-a395-8b6e-c704cac45653, button#0b871e98-fdff-9d5e-1b51-7a31c600a5a5.active, button#3ad6f4c9-a7bf-9fc8-a1cd-f63683a1a946] @ https://cdn.utmify.com.br/scripts/pixel/pixel.js:0
[ 1660705ms] [LOG] buttons [button#73d12fe4-6281-1b5a-033a-4944aa0d1690, button#15ff392d-8fc8-a395-8b6e-c704cac45653, button#0b871e98-fdff-9d5e-1b51-7a31c600a5a5.active, button#3ad6f4c9-a7bf-9fc8-a1cd-f63683a1a946] @ https://cdn.utmify.com.br/scripts/pixel/pixel.js:0
[ 1662706ms] [LOG] buttons [button#73d12fe4-6281-1b5a-033a-4944aa0d1690, button#15ff392d-8fc8-a395-8b6e-c704cac45653, button#0b871e98-fdff-9d5e-1b51-7a31c600a5a5, button#3ad6f4c9-a7bf-9fc8-a1cd-f63683a1a946.active] @ https://cdn.utmify.com.br/scripts/pixel/pixel.js:0
[ 1664706ms] [LOG] buttons [button#73d12fe4-6281-1b5a-033a-4944aa0d1690.active, button#15ff392d-8fc8-a395-8b6e-c704cac45653, button#0b871e98-fdff-9d5e-1b51-7a31c600a5a5, button#3ad6f4c9-a7bf-9fc8-a1cd-f63683a1a946] @ https://cdn.utmify.com.br/scripts/pixel/pixel.js:0
[ 1666705ms] [LOG] buttons [button#73d12fe4-6281-1b5a-033a-4944aa0d1690.active, button#15ff392d-8fc8-a395-8b6e-c704cac45653, button#0b871e98-fdff-9d5e-1b51-7a31c600a5a5, button#3ad6f4c9-a7bf-9fc8-a1cd-f63683a1a946] @ https://cdn.utmify.com.br/scripts/pixel/pixel.js:0
[ 1668706ms] [LOG] buttons [button#73d12fe4-6281-1b5a-033a-4944aa0d1690, button#15ff392d-8fc8-a395-8b6e-c704cac45653.active, button#0b871e98-fdff-9d5e-1b51-7a31c600a5a5, button#3ad6f4c9-a7bf-9fc8-a1cd-f63683a1a946] @ https://cdn.utmify.com.br/scripts/pixel/pixel.js:0
[ 1670707ms] [LOG] buttons [button#73d12fe4-6281-1b5a-033a-4944aa0d1690, button#15ff392d-8fc8-a395-8b6e-c704cac45653, button#0b871e98-fdff-9d5e-1b51-7a31c600a5a5.active, button#3ad6f4c9-a7bf-9fc8-a1cd-f63683a1a946] @ https://cdn.utmify.com.br/scripts/pixel/pixel.js:0
[ 1672705ms] [LOG] buttons [button#73d12fe4-6281-1b5a-033a-4944aa0d1690, button#15ff392d-8fc8-a395-8b6e-c704cac45653, button#0b871e98-fdff-9d5e-1b51-7a31c600a5a5.active, button#3ad6f4c9-a7bf-9fc8-a1cd-f63683a1a946] @ https://cdn.utmify.com.br/scripts/pixel/pixel.js:0
[ 1674706ms] [LOG] buttons [button#73d12fe4-6281-1b5a-033a-4944aa0d1690, button#15ff392d-8fc8-a395-8b6e-c704cac45653, button#0b871e98-fdff-9d5e-1b51-7a31c600a5a5, button#3ad6f4c9-a7bf-9fc8-a1cd-f63683a1a946.active] @ https://cdn.utmify.com.br/scripts/pixel/pixel.js:0
[ 1676706ms] [LOG] buttons [button#73d12fe4-6281-1b5a-033a-4944aa0d1690, button#15ff392d-8fc8-a395-8b6e-c704cac45653, button#0b871e98-fdff-9d5e-1b51-7a31c600a5a5, button#3ad6f4c9-a7bf-9fc8-a1cd-f63683a1a946.active] @ https://cdn.utmify.com.br/scripts/pixel/pixel.js:0
[ 1678705ms] [LOG] buttons [button#73d12fe4-6281-1b5a-033a-4944aa0d1690.active, button#15ff392d-8fc8-a395-8b6e-c704cac45653, button#0b871e98-fdff-9d5e-1b51-7a31c600a5a5, button#3ad6f4c9-a7bf-9fc8-a1cd-f63683a1a946] @ https://cdn.utmify.com.br/scripts/pixel/pixel.js:0
[ 1680706ms] [LOG] buttons [button#73d12fe4-6281-1b5a-033a-4944aa0d1690, button#15ff392d-8fc8-a395-8b6e-c704cac45653.active, button#0b871e98-fdff-9d5e-1b51-7a31c600a5a5, button#3ad6f4c9-a7bf-9fc8-a1cd-f63683a1a946] @ https://cdn.utmify.com.br/scripts/pixel/pixel.js:0
[ 1682706ms] [LOG] buttons [button#73d12fe4-6281-1b5a-033a-4944aa0d1690, button#15ff392d-8fc8-a395-8b6e-c704cac45653.active, button#0b871e98-fdff-9d5e-1b51-7a31c600a5a5, button#3ad6f4c9-a7bf-9fc8-a1cd-f63683a1a946] @ https://cdn.utmify.com.br/scripts/pixel/pixel.js:0
[ 1684706ms] [LOG] buttons [button#73d12fe4-6281-1b5a-033a-4944aa0d1690, button#15ff392d-8fc8-a395-8b6e-c704cac45653, button#0b871e98-fdff-9d5e-1b51-7a31c600a5a5.active, button#3ad6f4c9-a7bf-9fc8-a1cd-f63683a1a946] @ https://cdn.utmify.com.br/scripts/pixel/pixel.js:0
[ 1686705ms] [LOG] buttons [button#73d12fe4-6281-1b5a-033a-4944aa0d1690, button#15ff392d-8fc8-a395-8b6e-c704cac45653, button#0b871e98-fdff-9d5e-1b51-7a31c600a5a5, button#3ad6f4c9-a7bf-9fc8-a1cd-f63683a1a946.active] @ https://cdn.utmify.com.br/scripts/pixel/pixel.js:0
[ 1688706ms] [LOG] buttons [button#73d12fe4-6281-1b5a-033a-4944aa0d1690, button#15ff392d-8fc8-a395-8b6e-c704cac45653, button#0b871e98-fdff-9d5e-1b51-7a31c600a5a5, button#3ad6f4c9-a7bf-9fc8-a1cd-f63683a1a946.active] @ https://cdn.utmify.com.br/scripts/pixel/pixel.js:0
[ 1690706ms] [LOG] buttons [button#73d12fe4-6281-1b5a-033a-4944aa0d1690.active, button#15ff392d-8fc8-a395-8b6e-c704cac45653, button#0b871e98-fdff-9d5e-1b51-7a31c600a5a5, button#3ad6f4c9-a7bf-9fc8-a1cd-f63683a1a946] @ https://cdn.utmify.com.br/scripts/pixel/pixel.js:0
[ 1692705ms] [LOG] buttons [button#73d12fe4-6281-1b5a-033a-4944aa0d1690.active, button#15ff392d-8fc8-a395-8b6e-c704cac45653, button#0b871e98-fdff-9d5e-1b51-7a31c600a5a5, button#3ad6f4c9-a7bf-9fc8-a1cd-f63683a1a946] @ https://cdn.utmify.com.br/scripts/pixel/pixel.js:0
[ 1694706ms] [LOG] buttons [button#73d12fe4-6281-1b5a-033a-4944aa0d1690, button#15ff392d-8fc8-a395-8b6e-c704cac45653.active, button#0b871e98-fdff-9d5e-1b51-7a31c600a5a5, button#3ad6f4c9-a7bf-9fc8-a1cd-f63683a1a946] @ https://cdn.utmify.com.br/scripts/pixel/pixel.js:0
[ 1696706ms] [LOG] buttons [button#73d12fe4-6281-1b5a-033a-4944aa0d1690, button#15ff392d-8fc8-a395-8b6e-c704cac45653, button#0b871e98-fdff-9d5e-1b51-7a31c600a5a5.active, button#3ad6f4c9-a7bf-9fc8-a1cd-f63683a1a946] @ https://cdn.utmify.com.br/scripts/pixel/pixel.js:0
[ 1698706ms] [LOG] buttons [button#73d12fe4-6281-1b5a-033a-4944aa0d1690, button#15ff392d-8fc8-a395-8b6e-c704cac45653, button#0b871e98-fdff-9d5e-1b51-7a31c600a5a5.active, button#3ad6f4c9-a7bf-9fc8-a1cd-f63683a1a946] @ https://cdn.utmify.com.br/scripts/pixel/pixel.js:0
[ 1700705ms] [LOG] buttons [button#73d12fe4-6281-1b5a-033a-4944aa0d1690, button#15ff392d-8fc8-a395-8b6e-c704cac45653, button#0b871e98-fdff-9d5e-1b51-7a31c600a5a5, button#3ad6f4c9-a7bf-9fc8-a1cd-f63683a1a946.active] @ https://cdn.utmify.com.br/scripts/pixel/pixel.js:0
[ 1702707ms] [LOG] buttons [button#73d12fe4-6281-1b5a-033a-4944aa0d1690.active, button#15ff392d-8fc8-a395-8b6e-c704cac45653, button#0b871e98-fdff-9d5e-1b51-7a31c600a5a5, button#3ad6f4c9-a7bf-9fc8-a1cd-f63683a1a946] @ https://cdn.utmify.com.br/scripts/pixel/pixel.js:0
[ 1704705ms] [LOG] buttons [button#73d12fe4-6281-1b5a-033a-4944aa0d1690.active, button#15ff392d-8fc8-a395-8b6e-c704cac45653, button#0b871e98-fdff-9d5e-1b51-7a31c600a5a5, button#3ad6f4c9-a7bf-9fc8-a1cd-f63683a1a946] @ https://cdn.utmify.com.br/scripts/pixel/pixel.js:0
[ 1706705ms] [LOG] buttons [button#73d12fe4-6281-1b5a-033a-4944aa0d1690, button#15ff392d-8fc8-a395-8b6e-c704cac45653.active, button#0b871e98-fdff-9d5e-1b51-7a31c600a5a5, button#3ad6f4c9-a7bf-9fc8-a1cd-f63683a1a946] @ https://cdn.utmify.com.br/scripts/pixel/pixel.js:0
[ 1708705ms] [LOG] buttons [button#73d12fe4-6281-1b5a-033a-4944aa0d1690, button#15ff392d-8fc8-a395-8b6e-c704cac45653.active, button#0b871e98-fdff-9d5e-1b51-7a31c600a5a5, button#3ad6f4c9-a7bf-9fc8-a1cd-f63683a1a946] @ https://cdn.utmify.com.br/scripts/pixel/pixel.js:0
[ 1710705ms] [LOG] buttons [button#73d12fe4-6281-1b5a-033a-4944aa0d1690, button#15ff392d-8fc8-a395-8b6e-c704cac45653, button#0b871e98-fdff-9d5e-1b51-7a31c600a5a5.active, button#3ad6f4c9-a7bf-9fc8-a1cd-f63683a1a946] @ https://cdn.utmify.com.br/scripts/pixel/pixel.js:0
[ 1712706ms] [LOG] buttons [button#73d12fe4-6281-1b5a-033a-4944aa0d1690, button#15ff392d-8fc8-a395-8b6e-c704cac45653, button#0b871e98-fdff-9d5e-1b51-7a31c600a5a5, button#3ad6f4c9-a7bf-9fc8-a1cd-f63683a1a946.active] @ https://cdn.utmify.com.br/scripts/pixel/pixel.js:0
[ 1714706ms] [LOG] buttons [button#73d12fe4-6281-1b5a-033a-4944aa0d1690, button#15ff392d-8fc8-a395-8b6e-c704cac45653, button#0b871e98-fdff-9d5e-1b51-7a31c600a5a5, button#3ad6f4c9-a7bf-9fc8-a1cd-f63683a1a946.active] @ https://cdn.utmify.com.br/scripts/pixel/pixel.js:0
[ 1716707ms] [LOG] buttons [button#73d12fe4-6281-1b5a-033a-4944aa0d1690.active, button#15ff392d-8fc8-a395-8b6e-c704cac45653, button#0b871e98-fdff-9d5e-1b51-7a31c600a5a5, button#3ad6f4c9-a7bf-9fc8-a1cd-f63683a1a946] @ https://cdn.utmify.com.br/scripts/pixel/pixel.js:0
[ 1718706ms] [LOG] buttons [button#73d12fe4-6281-1b5a-033a-4944aa0d1690, button#15ff392d-8fc8-a395-8b6e-c704cac45653.active, button#0b871e98-fdff-9d5e-1b51-7a31c600a5a5, button#3ad6f4c9-a7bf-9fc8-a1cd-f63683a1a946] @ https://cdn.utmify.com.br/scripts/pixel/pixel.js:0
[ 1720706ms] [LOG] buttons [button#73d12fe4-6281-1b5a-033a-4944aa0d1690, button#15ff392d-8fc8-a395-8b6e-c704cac45653.active, button#0b871e98-fdff-9d5e-1b51-7a31c600a5a5, button#3ad6f4c9-a7bf-9fc8-a1cd-f63683a1a946] @ https://cdn.utmify.com.br/scripts/pixel/pixel.js:0
[ 1722706ms] [LOG] buttons [button#73d12fe4-6281-1b5a-033a-4944aa0d1690, button#15ff392d-8fc8-a395-8b6e-c704cac45653, button#0b871e98-fdff-9d5e-1b51-7a31c600a5a5.active, button#3ad6f4c9-a7bf-9fc8-a1cd-f63683a1a946] @ https://cdn.utmify.com.br/scripts/pixel/pixel.js:0
[ 1724706ms] [LOG] buttons [button#73d12fe4-6281-1b5a-033a-4944aa0d1690, button#15ff392d-8fc8-a395-8b6e-c704cac45653, button#0b871e98-fdff-9d5e-1b51-7a31c600a5a5.active, button#3ad6f4c9-a7bf-9fc8-a1cd-f63683a1a946] @ https://cdn.utmify.com.br/scripts/pixel/pixel.js:0
[ 1726706ms] [LOG] buttons [button#73d12fe4-6281-1b5a-033a-4944aa0d1690, button#15ff392d-8fc8-a395-8b6e-c704cac45653, button#0b871e98-fdff-9d5e-1b51-7a31c600a5a5, button#3ad6f4c9-a7bf-9fc8-a1cd-f63683a1a946.active] @ https://cdn.utmify.com.br/scripts/pixel/pixel.js:0
[ 1728706ms] [LOG] buttons [button#73d12fe4-6281-1b5a-033a-4944aa0d1690.active, button#15ff392d-8fc8-a395-8b6e-c704cac45653, button#0b871e98-fdff-9d5e-1b51-7a31c600a5a5, button#3ad6f4c9-a7bf-9fc8-a1cd-f63683a1a946] @ https://cdn.utmify.com.br/scripts/pixel/pixel.js:0
[ 1730706ms] [LOG] buttons [button#73d12fe4-6281-1b5a-033a-4944aa0d1690.active, button#15ff392d-8fc8-a395-8b6e-c704cac45653, button#0b871e98-fdff-9d5e-1b51-7a31c600a5a5, button#3ad6f4c9-a7bf-9fc8-a1cd-f63683a1a946] @ https://cdn.utmify.com.br/scripts/pixel/pixel.js:0
[ 1732705ms] [LOG] buttons [button#73d12fe4-6281-1b5a-033a-4944aa0d1690, button#15ff392d-8fc8-a395-8b6e-c704cac45653.active, button#0b871e98-fdff-9d5e-1b51-7a31c600a5a5, button#3ad6f4c9-a7bf-9fc8-a1cd-f63683a1a946] @ https://cdn.utmify.com.br/scripts/pixel/pixel.js:0
[ 1734706ms] [LOG] buttons [button#73d12fe4-6281-1b5a-033a-4944aa0d1690, button#15ff392d-8fc8-a395-8b6e-c704cac45653, button#0b871e98-fdff-9d5e-1b51-7a31c600a5a5.active, button#3ad6f4c9-a7bf-9fc8-a1cd-f63683a1a946] @ https://cdn.utmify.com.br/scripts/pixel/pixel.js:0
[ 1736706ms] [LOG] buttons [button#73d12fe4-6281-1b5a-033a-4944aa0d1690, button#15ff392d-8fc8-a395-8b6e-c704cac45653, button#0b871e98-fdff-9d5e-1b51-7a31c600a5a5.active, button#3ad6f4c9-a7bf-9fc8-a1cd-f63683a1a946] @ https://cdn.utmify.com.br/scripts/pixel/pixel.js:0
[ 1738705ms] [LOG] buttons [button#73d12fe4-6281-1b5a-033a-4944aa0d1690, button#15ff392d-8fc8-a395-8b6e-c704cac45653, button#0b871e98-fdff-9d5e-1b51-7a31c600a5a5, button#3ad6f4c9-a7bf-9fc8-a1cd-f63683a1a946.active] @ https://cdn.utmify.com.br/scripts/pixel/pixel.js:0
[ 1740705ms] [LOG] buttons [button#73d12fe4-6281-1b5a-033a-4944aa0d1690, button#15ff392d-8fc8-a395-8b6e-c704cac45653, button#0b871e98-fdff-9d5e-1b51-7a31c600a5a5, button#3ad6f4c9-a7bf-9fc8-a1cd-f63683a1a946.active] @ https://cdn.utmify.com.br/scripts/pixel/pixel.js:0
[ 1742705ms] [LOG] buttons [button#73d12fe4-6281-1b5a-033a-4944aa0d1690.active, button#15ff392d-8fc8-a395-8b6e-c704cac45653, button#0b871e98-fdff-9d5e-1b51-7a31c600a5a5, button#3ad6f4c9-a7bf-9fc8-a1cd-f63683a1a946] @ https://cdn.utmify.com.br/scripts/pixel/pixel.js:0
[ 1744706ms] [LOG] buttons [button#73d12fe4-6281-1b5a-033a-4944aa0d1690, button#15ff392d-8fc8-a395-8b6e-c704cac45653.active, button#0b871e98-fdff-9d5e-1b51-7a31c600a5a5, button#3ad6f4c9-a7bf-9fc8-a1cd-f63683a1a946] @ https://cdn.utmify.com.br/scripts/pixel/pixel.js:0
[ 1746705ms] [LOG] buttons [button#73d12fe4-6281-1b5a-033a-4944aa0d1690, button#15ff392d-8fc8-a395-8b6e-c704cac45653.active, button#0b871e98-fdff-9d5e-1b51-7a31c600a5a5, button#3ad6f4c9-a7bf-9fc8-a1cd-f63683a1a946] @ https://cdn.utmify.com.br/scripts/pixel/pixel.js:0
[ 1748705ms] [LOG] buttons [button#73d12fe4-6281-1b5a-033a-4944aa0d1690, button#15ff392d-8fc8-a395-8b6e-c704cac45653, button#0b871e98-fdff-9d5e-1b51-7a31c600a5a5.active, button#3ad6f4c9-a7bf-9fc8-a1cd-f63683a1a946] @ https://cdn.utmify.com.br/scripts/pixel/pixel.js:0
[ 1750706ms] [LOG] buttons [button#73d12fe4-6281-1b5a-033a-4944aa0d1690, button#15ff392d-8fc8-a395-8b6e-c704cac45653, button#0b871e98-fdff-9d5e-1b51-7a31c600a5a5, button#3ad6f4c9-a7bf-9fc8-a1cd-f63683a1a946.active] @ https://cdn.utmify.com.br/scripts/pixel/pixel.js:0
[ 1752706ms] [LOG] buttons [button#73d12fe4-6281-1b5a-033a-4944aa0d1690, button#15ff392d-8fc8-a395-8b6e-c704cac45653, button#0b871e98-fdff-9d5e-1b51-7a31c600a5a5, button#3ad6f4c9-a7bf-9fc8-a1cd-f63683a1a946.active] @ https://cdn.utmify.com.br/scripts/pixel/pixel.js:0
[ 1754705ms] [LOG] buttons [button#73d12fe4-6281-1b5a-033a-4944aa0d1690.active, button#15ff392d-8fc8-a395-8b6e-c704cac45653, button#0b871e98-fdff-9d5e-1b51-7a31c600a5a5, button#3ad6f4c9-a7bf-9fc8-a1cd-f63683a1a946] @ https://cdn.utmify.com.br/scripts/pixel/pixel.js:0
[ 1756706ms] [LOG] buttons [button#73d12fe4-6281-1b5a-033a-4944aa0d1690.active, button#15ff392d-8fc8-a395-8b6e-c704cac45653, button#0b871e98-fdff-9d5e-1b51-7a31c600a5a5, button#3ad6f4c9-a7bf-9fc8-a1cd-f63683a1a946] @ https://cdn.utmify.com.br/scripts/pixel/pixel.js:0
[ 1758705ms] [LOG] buttons [button#73d12fe4-6281-1b5a-033a-4944aa0d1690, button#15ff392d-8fc8-a395-8b6e-c704cac45653.active, button#0b871e98-fdff-9d5e-1b51-7a31c600a5a5, button#3ad6f4c9-a7bf-9fc8-a1cd-f63683a1a946] @ https://cdn.utmify.com.br/scripts/pixel/pixel.js:0
[ 1760707ms] [LOG] buttons [button#73d12fe4-6281-1b5a-033a-4944aa0d1690, button#15ff392d-8fc8-a395-8b6e-c704cac45653, button#0b871e98-fdff-9d5e-1b51-7a31c600a5a5.active, button#3ad6f4c9-a7bf-9fc8-a1cd-f63683a1a946] @ https://cdn.utmify.com.br/scripts/pixel/pixel.js:0
[ 1762706ms] [LOG] buttons [button#73d12fe4-6281-1b5a-033a-4944aa0d1690, button#15ff392d-8fc8-a395-8b6e-c704cac45653, button#0b871e98-fdff-9d5e-1b51-7a31c600a5a5.active, button#3ad6f4c9-a7bf-9fc8-a1cd-f63683a1a946] @ https://cdn.utmify.com.br/scripts/pixel/pixel.js:0
[ 1764706ms] [LOG] buttons [button#73d12fe4-6281-1b5a-033a-4944aa0d1690, button#15ff392d-8fc8-a395-8b6e-c704cac45653, button#0b871e98-fdff-9d5e-1b51-7a31c600a5a5, button#3ad6f4c9-a7bf-9fc8-a1cd-f63683a1a946.active] @ https://cdn.utmify.com.br/scripts/pixel/pixel.js:0
[ 1766706ms] [LOG] buttons [button#73d12fe4-6281-1b5a-033a-4944aa0d1690.active, button#15ff392d-8fc8-a395-8b6e-c704cac45653, button#0b871e98-fdff-9d5e-1b51-7a31c600a5a5, button#3ad6f4c9-a7bf-9fc8-a1cd-f63683a1a946] @ https://cdn.utmify.com.br/scripts/pixel/pixel.js:0
[ 1768706ms] [LOG] buttons [button#73d12fe4-6281-1b5a-033a-4944aa0d1690.active, button#15ff392d-8fc8-a395-8b6e-c704cac45653, button#0b871e98-fdff-9d5e-1b51-7a31c600a5a5, button#3ad6f4c9-a7bf-9fc8-a1cd-f63683a1a946] @ https://cdn.utmify.com.br/scripts/pixel/pixel.js:0
[ 1770706ms] [LOG] buttons [button#73d12fe4-6281-1b5a-033a-4944aa0d1690, button#15ff392d-8fc8-a395-8b6e-c704cac45653.active, button#0b871e98-fdff-9d5e-1b51-7a31c600a5a5, button#3ad6f4c9-a7bf-9fc8-a1cd-f63683a1a946] @ https://cdn.utmify.com.br/scripts/pixel/pixel.js:0
[ 1772706ms] [LOG] buttons [button#73d12fe4-6281-1b5a-033a-4944aa0d1690, button#15ff392d-8fc8-a395-8b6e-c704cac45653.active, button#0b871e98-fdff-9d5e-1b51-7a31c600a5a5, button#3ad6f4c9-a7bf-9fc8-a1cd-f63683a1a946] @ https://cdn.utmify.com.br/scripts/pixel/pixel.js:0
[ 1774706ms] [LOG] buttons [button#73d12fe4-6281-1b5a-033a-4944aa0d1690, button#15ff392d-8fc8-a395-8b6e-c704cac45653, button#0b871e98-fdff-9d5e-1b51-7a31c600a5a5.active, button#3ad6f4c9-a7bf-9fc8-a1cd-f63683a1a946] @ https://cdn.utmify.com.br/scripts/pixel/pixel.js:0
[ 1776706ms] [LOG] buttons [button#73d12fe4-6281-1b5a-033a-4944aa0d1690, button#15ff392d-8fc8-a395-8b6e-c704cac45653, button#0b871e98-fdff-9d5e-1b51-7a31c600a5a5, button#3ad6f4c9-a7bf-9fc8-a1cd-f63683a1a946.active] @ https://cdn.utmify.com.br/scripts/pixel/pixel.js:0
[ 1778706ms] [LOG] buttons [button#73d12fe4-6281-1b5a-033a-4944aa0d1690, button#15ff392d-8fc8-a395-8b6e-c704cac45653, button#0b871e98-fdff-9d5e-1b51-7a31c600a5a5, button#3ad6f4c9-a7bf-9fc8-a1cd-f63683a1a946.active] @ https://cdn.utmify.com.br/scripts/pixel/pixel.js:0
[ 1780706ms] [LOG] buttons [button#73d12fe4-6281-1b5a-033a-4944aa0d1690.active, button#15ff392d-8fc8-a395-8b6e-c704cac45653, button#0b871e98-fdff-9d5e-1b51-7a31c600a5a5, button#3ad6f4c9-a7bf-9fc8-a1cd-f63683a1a946] @ https://cdn.utmify.com.br/scripts/pixel/pixel.js:0
[ 1782705ms] [LOG] buttons [button#73d12fe4-6281-1b5a-033a-4944aa0d1690, button#15ff392d-8fc8-a395-8b6e-c704cac45653.active, button#0b871e98-fdff-9d5e-1b51-7a31c600a5a5, button#3ad6f4c9-a7bf-9fc8-a1cd-f63683a1a946] @ https://cdn.utmify.com.br/scripts/pixel/pixel.js:0
[ 1784706ms] [LOG] buttons [button#73d12fe4-6281-1b5a-033a-4944aa0d1690, button#15ff392d-8fc8-a395-8b6e-c704cac45653.active, button#0b871e98-fdff-9d5e-1b51-7a31c600a5a5, button#3ad6f4c9-a7bf-9fc8-a1cd-f63683a1a946] @ https://cdn.utmify.com.br/scripts/pixel/pixel.js:0
[ 1786706ms] [LOG] buttons [button#73d12fe4-6281-1b5a-033a-4944aa0d1690, button#15ff392d-8fc8-a395-8b6e-c704cac45653, button#0b871e98-fdff-9d5e-1b51-7a31c600a5a5.active, button#3ad6f4c9-a7bf-9fc8-a1cd-f63683a1a946] @ https://cdn.utmify.com.br/scripts/pixel/pixel.js:0
[ 1788706ms] [LOG] buttons [button#73d12fe4-6281-1b5a-033a-4944aa0d1690, button#15ff392d-8fc8-a395-8b6e-c704cac45653, button#0b871e98-fdff-9d5e-1b51-7a31c600a5a5.active, button#3ad6f4c9-a7bf-9fc8-a1cd-f63683a1a946] @ https://cdn.utmify.com.br/scripts/pixel/pixel.js:0
[ 1790706ms] [LOG] buttons [button#73d12fe4-6281-1b5a-033a-4944aa0d1690, button#15ff392d-8fc8-a395-8b6e-c704cac45653, button#0b871e98-fdff-9d5e-1b51-7a31c600a5a5, button#3ad6f4c9-a7bf-9fc8-a1cd-f63683a1a946.active] @ https://cdn.utmify.com.br/scripts/pixel/pixel.js:0
[ 1792706ms] [LOG] buttons [button#73d12fe4-6281-1b5a-033a-4944aa0d1690.active, button#15ff392d-8fc8-a395-8b6e-c704cac45653, button#0b871e98-fdff-9d5e-1b51-7a31c600a5a5, button#3ad6f4c9-a7bf-9fc8-a1cd-f63683a1a946] @ https://cdn.utmify.com.br/scripts/pixel/pixel.js:0
[ 1794706ms] [LOG] buttons [button#73d12fe4-6281-1b5a-033a-4944aa0d1690.active, button#15ff392d-8fc8-a395-8b6e-c704cac45653, button#0b871e98-fdff-9d5e-1b51-7a31c600a5a5, button#3ad6f4c9-a7bf-9fc8-a1cd-f63683a1a946] @ https://cdn.utmify.com.br/scripts/pixel/pixel.js:0
[ 1796706ms] [LOG] buttons [button#73d12fe4-6281-1b5a-033a-4944aa0d1690, button#15ff392d-8fc8-a395-8b6e-c704cac45653.active, button#0b871e98-fdff-9d5e-1b51-7a31c600a5a5, button#3ad6f4c9-a7bf-9fc8-a1cd-f63683a1a946] @ https://cdn.utmify.com.br/scripts/pixel/pixel.js:0
[ 1798706ms] [LOG] buttons [button#73d12fe4-6281-1b5a-033a-4944aa0d1690, button#15ff392d-8fc8-a395-8b6e-c704cac45653, button#0b871e98-fdff-9d5e-1b51-7a31c600a5a5.active, button#3ad6f4c9-a7bf-9fc8-a1cd-f63683a1a946] @ https://cdn.utmify.com.br/scripts/pixel/pixel.js:0
[ 1800706ms] [LOG] buttons [button#73d12fe4-6281-1b5a-033a-4944aa0d1690, button#15ff392d-8fc8-a395-8b6e-c704cac45653, button#0b871e98-fdff-9d5e-1b51-7a31c600a5a5.active, button#3ad6f4c9-a7bf-9fc8-a1cd-f63683a1a946] @ https://cdn.utmify.com.br/scripts/pixel/pixel.js:0
[ 1802705ms] [LOG] buttons [button#73d12fe4-6281-1b5a-033a-4944aa0d1690, button#15ff392d-8fc8-a395-8b6e-c704cac45653, button#0b871e98-fdff-9d5e-1b51-7a31c600a5a5, button#3ad6f4c9-a7bf-9fc8-a1cd-f63683a1a946.active] @ https://cdn.utmify.com.br/scripts/pixel/pixel.js:0
[ 1804705ms] [LOG] buttons [button#73d12fe4-6281-1b5a-033a-4944aa0d1690, button#15ff392d-8fc8-a395-8b6e-c704cac45653, button#0b871e98-fdff-9d5e-1b51-7a31c600a5a5, button#3ad6f4c9-a7bf-9fc8-a1cd-f63683a1a946.active] @ https://cdn.utmify.com.br/scripts/pixel/pixel.js:0
[ 1806705ms] [LOG] buttons [button#73d12fe4-6281-1b5a-033a-4944aa0d1690.active, button#15ff392d-8fc8-a395-8b6e-c704cac45653, button#0b871e98-fdff-9d5e-1b51-7a31c600a5a5, button#3ad6f4c9-a7bf-9fc8-a1cd-f63683a1a946] @ https://cdn.utmify.com.br/scripts/pixel/pixel.js:0
[ 1808706ms] [LOG] buttons [button#73d12fe4-6281-1b5a-033a-4944aa0d1690, button#15ff392d-8fc8-a395-8b6e-c704cac45653.active, button#0b871e98-fdff-9d5e-1b51-7a31c600a5a5, button#3ad6f4c9-a7bf-9fc8-a1cd-f63683a1a946] @ https://cdn.utmify.com.br/scripts/pixel/pixel.js:0
[ 1810706ms] [LOG] buttons [button#73d12fe4-6281-1b5a-033a-4944aa0d1690, button#15ff392d-8fc8-a395-8b6e-c704cac45653.active, button#0b871e98-fdff-9d5e-1b51-7a31c600a5a5, button#3ad6f4c9-a7bf-9fc8-a1cd-f63683a1a946] @ https://cdn.utmify.com.br/scripts/pixel/pixel.js:0
[ 1812705ms] [LOG] buttons [button#73d12fe4-6281-1b5a-033a-4944aa0d1690, button#15ff392d-8fc8-a395-8b6e-c704cac45653, button#0b871e98-fdff-9d5e-1b51-7a31c600a5a5.active, button#3ad6f4c9-a7bf-9fc8-a1cd-f63683a1a946] @ https://cdn.utmify.com.br/scripts/pixel/pixel.js:0
[ 1814706ms] [LOG] buttons [button#73d12fe4-6281-1b5a-033a-4944aa0d1690, button#15ff392d-8fc8-a395-8b6e-c704cac45653, button#0b871e98-fdff-9d5e-1b51-7a31c600a5a5, button#3ad6f4c9-a7bf-9fc8-a1cd-f63683a1a946.active] @ https://cdn.utmify.com.br/scripts/pixel/pixel.js:0
[ 1816705ms] [LOG] buttons [button#73d12fe4-6281-1b5a-033a-4944aa0d1690, button#15ff392d-8fc8-a395-8b6e-c704cac45653, button#0b871e98-fdff-9d5e-1b51-7a31c600a5a5, button#3ad6f4c9-a7bf-9fc8-a1cd-f63683a1a946.active] @ https://cdn.utmify.com.br/scripts/pixel/pixel.js:0
[ 1818706ms] [LOG] buttons [button#73d12fe4-6281-1b5a-033a-4944aa0d1690.active, button#15ff392d-8fc8-a395-8b6e-c704cac45653, button#0b871e98-fdff-9d5e-1b51-7a31c600a5a5, button#3ad6f4c9-a7bf-9fc8-a1cd-f63683a1a946] @ https://cdn.utmify.com.br/scripts/pixel/pixel.js:0
[ 1820706ms] [LOG] buttons [button#73d12fe4-6281-1b5a-033a-4944aa0d1690.active, button#15ff392d-8fc8-a395-8b6e-c704cac45653, button#0b871e98-fdff-9d5e-1b51-7a31c600a5a5, button#3ad6f4c9-a7bf-9fc8-a1cd-f63683a1a946] @ https://cdn.utmify.com.br/scripts/pixel/pixel.js:0
[ 1822706ms] [LOG] buttons [button#73d12fe4-6281-1b5a-033a-4944aa0d1690, button#15ff392d-8fc8-a395-8b6e-c704cac45653.active, button#0b871e98-fdff-9d5e-1b51-7a31c600a5a5, button#3ad6f4c9-a7bf-9fc8-a1cd-f63683a1a946] @ https://cdn.utmify.com.br/scripts/pixel/pixel.js:0
[ 1824706ms] [LOG] buttons [button#73d12fe4-6281-1b5a-033a-4944aa0d1690, button#15ff392d-8fc8-a395-8b6e-c704cac45653, button#0b871e98-fdff-9d5e-1b51-7a31c600a5a5.active, button#3ad6f4c9-a7bf-9fc8-a1cd-f63683a1a946] @ https://cdn.utmify.com.br/scripts/pixel/pixel.js:0
[ 1826706ms] [LOG] buttons [button#73d12fe4-6281-1b5a-033a-4944aa0d1690, button#15ff392d-8fc8-a395-8b6e-c704cac45653, button#0b871e98-fdff-9d5e-1b51-7a31c600a5a5.active, button#3ad6f4c9-a7bf-9fc8-a1cd-f63683a1a946] @ https://cdn.utmify.com.br/scripts/pixel/pixel.js:0
[ 1828705ms] [LOG] buttons [button#73d12fe4-6281-1b5a-033a-4944aa0d1690, button#15ff392d-8fc8-a395-8b6e-c704cac45653, button#0b871e98-fdff-9d5e-1b51-7a31c600a5a5, button#3ad6f4c9-a7bf-9fc8-a1cd-f63683a1a946.active] @ https://cdn.utmify.com.br/scripts/pixel/pixel.js:0
[ 1830706ms] [LOG] buttons [button#73d12fe4-6281-1b5a-033a-4944aa0d1690.active, button#15ff392d-8fc8-a395-8b6e-c704cac45653, button#0b871e98-fdff-9d5e-1b51-7a31c600a5a5, button#3ad6f4c9-a7bf-9fc8-a1cd-f63683a1a946] @ https://cdn.utmify.com.br/scripts/pixel/pixel.js:0
[ 1832705ms] [LOG] buttons [button#73d12fe4-6281-1b5a-033a-4944aa0d1690.active, button#15ff392d-8fc8-a395-8b6e-c704cac45653, button#0b871e98-fdff-9d5e-1b51-7a31c600a5a5, button#3ad6f4c9-a7bf-9fc8-a1cd-f63683a1a946] @ https://cdn.utmify.com.br/scripts/pixel/pixel.js:0
[ 1834705ms] [LOG] buttons [button#73d12fe4-6281-1b5a-033a-4944aa0d1690, button#15ff392d-8fc8-a395-8b6e-c704cac45653.active, button#0b871e98-fdff-9d5e-1b51-7a31c600a5a5, button#3ad6f4c9-a7bf-9fc8-a1cd-f63683a1a946] @ https://cdn.utmify.com.br/scripts/pixel/pixel.js:0
[ 1836705ms] [LOG] buttons [button#73d12fe4-6281-1b5a-033a-4944aa0d1690, button#15ff392d-8fc8-a395-8b6e-c704cac45653.active, button#0b871e98-fdff-9d5e-1b51-7a31c600a5a5, button#3ad6f4c9-a7bf-9fc8-a1cd-f63683a1a946] @ https://cdn.utmify.com.br/scripts/pixel/pixel.js:0
[ 1838706ms] [LOG] buttons [button#73d12fe4-6281-1b5a-033a-4944aa0d1690, button#15ff392d-8fc8-a395-8b6e-c704cac45653, button#0b871e98-fdff-9d5e-1b51-7a31c600a5a5.active, button#3ad6f4c9-a7bf-9fc8-a1cd-f63683a1a946] @ https://cdn.utmify.com.br/scripts/pixel/pixel.js:0
[ 1840706ms] [LOG] buttons [button#73d12fe4-6281-1b5a-033a-4944aa0d1690, button#15ff392d-8fc8-a395-8b6e-c704cac45653, button#0b871e98-fdff-9d5e-1b51-7a31c600a5a5, button#3ad6f4c9-a7bf-9fc8-a1cd-f63683a1a946.active] @ https://cdn.utmify.com.br/scripts/pixel/pixel.js:0
[ 1842705ms] [LOG] buttons [button#73d12fe4-6281-1b5a-033a-4944aa0d1690, button#15ff392d-8fc8-a395-8b6e-c704cac45653, button#0b871e98-fdff-9d5e-1b51-7a31c600a5a5, button#3ad6f4c9-a7bf-9fc8-a1cd-f63683a1a946.active] @ https://cdn.utmify.com.br/scripts/pixel/pixel.js:0
[ 1844705ms] [LOG] buttons [button#73d12fe4-6281-1b5a-033a-4944aa0d1690.active, button#15ff392d-8fc8-a395-8b6e-c704cac45653, button#0b871e98-fdff-9d5e-1b51-7a31c600a5a5, button#3ad6f4c9-a7bf-9fc8-a1cd-f63683a1a946] @ https://cdn.utmify.com.br/scripts/pixel/pixel.js:0
[ 1846707ms] [LOG] buttons [button#73d12fe4-6281-1b5a-033a-4944aa0d1690, button#15ff392d-8fc8-a395-8b6e-c704cac45653.active, button#0b871e98-fdff-9d5e-1b51-7a31c600a5a5, button#3ad6f4c9-a7bf-9fc8-a1cd-f63683a1a946] @ https://cdn.utmify.com.br/scripts/pixel/pixel.js:0
[ 1848705ms] [LOG] buttons [button#73d12fe4-6281-1b5a-033a-4944aa0d1690, button#15ff392d-8fc8-a395-8b6e-c704cac45653.active, button#0b871e98-fdff-9d5e-1b51-7a31c600a5a5, button#3ad6f4c9-a7bf-9fc8-a1cd-f63683a1a946] @ https://cdn.utmify.com.br/scripts/pixel/pixel.js:0
[ 1850705ms] [LOG] buttons [button#73d12fe4-6281-1b5a-033a-4944aa0d1690, button#15ff392d-8fc8-a395-8b6e-c704cac45653, button#0b871e98-fdff-9d5e-1b51-7a31c600a5a5.active, button#3ad6f4c9-a7bf-9fc8-a1cd-f63683a1a946] @ https://cdn.utmify.com.br/scripts/pixel/pixel.js:0
[ 1852706ms] [LOG] buttons [button#73d12fe4-6281-1b5a-033a-4944aa0d1690, button#15ff392d-8fc8-a395-8b6e-c704cac45653, button#0b871e98-fdff-9d5e-1b51-7a31c600a5a5.active, button#3ad6f4c9-a7bf-9fc8-a1cd-f63683a1a946] @ https://cdn.utmify.com.br/scripts/pixel/pixel.js:0
[ 1854705ms] [LOG] buttons [button#73d12fe4-6281-1b5a-033a-4944aa0d1690, button#15ff392d-8fc8-a395-8b6e-c704cac45653, button#0b871e98-fdff-9d5e-1b51-7a31c600a5a5, button#3ad6f4c9-a7bf-9fc8-a1cd-f63683a1a946.active] @ https://cdn.utmify.com.br/scripts/pixel/pixel.js:0
[ 1856705ms] [LOG] buttons [button#73d12fe4-6281-1b5a-033a-4944aa0d1690.active, button#15ff392d-8fc8-a395-8b6e-c704cac45653, button#0b871e98-fdff-9d5e-1b51-7a31c600a5a5, button#3ad6f4c9-a7bf-9fc8-a1cd-f63683a1a946] @ https://cdn.utmify.com.br/scripts/pixel/pixel.js:0
[ 1858705ms] [LOG] buttons [button#73d12fe4-6281-1b5a-033a-4944aa0d1690.active, button#15ff392d-8fc8-a395-8b6e-c704cac45653, button#0b871e98-fdff-9d5e-1b51-7a31c600a5a5, button#3ad6f4c9-a7bf-9fc8-a1cd-f63683a1a946] @ https://cdn.utmify.com.br/scripts/pixel/pixel.js:0
[ 1860705ms] [LOG] buttons [button#73d12fe4-6281-1b5a-033a-4944aa0d1690, button#15ff392d-8fc8-a395-8b6e-c704cac45653.active, button#0b871e98-fdff-9d5e-1b51-7a31c600a5a5, button#3ad6f4c9-a7bf-9fc8-a1cd-f63683a1a946] @ https://cdn.utmify.com.br/scripts/pixel/pixel.js:0
[ 1862706ms] [LOG] buttons [button#73d12fe4-6281-1b5a-033a-4944aa0d1690, button#15ff392d-8fc8-a395-8b6e-c704cac45653, button#0b871e98-fdff-9d5e-1b51-7a31c600a5a5.active, button#3ad6f4c9-a7bf-9fc8-a1cd-f63683a1a946] @ https://cdn.utmify.com.br/scripts/pixel/pixel.js:0
[ 1864705ms] [LOG] buttons [button#73d12fe4-6281-1b5a-033a-4944aa0d1690, button#15ff392d-8fc8-a395-8b6e-c704cac45653, button#0b871e98-fdff-9d5e-1b51-7a31c600a5a5.active, button#3ad6f4c9-a7bf-9fc8-a1cd-f63683a1a946] @ https://cdn.utmify.com.br/scripts/pixel/pixel.js:0
[ 1866705ms] [LOG] buttons [button#73d12fe4-6281-1b5a-033a-4944aa0d1690, button#15ff392d-8fc8-a395-8b6e-c704cac45653, button#0b871e98-fdff-9d5e-1b51-7a31c600a5a5, button#3ad6f4c9-a7bf-9fc8-a1cd-f63683a1a946.active] @ https://cdn.utmify.com.br/scripts/pixel/pixel.js:0
[ 1868705ms] [LOG] buttons [button#73d12fe4-6281-1b5a-033a-4944aa0d1690, button#15ff392d-8fc8-a395-8b6e-c704cac45653, button#0b871e98-fdff-9d5e-1b51-7a31c600a5a5, button#3ad6f4c9-a7bf-9fc8-a1cd-f63683a1a946.active] @ https://cdn.utmify.com.br/scripts/pixel/pixel.js:0
[ 1870706ms] [LOG] buttons [button#73d12fe4-6281-1b5a-033a-4944aa0d1690.active, button#15ff392d-8fc8-a395-8b6e-c704cac45653, button#0b871e98-fdff-9d5e-1b51-7a31c600a5a5, button#3ad6f4c9-a7bf-9fc8-a1cd-f63683a1a946] @ https://cdn.utmify.com.br/scripts/pixel/pixel.js:0
[ 1872705ms] [LOG] buttons [button#73d12fe4-6281-1b5a-033a-4944aa0d1690, button#15ff392d-8fc8-a395-8b6e-c704cac45653.active, button#0b871e98-fdff-9d5e-1b51-7a31c600a5a5, button#3ad6f4c9-a7bf-9fc8-a1cd-f63683a1a946] @ https://cdn.utmify.com.br/scripts/pixel/pixel.js:0
[ 1874705ms] [LOG] buttons [button#73d12fe4-6281-1b5a-033a-4944aa0d1690, button#15ff392d-8fc8-a395-8b6e-c704cac45653.active, button#0b871e98-fdff-9d5e-1b51-7a31c600a5a5, button#3ad6f4c9-a7bf-9fc8-a1cd-f63683a1a946] @ https://cdn.utmify.com.br/scripts/pixel/pixel.js:0
[ 1876706ms] [LOG] buttons [button#73d12fe4-6281-1b5a-033a-4944aa0d1690, button#15ff392d-8fc8-a395-8b6e-c704cac45653, button#0b871e98-fdff-9d5e-1b51-7a31c600a5a5.active, button#3ad6f4c9-a7bf-9fc8-a1cd-f63683a1a946] @ https://cdn.utmify.com.br/scripts/pixel/pixel.js:0
[ 1878705ms] [LOG] buttons [button#73d12fe4-6281-1b5a-033a-4944aa0d1690, button#15ff392d-8fc8-a395-8b6e-c704cac45653, button#0b871e98-fdff-9d5e-1b51-7a31c600a5a5, button#3ad6f4c9-a7bf-9fc8-a1cd-f63683a1a946.active] @ https://cdn.utmify.com.br/scripts/pixel/pixel.js:0
[ 1880705ms] [LOG] buttons [button#73d12fe4-6281-1b5a-033a-4944aa0d1690, button#15ff392d-8fc8-a395-8b6e-c704cac45653, button#0b871e98-fdff-9d5e-1b51-7a31c600a5a5, button#3ad6f4c9-a7bf-9fc8-a1cd-f63683a1a946.active] @ https://cdn.utmify.com.br/scripts/pixel/pixel.js:0
[ 1882705ms] [LOG] buttons [button#73d12fe4-6281-1b5a-033a-4944aa0d1690.active, button#15ff392d-8fc8-a395-8b6e-c704cac45653, button#0b871e98-fdff-9d5e-1b51-7a31c600a5a5, button#3ad6f4c9-a7bf-9fc8-a1cd-f63683a1a946] @ https://cdn.utmify.com.br/scripts/pixel/pixel.js:0
[ 1884705ms] [LOG] buttons [button#73d12fe4-6281-1b5a-033a-4944aa0d1690.active, button#15ff392d-8fc8-a395-8b6e-c704cac45653, button#0b871e98-fdff-9d5e-1b51-7a31c600a5a5, button#3ad6f4c9-a7bf-9fc8-a1cd-f63683a1a946] @ https://cdn.utmify.com.br/scripts/pixel/pixel.js:0
[ 1886706ms] [LOG] buttons [button#73d12fe4-6281-1b5a-033a-4944aa0d1690, button#15ff392d-8fc8-a395-8b6e-c704cac45653.active, button#0b871e98-fdff-9d5e-1b51-7a31c600a5a5, button#3ad6f4c9-a7bf-9fc8-a1cd-f63683a1a946] @ https://cdn.utmify.com.br/scripts/pixel/pixel.js:0
[ 1888705ms] [LOG] buttons [button#73d12fe4-6281-1b5a-033a-4944aa0d1690, button#15ff392d-8fc8-a395-8b6e-c704cac45653, button#0b871e98-fdff-9d5e-1b51-7a31c600a5a5.active, button#3ad6f4c9-a7bf-9fc8-a1cd-f63683a1a946] @ https://cdn.utmify.com.br/scripts/pixel/pixel.js:0
[ 1890706ms] [LOG] buttons [button#73d12fe4-6281-1b5a-033a-4944aa0d1690, button#15ff392d-8fc8-a395-8b6e-c704cac45653, button#0b871e98-fdff-9d5e-1b51-7a31c600a5a5.active, button#3ad6f4c9-a7bf-9fc8-a1cd-f63683a1a946] @ https://cdn.utmify.com.br/scripts/pixel/pixel.js:0
[ 1892706ms] [LOG] buttons [button#73d12fe4-6281-1b5a-033a-4944aa0d1690, button#15ff392d-8fc8-a395-8b6e-c704cac45653, button#0b871e98-fdff-9d5e-1b51-7a31c600a5a5, button#3ad6f4c9-a7bf-9fc8-a1cd-f63683a1a946.active] @ https://cdn.utmify.com.br/scripts/pixel/pixel.js:0
[ 1894705ms] [LOG] buttons [button#73d12fe4-6281-1b5a-033a-4944aa0d1690.active, button#15ff392d-8fc8-a395-8b6e-c704cac45653, button#0b871e98-fdff-9d5e-1b51-7a31c600a5a5, button#3ad6f4c9-a7bf-9fc8-a1cd-f63683a1a946] @ https://cdn.utmify.com.br/scripts/pixel/pixel.js:0
[ 1896706ms] [LOG] buttons [button#73d12fe4-6281-1b5a-033a-4944aa0d1690.active, button#15ff392d-8fc8-a395-8b6e-c704cac45653, button#0b871e98-fdff-9d5e-1b51-7a31c600a5a5, button#3ad6f4c9-a7bf-9fc8-a1cd-f63683a1a946] @ https://cdn.utmify.com.br/scripts/pixel/pixel.js:0
[ 1898706ms] [LOG] buttons [button#73d12fe4-6281-1b5a-033a-4944aa0d1690, button#15ff392d-8fc8-a395-8b6e-c704cac45653.active, button#0b871e98-fdff-9d5e-1b51-7a31c600a5a5, button#3ad6f4c9-a7bf-9fc8-a1cd-f63683a1a946] @ https://cdn.utmify.com.br/scripts/pixel/pixel.js:0
[ 1900705ms] [LOG] buttons [button#73d12fe4-6281-1b5a-033a-4944aa0d1690, button#15ff392d-8fc8-a395-8b6e-c704cac45653.active, button#0b871e98-fdff-9d5e-1b51-7a31c600a5a5, button#3ad6f4c9-a7bf-9fc8-a1cd-f63683a1a946] @ https://cdn.utmify.com.br/scripts/pixel/pixel.js:0
[ 1902706ms] [LOG] buttons [button#73d12fe4-6281-1b5a-033a-4944aa0d1690, button#15ff392d-8fc8-a395-8b6e-c704cac45653, button#0b871e98-fdff-9d5e-1b51-7a31c600a5a5.active, button#3ad6f4c9-a7bf-9fc8-a1cd-f63683a1a946] @ https://cdn.utmify.com.br/scripts/pixel/pixel.js:0
[ 1904706ms] [LOG] buttons [button#73d12fe4-6281-1b5a-033a-4944aa0d1690, button#15ff392d-8fc8-a395-8b6e-c704cac45653, button#0b871e98-fdff-9d5e-1b51-7a31c600a5a5, button#3ad6f4c9-a7bf-9fc8-a1cd-f63683a1a946.active] @ https://cdn.utmify.com.br/scripts/pixel/pixel.js:0
[ 1906706ms] [LOG] buttons [button#73d12fe4-6281-1b5a-033a-4944aa0d1690, button#15ff392d-8fc8-a395-8b6e-c704cac45653, button#0b871e98-fdff-9d5e-1b51-7a31c600a5a5, button#3ad6f4c9-a7bf-9fc8-a1cd-f63683a1a946.active] @ https://cdn.utmify.com.br/scripts/pixel/pixel.js:0
[ 1908706ms] [LOG] buttons [button#73d12fe4-6281-1b5a-033a-4944aa0d1690.active, button#15ff392d-8fc8-a395-8b6e-c704cac45653, button#0b871e98-fdff-9d5e-1b51-7a31c600a5a5, button#3ad6f4c9-a7bf-9fc8-a1cd-f63683a1a946] @ https://cdn.utmify.com.br/scripts/pixel/pixel.js:0
[ 1910706ms] [LOG] buttons [button#73d12fe4-6281-1b5a-033a-4944aa0d1690, button#15ff392d-8fc8-a395-8b6e-c704cac45653.active, button#0b871e98-fdff-9d5e-1b51-7a31c600a5a5, button#3ad6f4c9-a7bf-9fc8-a1cd-f63683a1a946] @ https://cdn.utmify.com.br/scripts/pixel/pixel.js:0
[ 1912706ms] [LOG] buttons [button#73d12fe4-6281-1b5a-033a-4944aa0d1690, button#15ff392d-8fc8-a395-8b6e-c704cac45653.active, button#0b871e98-fdff-9d5e-1b51-7a31c600a5a5, button#3ad6f4c9-a7bf-9fc8-a1cd-f63683a1a946] @ https://cdn.utmify.com.br/scripts/pixel/pixel.js:0
[ 1914706ms] [LOG] buttons [button#73d12fe4-6281-1b5a-033a-4944aa0d1690, button#15ff392d-8fc8-a395-8b6e-c704cac45653, button#0b871e98-fdff-9d5e-1b51-7a31c600a5a5.active, button#3ad6f4c9-a7bf-9fc8-a1cd-f63683a1a946] @ https://cdn.utmify.com.br/scripts/pixel/pixel.js:0
[ 1916706ms] [LOG] buttons [button#73d12fe4-6281-1b5a-033a-4944aa0d1690, button#15ff392d-8fc8-a395-8b6e-c704cac45653, button#0b871e98-fdff-9d5e-1b51-7a31c600a5a5.active, button#3ad6f4c9-a7bf-9fc8-a1cd-f63683a1a946] @ https://cdn.utmify.com.br/scripts/pixel/pixel.js:0
[ 1918705ms] [LOG] buttons [button#73d12fe4-6281-1b5a-033a-4944aa0d1690, button#15ff392d-8fc8-a395-8b6e-c704cac45653, button#0b871e98-fdff-9d5e-1b51-7a31c600a5a5, button#3ad6f4c9-a7bf-9fc8-a1cd-f63683a1a946.active] @ https://cdn.utmify.com.br/scripts/pixel/pixel.js:0
[ 1920706ms] [LOG] buttons [button#73d12fe4-6281-1b5a-033a-4944aa0d1690.active, button#15ff392d-8fc8-a395-8b6e-c704cac45653, button#0b871e98-fdff-9d5e-1b51-7a31c600a5a5, button#3ad6f4c9-a7bf-9fc8-a1cd-f63683a1a946] @ https://cdn.utmify.com.br/scripts/pixel/pixel.js:0
[ 1922706ms] [LOG] buttons [button#73d12fe4-6281-1b5a-033a-4944aa0d1690.active, button#15ff392d-8fc8-a395-8b6e-c704cac45653, button#0b871e98-fdff-9d5e-1b51-7a31c600a5a5, button#3ad6f4c9-a7bf-9fc8-a1cd-f63683a1a946] @ https://cdn.utmify.com.br/scripts/pixel/pixel.js:0
[ 1924706ms] [LOG] buttons [button#73d12fe4-6281-1b5a-033a-4944aa0d1690, button#15ff392d-8fc8-a395-8b6e-c704cac45653.active, button#0b871e98-fdff-9d5e-1b51-7a31c600a5a5, button#3ad6f4c9-a7bf-9fc8-a1cd-f63683a1a946] @ https://cdn.utmify.com.br/scripts/pixel/pixel.js:0
[ 1926706ms] [LOG] buttons [button#73d12fe4-6281-1b5a-033a-4944aa0d1690, button#15ff392d-8fc8-a395-8b6e-c704cac45653, button#0b871e98-fdff-9d5e-1b51-7a31c600a5a5.active, button#3ad6f4c9-a7bf-9fc8-a1cd-f63683a1a946] @ https://cdn.utmify.com.br/scripts/pixel/pixel.js:0
[ 1928706ms] [LOG] buttons [button#73d12fe4-6281-1b5a-033a-4944aa0d1690, button#15ff392d-8fc8-a395-8b6e-c704cac45653, button#0b871e98-fdff-9d5e-1b51-7a31c600a5a5.active, button#3ad6f4c9-a7bf-9fc8-a1cd-f63683a1a946] @ https://cdn.utmify.com.br/scripts/pixel/pixel.js:0
[ 1930706ms] [LOG] buttons [button#73d12fe4-6281-1b5a-033a-4944aa0d1690, button#15ff392d-8fc8-a395-8b6e-c704cac45653, button#0b871e98-fdff-9d5e-1b51-7a31c600a5a5, button#3ad6f4c9-a7bf-9fc8-a1cd-f63683a1a946.active] @ https://cdn.utmify.com.br/scripts/pixel/pixel.js:0
[ 1932706ms] [LOG] buttons [button#73d12fe4-6281-1b5a-033a-4944aa0d1690, button#15ff392d-8fc8-a395-8b6e-c704cac45653, button#0b871e98-fdff-9d5e-1b51-7a31c600a5a5, button#3ad6f4c9-a7bf-9fc8-a1cd-f63683a1a946.active] @ https://cdn.utmify.com.br/scripts/pixel/pixel.js:0
[ 1934705ms] [LOG] buttons [button#73d12fe4-6281-1b5a-033a-4944aa0d1690.active, button#15ff392d-8fc8-a395-8b6e-c704cac45653, button#0b871e98-fdff-9d5e-1b51-7a31c600a5a5, button#3ad6f4c9-a7bf-9fc8-a1cd-f63683a1a946] @ https://cdn.utmify.com.br/scripts/pixel/pixel.js:0
[ 1936706ms] [LOG] buttons [button#73d12fe4-6281-1b5a-033a-4944aa0d1690, button#15ff392d-8fc8-a395-8b6e-c704cac45653.active, button#0b871e98-fdff-9d5e-1b51-7a31c600a5a5, button#3ad6f4c9-a7bf-9fc8-a1cd-f63683a1a946] @ https://cdn.utmify.com.br/scripts/pixel/pixel.js:0
[ 1938706ms] [LOG] buttons [button#73d12fe4-6281-1b5a-033a-4944aa0d1690, button#15ff392d-8fc8-a395-8b6e-c704cac45653.active, button#0b871e98-fdff-9d5e-1b51-7a31c600a5a5, button#3ad6f4c9-a7bf-9fc8-a1cd-f63683a1a946] @ https://cdn.utmify.com.br/scripts/pixel/pixel.js:0
[ 1940706ms] [LOG] buttons [button#73d12fe4-6281-1b5a-033a-4944aa0d1690, button#15ff392d-8fc8-a395-8b6e-c704cac45653, button#0b871e98-fdff-9d5e-1b51-7a31c600a5a5.active, button#3ad6f4c9-a7bf-9fc8-a1cd-f63683a1a946] @ https://cdn.utmify.com.br/scripts/pixel/pixel.js:0
[ 1942706ms] [LOG] buttons [button#73d12fe4-6281-1b5a-033a-4944aa0d1690, button#15ff392d-8fc8-a395-8b6e-c704cac45653, button#0b871e98-fdff-9d5e-1b51-7a31c600a5a5, button#3ad6f4c9-a7bf-9fc8-a1cd-f63683a1a946.active] @ https://cdn.utmify.com.br/scripts/pixel/pixel.js:0
[ 1944706ms] [LOG] buttons [button#73d12fe4-6281-1b5a-033a-4944aa0d1690, button#15ff392d-8fc8-a395-8b6e-c704cac45653, button#0b871e98-fdff-9d5e-1b51-7a31c600a5a5, button#3ad6f4c9-a7bf-9fc8-a1cd-f63683a1a946.active] @ https://cdn.utmify.com.br/scripts/pixel/pixel.js:0
[ 1946706ms] [LOG] buttons [button#73d12fe4-6281-1b5a-033a-4944aa0d1690.active, button#15ff392d-8fc8-a395-8b6e-c704cac45653, button#0b871e98-fdff-9d5e-1b51-7a31c600a5a5, button#3ad6f4c9-a7bf-9fc8-a1cd-f63683a1a946] @ https://cdn.utmify.com.br/scripts/pixel/pixel.js:0
[ 1948705ms] [LOG] buttons [button#73d12fe4-6281-1b5a-033a-4944aa0d1690.active, button#15ff392d-8fc8-a395-8b6e-c704cac45653, button#0b871e98-fdff-9d5e-1b51-7a31c600a5a5, button#3ad6f4c9-a7bf-9fc8-a1cd-f63683a1a946] @ https://cdn.utmify.com.br/scripts/pixel/pixel.js:0
[ 1950705ms] [LOG] buttons [button#73d12fe4-6281-1b5a-033a-4944aa0d1690, button#15ff392d-8fc8-a395-8b6e-c704cac45653.active, button#0b871e98-fdff-9d5e-1b51-7a31c600a5a5, button#3ad6f4c9-a7bf-9fc8-a1cd-f63683a1a946] @ https://cdn.utmify.com.br/scripts/pixel/pixel.js:0
[ 1952706ms] [LOG] buttons [button#73d12fe4-6281-1b5a-033a-4944aa0d1690, button#15ff392d-8fc8-a395-8b6e-c704cac45653, button#0b871e98-fdff-9d5e-1b51-7a31c600a5a5.active, button#3ad6f4c9-a7bf-9fc8-a1cd-f63683a1a946] @ https://cdn.utmify.com.br/scripts/pixel/pixel.js:0
[ 1954705ms] [LOG] buttons [button#73d12fe4-6281-1b5a-033a-4944aa0d1690, button#15ff392d-8fc8-a395-8b6e-c704cac45653, button#0b871e98-fdff-9d5e-1b51-7a31c600a5a5.active, button#3ad6f4c9-a7bf-9fc8-a1cd-f63683a1a946] @ https://cdn.utmify.com.br/scripts/pixel/pixel.js:0
[ 1956705ms] [LOG] buttons [button#73d12fe4-6281-1b5a-033a-4944aa0d1690, button#15ff392d-8fc8-a395-8b6e-c704cac45653, button#0b871e98-fdff-9d5e-1b51-7a31c600a5a5, button#3ad6f4c9-a7bf-9fc8-a1cd-f63683a1a946.active] @ https://cdn.utmify.com.br/scripts/pixel/pixel.js:0
[ 1958706ms] [LOG] buttons [button#73d12fe4-6281-1b5a-033a-4944aa0d1690.active, button#15ff392d-8fc8-a395-8b6e-c704cac45653, button#0b871e98-fdff-9d5e-1b51-7a31c600a5a5, button#3ad6f4c9-a7bf-9fc8-a1cd-f63683a1a946] @ https://cdn.utmify.com.br/scripts/pixel/pixel.js:0
[ 1960706ms] [LOG] buttons [button#73d12fe4-6281-1b5a-033a-4944aa0d1690.active, button#15ff392d-8fc8-a395-8b6e-c704cac45653, button#0b871e98-fdff-9d5e-1b51-7a31c600a5a5, button#3ad6f4c9-a7bf-9fc8-a1cd-f63683a1a946] @ https://cdn.utmify.com.br/scripts/pixel/pixel.js:0
[ 1962705ms] [LOG] buttons [button#73d12fe4-6281-1b5a-033a-4944aa0d1690, button#15ff392d-8fc8-a395-8b6e-c704cac45653.active, button#0b871e98-fdff-9d5e-1b51-7a31c600a5a5, button#3ad6f4c9-a7bf-9fc8-a1cd-f63683a1a946] @ https://cdn.utmify.com.br/scripts/pixel/pixel.js:0
[ 1964705ms] [LOG] buttons [button#73d12fe4-6281-1b5a-033a-4944aa0d1690, button#15ff392d-8fc8-a395-8b6e-c704cac45653.active, button#0b871e98-fdff-9d5e-1b51-7a31c600a5a5, button#3ad6f4c9-a7bf-9fc8-a1cd-f63683a1a946] @ https://cdn.utmify.com.br/scripts/pixel/pixel.js:0
[ 1966706ms] [LOG] buttons [button#73d12fe4-6281-1b5a-033a-4944aa0d1690, button#15ff392d-8fc8-a395-8b6e-c704cac45653, button#0b871e98-fdff-9d5e-1b51-7a31c600a5a5.active, button#3ad6f4c9-a7bf-9fc8-a1cd-f63683a1a946] @ https://cdn.utmify.com.br/scripts/pixel/pixel.js:0
[ 1968706ms] [LOG] buttons [button#73d12fe4-6281-1b5a-033a-4944aa0d1690, button#15ff392d-8fc8-a395-8b6e-c704cac45653, button#0b871e98-fdff-9d5e-1b51-7a31c600a5a5, button#3ad6f4c9-a7bf-9fc8-a1cd-f63683a1a946.active] @ https://cdn.utmify.com.br/scripts/pixel/pixel.js:0
[ 1970706ms] [LOG] buttons [button#73d12fe4-6281-1b5a-033a-4944aa0d1690, button#15ff392d-8fc8-a395-8b6e-c704cac45653, button#0b871e98-fdff-9d5e-1b51-7a31c600a5a5, button#3ad6f4c9-a7bf-9fc8-a1cd-f63683a1a946.active] @ https://cdn.utmify.com.br/scripts/pixel/pixel.js:0
[ 1972706ms] [LOG] buttons [button#73d12fe4-6281-1b5a-033a-4944aa0d1690.active, button#15ff392d-8fc8-a395-8b6e-c704cac45653, button#0b871e98-fdff-9d5e-1b51-7a31c600a5a5, button#3ad6f4c9-a7bf-9fc8-a1cd-f63683a1a946] @ https://cdn.utmify.com.br/scripts/pixel/pixel.js:0
[ 1974706ms] [LOG] buttons [button#73d12fe4-6281-1b5a-033a-4944aa0d1690, button#15ff392d-8fc8-a395-8b6e-c704cac45653.active, button#0b871e98-fdff-9d5e-1b51-7a31c600a5a5, button#3ad6f4c9-a7bf-9fc8-a1cd-f63683a1a946] @ https://cdn.utmify.com.br/scripts/pixel/pixel.js:0
[ 1976705ms] [LOG] buttons [button#73d12fe4-6281-1b5a-033a-4944aa0d1690, button#15ff392d-8fc8-a395-8b6e-c704cac45653.active, button#0b871e98-fdff-9d5e-1b51-7a31c600a5a5, button#3ad6f4c9-a7bf-9fc8-a1cd-f63683a1a946] @ https://cdn.utmify.com.br/scripts/pixel/pixel.js:0
[ 1978706ms] [LOG] buttons [button#73d12fe4-6281-1b5a-033a-4944aa0d1690, button#15ff392d-8fc8-a395-8b6e-c704cac45653, button#0b871e98-fdff-9d5e-1b51-7a31c600a5a5.active, button#3ad6f4c9-a7bf-9fc8-a1cd-f63683a1a946] @ https://cdn.utmify.com.br/scripts/pixel/pixel.js:0
[ 1980706ms] [LOG] buttons [button#73d12fe4-6281-1b5a-033a-4944aa0d1690, button#15ff392d-8fc8-a395-8b6e-c704cac45653, button#0b871e98-fdff-9d5e-1b51-7a31c600a5a5.active, button#3ad6f4c9-a7bf-9fc8-a1cd-f63683a1a946] @ https://cdn.utmify.com.br/scripts/pixel/pixel.js:0
[ 1982706ms] [LOG] buttons [button#73d12fe4-6281-1b5a-033a-4944aa0d1690, button#15ff392d-8fc8-a395-8b6e-c704cac45653, button#0b871e98-fdff-9d5e-1b51-7a31c600a5a5, button#3ad6f4c9-a7bf-9fc8-a1cd-f63683a1a946.active] @ https://cdn.utmify.com.br/scripts/pixel/pixel.js:0
[ 1984706ms] [LOG] buttons [button#73d12fe4-6281-1b5a-033a-4944aa0d1690.active, button#15ff392d-8fc8-a395-8b6e-c704cac45653, button#0b871e98-fdff-9d5e-1b51-7a31c600a5a5, button#3ad6f4c9-a7bf-9fc8-a1cd-f63683a1a946] @ https://cdn.utmify.com.br/scripts/pixel/pixel.js:0
[ 1986706ms] [LOG] buttons [button#73d12fe4-6281-1b5a-033a-4944aa0d1690.active, button#15ff392d-8fc8-a395-8b6e-c704cac45653, button#0b871e98-fdff-9d5e-1b51-7a31c600a5a5, button#3ad6f4c9-a7bf-9fc8-a1cd-f63683a1a946] @ https://cdn.utmify.com.br/scripts/pixel/pixel.js:0
[ 1988706ms] [LOG] buttons [button#73d12fe4-6281-1b5a-033a-4944aa0d1690, button#15ff392d-8fc8-a395-8b6e-c704cac45653.active, button#0b871e98-fdff-9d5e-1b51-7a31c600a5a5, button#3ad6f4c9-a7bf-9fc8-a1cd-f63683a1a946] @ https://cdn.utmify.com.br/scripts/pixel/pixel.js:0
[ 1990706ms] [LOG] buttons [button#73d12fe4-6281-1b5a-033a-4944aa0d1690, button#15ff392d-8fc8-a395-8b6e-c704cac45653, button#0b871e98-fdff-9d5e-1b51-7a31c600a5a5.active, button#3ad6f4c9-a7bf-9fc8-a1cd-f63683a1a946] @ https://cdn.utmify.com.br/scripts/pixel/pixel.js:0
[ 1992706ms] [LOG] buttons [button#73d12fe4-6281-1b5a-033a-4944aa0d1690, button#15ff392d-8fc8-a395-8b6e-c704cac45653, button#0b871e98-fdff-9d5e-1b51-7a31c600a5a5.active, button#3ad6f4c9-a7bf-9fc8-a1cd-f63683a1a946] @ https://cdn.utmify.com.br/scripts/pixel/pixel.js:0
[ 1994706ms] [LOG] buttons [button#73d12fe4-6281-1b5a-033a-4944aa0d1690, button#15ff392d-8fc8-a395-8b6e-c704cac45653, button#0b871e98-fdff-9d5e-1b51-7a31c600a5a5, button#3ad6f4c9-a7bf-9fc8-a1cd-f63683a1a946.active] @ https://cdn.utmify.com.br/scripts/pixel/pixel.js:0
[ 1996706ms] [LOG] buttons [button#73d12fe4-6281-1b5a-033a-4944aa0d1690, button#15ff392d-8fc8-a395-8b6e-c704cac45653, button#0b871e98-fdff-9d5e-1b51-7a31c600a5a5, button#3ad6f4c9-a7bf-9fc8-a1cd-f63683a1a946.active] @ https://cdn.utmify.com.br/scripts/pixel/pixel.js:0
[ 1998706ms] [LOG] buttons [button#73d12fe4-6281-1b5a-033a-4944aa0d1690.active, button#15ff392d-8fc8-a395-8b6e-c704cac45653, button#0b871e98-fdff-9d5e-1b51-7a31c600a5a5, button#3ad6f4c9-a7bf-9fc8-a1cd-f63683a1a946] @ https://cdn.utmify.com.br/scripts/pixel/pixel.js:0
[ 2000706ms] [LOG] buttons [button#73d12fe4-6281-1b5a-033a-4944aa0d1690, button#15ff392d-8fc8-a395-8b6e-c704cac45653.active, button#0b871e98-fdff-9d5e-1b51-7a31c600a5a5, button#3ad6f4c9-a7bf-9fc8-a1cd-f63683a1a946] @ https://cdn.utmify.com.br/scripts/pixel/pixel.js:0
[ 2002706ms] [LOG] buttons [button#73d12fe4-6281-1b5a-033a-4944aa0d1690, button#15ff392d-8fc8-a395-8b6e-c704cac45653.active, button#0b871e98-fdff-9d5e-1b51-7a31c600a5a5, button#3ad6f4c9-a7bf-9fc8-a1cd-f63683a1a946] @ https://cdn.utmify.com.br/scripts/pixel/pixel.js:0
[ 2004706ms] [LOG] buttons [button#73d12fe4-6281-1b5a-033a-4944aa0d1690, button#15ff392d-8fc8-a395-8b6e-c704cac45653, button#0b871e98-fdff-9d5e-1b51-7a31c600a5a5.active, button#3ad6f4c9-a7bf-9fc8-a1cd-f63683a1a946] @ https://cdn.utmify.com.br/scripts/pixel/pixel.js:0
[ 2006706ms] [LOG] buttons [button#73d12fe4-6281-1b5a-033a-4944aa0d1690, button#15ff392d-8fc8-a395-8b6e-c704cac45653, button#0b871e98-fdff-9d5e-1b51-7a31c600a5a5, button#3ad6f4c9-a7bf-9fc8-a1cd-f63683a1a946.active] @ https://cdn.utmify.com.br/scripts/pixel/pixel.js:0
[ 2008706ms] [LOG] buttons [button#73d12fe4-6281-1b5a-033a-4944aa0d1690, button#15ff392d-8fc8-a395-8b6e-c704cac45653, button#0b871e98-fdff-9d5e-1b51-7a31c600a5a5, button#3ad6f4c9-a7bf-9fc8-a1cd-f63683a1a946.active] @ https://cdn.utmify.com.br/scripts/pixel/pixel.js:0
[ 2010705ms] [LOG] buttons [button#73d12fe4-6281-1b5a-033a-4944aa0d1690.active, button#15ff392d-8fc8-a395-8b6e-c704cac45653, button#0b871e98-fdff-9d5e-1b51-7a31c600a5a5, button#3ad6f4c9-a7bf-9fc8-a1cd-f63683a1a946] @ https://cdn.utmify.com.br/scripts/pixel/pixel.js:0
[ 2012706ms] [LOG] buttons [button#73d12fe4-6281-1b5a-033a-4944aa0d1690.active, button#15ff392d-8fc8-a395-8b6e-c704cac45653, button#0b871e98-fdff-9d5e-1b51-7a31c600a5a5, button#3ad6f4c9-a7bf-9fc8-a1cd-f63683a1a946] @ https://cdn.utmify.com.br/scripts/pixel/pixel.js:0
[ 2014706ms] [LOG] buttons [button#73d12fe4-6281-1b5a-033a-4944aa0d1690, button#15ff392d-8fc8-a395-8b6e-c704cac45653.active, button#0b871e98-fdff-9d5e-1b51-7a31c600a5a5, button#3ad6f4c9-a7bf-9fc8-a1cd-f63683a1a946] @ https://cdn.utmify.com.br/scripts/pixel/pixel.js:0
[ 2016706ms] [LOG] buttons [button#73d12fe4-6281-1b5a-033a-4944aa0d1690, button#15ff392d-8fc8-a395-8b6e-c704cac45653, button#0b871e98-fdff-9d5e-1b51-7a31c600a5a5.active, button#3ad6f4c9-a7bf-9fc8-a1cd-f63683a1a946] @ https://cdn.utmify.com.br/scripts/pixel/pixel.js:0
[ 2018706ms] [LOG] buttons [button#73d12fe4-6281-1b5a-033a-4944aa0d1690, button#15ff392d-8fc8-a395-8b6e-c704cac45653, button#0b871e98-fdff-9d5e-1b51-7a31c600a5a5.active, button#3ad6f4c9-a7bf-9fc8-a1cd-f63683a1a946] @ https://cdn.utmify.com.br/scripts/pixel/pixel.js:0
[ 2020706ms] [LOG] buttons [button#73d12fe4-6281-1b5a-033a-4944aa0d1690, button#15ff392d-8fc8-a395-8b6e-c704cac45653, button#0b871e98-fdff-9d5e-1b51-7a31c600a5a5, button#3ad6f4c9-a7bf-9fc8-a1cd-f63683a1a946.active] @ https://cdn.utmify.com.br/scripts/pixel/pixel.js:0
[ 2022706ms] [LOG] buttons [button#73d12fe4-6281-1b5a-033a-4944aa0d1690.active, button#15ff392d-8fc8-a395-8b6e-c704cac45653, button#0b871e98-fdff-9d5e-1b51-7a31c600a5a5, button#3ad6f4c9-a7bf-9fc8-a1cd-f63683a1a946] @ https://cdn.utmify.com.br/scripts/pixel/pixel.js:0
[ 2024706ms] [LOG] buttons [button#73d12fe4-6281-1b5a-033a-4944aa0d1690.active, button#15ff392d-8fc8-a395-8b6e-c704cac45653, button#0b871e98-fdff-9d5e-1b51-7a31c600a5a5, button#3ad6f4c9-a7bf-9fc8-a1cd-f63683a1a946] @ https://cdn.utmify.com.br/scripts/pixel/pixel.js:0
[ 2026705ms] [LOG] buttons [button#73d12fe4-6281-1b5a-033a-4944aa0d1690, button#15ff392d-8fc8-a395-8b6e-c704cac45653.active, button#0b871e98-fdff-9d5e-1b51-7a31c600a5a5, button#3ad6f4c9-a7bf-9fc8-a1cd-f63683a1a946] @ https://cdn.utmify.com.br/scripts/pixel/pixel.js:0
[ 2028706ms] [LOG] buttons [button#73d12fe4-6281-1b5a-033a-4944aa0d1690, button#15ff392d-8fc8-a395-8b6e-c704cac45653.active, button#0b871e98-fdff-9d5e-1b51-7a31c600a5a5, button#3ad6f4c9-a7bf-9fc8-a1cd-f63683a1a946] @ https://cdn.utmify.com.br/scripts/pixel/pixel.js:0
[ 2030706ms] [LOG] buttons [button#73d12fe4-6281-1b5a-033a-4944aa0d1690, button#15ff392d-8fc8-a395-8b6e-c704cac45653, button#0b871e98-fdff-9d5e-1b51-7a31c600a5a5.active, button#3ad6f4c9-a7bf-9fc8-a1cd-f63683a1a946] @ https://cdn.utmify.com.br/scripts/pixel/pixel.js:0
[ 2032706ms] [LOG] buttons [button#73d12fe4-6281-1b5a-033a-4944aa0d1690, button#15ff392d-8fc8-a395-8b6e-c704cac45653, button#0b871e98-fdff-9d5e-1b51-7a31c600a5a5, button#3ad6f4c9-a7bf-9fc8-a1cd-f63683a1a946.active] @ https://cdn.utmify.com.br/scripts/pixel/pixel.js:0
[ 2034706ms] [LOG] buttons [button#73d12fe4-6281-1b5a-033a-4944aa0d1690, button#15ff392d-8fc8-a395-8b6e-c704cac45653, button#0b871e98-fdff-9d5e-1b51-7a31c600a5a5, button#3ad6f4c9-a7bf-9fc8-a1cd-f63683a1a946.active] @ https://cdn.utmify.com.br/scripts/pixel/pixel.js:0
[ 2036705ms] [LOG] buttons [button#73d12fe4-6281-1b5a-033a-4944aa0d1690.active, button#15ff392d-8fc8-a395-8b6e-c704cac45653, button#0b871e98-fdff-9d5e-1b51-7a31c600a5a5, button#3ad6f4c9-a7bf-9fc8-a1cd-f63683a1a946] @ https://cdn.utmify.com.br/scripts/pixel/pixel.js:0
[ 2038706ms] [LOG] buttons [button#73d12fe4-6281-1b5a-033a-4944aa0d1690, button#15ff392d-8fc8-a395-8b6e-c704cac45653.active, button#0b871e98-fdff-9d5e-1b51-7a31c600a5a5, button#3ad6f4c9-a7bf-9fc8-a1cd-f63683a1a946] @ https://cdn.utmify.com.br/scripts/pixel/pixel.js:0
[ 2040706ms] [LOG] buttons [button#73d12fe4-6281-1b5a-033a-4944aa0d1690, button#15ff392d-8fc8-a395-8b6e-c704cac45653.active, button#0b871e98-fdff-9d5e-1b51-7a31c600a5a5, button#3ad6f4c9-a7bf-9fc8-a1cd-f63683a1a946] @ https://cdn.utmify.com.br/scripts/pixel/pixel.js:0
[ 2042705ms] [LOG] buttons [button#73d12fe4-6281-1b5a-033a-4944aa0d1690, button#15ff392d-8fc8-a395-8b6e-c704cac45653, button#0b871e98-fdff-9d5e-1b51-7a31c600a5a5.active, button#3ad6f4c9-a7bf-9fc8-a1cd-f63683a1a946] @ https://cdn.utmify.com.br/scripts/pixel/pixel.js:0
[ 2044706ms] [LOG] buttons [button#73d12fe4-6281-1b5a-033a-4944aa0d1690, button#15ff392d-8fc8-a395-8b6e-c704cac45653, button#0b871e98-fdff-9d5e-1b51-7a31c600a5a5.active, button#3ad6f4c9-a7bf-9fc8-a1cd-f63683a1a946] @ https://cdn.utmify.com.br/scripts/pixel/pixel.js:0
[ 2046706ms] [LOG] buttons [button#73d12fe4-6281-1b5a-033a-4944aa0d1690, button#15ff392d-8fc8-a395-8b6e-c704cac45653, button#0b871e98-fdff-9d5e-1b51-7a31c600a5a5, button#3ad6f4c9-a7bf-9fc8-a1cd-f63683a1a946.active] @ https://cdn.utmify.com.br/scripts/pixel/pixel.js:0
[ 2048705ms] [LOG] buttons [button#73d12fe4-6281-1b5a-033a-4944aa0d1690.active, button#15ff392d-8fc8-a395-8b6e-c704cac45653, button#0b871e98-fdff-9d5e-1b51-7a31c600a5a5, button#3ad6f4c9-a7bf-9fc8-a1cd-f63683a1a946] @ https://cdn.utmify.com.br/scripts/pixel/pixel.js:0
[ 2050705ms] [LOG] buttons [button#73d12fe4-6281-1b5a-033a-4944aa0d1690.active, button#15ff392d-8fc8-a395-8b6e-c704cac45653, button#0b871e98-fdff-9d5e-1b51-7a31c600a5a5, button#3ad6f4c9-a7bf-9fc8-a1cd-f63683a1a946] @ https://cdn.utmify.com.br/scripts/pixel/pixel.js:0
[ 2052706ms] [LOG] buttons [button#73d12fe4-6281-1b5a-033a-4944aa0d1690, button#15ff392d-8fc8-a395-8b6e-c704cac45653.active, button#0b871e98-fdff-9d5e-1b51-7a31c600a5a5, button#3ad6f4c9-a7bf-9fc8-a1cd-f63683a1a946] @ https://cdn.utmify.com.br/scripts/pixel/pixel.js:0
[ 2054706ms] [LOG] buttons [button#73d12fe4-6281-1b5a-033a-4944aa0d1690, button#15ff392d-8fc8-a395-8b6e-c704cac45653, button#0b871e98-fdff-9d5e-1b51-7a31c600a5a5.active, button#3ad6f4c9-a7bf-9fc8-a1cd-f63683a1a946] @ https://cdn.utmify.com.br/scripts/pixel/pixel.js:0
[ 2056705ms] [LOG] buttons [button#73d12fe4-6281-1b5a-033a-4944aa0d1690, button#15ff392d-8fc8-a395-8b6e-c704cac45653, button#0b871e98-fdff-9d5e-1b51-7a31c600a5a5.active, button#3ad6f4c9-a7bf-9fc8-a1cd-f63683a1a946] @ https://cdn.utmify.com.br/scripts/pixel/pixel.js:0
[ 2058706ms] [LOG] buttons [button#73d12fe4-6281-1b5a-033a-4944aa0d1690, button#15ff392d-8fc8-a395-8b6e-c704cac45653, button#0b871e98-fdff-9d5e-1b51-7a31c600a5a5, button#3ad6f4c9-a7bf-9fc8-a1cd-f63683a1a946.active] @ https://cdn.utmify.com.br/scripts/pixel/pixel.js:0
[ 2060706ms] [LOG] buttons [button#73d12fe4-6281-1b5a-033a-4944aa0d1690, button#15ff392d-8fc8-a395-8b6e-c704cac45653, button#0b871e98-fdff-9d5e-1b51-7a31c600a5a5, button#3ad6f4c9-a7bf-9fc8-a1cd-f63683a1a946.active] @ https://cdn.utmify.com.br/scripts/pixel/pixel.js:0
[ 2062706ms] [LOG] buttons [button#73d12fe4-6281-1b5a-033a-4944aa0d1690.active, button#15ff392d-8fc8-a395-8b6e-c704cac45653, button#0b871e98-fdff-9d5e-1b51-7a31c600a5a5, button#3ad6f4c9-a7bf-9fc8-a1cd-f63683a1a946] @ https://cdn.utmify.com.br/scripts/pixel/pixel.js:0
[ 2064705ms] [LOG] buttons [button#73d12fe4-6281-1b5a-033a-4944aa0d1690, button#15ff392d-8fc8-a395-8b6e-c704cac45653.active, button#0b871e98-fdff-9d5e-1b51-7a31c600a5a5, button#3ad6f4c9-a7bf-9fc8-a1cd-f63683a1a946] @ https://cdn.utmify.com.br/scripts/pixel/pixel.js:0
[ 2066706ms] [LOG] buttons [button#73d12fe4-6281-1b5a-033a-4944aa0d1690, button#15ff392d-8fc8-a395-8b6e-c704cac45653.active, button#0b871e98-fdff-9d5e-1b51-7a31c600a5a5, button#3ad6f4c9-a7bf-9fc8-a1cd-f63683a1a946] @ https://cdn.utmify.com.br/scripts/pixel/pixel.js:0
[ 2068705ms] [LOG] buttons [button#73d12fe4-6281-1b5a-033a-4944aa0d1690, button#15ff392d-8fc8-a395-8b6e-c704cac45653, button#0b871e98-fdff-9d5e-1b51-7a31c600a5a5.active, button#3ad6f4c9-a7bf-9fc8-a1cd-f63683a1a946] @ https://cdn.utmify.com.br/scripts/pixel/pixel.js:0
[ 2070705ms] [LOG] buttons [button#73d12fe4-6281-1b5a-033a-4944aa0d1690, button#15ff392d-8fc8-a395-8b6e-c704cac45653, button#0b871e98-fdff-9d5e-1b51-7a31c600a5a5, button#3ad6f4c9-a7bf-9fc8-a1cd-f63683a1a946.active] @ https://cdn.utmify.com.br/scripts/pixel/pixel.js:0
[ 2072705ms] [LOG] buttons [button#73d12fe4-6281-1b5a-033a-4944aa0d1690, button#15ff392d-8fc8-a395-8b6e-c704cac45653, button#0b871e98-fdff-9d5e-1b51-7a31c600a5a5, button#3ad6f4c9-a7bf-9fc8-a1cd-f63683a1a946.active] @ https://cdn.utmify.com.br/scripts/pixel/pixel.js:0
[ 2074706ms] [LOG] buttons [button#73d12fe4-6281-1b5a-033a-4944aa0d1690.active, button#15ff392d-8fc8-a395-8b6e-c704cac45653, button#0b871e98-fdff-9d5e-1b51-7a31c600a5a5, button#3ad6f4c9-a7bf-9fc8-a1cd-f63683a1a946] @ https://cdn.utmify.com.br/scripts/pixel/pixel.js:0
[ 2076706ms] [LOG] buttons [button#73d12fe4-6281-1b5a-033a-4944aa0d1690.active, button#15ff392d-8fc8-a395-8b6e-c704cac45653, button#0b871e98-fdff-9d5e-1b51-7a31c600a5a5, button#3ad6f4c9-a7bf-9fc8-a1cd-f63683a1a946] @ https://cdn.utmify.com.br/scripts/pixel/pixel.js:0
[ 2078706ms] [LOG] buttons [button#73d12fe4-6281-1b5a-033a-4944aa0d1690, button#15ff392d-8fc8-a395-8b6e-c704cac45653.active, button#0b871e98-fdff-9d5e-1b51-7a31c600a5a5, button#3ad6f4c9-a7bf-9fc8-a1cd-f63683a1a946] @ https://cdn.utmify.com.br/scripts/pixel/pixel.js:0
[ 2080706ms] [LOG] buttons [button#73d12fe4-6281-1b5a-033a-4944aa0d1690, button#15ff392d-8fc8-a395-8b6e-c704cac45653, button#0b871e98-fdff-9d5e-1b51-7a31c600a5a5.active, button#3ad6f4c9-a7bf-9fc8-a1cd-f63683a1a946] @ https://cdn.utmify.com.br/scripts/pixel/pixel.js:0
[ 2082706ms] [LOG] buttons [button#73d12fe4-6281-1b5a-033a-4944aa0d1690, button#15ff392d-8fc8-a395-8b6e-c704cac45653, button#0b871e98-fdff-9d5e-1b51-7a31c600a5a5.active, button#3ad6f4c9-a7bf-9fc8-a1cd-f63683a1a946] @ https://cdn.utmify.com.br/scripts/pixel/pixel.js:0
[ 2084706ms] [LOG] buttons [button#73d12fe4-6281-1b5a-033a-4944aa0d1690, button#15ff392d-8fc8-a395-8b6e-c704cac45653, button#0b871e98-fdff-9d5e-1b51-7a31c600a5a5, button#3ad6f4c9-a7bf-9fc8-a1cd-f63683a1a946.active] @ https://cdn.utmify.com.br/scripts/pixel/pixel.js:0
[ 2086706ms] [LOG] buttons [button#73d12fe4-6281-1b5a-033a-4944aa0d1690.active, button#15ff392d-8fc8-a395-8b6e-c704cac45653, button#0b871e98-fdff-9d5e-1b51-7a31c600a5a5, button#3ad6f4c9-a7bf-9fc8-a1cd-f63683a1a946] @ https://cdn.utmify.com.br/scripts/pixel/pixel.js:0
[ 2088706ms] [LOG] buttons [button#73d12fe4-6281-1b5a-033a-4944aa0d1690.active, button#15ff392d-8fc8-a395-8b6e-c704cac45653, button#0b871e98-fdff-9d5e-1b51-7a31c600a5a5, button#3ad6f4c9-a7bf-9fc8-a1cd-f63683a1a946] @ https://cdn.utmify.com.br/scripts/pixel/pixel.js:0
[ 2090705ms] [LOG] buttons [button#73d12fe4-6281-1b5a-033a-4944aa0d1690, button#15ff392d-8fc8-a395-8b6e-c704cac45653.active, button#0b871e98-fdff-9d5e-1b51-7a31c600a5a5, button#3ad6f4c9-a7bf-9fc8-a1cd-f63683a1a946] @ https://cdn.utmify.com.br/scripts/pixel/pixel.js:0
[ 2092706ms] [LOG] buttons [button#73d12fe4-6281-1b5a-033a-4944aa0d1690, button#15ff392d-8fc8-a395-8b6e-c704cac45653.active, button#0b871e98-fdff-9d5e-1b51-7a31c600a5a5, button#3ad6f4c9-a7bf-9fc8-a1cd-f63683a1a946] @ https://cdn.utmify.com.br/scripts/pixel/pixel.js:0
[ 2094705ms] [LOG] buttons [button#73d12fe4-6281-1b5a-033a-4944aa0d1690, button#15ff392d-8fc8-a395-8b6e-c704cac45653, button#0b871e98-fdff-9d5e-1b51-7a31c600a5a5.active, button#3ad6f4c9-a7bf-9fc8-a1cd-f63683a1a946] @ https://cdn.utmify.com.br/scripts/pixel/pixel.js:0
[ 2096705ms] [LOG] buttons [button#73d12fe4-6281-1b5a-033a-4944aa0d1690, button#15ff392d-8fc8-a395-8b6e-c704cac45653, button#0b871e98-fdff-9d5e-1b51-7a31c600a5a5, button#3ad6f4c9-a7bf-9fc8-a1cd-f63683a1a946.active] @ https://cdn.utmify.com.br/scripts/pixel/pixel.js:0
[ 2098706ms] [LOG] buttons [button#73d12fe4-6281-1b5a-033a-4944aa0d1690, button#15ff392d-8fc8-a395-8b6e-c704cac45653, button#0b871e98-fdff-9d5e-1b51-7a31c600a5a5, button#3ad6f4c9-a7bf-9fc8-a1cd-f63683a1a946.active] @ https://cdn.utmify.com.br/scripts/pixel/pixel.js:0
[ 2100705ms] [LOG] buttons [button#73d12fe4-6281-1b5a-033a-4944aa0d1690.active, button#15ff392d-8fc8-a395-8b6e-c704cac45653, button#0b871e98-fdff-9d5e-1b51-7a31c600a5a5, button#3ad6f4c9-a7bf-9fc8-a1cd-f63683a1a946] @ https://cdn.utmify.com.br/scripts/pixel/pixel.js:0
[ 2102706ms] [LOG] buttons [button#73d12fe4-6281-1b5a-033a-4944aa0d1690, button#15ff392d-8fc8-a395-8b6e-c704cac45653.active, button#0b871e98-fdff-9d5e-1b51-7a31c600a5a5, button#3ad6f4c9-a7bf-9fc8-a1cd-f63683a1a946] @ https://cdn.utmify.com.br/scripts/pixel/pixel.js:0
[ 2104705ms] [LOG] buttons [button#73d12fe4-6281-1b5a-033a-4944aa0d1690, button#15ff392d-8fc8-a395-8b6e-c704cac45653.active, button#0b871e98-fdff-9d5e-1b51-7a31c600a5a5, button#3ad6f4c9-a7bf-9fc8-a1cd-f63683a1a946] @ https://cdn.utmify.com.br/scripts/pixel/pixel.js:0
[ 2106705ms] [LOG] buttons [button#73d12fe4-6281-1b5a-033a-4944aa0d1690, button#15ff392d-8fc8-a395-8b6e-c704cac45653, button#0b871e98-fdff-9d5e-1b51-7a31c600a5a5.active, button#3ad6f4c9-a7bf-9fc8-a1cd-f63683a1a946] @ https://cdn.utmify.com.br/scripts/pixel/pixel.js:0
[ 2108706ms] [LOG] buttons [button#73d12fe4-6281-1b5a-033a-4944aa0d1690, button#15ff392d-8fc8-a395-8b6e-c704cac45653, button#0b871e98-fdff-9d5e-1b51-7a31c600a5a5.active, button#3ad6f4c9-a7bf-9fc8-a1cd-f63683a1a946] @ https://cdn.utmify.com.br/scripts/pixel/pixel.js:0
[ 2110705ms] [LOG] buttons [button#73d12fe4-6281-1b5a-033a-4944aa0d1690, button#15ff392d-8fc8-a395-8b6e-c704cac45653, button#0b871e98-fdff-9d5e-1b51-7a31c600a5a5, button#3ad6f4c9-a7bf-9fc8-a1cd-f63683a1a946.active] @ https://cdn.utmify.com.br/scripts/pixel/pixel.js:0
[ 2112706ms] [LOG] buttons [button#73d12fe4-6281-1b5a-033a-4944aa0d1690.active, button#15ff392d-8fc8-a395-8b6e-c704cac45653, button#0b871e98-fdff-9d5e-1b51-7a31c600a5a5, button#3ad6f4c9-a7bf-9fc8-a1cd-f63683a1a946] @ https://cdn.utmify.com.br/scripts/pixel/pixel.js:0
[ 2114706ms] [LOG] buttons [button#73d12fe4-6281-1b5a-033a-4944aa0d1690.active, button#15ff392d-8fc8-a395-8b6e-c704cac45653, button#0b871e98-fdff-9d5e-1b51-7a31c600a5a5, button#3ad6f4c9-a7bf-9fc8-a1cd-f63683a1a946] @ https://cdn.utmify.com.br/scripts/pixel/pixel.js:0
[ 2116706ms] [LOG] buttons [button#73d12fe4-6281-1b5a-033a-4944aa0d1690, button#15ff392d-8fc8-a395-8b6e-c704cac45653.active, button#0b871e98-fdff-9d5e-1b51-7a31c600a5a5, button#3ad6f4c9-a7bf-9fc8-a1cd-f63683a1a946] @ https://cdn.utmify.com.br/scripts/pixel/pixel.js:0
[ 2118706ms] [LOG] buttons [button#73d12fe4-6281-1b5a-033a-4944aa0d1690, button#15ff392d-8fc8-a395-8b6e-c704cac45653, button#0b871e98-fdff-9d5e-1b51-7a31c600a5a5.active, button#3ad6f4c9-a7bf-9fc8-a1cd-f63683a1a946] @ https://cdn.utmify.com.br/scripts/pixel/pixel.js:0
[ 2120706ms] [LOG] buttons [button#73d12fe4-6281-1b5a-033a-4944aa0d1690, button#15ff392d-8fc8-a395-8b6e-c704cac45653, button#0b871e98-fdff-9d5e-1b51-7a31c600a5a5.active, button#3ad6f4c9-a7bf-9fc8-a1cd-f63683a1a946] @ https://cdn.utmify.com.br/scripts/pixel/pixel.js:0
[ 2122706ms] [LOG] buttons [button#73d12fe4-6281-1b5a-033a-4944aa0d1690, button#15ff392d-8fc8-a395-8b6e-c704cac45653, button#0b871e98-fdff-9d5e-1b51-7a31c600a5a5, button#3ad6f4c9-a7bf-9fc8-a1cd-f63683a1a946.active] @ https://cdn.utmify.com.br/scripts/pixel/pixel.js:0
[ 2124706ms] [LOG] buttons [button#73d12fe4-6281-1b5a-033a-4944aa0d1690, button#15ff392d-8fc8-a395-8b6e-c704cac45653, button#0b871e98-fdff-9d5e-1b51-7a31c600a5a5, button#3ad6f4c9-a7bf-9fc8-a1cd-f63683a1a946.active] @ https://cdn.utmify.com.br/scripts/pixel/pixel.js:0
[ 2126706ms] [LOG] buttons [button#73d12fe4-6281-1b5a-033a-4944aa0d1690.active, button#15ff392d-8fc8-a395-8b6e-c704cac45653, button#0b871e98-fdff-9d5e-1b51-7a31c600a5a5, button#3ad6f4c9-a7bf-9fc8-a1cd-f63683a1a946] @ https://cdn.utmify.com.br/scripts/pixel/pixel.js:0
[ 2128705ms] [LOG] buttons [button#73d12fe4-6281-1b5a-033a-4944aa0d1690, button#15ff392d-8fc8-a395-8b6e-c704cac45653.active, button#0b871e98-fdff-9d5e-1b51-7a31c600a5a5, button#3ad6f4c9-a7bf-9fc8-a1cd-f63683a1a946] @ https://cdn.utmify.com.br/scripts/pixel/pixel.js:0
[ 2130706ms] [LOG] buttons [button#73d12fe4-6281-1b5a-033a-4944aa0d1690, button#15ff392d-8fc8-a395-8b6e-c704cac45653.active, button#0b871e98-fdff-9d5e-1b51-7a31c600a5a5, button#3ad6f4c9-a7bf-9fc8-a1cd-f63683a1a946] @ https://cdn.utmify.com.br/scripts/pixel/pixel.js:0
[ 2132706ms] [LOG] buttons [button#73d12fe4-6281-1b5a-033a-4944aa0d1690, button#15ff392d-8fc8-a395-8b6e-c704cac45653, button#0b871e98-fdff-9d5e-1b51-7a31c600a5a5.active, button#3ad6f4c9-a7bf-9fc8-a1cd-f63683a1a946] @ https://cdn.utmify.com.br/scripts/pixel/pixel.js:0
[ 2134706ms] [LOG] buttons [button#73d12fe4-6281-1b5a-033a-4944aa0d1690, button#15ff392d-8fc8-a395-8b6e-c704cac45653, button#0b871e98-fdff-9d5e-1b51-7a31c600a5a5, button#3ad6f4c9-a7bf-9fc8-a1cd-f63683a1a946.active] @ https://cdn.utmify.com.br/scripts/pixel/pixel.js:0
[ 2136705ms] [LOG] buttons [button#73d12fe4-6281-1b5a-033a-4944aa0d1690, button#15ff392d-8fc8-a395-8b6e-c704cac45653, button#0b871e98-fdff-9d5e-1b51-7a31c600a5a5, button#3ad6f4c9-a7bf-9fc8-a1cd-f63683a1a946.active] @ https://cdn.utmify.com.br/scripts/pixel/pixel.js:0
[ 2138705ms] [LOG] buttons [button#73d12fe4-6281-1b5a-033a-4944aa0d1690.active, button#15ff392d-8fc8-a395-8b6e-c704cac45653, button#0b871e98-fdff-9d5e-1b51-7a31c600a5a5, button#3ad6f4c9-a7bf-9fc8-a1cd-f63683a1a946] @ https://cdn.utmify.com.br/scripts/pixel/pixel.js:0
[ 2140705ms] [LOG] buttons [button#73d12fe4-6281-1b5a-033a-4944aa0d1690.active, button#15ff392d-8fc8-a395-8b6e-c704cac45653, button#0b871e98-fdff-9d5e-1b51-7a31c600a5a5, button#3ad6f4c9-a7bf-9fc8-a1cd-f63683a1a946] @ https://cdn.utmify.com.br/scripts/pixel/pixel.js:0
[ 2142706ms] [LOG] buttons [button#73d12fe4-6281-1b5a-033a-4944aa0d1690, button#15ff392d-8fc8-a395-8b6e-c704cac45653.active, button#0b871e98-fdff-9d5e-1b51-7a31c600a5a5, button#3ad6f4c9-a7bf-9fc8-a1cd-f63683a1a946] @ https://cdn.utmify.com.br/scripts/pixel/pixel.js:0
[ 2144705ms] [LOG] buttons [button#73d12fe4-6281-1b5a-033a-4944aa0d1690, button#15ff392d-8fc8-a395-8b6e-c704cac45653, button#0b871e98-fdff-9d5e-1b51-7a31c600a5a5.active, button#3ad6f4c9-a7bf-9fc8-a1cd-f63683a1a946] @ https://cdn.utmify.com.br/scripts/pixel/pixel.js:0
[ 2146706ms] [LOG] buttons [button#73d12fe4-6281-1b5a-033a-4944aa0d1690, button#15ff392d-8fc8-a395-8b6e-c704cac45653, button#0b871e98-fdff-9d5e-1b51-7a31c600a5a5.active, button#3ad6f4c9-a7bf-9fc8-a1cd-f63683a1a946] @ https://cdn.utmify.com.br/scripts/pixel/pixel.js:0
[ 2148706ms] [LOG] buttons [button#73d12fe4-6281-1b5a-033a-4944aa0d1690, button#15ff392d-8fc8-a395-8b6e-c704cac45653, button#0b871e98-fdff-9d5e-1b51-7a31c600a5a5, button#3ad6f4c9-a7bf-9fc8-a1cd-f63683a1a946.active] @ https://cdn.utmify.com.br/scripts/pixel/pixel.js:0
[ 2150706ms] [LOG] buttons [button#73d12fe4-6281-1b5a-033a-4944aa0d1690.active, button#15ff392d-8fc8-a395-8b6e-c704cac45653, button#0b871e98-fdff-9d5e-1b51-7a31c600a5a5, button#3ad6f4c9-a7bf-9fc8-a1cd-f63683a1a946] @ https://cdn.utmify.com.br/scripts/pixel/pixel.js:0
[ 2152705ms] [LOG] buttons [button#73d12fe4-6281-1b5a-033a-4944aa0d1690.active, button#15ff392d-8fc8-a395-8b6e-c704cac45653, button#0b871e98-fdff-9d5e-1b51-7a31c600a5a5, button#3ad6f4c9-a7bf-9fc8-a1cd-f63683a1a946] @ https://cdn.utmify.com.br/scripts/pixel/pixel.js:0
[ 2154706ms] [LOG] buttons [button#73d12fe4-6281-1b5a-033a-4944aa0d1690, button#15ff392d-8fc8-a395-8b6e-c704cac45653.active, button#0b871e98-fdff-9d5e-1b51-7a31c600a5a5, button#3ad6f4c9-a7bf-9fc8-a1cd-f63683a1a946] @ https://cdn.utmify.com.br/scripts/pixel/pixel.js:0
[ 2156706ms] [LOG] buttons [button#73d12fe4-6281-1b5a-033a-4944aa0d1690, button#15ff392d-8fc8-a395-8b6e-c704cac45653.active, button#0b871e98-fdff-9d5e-1b51-7a31c600a5a5, button#3ad6f4c9-a7bf-9fc8-a1cd-f63683a1a946] @ https://cdn.utmify.com.br/scripts/pixel/pixel.js:0
[ 2158706ms] [LOG] buttons [button#73d12fe4-6281-1b5a-033a-4944aa0d1690, button#15ff392d-8fc8-a395-8b6e-c704cac45653, button#0b871e98-fdff-9d5e-1b51-7a31c600a5a5.active, button#3ad6f4c9-a7bf-9fc8-a1cd-f63683a1a946] @ https://cdn.utmify.com.br/scripts/pixel/pixel.js:0
[ 2160706ms] [LOG] buttons [button#73d12fe4-6281-1b5a-033a-4944aa0d1690, button#15ff392d-8fc8-a395-8b6e-c704cac45653, button#0b871e98-fdff-9d5e-1b51-7a31c600a5a5, button#3ad6f4c9-a7bf-9fc8-a1cd-f63683a1a946.active] @ https://cdn.utmify.com.br/scripts/pixel/pixel.js:0
[ 2162705ms] [LOG] buttons [button#73d12fe4-6281-1b5a-033a-4944aa0d1690, button#15ff392d-8fc8-a395-8b6e-c704cac45653, button#0b871e98-fdff-9d5e-1b51-7a31c600a5a5, button#3ad6f4c9-a7bf-9fc8-a1cd-f63683a1a946.active] @ https://cdn.utmify.com.br/scripts/pixel/pixel.js:0
[ 2164706ms] [LOG] buttons [button#73d12fe4-6281-1b5a-033a-4944aa0d1690.active, button#15ff392d-8fc8-a395-8b6e-c704cac45653, button#0b871e98-fdff-9d5e-1b51-7a31c600a5a5, button#3ad6f4c9-a7bf-9fc8-a1cd-f63683a1a946] @ https://cdn.utmify.com.br/scripts/pixel/pixel.js:0
[ 2166706ms] [LOG] buttons [button#73d12fe4-6281-1b5a-033a-4944aa0d1690, button#15ff392d-8fc8-a395-8b6e-c704cac45653.active, button#0b871e98-fdff-9d5e-1b51-7a31c600a5a5, button#3ad6f4c9-a7bf-9fc8-a1cd-f63683a1a946] @ https://cdn.utmify.com.br/scripts/pixel/pixel.js:0
[ 2168706ms] [LOG] buttons [button#73d12fe4-6281-1b5a-033a-4944aa0d1690, button#15ff392d-8fc8-a395-8b6e-c704cac45653.active, button#0b871e98-fdff-9d5e-1b51-7a31c600a5a5, button#3ad6f4c9-a7bf-9fc8-a1cd-f63683a1a946] @ https://cdn.utmify.com.br/scripts/pixel/pixel.js:0
[ 2170705ms] [LOG] buttons [button#73d12fe4-6281-1b5a-033a-4944aa0d1690, button#15ff392d-8fc8-a395-8b6e-c704cac45653, button#0b871e98-fdff-9d5e-1b51-7a31c600a5a5.active, button#3ad6f4c9-a7bf-9fc8-a1cd-f63683a1a946] @ https://cdn.utmify.com.br/scripts/pixel/pixel.js:0
[ 2172706ms] [LOG] buttons [button#73d12fe4-6281-1b5a-033a-4944aa0d1690, button#15ff392d-8fc8-a395-8b6e-c704cac45653, button#0b871e98-fdff-9d5e-1b51-7a31c600a5a5.active, button#3ad6f4c9-a7bf-9fc8-a1cd-f63683a1a946] @ https://cdn.utmify.com.br/scripts/pixel/pixel.js:0
[ 2174705ms] [LOG] buttons [button#73d12fe4-6281-1b5a-033a-4944aa0d1690, button#15ff392d-8fc8-a395-8b6e-c704cac45653, button#0b871e98-fdff-9d5e-1b51-7a31c600a5a5, button#3ad6f4c9-a7bf-9fc8-a1cd-f63683a1a946.active] @ https://cdn.utmify.com.br/scripts/pixel/pixel.js:0
[ 2176706ms] [LOG] buttons [button#73d12fe4-6281-1b5a-033a-4944aa0d1690.active, button#15ff392d-8fc8-a395-8b6e-c704cac45653, button#0b871e98-fdff-9d5e-1b51-7a31c600a5a5, button#3ad6f4c9-a7bf-9fc8-a1cd-f63683a1a946] @ https://cdn.utmify.com.br/scripts/pixel/pixel.js:0
[ 2178705ms] [LOG] buttons [button#73d12fe4-6281-1b5a-033a-4944aa0d1690.active, button#15ff392d-8fc8-a395-8b6e-c704cac45653, button#0b871e98-fdff-9d5e-1b51-7a31c600a5a5, button#3ad6f4c9-a7bf-9fc8-a1cd-f63683a1a946] @ https://cdn.utmify.com.br/scripts/pixel/pixel.js:0
[ 2180705ms] [LOG] buttons [button#73d12fe4-6281-1b5a-033a-4944aa0d1690, button#15ff392d-8fc8-a395-8b6e-c704cac45653.active, button#0b871e98-fdff-9d5e-1b51-7a31c600a5a5, button#3ad6f4c9-a7bf-9fc8-a1cd-f63683a1a946] @ https://cdn.utmify.com.br/scripts/pixel/pixel.js:0
[ 2182706ms] [LOG] buttons [button#73d12fe4-6281-1b5a-033a-4944aa0d1690, button#15ff392d-8fc8-a395-8b6e-c704cac45653, button#0b871e98-fdff-9d5e-1b51-7a31c600a5a5.active, button#3ad6f4c9-a7bf-9fc8-a1cd-f63683a1a946] @ https://cdn.utmify.com.br/scripts/pixel/pixel.js:0
[ 2184705ms] [LOG] buttons [button#73d12fe4-6281-1b5a-033a-4944aa0d1690, button#15ff392d-8fc8-a395-8b6e-c704cac45653, button#0b871e98-fdff-9d5e-1b51-7a31c600a5a5.active, button#3ad6f4c9-a7bf-9fc8-a1cd-f63683a1a946] @ https://cdn.utmify.com.br/scripts/pixel/pixel.js:0
[ 2186706ms] [LOG] buttons [button#73d12fe4-6281-1b5a-033a-4944aa0d1690, button#15ff392d-8fc8-a395-8b6e-c704cac45653, button#0b871e98-fdff-9d5e-1b51-7a31c600a5a5, button#3ad6f4c9-a7bf-9fc8-a1cd-f63683a1a946.active] @ https://cdn.utmify.com.br/scripts/pixel/pixel.js:0
[ 2188705ms] [LOG] buttons [button#73d12fe4-6281-1b5a-033a-4944aa0d1690, button#15ff392d-8fc8-a395-8b6e-c704cac45653, button#0b871e98-fdff-9d5e-1b51-7a31c600a5a5, button#3ad6f4c9-a7bf-9fc8-a1cd-f63683a1a946.active] @ https://cdn.utmify.com.br/scripts/pixel/pixel.js:0
[ 2190705ms] [LOG] buttons [button#73d12fe4-6281-1b5a-033a-4944aa0d1690.active, button#15ff392d-8fc8-a395-8b6e-c704cac45653, button#0b871e98-fdff-9d5e-1b51-7a31c600a5a5, button#3ad6f4c9-a7bf-9fc8-a1cd-f63683a1a946] @ https://cdn.utmify.com.br/scripts/pixel/pixel.js:0
[ 2192706ms] [LOG] buttons [button#73d12fe4-6281-1b5a-033a-4944aa0d1690, button#15ff392d-8fc8-a395-8b6e-c704cac45653.active, button#0b871e98-fdff-9d5e-1b51-7a31c600a5a5, button#3ad6f4c9-a7bf-9fc8-a1cd-f63683a1a946] @ https://cdn.utmify.com.br/scripts/pixel/pixel.js:0
[ 2194705ms] [LOG] buttons [button#73d12fe4-6281-1b5a-033a-4944aa0d1690, button#15ff392d-8fc8-a395-8b6e-c704cac45653.active, button#0b871e98-fdff-9d5e-1b51-7a31c600a5a5, button#3ad6f4c9-a7bf-9fc8-a1cd-f63683a1a946] @ https://cdn.utmify.com.br/scripts/pixel/pixel.js:0
[ 2196706ms] [LOG] buttons [button#73d12fe4-6281-1b5a-033a-4944aa0d1690, button#15ff392d-8fc8-a395-8b6e-c704cac45653, button#0b871e98-fdff-9d5e-1b51-7a31c600a5a5.active, button#3ad6f4c9-a7bf-9fc8-a1cd-f63683a1a946] @ https://cdn.utmify.com.br/scripts/pixel/pixel.js:0
[ 2198706ms] [LOG] buttons [button#73d12fe4-6281-1b5a-033a-4944aa0d1690, button#15ff392d-8fc8-a395-8b6e-c704cac45653, button#0b871e98-fdff-9d5e-1b51-7a31c600a5a5, button#3ad6f4c9-a7bf-9fc8-a1cd-f63683a1a946.active] @ https://cdn.utmify.com.br/scripts/pixel/pixel.js:0
[ 2200706ms] [LOG] buttons [button#73d12fe4-6281-1b5a-033a-4944aa0d1690, button#15ff392d-8fc8-a395-8b6e-c704cac45653, button#0b871e98-fdff-9d5e-1b51-7a31c600a5a5, button#3ad6f4c9-a7bf-9fc8-a1cd-f63683a1a946.active] @ https://cdn.utmify.com.br/scripts/pixel/pixel.js:0
[ 2202705ms] [LOG] buttons [button#73d12fe4-6281-1b5a-033a-4944aa0d1690.active, button#15ff392d-8fc8-a395-8b6e-c704cac45653, button#0b871e98-fdff-9d5e-1b51-7a31c600a5a5, button#3ad6f4c9-a7bf-9fc8-a1cd-f63683a1a946] @ https://cdn.utmify.com.br/scripts/pixel/pixel.js:0
[ 2204706ms] [LOG] buttons [button#73d12fe4-6281-1b5a-033a-4944aa0d1690.active, button#15ff392d-8fc8-a395-8b6e-c704cac45653, button#0b871e98-fdff-9d5e-1b51-7a31c600a5a5, button#3ad6f4c9-a7bf-9fc8-a1cd-f63683a1a946] @ https://cdn.utmify.com.br/scripts/pixel/pixel.js:0
[ 2206705ms] [LOG] buttons [button#73d12fe4-6281-1b5a-033a-4944aa0d1690, button#15ff392d-8fc8-a395-8b6e-c704cac45653.active, button#0b871e98-fdff-9d5e-1b51-7a31c600a5a5, button#3ad6f4c9-a7bf-9fc8-a1cd-f63683a1a946] @ https://cdn.utmify.com.br/scripts/pixel/pixel.js:0
[ 2208706ms] [LOG] buttons [button#73d12fe4-6281-1b5a-033a-4944aa0d1690, button#15ff392d-8fc8-a395-8b6e-c704cac45653, button#0b871e98-fdff-9d5e-1b51-7a31c600a5a5.active, button#3ad6f4c9-a7bf-9fc8-a1cd-f63683a1a946] @ https://cdn.utmify.com.br/scripts/pixel/pixel.js:0
[ 2210705ms] [LOG] buttons [button#73d12fe4-6281-1b5a-033a-4944aa0d1690, button#15ff392d-8fc8-a395-8b6e-c704cac45653, button#0b871e98-fdff-9d5e-1b51-7a31c600a5a5.active, button#3ad6f4c9-a7bf-9fc8-a1cd-f63683a1a946] @ https://cdn.utmify.com.br/scripts/pixel/pixel.js:0
[ 2212705ms] [LOG] buttons [button#73d12fe4-6281-1b5a-033a-4944aa0d1690, button#15ff392d-8fc8-a395-8b6e-c704cac45653, button#0b871e98-fdff-9d5e-1b51-7a31c600a5a5, button#3ad6f4c9-a7bf-9fc8-a1cd-f63683a1a946.active] @ https://cdn.utmify.com.br/scripts/pixel/pixel.js:0
[ 2214707ms] [LOG] buttons [button#73d12fe4-6281-1b5a-033a-4944aa0d1690.active, button#15ff392d-8fc8-a395-8b6e-c704cac45653, button#0b871e98-fdff-9d5e-1b51-7a31c600a5a5, button#3ad6f4c9-a7bf-9fc8-a1cd-f63683a1a946] @ https://cdn.utmify.com.br/scripts/pixel/pixel.js:0
[ 2216706ms] [LOG] buttons [button#73d12fe4-6281-1b5a-033a-4944aa0d1690.active, button#15ff392d-8fc8-a395-8b6e-c704cac45653, button#0b871e98-fdff-9d5e-1b51-7a31c600a5a5, button#3ad6f4c9-a7bf-9fc8-a1cd-f63683a1a946] @ https://cdn.utmify.com.br/scripts/pixel/pixel.js:0
[ 2218705ms] [LOG] buttons [button#73d12fe4-6281-1b5a-033a-4944aa0d1690, button#15ff392d-8fc8-a395-8b6e-c704cac45653.active, button#0b871e98-fdff-9d5e-1b51-7a31c600a5a5, button#3ad6f4c9-a7bf-9fc8-a1cd-f63683a1a946] @ https://cdn.utmify.com.br/scripts/pixel/pixel.js:0
[ 2220706ms] [LOG] buttons [button#73d12fe4-6281-1b5a-033a-4944aa0d1690, button#15ff392d-8fc8-a395-8b6e-c704cac45653.active, button#0b871e98-fdff-9d5e-1b51-7a31c600a5a5, button#3ad6f4c9-a7bf-9fc8-a1cd-f63683a1a946] @ https://cdn.utmify.com.br/scripts/pixel/pixel.js:0
[ 2222706ms] [LOG] buttons [button#73d12fe4-6281-1b5a-033a-4944aa0d1690, button#15ff392d-8fc8-a395-8b6e-c704cac45653, button#0b871e98-fdff-9d5e-1b51-7a31c600a5a5.active, button#3ad6f4c9-a7bf-9fc8-a1cd-f63683a1a946] @ https://cdn.utmify.com.br/scripts/pixel/pixel.js:0
[ 2224705ms] [LOG] buttons [button#73d12fe4-6281-1b5a-033a-4944aa0d1690, button#15ff392d-8fc8-a395-8b6e-c704cac45653, button#0b871e98-fdff-9d5e-1b51-7a31c600a5a5, button#3ad6f4c9-a7bf-9fc8-a1cd-f63683a1a946.active] @ https://cdn.utmify.com.br/scripts/pixel/pixel.js:0
[ 2226706ms] [LOG] buttons [button#73d12fe4-6281-1b5a-033a-4944aa0d1690, button#15ff392d-8fc8-a395-8b6e-c704cac45653, button#0b871e98-fdff-9d5e-1b51-7a31c600a5a5, button#3ad6f4c9-a7bf-9fc8-a1cd-f63683a1a946.active] @ https://cdn.utmify.com.br/scripts/pixel/pixel.js:0
[ 2228706ms] [LOG] buttons [button#73d12fe4-6281-1b5a-033a-4944aa0d1690.active, button#15ff392d-8fc8-a395-8b6e-c704cac45653, button#0b871e98-fdff-9d5e-1b51-7a31c600a5a5, button#3ad6f4c9-a7bf-9fc8-a1cd-f63683a1a946] @ https://cdn.utmify.com.br/scripts/pixel/pixel.js:0
[ 2230706ms] [LOG] buttons [button#73d12fe4-6281-1b5a-033a-4944aa0d1690, button#15ff392d-8fc8-a395-8b6e-c704cac45653.active, button#0b871e98-fdff-9d5e-1b51-7a31c600a5a5, button#3ad6f4c9-a7bf-9fc8-a1cd-f63683a1a946] @ https://cdn.utmify.com.br/scripts/pixel/pixel.js:0
[ 2232706ms] [LOG] buttons [button#73d12fe4-6281-1b5a-033a-4944aa0d1690, button#15ff392d-8fc8-a395-8b6e-c704cac45653.active, button#0b871e98-fdff-9d5e-1b51-7a31c600a5a5, button#3ad6f4c9-a7bf-9fc8-a1cd-f63683a1a946] @ https://cdn.utmify.com.br/scripts/pixel/pixel.js:0
[ 2234706ms] [LOG] buttons [button#73d12fe4-6281-1b5a-033a-4944aa0d1690, button#15ff392d-8fc8-a395-8b6e-c704cac45653, button#0b871e98-fdff-9d5e-1b51-7a31c600a5a5.active, button#3ad6f4c9-a7bf-9fc8-a1cd-f63683a1a946] @ https://cdn.utmify.com.br/scripts/pixel/pixel.js:0
[ 2236705ms] [LOG] buttons [button#73d12fe4-6281-1b5a-033a-4944aa0d1690, button#15ff392d-8fc8-a395-8b6e-c704cac45653, button#0b871e98-fdff-9d5e-1b51-7a31c600a5a5.active, button#3ad6f4c9-a7bf-9fc8-a1cd-f63683a1a946] @ https://cdn.utmify.com.br/scripts/pixel/pixel.js:0
[ 2238706ms] [LOG] buttons [button#73d12fe4-6281-1b5a-033a-4944aa0d1690, button#15ff392d-8fc8-a395-8b6e-c704cac45653, button#0b871e98-fdff-9d5e-1b51-7a31c600a5a5, button#3ad6f4c9-a7bf-9fc8-a1cd-f63683a1a946.active] @ https://cdn.utmify.com.br/scripts/pixel/pixel.js:0
[ 2240706ms] [LOG] buttons [button#73d12fe4-6281-1b5a-033a-4944aa0d1690.active, button#15ff392d-8fc8-a395-8b6e-c704cac45653, button#0b871e98-fdff-9d5e-1b51-7a31c600a5a5, button#3ad6f4c9-a7bf-9fc8-a1cd-f63683a1a946] @ https://cdn.utmify.com.br/scripts/pixel/pixel.js:0
[ 2242706ms] [LOG] buttons [button#73d12fe4-6281-1b5a-033a-4944aa0d1690.active, button#15ff392d-8fc8-a395-8b6e-c704cac45653, button#0b871e98-fdff-9d5e-1b51-7a31c600a5a5, button#3ad6f4c9-a7bf-9fc8-a1cd-f63683a1a946] @ https://cdn.utmify.com.br/scripts/pixel/pixel.js:0
[ 2244706ms] [LOG] buttons [button#73d12fe4-6281-1b5a-033a-4944aa0d1690, button#15ff392d-8fc8-a395-8b6e-c704cac45653.active, button#0b871e98-fdff-9d5e-1b51-7a31c600a5a5, button#3ad6f4c9-a7bf-9fc8-a1cd-f63683a1a946] @ https://cdn.utmify.com.br/scripts/pixel/pixel.js:0
[ 2246706ms] [LOG] buttons [button#73d12fe4-6281-1b5a-033a-4944aa0d1690, button#15ff392d-8fc8-a395-8b6e-c704cac45653, button#0b871e98-fdff-9d5e-1b51-7a31c600a5a5.active, button#3ad6f4c9-a7bf-9fc8-a1cd-f63683a1a946] @ https://cdn.utmify.com.br/scripts/pixel/pixel.js:0
[ 2248706ms] [LOG] buttons [button#73d12fe4-6281-1b5a-033a-4944aa0d1690, button#15ff392d-8fc8-a395-8b6e-c704cac45653, button#0b871e98-fdff-9d5e-1b51-7a31c600a5a5.active, button#3ad6f4c9-a7bf-9fc8-a1cd-f63683a1a946] @ https://cdn.utmify.com.br/scripts/pixel/pixel.js:0
[ 2250706ms] [LOG] buttons [button#73d12fe4-6281-1b5a-033a-4944aa0d1690, button#15ff392d-8fc8-a395-8b6e-c704cac45653, button#0b871e98-fdff-9d5e-1b51-7a31c600a5a5, button#3ad6f4c9-a7bf-9fc8-a1cd-f63683a1a946.active] @ https://cdn.utmify.com.br/scripts/pixel/pixel.js:0
[ 2252706ms] [LOG] buttons [button#73d12fe4-6281-1b5a-033a-4944aa0d1690, button#15ff392d-8fc8-a395-8b6e-c704cac45653, button#0b871e98-fdff-9d5e-1b51-7a31c600a5a5, button#3ad6f4c9-a7bf-9fc8-a1cd-f63683a1a946.active] @ https://cdn.utmify.com.br/scripts/pixel/pixel.js:0
[ 2254706ms] [LOG] buttons [button#73d12fe4-6281-1b5a-033a-4944aa0d1690.active, button#15ff392d-8fc8-a395-8b6e-c704cac45653, button#0b871e98-fdff-9d5e-1b51-7a31c600a5a5, button#3ad6f4c9-a7bf-9fc8-a1cd-f63683a1a946] @ https://cdn.utmify.com.br/scripts/pixel/pixel.js:0
[ 2256706ms] [LOG] buttons [button#73d12fe4-6281-1b5a-033a-4944aa0d1690, button#15ff392d-8fc8-a395-8b6e-c704cac45653.active, button#0b871e98-fdff-9d5e-1b51-7a31c600a5a5, button#3ad6f4c9-a7bf-9fc8-a1cd-f63683a1a946] @ https://cdn.utmify.com.br/scripts/pixel/pixel.js:0
[ 2258706ms] [LOG] buttons [button#73d12fe4-6281-1b5a-033a-4944aa0d1690, button#15ff392d-8fc8-a395-8b6e-c704cac45653.active, button#0b871e98-fdff-9d5e-1b51-7a31c600a5a5, button#3ad6f4c9-a7bf-9fc8-a1cd-f63683a1a946] @ https://cdn.utmify.com.br/scripts/pixel/pixel.js:0
[ 2260705ms] [LOG] buttons [button#73d12fe4-6281-1b5a-033a-4944aa0d1690, button#15ff392d-8fc8-a395-8b6e-c704cac45653, button#0b871e98-fdff-9d5e-1b51-7a31c600a5a5.active, button#3ad6f4c9-a7bf-9fc8-a1cd-f63683a1a946] @ https://cdn.utmify.com.br/scripts/pixel/pixel.js:0
[ 2262706ms] [LOG] buttons [button#73d12fe4-6281-1b5a-033a-4944aa0d1690, button#15ff392d-8fc8-a395-8b6e-c704cac45653, button#0b871e98-fdff-9d5e-1b51-7a31c600a5a5, button#3ad6f4c9-a7bf-9fc8-a1cd-f63683a1a946.active] @ https://cdn.utmify.com.br/scripts/pixel/pixel.js:0
[ 2264706ms] [LOG] buttons [button#73d12fe4-6281-1b5a-033a-4944aa0d1690, button#15ff392d-8fc8-a395-8b6e-c704cac45653, button#0b871e98-fdff-9d5e-1b51-7a31c600a5a5, button#3ad6f4c9-a7bf-9fc8-a1cd-f63683a1a946.active] @ https://cdn.utmify.com.br/scripts/pixel/pixel.js:0
[ 2266706ms] [LOG] buttons [button#73d12fe4-6281-1b5a-033a-4944aa0d1690.active, button#15ff392d-8fc8-a395-8b6e-c704cac45653, button#0b871e98-fdff-9d5e-1b51-7a31c600a5a5, button#3ad6f4c9-a7bf-9fc8-a1cd-f63683a1a946] @ https://cdn.utmify.com.br/scripts/pixel/pixel.js:0
[ 2268706ms] [LOG] buttons [button#73d12fe4-6281-1b5a-033a-4944aa0d1690.active, button#15ff392d-8fc8-a395-8b6e-c704cac45653, button#0b871e98-fdff-9d5e-1b51-7a31c600a5a5, button#3ad6f4c9-a7bf-9fc8-a1cd-f63683a1a946] @ https://cdn.utmify.com.br/scripts/pixel/pixel.js:0
[ 2270706ms] [LOG] buttons [button#73d12fe4-6281-1b5a-033a-4944aa0d1690, button#15ff392d-8fc8-a395-8b6e-c704cac45653.active, button#0b871e98-fdff-9d5e-1b51-7a31c600a5a5, button#3ad6f4c9-a7bf-9fc8-a1cd-f63683a1a946] @ https://cdn.utmify.com.br/scripts/pixel/pixel.js:0
[ 2272706ms] [LOG] buttons [button#73d12fe4-6281-1b5a-033a-4944aa0d1690, button#15ff392d-8fc8-a395-8b6e-c704cac45653, button#0b871e98-fdff-9d5e-1b51-7a31c600a5a5.active, button#3ad6f4c9-a7bf-9fc8-a1cd-f63683a1a946] @ https://cdn.utmify.com.br/scripts/pixel/pixel.js:0
[ 2274706ms] [LOG] buttons [button#73d12fe4-6281-1b5a-033a-4944aa0d1690, button#15ff392d-8fc8-a395-8b6e-c704cac45653, button#0b871e98-fdff-9d5e-1b51-7a31c600a5a5.active, button#3ad6f4c9-a7bf-9fc8-a1cd-f63683a1a946] @ https://cdn.utmify.com.br/scripts/pixel/pixel.js:0
[ 2276705ms] [LOG] buttons [button#73d12fe4-6281-1b5a-033a-4944aa0d1690, button#15ff392d-8fc8-a395-8b6e-c704cac45653, button#0b871e98-fdff-9d5e-1b51-7a31c600a5a5, button#3ad6f4c9-a7bf-9fc8-a1cd-f63683a1a946.active] @ https://cdn.utmify.com.br/scripts/pixel/pixel.js:0
[ 2278706ms] [LOG] buttons [button#73d12fe4-6281-1b5a-033a-4944aa0d1690.active, button#15ff392d-8fc8-a395-8b6e-c704cac45653, button#0b871e98-fdff-9d5e-1b51-7a31c600a5a5, button#3ad6f4c9-a7bf-9fc8-a1cd-f63683a1a946] @ https://cdn.utmify.com.br/scripts/pixel/pixel.js:0
[ 2280706ms] [LOG] buttons [button#73d12fe4-6281-1b5a-033a-4944aa0d1690.active, button#15ff392d-8fc8-a395-8b6e-c704cac45653, button#0b871e98-fdff-9d5e-1b51-7a31c600a5a5, button#3ad6f4c9-a7bf-9fc8-a1cd-f63683a1a946] @ https://cdn.utmify.com.br/scripts/pixel/pixel.js:0
[ 2282706ms] [LOG] buttons [button#73d12fe4-6281-1b5a-033a-4944aa0d1690, button#15ff392d-8fc8-a395-8b6e-c704cac45653.active, button#0b871e98-fdff-9d5e-1b51-7a31c600a5a5, button#3ad6f4c9-a7bf-9fc8-a1cd-f63683a1a946] @ https://cdn.utmify.com.br/scripts/pixel/pixel.js:0
[ 2284706ms] [LOG] buttons [button#73d12fe4-6281-1b5a-033a-4944aa0d1690, button#15ff392d-8fc8-a395-8b6e-c704cac45653.active, button#0b871e98-fdff-9d5e-1b51-7a31c600a5a5, button#3ad6f4c9-a7bf-9fc8-a1cd-f63683a1a946] @ https://cdn.utmify.com.br/scripts/pixel/pixel.js:0
[ 2286706ms] [LOG] buttons [button#73d12fe4-6281-1b5a-033a-4944aa0d1690, button#15ff392d-8fc8-a395-8b6e-c704cac45653, button#0b871e98-fdff-9d5e-1b51-7a31c600a5a5.active, button#3ad6f4c9-a7bf-9fc8-a1cd-f63683a1a946] @ https://cdn.utmify.com.br/scripts/pixel/pixel.js:0
[ 2288706ms] [LOG] buttons [button#73d12fe4-6281-1b5a-033a-4944aa0d1690, button#15ff392d-8fc8-a395-8b6e-c704cac45653, button#0b871e98-fdff-9d5e-1b51-7a31c600a5a5, button#3ad6f4c9-a7bf-9fc8-a1cd-f63683a1a946.active] @ https://cdn.utmify.com.br/scripts/pixel/pixel.js:0
[ 2290706ms] [LOG] buttons [button#73d12fe4-6281-1b5a-033a-4944aa0d1690, button#15ff392d-8fc8-a395-8b6e-c704cac45653, button#0b871e98-fdff-9d5e-1b51-7a31c600a5a5, button#3ad6f4c9-a7bf-9fc8-a1cd-f63683a1a946.active] @ https://cdn.utmify.com.br/scripts/pixel/pixel.js:0
[ 2292706ms] [LOG] buttons [button#73d12fe4-6281-1b5a-033a-4944aa0d1690.active, button#15ff392d-8fc8-a395-8b6e-c704cac45653, button#0b871e98-fdff-9d5e-1b51-7a31c600a5a5, button#3ad6f4c9-a7bf-9fc8-a1cd-f63683a1a946] @ https://cdn.utmify.com.br/scripts/pixel/pixel.js:0
[ 2294706ms] [LOG] buttons [button#73d12fe4-6281-1b5a-033a-4944aa0d1690, button#15ff392d-8fc8-a395-8b6e-c704cac45653.active, button#0b871e98-fdff-9d5e-1b51-7a31c600a5a5, button#3ad6f4c9-a7bf-9fc8-a1cd-f63683a1a946] @ https://cdn.utmify.com.br/scripts/pixel/pixel.js:0
[ 2296707ms] [LOG] buttons [button#73d12fe4-6281-1b5a-033a-4944aa0d1690, button#15ff392d-8fc8-a395-8b6e-c704cac45653.active, button#0b871e98-fdff-9d5e-1b51-7a31c600a5a5, button#3ad6f4c9-a7bf-9fc8-a1cd-f63683a1a946] @ https://cdn.utmify.com.br/scripts/pixel/pixel.js:0
[ 2298706ms] [LOG] buttons [button#73d12fe4-6281-1b5a-033a-4944aa0d1690, button#15ff392d-8fc8-a395-8b6e-c704cac45653, button#0b871e98-fdff-9d5e-1b51-7a31c600a5a5.active, button#3ad6f4c9-a7bf-9fc8-a1cd-f63683a1a946] @ https://cdn.utmify.com.br/scripts/pixel/pixel.js:0
[ 2300706ms] [LOG] buttons [button#73d12fe4-6281-1b5a-033a-4944aa0d1690, button#15ff392d-8fc8-a395-8b6e-c704cac45653, button#0b871e98-fdff-9d5e-1b51-7a31c600a5a5.active, button#3ad6f4c9-a7bf-9fc8-a1cd-f63683a1a946] @ https://cdn.utmify.com.br/scripts/pixel/pixel.js:0
[ 2302707ms] [LOG] buttons [button#73d12fe4-6281-1b5a-033a-4944aa0d1690, button#15ff392d-8fc8-a395-8b6e-c704cac45653, button#0b871e98-fdff-9d5e-1b51-7a31c600a5a5, button#3ad6f4c9-a7bf-9fc8-a1cd-f63683a1a946.active] @ https://cdn.utmify.com.br/scripts/pixel/pixel.js:0
[ 2304706ms] [LOG] buttons [button#73d12fe4-6281-1b5a-033a-4944aa0d1690.active, button#15ff392d-8fc8-a395-8b6e-c704cac45653, button#0b871e98-fdff-9d5e-1b51-7a31c600a5a5, button#3ad6f4c9-a7bf-9fc8-a1cd-f63683a1a946] @ https://cdn.utmify.com.br/scripts/pixel/pixel.js:0
[ 2306706ms] [LOG] buttons [button#73d12fe4-6281-1b5a-033a-4944aa0d1690.active, button#15ff392d-8fc8-a395-8b6e-c704cac45653, button#0b871e98-fdff-9d5e-1b51-7a31c600a5a5, button#3ad6f4c9-a7bf-9fc8-a1cd-f63683a1a946] @ https://cdn.utmify.com.br/scripts/pixel/pixel.js:0
[ 2308706ms] [LOG] buttons [button#73d12fe4-6281-1b5a-033a-4944aa0d1690, button#15ff392d-8fc8-a395-8b6e-c704cac45653.active, button#0b871e98-fdff-9d5e-1b51-7a31c600a5a5, button#3ad6f4c9-a7bf-9fc8-a1cd-f63683a1a946] @ https://cdn.utmify.com.br/scripts/pixel/pixel.js:0
[ 2310706ms] [LOG] buttons [button#73d12fe4-6281-1b5a-033a-4944aa0d1690, button#15ff392d-8fc8-a395-8b6e-c704cac45653, button#0b871e98-fdff-9d5e-1b51-7a31c600a5a5.active, button#3ad6f4c9-a7bf-9fc8-a1cd-f63683a1a946] @ https://cdn.utmify.com.br/scripts/pixel/pixel.js:0
[ 2312706ms] [LOG] buttons [button#73d12fe4-6281-1b5a-033a-4944aa0d1690, button#15ff392d-8fc8-a395-8b6e-c704cac45653, button#0b871e98-fdff-9d5e-1b51-7a31c600a5a5.active, button#3ad6f4c9-a7bf-9fc8-a1cd-f63683a1a946] @ https://cdn.utmify.com.br/scripts/pixel/pixel.js:0
[ 2314706ms] [LOG] buttons [button#73d12fe4-6281-1b5a-033a-4944aa0d1690, button#15ff392d-8fc8-a395-8b6e-c704cac45653, button#0b871e98-fdff-9d5e-1b51-7a31c600a5a5, button#3ad6f4c9-a7bf-9fc8-a1cd-f63683a1a946.active] @ https://cdn.utmify.com.br/scripts/pixel/pixel.js:0
[ 2316706ms] [LOG] buttons [button#73d12fe4-6281-1b5a-033a-4944aa0d1690, button#15ff392d-8fc8-a395-8b6e-c704cac45653, button#0b871e98-fdff-9d5e-1b51-7a31c600a5a5, button#3ad6f4c9-a7bf-9fc8-a1cd-f63683a1a946.active] @ https://cdn.utmify.com.br/scripts/pixel/pixel.js:0
[ 2318706ms] [LOG] buttons [button#73d12fe4-6281-1b5a-033a-4944aa0d1690.active, button#15ff392d-8fc8-a395-8b6e-c704cac45653, button#0b871e98-fdff-9d5e-1b51-7a31c600a5a5, button#3ad6f4c9-a7bf-9fc8-a1cd-f63683a1a946] @ https://cdn.utmify.com.br/scripts/pixel/pixel.js:0
[ 2320706ms] [LOG] buttons [button#73d12fe4-6281-1b5a-033a-4944aa0d1690, button#15ff392d-8fc8-a395-8b6e-c704cac45653.active, button#0b871e98-fdff-9d5e-1b51-7a31c600a5a5, button#3ad6f4c9-a7bf-9fc8-a1cd-f63683a1a946] @ https://cdn.utmify.com.br/scripts/pixel/pixel.js:0
[ 2322706ms] [LOG] buttons [button#73d12fe4-6281-1b5a-033a-4944aa0d1690, button#15ff392d-8fc8-a395-8b6e-c704cac45653.active, button#0b871e98-fdff-9d5e-1b51-7a31c600a5a5, button#3ad6f4c9-a7bf-9fc8-a1cd-f63683a1a946] @ https://cdn.utmify.com.br/scripts/pixel/pixel.js:0
[ 2324706ms] [LOG] buttons [button#73d12fe4-6281-1b5a-033a-4944aa0d1690, button#15ff392d-8fc8-a395-8b6e-c704cac45653, button#0b871e98-fdff-9d5e-1b51-7a31c600a5a5.active, button#3ad6f4c9-a7bf-9fc8-a1cd-f63683a1a946] @ https://cdn.utmify.com.br/scripts/pixel/pixel.js:0
[ 2326707ms] [LOG] buttons [button#73d12fe4-6281-1b5a-033a-4944aa0d1690, button#15ff392d-8fc8-a395-8b6e-c704cac45653, button#0b871e98-fdff-9d5e-1b51-7a31c600a5a5, button#3ad6f4c9-a7bf-9fc8-a1cd-f63683a1a946.active] @ https://cdn.utmify.com.br/scripts/pixel/pixel.js:0
[ 2328706ms] [LOG] buttons [button#73d12fe4-6281-1b5a-033a-4944aa0d1690, button#15ff392d-8fc8-a395-8b6e-c704cac45653, button#0b871e98-fdff-9d5e-1b51-7a31c600a5a5, button#3ad6f4c9-a7bf-9fc8-a1cd-f63683a1a946.active] @ https://cdn.utmify.com.br/scripts/pixel/pixel.js:0
[ 2330706ms] [LOG] buttons [button#73d12fe4-6281-1b5a-033a-4944aa0d1690.active, button#15ff392d-8fc8-a395-8b6e-c704cac45653, button#0b871e98-fdff-9d5e-1b51-7a31c600a5a5, button#3ad6f4c9-a7bf-9fc8-a1cd-f63683a1a946] @ https://cdn.utmify.com.br/scripts/pixel/pixel.js:0
[ 2332706ms] [LOG] buttons [button#73d12fe4-6281-1b5a-033a-4944aa0d1690.active, button#15ff392d-8fc8-a395-8b6e-c704cac45653, button#0b871e98-fdff-9d5e-1b51-7a31c600a5a5, button#3ad6f4c9-a7bf-9fc8-a1cd-f63683a1a946] @ https://cdn.utmify.com.br/scripts/pixel/pixel.js:0
[ 2334705ms] [LOG] buttons [button#73d12fe4-6281-1b5a-033a-4944aa0d1690, button#15ff392d-8fc8-a395-8b6e-c704cac45653.active, button#0b871e98-fdff-9d5e-1b51-7a31c600a5a5, button#3ad6f4c9-a7bf-9fc8-a1cd-f63683a1a946] @ https://cdn.utmify.com.br/scripts/pixel/pixel.js:0
[ 2336706ms] [LOG] buttons [button#73d12fe4-6281-1b5a-033a-4944aa0d1690, button#15ff392d-8fc8-a395-8b6e-c704cac45653, button#0b871e98-fdff-9d5e-1b51-7a31c600a5a5.active, button#3ad6f4c9-a7bf-9fc8-a1cd-f63683a1a946] @ https://cdn.utmify.com.br/scripts/pixel/pixel.js:0
[ 2338706ms] [LOG] buttons [button#73d12fe4-6281-1b5a-033a-4944aa0d1690, button#15ff392d-8fc8-a395-8b6e-c704cac45653, button#0b871e98-fdff-9d5e-1b51-7a31c600a5a5.active, button#3ad6f4c9-a7bf-9fc8-a1cd-f63683a1a946] @ https://cdn.utmify.com.br/scripts/pixel/pixel.js:0
[ 2340706ms] [LOG] buttons [button#73d12fe4-6281-1b5a-033a-4944aa0d1690, button#15ff392d-8fc8-a395-8b6e-c704cac45653, button#0b871e98-fdff-9d5e-1b51-7a31c600a5a5, button#3ad6f4c9-a7bf-9fc8-a1cd-f63683a1a946.active] @ https://cdn.utmify.com.br/scripts/pixel/pixel.js:0
[ 2342706ms] [LOG] buttons [button#73d12fe4-6281-1b5a-033a-4944aa0d1690.active, button#15ff392d-8fc8-a395-8b6e-c704cac45653, button#0b871e98-fdff-9d5e-1b51-7a31c600a5a5, button#3ad6f4c9-a7bf-9fc8-a1cd-f63683a1a946] @ https://cdn.utmify.com.br/scripts/pixel/pixel.js:0
[ 2344705ms] [LOG] buttons [button#73d12fe4-6281-1b5a-033a-4944aa0d1690.active, button#15ff392d-8fc8-a395-8b6e-c704cac45653, button#0b871e98-fdff-9d5e-1b51-7a31c600a5a5, button#3ad6f4c9-a7bf-9fc8-a1cd-f63683a1a946] @ https://cdn.utmify.com.br/scripts/pixel/pixel.js:0
[ 2346706ms] [LOG] buttons [button#73d12fe4-6281-1b5a-033a-4944aa0d1690, button#15ff392d-8fc8-a395-8b6e-c704cac45653.active, button#0b871e98-fdff-9d5e-1b51-7a31c600a5a5, button#3ad6f4c9-a7bf-9fc8-a1cd-f63683a1a946] @ https://cdn.utmify.com.br/scripts/pixel/pixel.js:0
[ 2348707ms] [LOG] buttons [button#73d12fe4-6281-1b5a-033a-4944aa0d1690, button#15ff392d-8fc8-a395-8b6e-c704cac45653.active, button#0b871e98-fdff-9d5e-1b51-7a31c600a5a5, button#3ad6f4c9-a7bf-9fc8-a1cd-f63683a1a946] @ https://cdn.utmify.com.br/scripts/pixel/pixel.js:0
[ 2350706ms] [LOG] buttons [button#73d12fe4-6281-1b5a-033a-4944aa0d1690, button#15ff392d-8fc8-a395-8b6e-c704cac45653, button#0b871e98-fdff-9d5e-1b51-7a31c600a5a5.active, button#3ad6f4c9-a7bf-9fc8-a1cd-f63683a1a946] @ https://cdn.utmify.com.br/scripts/pixel/pixel.js:0
[ 2352706ms] [LOG] buttons [button#73d12fe4-6281-1b5a-033a-4944aa0d1690, button#15ff392d-8fc8-a395-8b6e-c704cac45653, button#0b871e98-fdff-9d5e-1b51-7a31c600a5a5, button#3ad6f4c9-a7bf-9fc8-a1cd-f63683a1a946.active] @ https://cdn.utmify.com.br/scripts/pixel/pixel.js:0
[ 2354705ms] [LOG] buttons [button#73d12fe4-6281-1b5a-033a-4944aa0d1690, button#15ff392d-8fc8-a395-8b6e-c704cac45653, button#0b871e98-fdff-9d5e-1b51-7a31c600a5a5, button#3ad6f4c9-a7bf-9fc8-a1cd-f63683a1a946.active] @ https://cdn.utmify.com.br/scripts/pixel/pixel.js:0
[ 2356706ms] [LOG] buttons [button#73d12fe4-6281-1b5a-033a-4944aa0d1690.active, button#15ff392d-8fc8-a395-8b6e-c704cac45653, button#0b871e98-fdff-9d5e-1b51-7a31c600a5a5, button#3ad6f4c9-a7bf-9fc8-a1cd-f63683a1a946] @ https://cdn.utmify.com.br/scripts/pixel/pixel.js:0
[ 2358706ms] [LOG] buttons [button#73d12fe4-6281-1b5a-033a-4944aa0d1690, button#15ff392d-8fc8-a395-8b6e-c704cac45653.active, button#0b871e98-fdff-9d5e-1b51-7a31c600a5a5, button#3ad6f4c9-a7bf-9fc8-a1cd-f63683a1a946] @ https://cdn.utmify.com.br/scripts/pixel/pixel.js:0
[ 2360706ms] [LOG] buttons [button#73d12fe4-6281-1b5a-033a-4944aa0d1690, button#15ff392d-8fc8-a395-8b6e-c704cac45653.active, button#0b871e98-fdff-9d5e-1b51-7a31c600a5a5, button#3ad6f4c9-a7bf-9fc8-a1cd-f63683a1a946] @ https://cdn.utmify.com.br/scripts/pixel/pixel.js:0
[ 2362706ms] [LOG] buttons [button#73d12fe4-6281-1b5a-033a-4944aa0d1690, button#15ff392d-8fc8-a395-8b6e-c704cac45653, button#0b871e98-fdff-9d5e-1b51-7a31c600a5a5.active, button#3ad6f4c9-a7bf-9fc8-a1cd-f63683a1a946] @ https://cdn.utmify.com.br/scripts/pixel/pixel.js:0
[ 2364706ms] [LOG] buttons [button#73d12fe4-6281-1b5a-033a-4944aa0d1690, button#15ff392d-8fc8-a395-8b6e-c704cac45653, button#0b871e98-fdff-9d5e-1b51-7a31c600a5a5.active, button#3ad6f4c9-a7bf-9fc8-a1cd-f63683a1a946] @ https://cdn.utmify.com.br/scripts/pixel/pixel.js:0
[ 2366706ms] [LOG] buttons [button#73d12fe4-6281-1b5a-033a-4944aa0d1690, button#15ff392d-8fc8-a395-8b6e-c704cac45653, button#0b871e98-fdff-9d5e-1b51-7a31c600a5a5, button#3ad6f4c9-a7bf-9fc8-a1cd-f63683a1a946.active] @ https://cdn.utmify.com.br/scripts/pixel/pixel.js:0
[ 2368706ms] [LOG] buttons [button#73d12fe4-6281-1b5a-033a-4944aa0d1690.active, button#15ff392d-8fc8-a395-8b6e-c704cac45653, button#0b871e98-fdff-9d5e-1b51-7a31c600a5a5, button#3ad6f4c9-a7bf-9fc8-a1cd-f63683a1a946] @ https://cdn.utmify.com.br/scripts/pixel/pixel.js:0
[ 2370706ms] [LOG] buttons [button#73d12fe4-6281-1b5a-033a-4944aa0d1690.active, button#15ff392d-8fc8-a395-8b6e-c704cac45653, button#0b871e98-fdff-9d5e-1b51-7a31c600a5a5, button#3ad6f4c9-a7bf-9fc8-a1cd-f63683a1a946] @ https://cdn.utmify.com.br/scripts/pixel/pixel.js:0
[ 2372706ms] [LOG] buttons [button#73d12fe4-6281-1b5a-033a-4944aa0d1690, button#15ff392d-8fc8-a395-8b6e-c704cac45653.active, button#0b871e98-fdff-9d5e-1b51-7a31c600a5a5, button#3ad6f4c9-a7bf-9fc8-a1cd-f63683a1a946] @ https://cdn.utmify.com.br/scripts/pixel/pixel.js:0
[ 2374705ms] [LOG] buttons [button#73d12fe4-6281-1b5a-033a-4944aa0d1690, button#15ff392d-8fc8-a395-8b6e-c704cac45653, button#0b871e98-fdff-9d5e-1b51-7a31c600a5a5.active, button#3ad6f4c9-a7bf-9fc8-a1cd-f63683a1a946] @ https://cdn.utmify.com.br/scripts/pixel/pixel.js:0
[ 2376706ms] [LOG] buttons [button#73d12fe4-6281-1b5a-033a-4944aa0d1690, button#15ff392d-8fc8-a395-8b6e-c704cac45653, button#0b871e98-fdff-9d5e-1b51-7a31c600a5a5.active, button#3ad6f4c9-a7bf-9fc8-a1cd-f63683a1a946] @ https://cdn.utmify.com.br/scripts/pixel/pixel.js:0
[ 2378706ms] [LOG] buttons [button#73d12fe4-6281-1b5a-033a-4944aa0d1690, button#15ff392d-8fc8-a395-8b6e-c704cac45653, button#0b871e98-fdff-9d5e-1b51-7a31c600a5a5, button#3ad6f4c9-a7bf-9fc8-a1cd-f63683a1a946.active] @ https://cdn.utmify.com.br/scripts/pixel/pixel.js:0
[ 2380706ms] [LOG] buttons [button#73d12fe4-6281-1b5a-033a-4944aa0d1690, button#15ff392d-8fc8-a395-8b6e-c704cac45653, button#0b871e98-fdff-9d5e-1b51-7a31c600a5a5, button#3ad6f4c9-a7bf-9fc8-a1cd-f63683a1a946.active] @ https://cdn.utmify.com.br/scripts/pixel/pixel.js:0
[ 2382706ms] [LOG] buttons [button#73d12fe4-6281-1b5a-033a-4944aa0d1690.active, button#15ff392d-8fc8-a395-8b6e-c704cac45653, button#0b871e98-fdff-9d5e-1b51-7a31c600a5a5, button#3ad6f4c9-a7bf-9fc8-a1cd-f63683a1a946] @ https://cdn.utmify.com.br/scripts/pixel/pixel.js:0
[ 2384706ms] [LOG] buttons [button#73d12fe4-6281-1b5a-033a-4944aa0d1690, button#15ff392d-8fc8-a395-8b6e-c704cac45653.active, button#0b871e98-fdff-9d5e-1b51-7a31c600a5a5, button#3ad6f4c9-a7bf-9fc8-a1cd-f63683a1a946] @ https://cdn.utmify.com.br/scripts/pixel/pixel.js:0
[ 2386706ms] [LOG] buttons [button#73d12fe4-6281-1b5a-033a-4944aa0d1690, button#15ff392d-8fc8-a395-8b6e-c704cac45653.active, button#0b871e98-fdff-9d5e-1b51-7a31c600a5a5, button#3ad6f4c9-a7bf-9fc8-a1cd-f63683a1a946] @ https://cdn.utmify.com.br/scripts/pixel/pixel.js:0
[ 2388706ms] [LOG] buttons [button#73d12fe4-6281-1b5a-033a-4944aa0d1690, button#15ff392d-8fc8-a395-8b6e-c704cac45653, button#0b871e98-fdff-9d5e-1b51-7a31c600a5a5.active, button#3ad6f4c9-a7bf-9fc8-a1cd-f63683a1a946] @ https://cdn.utmify.com.br/scripts/pixel/pixel.js:0
[ 2390706ms] [LOG] buttons [button#73d12fe4-6281-1b5a-033a-4944aa0d1690, button#15ff392d-8fc8-a395-8b6e-c704cac45653, button#0b871e98-fdff-9d5e-1b51-7a31c600a5a5, button#3ad6f4c9-a7bf-9fc8-a1cd-f63683a1a946.active] @ https://cdn.utmify.com.br/scripts/pixel/pixel.js:0
[ 2392706ms] [LOG] buttons [button#73d12fe4-6281-1b5a-033a-4944aa0d1690, button#15ff392d-8fc8-a395-8b6e-c704cac45653, button#0b871e98-fdff-9d5e-1b51-7a31c600a5a5, button#3ad6f4c9-a7bf-9fc8-a1cd-f63683a1a946.active] @ https://cdn.utmify.com.br/scripts/pixel/pixel.js:0
[ 2394706ms] [LOG] buttons [button#73d12fe4-6281-1b5a-033a-4944aa0d1690.active, button#15ff392d-8fc8-a395-8b6e-c704cac45653, button#0b871e98-fdff-9d5e-1b51-7a31c600a5a5, button#3ad6f4c9-a7bf-9fc8-a1cd-f63683a1a946] @ https://cdn.utmify.com.br/scripts/pixel/pixel.js:0
[ 2396706ms] [LOG] buttons [button#73d12fe4-6281-1b5a-033a-4944aa0d1690.active, button#15ff392d-8fc8-a395-8b6e-c704cac45653, button#0b871e98-fdff-9d5e-1b51-7a31c600a5a5, button#3ad6f4c9-a7bf-9fc8-a1cd-f63683a1a946] @ https://cdn.utmify.com.br/scripts/pixel/pixel.js:0
[ 2398707ms] [LOG] buttons [button#73d12fe4-6281-1b5a-033a-4944aa0d1690, button#15ff392d-8fc8-a395-8b6e-c704cac45653.active, button#0b871e98-fdff-9d5e-1b51-7a31c600a5a5, button#3ad6f4c9-a7bf-9fc8-a1cd-f63683a1a946] @ https://cdn.utmify.com.br/scripts/pixel/pixel.js:0
[ 2400706ms] [LOG] buttons [button#73d12fe4-6281-1b5a-033a-4944aa0d1690, button#15ff392d-8fc8-a395-8b6e-c704cac45653, button#0b871e98-fdff-9d5e-1b51-7a31c600a5a5.active, button#3ad6f4c9-a7bf-9fc8-a1cd-f63683a1a946] @ https://cdn.utmify.com.br/scripts/pixel/pixel.js:0
[ 2402706ms] [LOG] buttons [button#73d12fe4-6281-1b5a-033a-4944aa0d1690, button#15ff392d-8fc8-a395-8b6e-c704cac45653, button#0b871e98-fdff-9d5e-1b51-7a31c600a5a5.active, button#3ad6f4c9-a7bf-9fc8-a1cd-f63683a1a946] @ https://cdn.utmify.com.br/scripts/pixel/pixel.js:0
[ 2404706ms] [LOG] buttons [button#73d12fe4-6281-1b5a-033a-4944aa0d1690, button#15ff392d-8fc8-a395-8b6e-c704cac45653, button#0b871e98-fdff-9d5e-1b51-7a31c600a5a5, button#3ad6f4c9-a7bf-9fc8-a1cd-f63683a1a946.active] @ https://cdn.utmify.com.br/scripts/pixel/pixel.js:0
[ 2406706ms] [LOG] buttons [button#73d12fe4-6281-1b5a-033a-4944aa0d1690.active, button#15ff392d-8fc8-a395-8b6e-c704cac45653, button#0b871e98-fdff-9d5e-1b51-7a31c600a5a5, button#3ad6f4c9-a7bf-9fc8-a1cd-f63683a1a946] @ https://cdn.utmify.com.br/scripts/pixel/pixel.js:0
[ 2408706ms] [LOG] buttons [button#73d12fe4-6281-1b5a-033a-4944aa0d1690.active, button#15ff392d-8fc8-a395-8b6e-c704cac45653, button#0b871e98-fdff-9d5e-1b51-7a31c600a5a5, button#3ad6f4c9-a7bf-9fc8-a1cd-f63683a1a946] @ https://cdn.utmify.com.br/scripts/pixel/pixel.js:0
[ 2410706ms] [LOG] buttons [button#73d12fe4-6281-1b5a-033a-4944aa0d1690, button#15ff392d-8fc8-a395-8b6e-c704cac45653.active, button#0b871e98-fdff-9d5e-1b51-7a31c600a5a5, button#3ad6f4c9-a7bf-9fc8-a1cd-f63683a1a946] @ https://cdn.utmify.com.br/scripts/pixel/pixel.js:0
[ 2412705ms] [LOG] buttons [button#73d12fe4-6281-1b5a-033a-4944aa0d1690, button#15ff392d-8fc8-a395-8b6e-c704cac45653.active, button#0b871e98-fdff-9d5e-1b51-7a31c600a5a5, button#3ad6f4c9-a7bf-9fc8-a1cd-f63683a1a946] @ https://cdn.utmify.com.br/scripts/pixel/pixel.js:0
[ 2414706ms] [LOG] buttons [button#73d12fe4-6281-1b5a-033a-4944aa0d1690, button#15ff392d-8fc8-a395-8b6e-c704cac45653, button#0b871e98-fdff-9d5e-1b51-7a31c600a5a5.active, button#3ad6f4c9-a7bf-9fc8-a1cd-f63683a1a946] @ https://cdn.utmify.com.br/scripts/pixel/pixel.js:0
[ 2416706ms] [LOG] buttons [button#73d12fe4-6281-1b5a-033a-4944aa0d1690, button#15ff392d-8fc8-a395-8b6e-c704cac45653, button#0b871e98-fdff-9d5e-1b51-7a31c600a5a5, button#3ad6f4c9-a7bf-9fc8-a1cd-f63683a1a946.active] @ https://cdn.utmify.com.br/scripts/pixel/pixel.js:0
[ 2418706ms] [LOG] buttons [button#73d12fe4-6281-1b5a-033a-4944aa0d1690, button#15ff392d-8fc8-a395-8b6e-c704cac45653, button#0b871e98-fdff-9d5e-1b51-7a31c600a5a5, button#3ad6f4c9-a7bf-9fc8-a1cd-f63683a1a946.active] @ https://cdn.utmify.com.br/scripts/pixel/pixel.js:0
[ 2420706ms] [LOG] buttons [button#73d12fe4-6281-1b5a-033a-4944aa0d1690.active, button#15ff392d-8fc8-a395-8b6e-c704cac45653, button#0b871e98-fdff-9d5e-1b51-7a31c600a5a5, button#3ad6f4c9-a7bf-9fc8-a1cd-f63683a1a946] @ https://cdn.utmify.com.br/scripts/pixel/pixel.js:0
[ 2422706ms] [LOG] buttons [button#73d12fe4-6281-1b5a-033a-4944aa0d1690, button#15ff392d-8fc8-a395-8b6e-c704cac45653.active, button#0b871e98-fdff-9d5e-1b51-7a31c600a5a5, button#3ad6f4c9-a7bf-9fc8-a1cd-f63683a1a946] @ https://cdn.utmify.com.br/scripts/pixel/pixel.js:0
[ 2424706ms] [LOG] buttons [button#73d12fe4-6281-1b5a-033a-4944aa0d1690, button#15ff392d-8fc8-a395-8b6e-c704cac45653.active, button#0b871e98-fdff-9d5e-1b51-7a31c600a5a5, button#3ad6f4c9-a7bf-9fc8-a1cd-f63683a1a946] @ https://cdn.utmify.com.br/scripts/pixel/pixel.js:0
[ 2426706ms] [LOG] buttons [button#73d12fe4-6281-1b5a-033a-4944aa0d1690, button#15ff392d-8fc8-a395-8b6e-c704cac45653, button#0b871e98-fdff-9d5e-1b51-7a31c600a5a5.active, button#3ad6f4c9-a7bf-9fc8-a1cd-f63683a1a946] @ https://cdn.utmify.com.br/scripts/pixel/pixel.js:0
[ 2428706ms] [LOG] buttons [button#73d12fe4-6281-1b5a-033a-4944aa0d1690, button#15ff392d-8fc8-a395-8b6e-c704cac45653, button#0b871e98-fdff-9d5e-1b51-7a31c600a5a5.active, button#3ad6f4c9-a7bf-9fc8-a1cd-f63683a1a946] @ https://cdn.utmify.com.br/scripts/pixel/pixel.js:0
[ 2430706ms] [LOG] buttons [button#73d12fe4-6281-1b5a-033a-4944aa0d1690, button#15ff392d-8fc8-a395-8b6e-c704cac45653, button#0b871e98-fdff-9d5e-1b51-7a31c600a5a5, button#3ad6f4c9-a7bf-9fc8-a1cd-f63683a1a946.active] @ https://cdn.utmify.com.br/scripts/pixel/pixel.js:0
[ 2432706ms] [LOG] buttons [button#73d12fe4-6281-1b5a-033a-4944aa0d1690.active, button#15ff392d-8fc8-a395-8b6e-c704cac45653, button#0b871e98-fdff-9d5e-1b51-7a31c600a5a5, button#3ad6f4c9-a7bf-9fc8-a1cd-f63683a1a946] @ https://cdn.utmify.com.br/scripts/pixel/pixel.js:0
[ 2434706ms] [LOG] buttons [button#73d12fe4-6281-1b5a-033a-4944aa0d1690.active, button#15ff392d-8fc8-a395-8b6e-c704cac45653, button#0b871e98-fdff-9d5e-1b51-7a31c600a5a5, button#3ad6f4c9-a7bf-9fc8-a1cd-f63683a1a946] @ https://cdn.utmify.com.br/scripts/pixel/pixel.js:0
[ 2436706ms] [LOG] buttons [button#73d12fe4-6281-1b5a-033a-4944aa0d1690, button#15ff392d-8fc8-a395-8b6e-c704cac45653.active, button#0b871e98-fdff-9d5e-1b51-7a31c600a5a5, button#3ad6f4c9-a7bf-9fc8-a1cd-f63683a1a946] @ https://cdn.utmify.com.br/scripts/pixel/pixel.js:0
[ 2438706ms] [LOG] buttons [button#73d12fe4-6281-1b5a-033a-4944aa0d1690, button#15ff392d-8fc8-a395-8b6e-c704cac45653, button#0b871e98-fdff-9d5e-1b51-7a31c600a5a5.active, button#3ad6f4c9-a7bf-9fc8-a1cd-f63683a1a946] @ https://cdn.utmify.com.br/scripts/pixel/pixel.js:0
[ 2440706ms] [LOG] buttons [button#73d12fe4-6281-1b5a-033a-4944aa0d1690, button#15ff392d-8fc8-a395-8b6e-c704cac45653, button#0b871e98-fdff-9d5e-1b51-7a31c600a5a5.active, button#3ad6f4c9-a7bf-9fc8-a1cd-f63683a1a946] @ https://cdn.utmify.com.br/scripts/pixel/pixel.js:0
[ 2442706ms] [LOG] buttons [button#73d12fe4-6281-1b5a-033a-4944aa0d1690, button#15ff392d-8fc8-a395-8b6e-c704cac45653, button#0b871e98-fdff-9d5e-1b51-7a31c600a5a5, button#3ad6f4c9-a7bf-9fc8-a1cd-f63683a1a946.active] @ https://cdn.utmify.com.br/scripts/pixel/pixel.js:0
[ 2444706ms] [LOG] buttons [button#73d12fe4-6281-1b5a-033a-4944aa0d1690, button#15ff392d-8fc8-a395-8b6e-c704cac45653, button#0b871e98-fdff-9d5e-1b51-7a31c600a5a5, button#3ad6f4c9-a7bf-9fc8-a1cd-f63683a1a946.active] @ https://cdn.utmify.com.br/scripts/pixel/pixel.js:0
[ 2446706ms] [LOG] buttons [button#73d12fe4-6281-1b5a-033a-4944aa0d1690.active, button#15ff392d-8fc8-a395-8b6e-c704cac45653, button#0b871e98-fdff-9d5e-1b51-7a31c600a5a5, button#3ad6f4c9-a7bf-9fc8-a1cd-f63683a1a946] @ https://cdn.utmify.com.br/scripts/pixel/pixel.js:0
[ 2448706ms] [LOG] buttons [button#73d12fe4-6281-1b5a-033a-4944aa0d1690, button#15ff392d-8fc8-a395-8b6e-c704cac45653.active, button#0b871e98-fdff-9d5e-1b51-7a31c600a5a5, button#3ad6f4c9-a7bf-9fc8-a1cd-f63683a1a946] @ https://cdn.utmify.com.br/scripts/pixel/pixel.js:0
[ 2450706ms] [LOG] buttons [button#73d12fe4-6281-1b5a-033a-4944aa0d1690, button#15ff392d-8fc8-a395-8b6e-c704cac45653.active, button#0b871e98-fdff-9d5e-1b51-7a31c600a5a5, button#3ad6f4c9-a7bf-9fc8-a1cd-f63683a1a946] @ https://cdn.utmify.com.br/scripts/pixel/pixel.js:0
[ 2452707ms] [LOG] buttons [button#73d12fe4-6281-1b5a-033a-4944aa0d1690, button#15ff392d-8fc8-a395-8b6e-c704cac45653, button#0b871e98-fdff-9d5e-1b51-7a31c600a5a5.active, button#3ad6f4c9-a7bf-9fc8-a1cd-f63683a1a946] @ https://cdn.utmify.com.br/scripts/pixel/pixel.js:0
[ 2454706ms] [LOG] buttons [button#73d12fe4-6281-1b5a-033a-4944aa0d1690, button#15ff392d-8fc8-a395-8b6e-c704cac45653, button#0b871e98-fdff-9d5e-1b51-7a31c600a5a5, button#3ad6f4c9-a7bf-9fc8-a1cd-f63683a1a946.active] @ https://cdn.utmify.com.br/scripts/pixel/pixel.js:0
[ 2456706ms] [LOG] buttons [button#73d12fe4-6281-1b5a-033a-4944aa0d1690, button#15ff392d-8fc8-a395-8b6e-c704cac45653, button#0b871e98-fdff-9d5e-1b51-7a31c600a5a5, button#3ad6f4c9-a7bf-9fc8-a1cd-f63683a1a946.active] @ https://cdn.utmify.com.br/scripts/pixel/pixel.js:0
[ 2458706ms] [LOG] buttons [button#73d12fe4-6281-1b5a-033a-4944aa0d1690.active, button#15ff392d-8fc8-a395-8b6e-c704cac45653, button#0b871e98-fdff-9d5e-1b51-7a31c600a5a5, button#3ad6f4c9-a7bf-9fc8-a1cd-f63683a1a946] @ https://cdn.utmify.com.br/scripts/pixel/pixel.js:0
[ 2460706ms] [LOG] buttons [button#73d12fe4-6281-1b5a-033a-4944aa0d1690.active, button#15ff392d-8fc8-a395-8b6e-c704cac45653, button#0b871e98-fdff-9d5e-1b51-7a31c600a5a5, button#3ad6f4c9-a7bf-9fc8-a1cd-f63683a1a946] @ https://cdn.utmify.com.br/scripts/pixel/pixel.js:0
[ 2462706ms] [LOG] buttons [button#73d12fe4-6281-1b5a-033a-4944aa0d1690, button#15ff392d-8fc8-a395-8b6e-c704cac45653.active, button#0b871e98-fdff-9d5e-1b51-7a31c600a5a5, button#3ad6f4c9-a7bf-9fc8-a1cd-f63683a1a946] @ https://cdn.utmify.com.br/scripts/pixel/pixel.js:0
[ 2464706ms] [LOG] buttons [button#73d12fe4-6281-1b5a-033a-4944aa0d1690, button#15ff392d-8fc8-a395-8b6e-c704cac45653, button#0b871e98-fdff-9d5e-1b51-7a31c600a5a5.active, button#3ad6f4c9-a7bf-9fc8-a1cd-f63683a1a946] @ https://cdn.utmify.com.br/scripts/pixel/pixel.js:0
[ 2466707ms] [LOG] buttons [button#73d12fe4-6281-1b5a-033a-4944aa0d1690, button#15ff392d-8fc8-a395-8b6e-c704cac45653, button#0b871e98-fdff-9d5e-1b51-7a31c600a5a5.active, button#3ad6f4c9-a7bf-9fc8-a1cd-f63683a1a946] @ https://cdn.utmify.com.br/scripts/pixel/pixel.js:0
[ 2468706ms] [LOG] buttons [button#73d12fe4-6281-1b5a-033a-4944aa0d1690, button#15ff392d-8fc8-a395-8b6e-c704cac45653, button#0b871e98-fdff-9d5e-1b51-7a31c600a5a5, button#3ad6f4c9-a7bf-9fc8-a1cd-f63683a1a946.active] @ https://cdn.utmify.com.br/scripts/pixel/pixel.js:0
[ 2470706ms] [LOG] buttons [button#73d12fe4-6281-1b5a-033a-4944aa0d1690.active, button#15ff392d-8fc8-a395-8b6e-c704cac45653, button#0b871e98-fdff-9d5e-1b51-7a31c600a5a5, button#3ad6f4c9-a7bf-9fc8-a1cd-f63683a1a946] @ https://cdn.utmify.com.br/scripts/pixel/pixel.js:0
[ 2472707ms] [LOG] buttons [button#73d12fe4-6281-1b5a-033a-4944aa0d1690.active, button#15ff392d-8fc8-a395-8b6e-c704cac45653, button#0b871e98-fdff-9d5e-1b51-7a31c600a5a5, button#3ad6f4c9-a7bf-9fc8-a1cd-f63683a1a946] @ https://cdn.utmify.com.br/scripts/pixel/pixel.js:0
[ 2474706ms] [LOG] buttons [button#73d12fe4-6281-1b5a-033a-4944aa0d1690, button#15ff392d-8fc8-a395-8b6e-c704cac45653.active, button#0b871e98-fdff-9d5e-1b51-7a31c600a5a5, button#3ad6f4c9-a7bf-9fc8-a1cd-f63683a1a946] @ https://cdn.utmify.com.br/scripts/pixel/pixel.js:0
[ 2476706ms] [LOG] buttons [button#73d12fe4-6281-1b5a-033a-4944aa0d1690, button#15ff392d-8fc8-a395-8b6e-c704cac45653.active, button#0b871e98-fdff-9d5e-1b51-7a31c600a5a5, button#3ad6f4c9-a7bf-9fc8-a1cd-f63683a1a946] @ https://cdn.utmify.com.br/scripts/pixel/pixel.js:0
[ 2478706ms] [LOG] buttons [button#73d12fe4-6281-1b5a-033a-4944aa0d1690, button#15ff392d-8fc8-a395-8b6e-c704cac45653, button#0b871e98-fdff-9d5e-1b51-7a31c600a5a5.active, button#3ad6f4c9-a7bf-9fc8-a1cd-f63683a1a946] @ https://cdn.utmify.com.br/scripts/pixel/pixel.js:0
[ 2480706ms] [LOG] buttons [button#73d12fe4-6281-1b5a-033a-4944aa0d1690, button#15ff392d-8fc8-a395-8b6e-c704cac45653, button#0b871e98-fdff-9d5e-1b51-7a31c600a5a5, button#3ad6f4c9-a7bf-9fc8-a1cd-f63683a1a946.active] @ https://cdn.utmify.com.br/scripts/pixel/pixel.js:0
[ 2482706ms] [LOG] buttons [button#73d12fe4-6281-1b5a-033a-4944aa0d1690, button#15ff392d-8fc8-a395-8b6e-c704cac45653, button#0b871e98-fdff-9d5e-1b51-7a31c600a5a5, button#3ad6f4c9-a7bf-9fc8-a1cd-f63683a1a946.active] @ https://cdn.utmify.com.br/scripts/pixel/pixel.js:0
[ 2484706ms] [LOG] buttons [button#73d12fe4-6281-1b5a-033a-4944aa0d1690.active, button#15ff392d-8fc8-a395-8b6e-c704cac45653, button#0b871e98-fdff-9d5e-1b51-7a31c600a5a5, button#3ad6f4c9-a7bf-9fc8-a1cd-f63683a1a946] @ https://cdn.utmify.com.br/scripts/pixel/pixel.js:0
[ 2486706ms] [LOG] buttons [button#73d12fe4-6281-1b5a-033a-4944aa0d1690, button#15ff392d-8fc8-a395-8b6e-c704cac45653.active, button#0b871e98-fdff-9d5e-1b51-7a31c600a5a5, button#3ad6f4c9-a7bf-9fc8-a1cd-f63683a1a946] @ https://cdn.utmify.com.br/scripts/pixel/pixel.js:0
[ 2488706ms] [LOG] buttons [button#73d12fe4-6281-1b5a-033a-4944aa0d1690, button#15ff392d-8fc8-a395-8b6e-c704cac45653.active, button#0b871e98-fdff-9d5e-1b51-7a31c600a5a5, button#3ad6f4c9-a7bf-9fc8-a1cd-f63683a1a946] @ https://cdn.utmify.com.br/scripts/pixel/pixel.js:0
[ 2490706ms] [LOG] buttons [button#73d12fe4-6281-1b5a-033a-4944aa0d1690, button#15ff392d-8fc8-a395-8b6e-c704cac45653, button#0b871e98-fdff-9d5e-1b51-7a31c600a5a5.active, button#3ad6f4c9-a7bf-9fc8-a1cd-f63683a1a946] @ https://cdn.utmify.com.br/scripts/pixel/pixel.js:0
[ 2492707ms] [LOG] buttons [button#73d12fe4-6281-1b5a-033a-4944aa0d1690, button#15ff392d-8fc8-a395-8b6e-c704cac45653, button#0b871e98-fdff-9d5e-1b51-7a31c600a5a5.active, button#3ad6f4c9-a7bf-9fc8-a1cd-f63683a1a946] @ https://cdn.utmify.com.br/scripts/pixel/pixel.js:0
[ 2494707ms] [LOG] buttons [button#73d12fe4-6281-1b5a-033a-4944aa0d1690, button#15ff392d-8fc8-a395-8b6e-c704cac45653, button#0b871e98-fdff-9d5e-1b51-7a31c600a5a5, button#3ad6f4c9-a7bf-9fc8-a1cd-f63683a1a946.active] @ https://cdn.utmify.com.br/scripts/pixel/pixel.js:0
[ 2496706ms] [LOG] buttons [button#73d12fe4-6281-1b5a-033a-4944aa0d1690.active, button#15ff392d-8fc8-a395-8b6e-c704cac45653, button#0b871e98-fdff-9d5e-1b51-7a31c600a5a5, button#3ad6f4c9-a7bf-9fc8-a1cd-f63683a1a946] @ https://cdn.utmify.com.br/scripts/pixel/pixel.js:0
[ 2498706ms] [LOG] buttons [button#73d12fe4-6281-1b5a-033a-4944aa0d1690.active, button#15ff392d-8fc8-a395-8b6e-c704cac45653, button#0b871e98-fdff-9d5e-1b51-7a31c600a5a5, button#3ad6f4c9-a7bf-9fc8-a1cd-f63683a1a946] @ https://cdn.utmify.com.br/scripts/pixel/pixel.js:0
[ 2500706ms] [LOG] buttons [button#73d12fe4-6281-1b5a-033a-4944aa0d1690, button#15ff392d-8fc8-a395-8b6e-c704cac45653.active, button#0b871e98-fdff-9d5e-1b51-7a31c600a5a5, button#3ad6f4c9-a7bf-9fc8-a1cd-f63683a1a946] @ https://cdn.utmify.com.br/scripts/pixel/pixel.js:0
[ 2502706ms] [LOG] buttons [button#73d12fe4-6281-1b5a-033a-4944aa0d1690, button#15ff392d-8fc8-a395-8b6e-c704cac45653, button#0b871e98-fdff-9d5e-1b51-7a31c600a5a5.active, button#3ad6f4c9-a7bf-9fc8-a1cd-f63683a1a946] @ https://cdn.utmify.com.br/scripts/pixel/pixel.js:0
[ 2504706ms] [LOG] buttons [button#73d12fe4-6281-1b5a-033a-4944aa0d1690, button#15ff392d-8fc8-a395-8b6e-c704cac45653, button#0b871e98-fdff-9d5e-1b51-7a31c600a5a5.active, button#3ad6f4c9-a7bf-9fc8-a1cd-f63683a1a946] @ https://cdn.utmify.com.br/scripts/pixel/pixel.js:0
[ 2506706ms] [LOG] buttons [button#73d12fe4-6281-1b5a-033a-4944aa0d1690, button#15ff392d-8fc8-a395-8b6e-c704cac45653, button#0b871e98-fdff-9d5e-1b51-7a31c600a5a5, button#3ad6f4c9-a7bf-9fc8-a1cd-f63683a1a946.active] @ https://cdn.utmify.com.br/scripts/pixel/pixel.js:0
[ 2508706ms] [LOG] buttons [button#73d12fe4-6281-1b5a-033a-4944aa0d1690, button#15ff392d-8fc8-a395-8b6e-c704cac45653, button#0b871e98-fdff-9d5e-1b51-7a31c600a5a5, button#3ad6f4c9-a7bf-9fc8-a1cd-f63683a1a946.active] @ https://cdn.utmify.com.br/scripts/pixel/pixel.js:0
[ 2510706ms] [LOG] buttons [button#73d12fe4-6281-1b5a-033a-4944aa0d1690.active, button#15ff392d-8fc8-a395-8b6e-c704cac45653, button#0b871e98-fdff-9d5e-1b51-7a31c600a5a5, button#3ad6f4c9-a7bf-9fc8-a1cd-f63683a1a946] @ https://cdn.utmify.com.br/scripts/pixel/pixel.js:0
[ 2512706ms] [LOG] buttons [button#73d12fe4-6281-1b5a-033a-4944aa0d1690, button#15ff392d-8fc8-a395-8b6e-c704cac45653.active, button#0b871e98-fdff-9d5e-1b51-7a31c600a5a5, button#3ad6f4c9-a7bf-9fc8-a1cd-f63683a1a946] @ https://cdn.utmify.com.br/scripts/pixel/pixel.js:0
[ 2514706ms] [LOG] buttons [button#73d12fe4-6281-1b5a-033a-4944aa0d1690, button#15ff392d-8fc8-a395-8b6e-c704cac45653.active, button#0b871e98-fdff-9d5e-1b51-7a31c600a5a5, button#3ad6f4c9-a7bf-9fc8-a1cd-f63683a1a946] @ https://cdn.utmify.com.br/scripts/pixel/pixel.js:0
[ 2516706ms] [LOG] buttons [button#73d12fe4-6281-1b5a-033a-4944aa0d1690, button#15ff392d-8fc8-a395-8b6e-c704cac45653, button#0b871e98-fdff-9d5e-1b51-7a31c600a5a5.active, button#3ad6f4c9-a7bf-9fc8-a1cd-f63683a1a946] @ https://cdn.utmify.com.br/scripts/pixel/pixel.js:0
[ 2518707ms] [LOG] buttons [button#73d12fe4-6281-1b5a-033a-4944aa0d1690, button#15ff392d-8fc8-a395-8b6e-c704cac45653, button#0b871e98-fdff-9d5e-1b51-7a31c600a5a5, button#3ad6f4c9-a7bf-9fc8-a1cd-f63683a1a946.active] @ https://cdn.utmify.com.br/scripts/pixel/pixel.js:0
[ 2520706ms] [LOG] buttons [button#73d12fe4-6281-1b5a-033a-4944aa0d1690, button#15ff392d-8fc8-a395-8b6e-c704cac45653, button#0b871e98-fdff-9d5e-1b51-7a31c600a5a5, button#3ad6f4c9-a7bf-9fc8-a1cd-f63683a1a946.active] @ https://cdn.utmify.com.br/scripts/pixel/pixel.js:0
[ 2522706ms] [LOG] buttons [button#73d12fe4-6281-1b5a-033a-4944aa0d1690.active, button#15ff392d-8fc8-a395-8b6e-c704cac45653, button#0b871e98-fdff-9d5e-1b51-7a31c600a5a5, button#3ad6f4c9-a7bf-9fc8-a1cd-f63683a1a946] @ https://cdn.utmify.com.br/scripts/pixel/pixel.js:0
[ 2524706ms] [LOG] buttons [button#73d12fe4-6281-1b5a-033a-4944aa0d1690.active, button#15ff392d-8fc8-a395-8b6e-c704cac45653, button#0b871e98-fdff-9d5e-1b51-7a31c600a5a5, button#3ad6f4c9-a7bf-9fc8-a1cd-f63683a1a946] @ https://cdn.utmify.com.br/scripts/pixel/pixel.js:0
[ 2526706ms] [LOG] buttons [button#73d12fe4-6281-1b5a-033a-4944aa0d1690, button#15ff392d-8fc8-a395-8b6e-c704cac45653.active, button#0b871e98-fdff-9d5e-1b51-7a31c600a5a5, button#3ad6f4c9-a7bf-9fc8-a1cd-f63683a1a946] @ https://cdn.utmify.com.br/scripts/pixel/pixel.js:0
[ 2528706ms] [LOG] buttons [button#73d12fe4-6281-1b5a-033a-4944aa0d1690, button#15ff392d-8fc8-a395-8b6e-c704cac45653, button#0b871e98-fdff-9d5e-1b51-7a31c600a5a5.active, button#3ad6f4c9-a7bf-9fc8-a1cd-f63683a1a946] @ https://cdn.utmify.com.br/scripts/pixel/pixel.js:0
[ 2530706ms] [LOG] buttons [button#73d12fe4-6281-1b5a-033a-4944aa0d1690, button#15ff392d-8fc8-a395-8b6e-c704cac45653, button#0b871e98-fdff-9d5e-1b51-7a31c600a5a5.active, button#3ad6f4c9-a7bf-9fc8-a1cd-f63683a1a946] @ https://cdn.utmify.com.br/scripts/pixel/pixel.js:0
[ 2532707ms] [LOG] buttons [button#73d12fe4-6281-1b5a-033a-4944aa0d1690, button#15ff392d-8fc8-a395-8b6e-c704cac45653, button#0b871e98-fdff-9d5e-1b51-7a31c600a5a5, button#3ad6f4c9-a7bf-9fc8-a1cd-f63683a1a946.active] @ https://cdn.utmify.com.br/scripts/pixel/pixel.js:0
[ 2534706ms] [LOG] buttons [button#73d12fe4-6281-1b5a-033a-4944aa0d1690.active, button#15ff392d-8fc8-a395-8b6e-c704cac45653, button#0b871e98-fdff-9d5e-1b51-7a31c600a5a5, button#3ad6f4c9-a7bf-9fc8-a1cd-f63683a1a946] @ https://cdn.utmify.com.br/scripts/pixel/pixel.js:0
[ 2536706ms] [LOG] buttons [button#73d12fe4-6281-1b5a-033a-4944aa0d1690.active, button#15ff392d-8fc8-a395-8b6e-c704cac45653, button#0b871e98-fdff-9d5e-1b51-7a31c600a5a5, button#3ad6f4c9-a7bf-9fc8-a1cd-f63683a1a946] @ https://cdn.utmify.com.br/scripts/pixel/pixel.js:0
[ 2538706ms] [LOG] buttons [button#73d12fe4-6281-1b5a-033a-4944aa0d1690, button#15ff392d-8fc8-a395-8b6e-c704cac45653.active, button#0b871e98-fdff-9d5e-1b51-7a31c600a5a5, button#3ad6f4c9-a7bf-9fc8-a1cd-f63683a1a946] @ https://cdn.utmify.com.br/scripts/pixel/pixel.js:0
[ 2540706ms] [LOG] buttons [button#73d12fe4-6281-1b5a-033a-4944aa0d1690, button#15ff392d-8fc8-a395-8b6e-c704cac45653.active, button#0b871e98-fdff-9d5e-1b51-7a31c600a5a5, button#3ad6f4c9-a7bf-9fc8-a1cd-f63683a1a946] @ https://cdn.utmify.com.br/scripts/pixel/pixel.js:0
[ 2542706ms] [LOG] buttons [button#73d12fe4-6281-1b5a-033a-4944aa0d1690, button#15ff392d-8fc8-a395-8b6e-c704cac45653, button#0b871e98-fdff-9d5e-1b51-7a31c600a5a5.active, button#3ad6f4c9-a7bf-9fc8-a1cd-f63683a1a946] @ https://cdn.utmify.com.br/scripts/pixel/pixel.js:0
[ 2544706ms] [LOG] buttons [button#73d12fe4-6281-1b5a-033a-4944aa0d1690, button#15ff392d-8fc8-a395-8b6e-c704cac45653, button#0b871e98-fdff-9d5e-1b51-7a31c600a5a5, button#3ad6f4c9-a7bf-9fc8-a1cd-f63683a1a946.active] @ https://cdn.utmify.com.br/scripts/pixel/pixel.js:0
[ 2546706ms] [LOG] buttons [button#73d12fe4-6281-1b5a-033a-4944aa0d1690, button#15ff392d-8fc8-a395-8b6e-c704cac45653, button#0b871e98-fdff-9d5e-1b51-7a31c600a5a5, button#3ad6f4c9-a7bf-9fc8-a1cd-f63683a1a946.active] @ https://cdn.utmify.com.br/scripts/pixel/pixel.js:0
[ 2548706ms] [LOG] buttons [button#73d12fe4-6281-1b5a-033a-4944aa0d1690.active, button#15ff392d-8fc8-a395-8b6e-c704cac45653, button#0b871e98-fdff-9d5e-1b51-7a31c600a5a5, button#3ad6f4c9-a7bf-9fc8-a1cd-f63683a1a946] @ https://cdn.utmify.com.br/scripts/pixel/pixel.js:0
[ 2550706ms] [LOG] buttons [button#73d12fe4-6281-1b5a-033a-4944aa0d1690, button#15ff392d-8fc8-a395-8b6e-c704cac45653.active, button#0b871e98-fdff-9d5e-1b51-7a31c600a5a5, button#3ad6f4c9-a7bf-9fc8-a1cd-f63683a1a946] @ https://cdn.utmify.com.br/scripts/pixel/pixel.js:0
[ 2552706ms] [LOG] buttons [button#73d12fe4-6281-1b5a-033a-4944aa0d1690, button#15ff392d-8fc8-a395-8b6e-c704cac45653.active, button#0b871e98-fdff-9d5e-1b51-7a31c600a5a5, button#3ad6f4c9-a7bf-9fc8-a1cd-f63683a1a946] @ https://cdn.utmify.com.br/scripts/pixel/pixel.js:0
[ 2554706ms] [LOG] buttons [button#73d12fe4-6281-1b5a-033a-4944aa0d1690, button#15ff392d-8fc8-a395-8b6e-c704cac45653, button#0b871e98-fdff-9d5e-1b51-7a31c600a5a5.active, button#3ad6f4c9-a7bf-9fc8-a1cd-f63683a1a946] @ https://cdn.utmify.com.br/scripts/pixel/pixel.js:0
[ 2556706ms] [LOG] buttons [button#73d12fe4-6281-1b5a-033a-4944aa0d1690, button#15ff392d-8fc8-a395-8b6e-c704cac45653, button#0b871e98-fdff-9d5e-1b51-7a31c600a5a5.active, button#3ad6f4c9-a7bf-9fc8-a1cd-f63683a1a946] @ https://cdn.utmify.com.br/scripts/pixel/pixel.js:0
[ 2558706ms] [LOG] buttons [button#73d12fe4-6281-1b5a-033a-4944aa0d1690, button#15ff392d-8fc8-a395-8b6e-c704cac45653, button#0b871e98-fdff-9d5e-1b51-7a31c600a5a5, button#3ad6f4c9-a7bf-9fc8-a1cd-f63683a1a946.active] @ https://cdn.utmify.com.br/scripts/pixel/pixel.js:0
[ 2560706ms] [LOG] buttons [button#73d12fe4-6281-1b5a-033a-4944aa0d1690.active, button#15ff392d-8fc8-a395-8b6e-c704cac45653, button#0b871e98-fdff-9d5e-1b51-7a31c600a5a5, button#3ad6f4c9-a7bf-9fc8-a1cd-f63683a1a946] @ https://cdn.utmify.com.br/scripts/pixel/pixel.js:0
[ 2562706ms] [LOG] buttons [button#73d12fe4-6281-1b5a-033a-4944aa0d1690.active, button#15ff392d-8fc8-a395-8b6e-c704cac45653, button#0b871e98-fdff-9d5e-1b51-7a31c600a5a5, button#3ad6f4c9-a7bf-9fc8-a1cd-f63683a1a946] @ https://cdn.utmify.com.br/scripts/pixel/pixel.js:0
[ 2564706ms] [LOG] buttons [button#73d12fe4-6281-1b5a-033a-4944aa0d1690, button#15ff392d-8fc8-a395-8b6e-c704cac45653.active, button#0b871e98-fdff-9d5e-1b51-7a31c600a5a5, button#3ad6f4c9-a7bf-9fc8-a1cd-f63683a1a946] @ https://cdn.utmify.com.br/scripts/pixel/pixel.js:0
[ 2566706ms] [LOG] buttons [button#73d12fe4-6281-1b5a-033a-4944aa0d1690, button#15ff392d-8fc8-a395-8b6e-c704cac45653, button#0b871e98-fdff-9d5e-1b51-7a31c600a5a5.active, button#3ad6f4c9-a7bf-9fc8-a1cd-f63683a1a946] @ https://cdn.utmify.com.br/scripts/pixel/pixel.js:0
[ 2568706ms] [LOG] buttons [button#73d12fe4-6281-1b5a-033a-4944aa0d1690, button#15ff392d-8fc8-a395-8b6e-c704cac45653, button#0b871e98-fdff-9d5e-1b51-7a31c600a5a5.active, button#3ad6f4c9-a7bf-9fc8-a1cd-f63683a1a946] @ https://cdn.utmify.com.br/scripts/pixel/pixel.js:0
[ 2570706ms] [LOG] buttons [button#73d12fe4-6281-1b5a-033a-4944aa0d1690, button#15ff392d-8fc8-a395-8b6e-c704cac45653, button#0b871e98-fdff-9d5e-1b51-7a31c600a5a5, button#3ad6f4c9-a7bf-9fc8-a1cd-f63683a1a946.active] @ https://cdn.utmify.com.br/scripts/pixel/pixel.js:0
[ 2572706ms] [LOG] buttons [button#73d12fe4-6281-1b5a-033a-4944aa0d1690, button#15ff392d-8fc8-a395-8b6e-c704cac45653, button#0b871e98-fdff-9d5e-1b51-7a31c600a5a5, button#3ad6f4c9-a7bf-9fc8-a1cd-f63683a1a946.active] @ https://cdn.utmify.com.br/scripts/pixel/pixel.js:0
[ 2574706ms] [LOG] buttons [button#73d12fe4-6281-1b5a-033a-4944aa0d1690.active, button#15ff392d-8fc8-a395-8b6e-c704cac45653, button#0b871e98-fdff-9d5e-1b51-7a31c600a5a5, button#3ad6f4c9-a7bf-9fc8-a1cd-f63683a1a946] @ https://cdn.utmify.com.br/scripts/pixel/pixel.js:0
[ 2576706ms] [LOG] buttons [button#73d12fe4-6281-1b5a-033a-4944aa0d1690, button#15ff392d-8fc8-a395-8b6e-c704cac45653.active, button#0b871e98-fdff-9d5e-1b51-7a31c600a5a5, button#3ad6f4c9-a7bf-9fc8-a1cd-f63683a1a946] @ https://cdn.utmify.com.br/scripts/pixel/pixel.js:0
[ 2578706ms] [LOG] buttons [button#73d12fe4-6281-1b5a-033a-4944aa0d1690, button#15ff392d-8fc8-a395-8b6e-c704cac45653.active, button#0b871e98-fdff-9d5e-1b51-7a31c600a5a5, button#3ad6f4c9-a7bf-9fc8-a1cd-f63683a1a946] @ https://cdn.utmify.com.br/scripts/pixel/pixel.js:0
[ 2580706ms] [LOG] buttons [button#73d12fe4-6281-1b5a-033a-4944aa0d1690, button#15ff392d-8fc8-a395-8b6e-c704cac45653, button#0b871e98-fdff-9d5e-1b51-7a31c600a5a5.active, button#3ad6f4c9-a7bf-9fc8-a1cd-f63683a1a946] @ https://cdn.utmify.com.br/scripts/pixel/pixel.js:0
[ 2582707ms] [LOG] buttons [button#73d12fe4-6281-1b5a-033a-4944aa0d1690, button#15ff392d-8fc8-a395-8b6e-c704cac45653, button#0b871e98-fdff-9d5e-1b51-7a31c600a5a5, button#3ad6f4c9-a7bf-9fc8-a1cd-f63683a1a946.active] @ https://cdn.utmify.com.br/scripts/pixel/pixel.js:0
[ 2584706ms] [LOG] buttons [button#73d12fe4-6281-1b5a-033a-4944aa0d1690, button#15ff392d-8fc8-a395-8b6e-c704cac45653, button#0b871e98-fdff-9d5e-1b51-7a31c600a5a5, button#3ad6f4c9-a7bf-9fc8-a1cd-f63683a1a946.active] @ https://cdn.utmify.com.br/scripts/pixel/pixel.js:0
[ 2586706ms] [LOG] buttons [button#73d12fe4-6281-1b5a-033a-4944aa0d1690.active, button#15ff392d-8fc8-a395-8b6e-c704cac45653, button#0b871e98-fdff-9d5e-1b51-7a31c600a5a5, button#3ad6f4c9-a7bf-9fc8-a1cd-f63683a1a946] @ https://cdn.utmify.com.br/scripts/pixel/pixel.js:0
[ 2588706ms] [LOG] buttons [button#73d12fe4-6281-1b5a-033a-4944aa0d1690.active, button#15ff392d-8fc8-a395-8b6e-c704cac45653, button#0b871e98-fdff-9d5e-1b51-7a31c600a5a5, button#3ad6f4c9-a7bf-9fc8-a1cd-f63683a1a946] @ https://cdn.utmify.com.br/scripts/pixel/pixel.js:0
[ 2590707ms] [LOG] buttons [button#73d12fe4-6281-1b5a-033a-4944aa0d1690, button#15ff392d-8fc8-a395-8b6e-c704cac45653.active, button#0b871e98-fdff-9d5e-1b51-7a31c600a5a5, button#3ad6f4c9-a7bf-9fc8-a1cd-f63683a1a946] @ https://cdn.utmify.com.br/scripts/pixel/pixel.js:0
[ 2592706ms] [LOG] buttons [button#73d12fe4-6281-1b5a-033a-4944aa0d1690, button#15ff392d-8fc8-a395-8b6e-c704cac45653, button#0b871e98-fdff-9d5e-1b51-7a31c600a5a5.active, button#3ad6f4c9-a7bf-9fc8-a1cd-f63683a1a946] @ https://cdn.utmify.com.br/scripts/pixel/pixel.js:0
[ 2594706ms] [LOG] buttons [button#73d12fe4-6281-1b5a-033a-4944aa0d1690, button#15ff392d-8fc8-a395-8b6e-c704cac45653, button#0b871e98-fdff-9d5e-1b51-7a31c600a5a5.active, button#3ad6f4c9-a7bf-9fc8-a1cd-f63683a1a946] @ https://cdn.utmify.com.br/scripts/pixel/pixel.js:0
[ 2596706ms] [LOG] buttons [button#73d12fe4-6281-1b5a-033a-4944aa0d1690, button#15ff392d-8fc8-a395-8b6e-c704cac45653, button#0b871e98-fdff-9d5e-1b51-7a31c600a5a5, button#3ad6f4c9-a7bf-9fc8-a1cd-f63683a1a946.active] @ https://cdn.utmify.com.br/scripts/pixel/pixel.js:0
[ 2598707ms] [LOG] buttons [button#73d12fe4-6281-1b5a-033a-4944aa0d1690.active, button#15ff392d-8fc8-a395-8b6e-c704cac45653, button#0b871e98-fdff-9d5e-1b51-7a31c600a5a5, button#3ad6f4c9-a7bf-9fc8-a1cd-f63683a1a946] @ https://cdn.utmify.com.br/scripts/pixel/pixel.js:0
[ 2600706ms] [LOG] buttons [button#73d12fe4-6281-1b5a-033a-4944aa0d1690.active, button#15ff392d-8fc8-a395-8b6e-c704cac45653, button#0b871e98-fdff-9d5e-1b51-7a31c600a5a5, button#3ad6f4c9-a7bf-9fc8-a1cd-f63683a1a946] @ https://cdn.utmify.com.br/scripts/pixel/pixel.js:0
[ 2602706ms] [LOG] buttons [button#73d12fe4-6281-1b5a-033a-4944aa0d1690, button#15ff392d-8fc8-a395-8b6e-c704cac45653.active, button#0b871e98-fdff-9d5e-1b51-7a31c600a5a5, button#3ad6f4c9-a7bf-9fc8-a1cd-f63683a1a946] @ https://cdn.utmify.com.br/scripts/pixel/pixel.js:0
[ 2604706ms] [LOG] buttons [button#73d12fe4-6281-1b5a-033a-4944aa0d1690, button#15ff392d-8fc8-a395-8b6e-c704cac45653.active, button#0b871e98-fdff-9d5e-1b51-7a31c600a5a5, button#3ad6f4c9-a7bf-9fc8-a1cd-f63683a1a946] @ https://cdn.utmify.com.br/scripts/pixel/pixel.js:0
[ 2606706ms] [LOG] buttons [button#73d12fe4-6281-1b5a-033a-4944aa0d1690, button#15ff392d-8fc8-a395-8b6e-c704cac45653, button#0b871e98-fdff-9d5e-1b51-7a31c600a5a5.active, button#3ad6f4c9-a7bf-9fc8-a1cd-f63683a1a946] @ https://cdn.utmify.com.br/scripts/pixel/pixel.js:0
[ 2608706ms] [LOG] buttons [button#73d12fe4-6281-1b5a-033a-4944aa0d1690, button#15ff392d-8fc8-a395-8b6e-c704cac45653, button#0b871e98-fdff-9d5e-1b51-7a31c600a5a5, button#3ad6f4c9-a7bf-9fc8-a1cd-f63683a1a946.active] @ https://cdn.utmify.com.br/scripts/pixel/pixel.js:0
[ 2610706ms] [LOG] buttons [button#73d12fe4-6281-1b5a-033a-4944aa0d1690, button#15ff392d-8fc8-a395-8b6e-c704cac45653, button#0b871e98-fdff-9d5e-1b51-7a31c600a5a5, button#3ad6f4c9-a7bf-9fc8-a1cd-f63683a1a946.active] @ https://cdn.utmify.com.br/scripts/pixel/pixel.js:0
[ 2612706ms] [LOG] buttons [button#73d12fe4-6281-1b5a-033a-4944aa0d1690.active, button#15ff392d-8fc8-a395-8b6e-c704cac45653, button#0b871e98-fdff-9d5e-1b51-7a31c600a5a5, button#3ad6f4c9-a7bf-9fc8-a1cd-f63683a1a946] @ https://cdn.utmify.com.br/scripts/pixel/pixel.js:0
[ 2614707ms] [LOG] buttons [button#73d12fe4-6281-1b5a-033a-4944aa0d1690, button#15ff392d-8fc8-a395-8b6e-c704cac45653.active, button#0b871e98-fdff-9d5e-1b51-7a31c600a5a5, button#3ad6f4c9-a7bf-9fc8-a1cd-f63683a1a946] @ https://cdn.utmify.com.br/scripts/pixel/pixel.js:0
[ 2616706ms] [LOG] buttons [button#73d12fe4-6281-1b5a-033a-4944aa0d1690, button#15ff392d-8fc8-a395-8b6e-c704cac45653.active, button#0b871e98-fdff-9d5e-1b51-7a31c600a5a5, button#3ad6f4c9-a7bf-9fc8-a1cd-f63683a1a946] @ https://cdn.utmify.com.br/scripts/pixel/pixel.js:0
[ 2618706ms] [LOG] buttons [button#73d12fe4-6281-1b5a-033a-4944aa0d1690, button#15ff392d-8fc8-a395-8b6e-c704cac45653, button#0b871e98-fdff-9d5e-1b51-7a31c600a5a5.active, button#3ad6f4c9-a7bf-9fc8-a1cd-f63683a1a946] @ https://cdn.utmify.com.br/scripts/pixel/pixel.js:0
[ 2620706ms] [LOG] buttons [button#73d12fe4-6281-1b5a-033a-4944aa0d1690, button#15ff392d-8fc8-a395-8b6e-c704cac45653, button#0b871e98-fdff-9d5e-1b51-7a31c600a5a5.active, button#3ad6f4c9-a7bf-9fc8-a1cd-f63683a1a946] @ https://cdn.utmify.com.br/scripts/pixel/pixel.js:0
[ 2622706ms] [LOG] buttons [button#73d12fe4-6281-1b5a-033a-4944aa0d1690, button#15ff392d-8fc8-a395-8b6e-c704cac45653, button#0b871e98-fdff-9d5e-1b51-7a31c600a5a5, button#3ad6f4c9-a7bf-9fc8-a1cd-f63683a1a946.active] @ https://cdn.utmify.com.br/scripts/pixel/pixel.js:0
[ 2624706ms] [LOG] buttons [button#73d12fe4-6281-1b5a-033a-4944aa0d1690.active, button#15ff392d-8fc8-a395-8b6e-c704cac45653, button#0b871e98-fdff-9d5e-1b51-7a31c600a5a5, button#3ad6f4c9-a7bf-9fc8-a1cd-f63683a1a946] @ https://cdn.utmify.com.br/scripts/pixel/pixel.js:0
[ 2626706ms] [LOG] buttons [button#73d12fe4-6281-1b5a-033a-4944aa0d1690.active, button#15ff392d-8fc8-a395-8b6e-c704cac45653, button#0b871e98-fdff-9d5e-1b51-7a31c600a5a5, button#3ad6f4c9-a7bf-9fc8-a1cd-f63683a1a946] @ https://cdn.utmify.com.br/scripts/pixel/pixel.js:0
[ 2628706ms] [LOG] buttons [button#73d12fe4-6281-1b5a-033a-4944aa0d1690, button#15ff392d-8fc8-a395-8b6e-c704cac45653.active, button#0b871e98-fdff-9d5e-1b51-7a31c600a5a5, button#3ad6f4c9-a7bf-9fc8-a1cd-f63683a1a946] @ https://cdn.utmify.com.br/scripts/pixel/pixel.js:0
[ 2630706ms] [LOG] buttons [button#73d12fe4-6281-1b5a-033a-4944aa0d1690, button#15ff392d-8fc8-a395-8b6e-c704cac45653, button#0b871e98-fdff-9d5e-1b51-7a31c600a5a5.active, button#3ad6f4c9-a7bf-9fc8-a1cd-f63683a1a946] @ https://cdn.utmify.com.br/scripts/pixel/pixel.js:0
[ 2632706ms] [LOG] buttons [button#73d12fe4-6281-1b5a-033a-4944aa0d1690, button#15ff392d-8fc8-a395-8b6e-c704cac45653, button#0b871e98-fdff-9d5e-1b51-7a31c600a5a5.active, button#3ad6f4c9-a7bf-9fc8-a1cd-f63683a1a946] @ https://cdn.utmify.com.br/scripts/pixel/pixel.js:0
[ 2634706ms] [LOG] buttons [button#73d12fe4-6281-1b5a-033a-4944aa0d1690, button#15ff392d-8fc8-a395-8b6e-c704cac45653, button#0b871e98-fdff-9d5e-1b51-7a31c600a5a5, button#3ad6f4c9-a7bf-9fc8-a1cd-f63683a1a946.active] @ https://cdn.utmify.com.br/scripts/pixel/pixel.js:0
[ 2636706ms] [LOG] buttons [button#73d12fe4-6281-1b5a-033a-4944aa0d1690, button#15ff392d-8fc8-a395-8b6e-c704cac45653, button#0b871e98-fdff-9d5e-1b51-7a31c600a5a5, button#3ad6f4c9-a7bf-9fc8-a1cd-f63683a1a946.active] @ https://cdn.utmify.com.br/scripts/pixel/pixel.js:0
[ 2638707ms] [LOG] buttons [button#73d12fe4-6281-1b5a-033a-4944aa0d1690.active, button#15ff392d-8fc8-a395-8b6e-c704cac45653, button#0b871e98-fdff-9d5e-1b51-7a31c600a5a5, button#3ad6f4c9-a7bf-9fc8-a1cd-f63683a1a946] @ https://cdn.utmify.com.br/scripts/pixel/pixel.js:0
[ 2640706ms] [LOG] buttons [button#73d12fe4-6281-1b5a-033a-4944aa0d1690, button#15ff392d-8fc8-a395-8b6e-c704cac45653.active, button#0b871e98-fdff-9d5e-1b51-7a31c600a5a5, button#3ad6f4c9-a7bf-9fc8-a1cd-f63683a1a946] @ https://cdn.utmify.com.br/scripts/pixel/pixel.js:0
[ 2642706ms] [LOG] buttons [button#73d12fe4-6281-1b5a-033a-4944aa0d1690, button#15ff392d-8fc8-a395-8b6e-c704cac45653.active, button#0b871e98-fdff-9d5e-1b51-7a31c600a5a5, button#3ad6f4c9-a7bf-9fc8-a1cd-f63683a1a946] @ https://cdn.utmify.com.br/scripts/pixel/pixel.js:0
[ 2644706ms] [LOG] buttons [button#73d12fe4-6281-1b5a-033a-4944aa0d1690, button#15ff392d-8fc8-a395-8b6e-c704cac45653, button#0b871e98-fdff-9d5e-1b51-7a31c600a5a5.active, button#3ad6f4c9-a7bf-9fc8-a1cd-f63683a1a946] @ https://cdn.utmify.com.br/scripts/pixel/pixel.js:0
[ 2646707ms] [LOG] buttons [button#73d12fe4-6281-1b5a-033a-4944aa0d1690, button#15ff392d-8fc8-a395-8b6e-c704cac45653, button#0b871e98-fdff-9d5e-1b51-7a31c600a5a5, button#3ad6f4c9-a7bf-9fc8-a1cd-f63683a1a946.active] @ https://cdn.utmify.com.br/scripts/pixel/pixel.js:0
[ 2648706ms] [LOG] buttons [button#73d12fe4-6281-1b5a-033a-4944aa0d1690, button#15ff392d-8fc8-a395-8b6e-c704cac45653, button#0b871e98-fdff-9d5e-1b51-7a31c600a5a5, button#3ad6f4c9-a7bf-9fc8-a1cd-f63683a1a946.active] @ https://cdn.utmify.com.br/scripts/pixel/pixel.js:0
[ 2650707ms] [LOG] buttons [button#73d12fe4-6281-1b5a-033a-4944aa0d1690.active, button#15ff392d-8fc8-a395-8b6e-c704cac45653, button#0b871e98-fdff-9d5e-1b51-7a31c600a5a5, button#3ad6f4c9-a7bf-9fc8-a1cd-f63683a1a946] @ https://cdn.utmify.com.br/scripts/pixel/pixel.js:0
[ 2652708ms] [LOG] buttons [button#73d12fe4-6281-1b5a-033a-4944aa0d1690.active, button#15ff392d-8fc8-a395-8b6e-c704cac45653, button#0b871e98-fdff-9d5e-1b51-7a31c600a5a5, button#3ad6f4c9-a7bf-9fc8-a1cd-f63683a1a946] @ https://cdn.utmify.com.br/scripts/pixel/pixel.js:0
[ 2654707ms] [LOG] buttons [button#73d12fe4-6281-1b5a-033a-4944aa0d1690, button#15ff392d-8fc8-a395-8b6e-c704cac45653.active, button#0b871e98-fdff-9d5e-1b51-7a31c600a5a5, button#3ad6f4c9-a7bf-9fc8-a1cd-f63683a1a946] @ https://cdn.utmify.com.br/scripts/pixel/pixel.js:0
[ 2656706ms] [LOG] buttons [button#73d12fe4-6281-1b5a-033a-4944aa0d1690, button#15ff392d-8fc8-a395-8b6e-c704cac45653, button#0b871e98-fdff-9d5e-1b51-7a31c600a5a5.active, button#3ad6f4c9-a7bf-9fc8-a1cd-f63683a1a946] @ https://cdn.utmify.com.br/scripts/pixel/pixel.js:0
[ 2658707ms] [LOG] buttons [button#73d12fe4-6281-1b5a-033a-4944aa0d1690, button#15ff392d-8fc8-a395-8b6e-c704cac45653, button#0b871e98-fdff-9d5e-1b51-7a31c600a5a5.active, button#3ad6f4c9-a7bf-9fc8-a1cd-f63683a1a946] @ https://cdn.utmify.com.br/scripts/pixel/pixel.js:0
[ 2660706ms] [LOG] buttons [button#73d12fe4-6281-1b5a-033a-4944aa0d1690, button#15ff392d-8fc8-a395-8b6e-c704cac45653, button#0b871e98-fdff-9d5e-1b51-7a31c600a5a5, button#3ad6f4c9-a7bf-9fc8-a1cd-f63683a1a946.active] @ https://cdn.utmify.com.br/scripts/pixel/pixel.js:0
[ 2662707ms] [LOG] buttons [button#73d12fe4-6281-1b5a-033a-4944aa0d1690.active, button#15ff392d-8fc8-a395-8b6e-c704cac45653, button#0b871e98-fdff-9d5e-1b51-7a31c600a5a5, button#3ad6f4c9-a7bf-9fc8-a1cd-f63683a1a946] @ https://cdn.utmify.com.br/scripts/pixel/pixel.js:0
[ 2664706ms] [LOG] buttons [button#73d12fe4-6281-1b5a-033a-4944aa0d1690.active, button#15ff392d-8fc8-a395-8b6e-c704cac45653, button#0b871e98-fdff-9d5e-1b51-7a31c600a5a5, button#3ad6f4c9-a7bf-9fc8-a1cd-f63683a1a946] @ https://cdn.utmify.com.br/scripts/pixel/pixel.js:0
[ 2666706ms] [LOG] buttons [button#73d12fe4-6281-1b5a-033a-4944aa0d1690, button#15ff392d-8fc8-a395-8b6e-c704cac45653.active, button#0b871e98-fdff-9d5e-1b51-7a31c600a5a5, button#3ad6f4c9-a7bf-9fc8-a1cd-f63683a1a946] @ https://cdn.utmify.com.br/scripts/pixel/pixel.js:0
[ 2668706ms] [LOG] buttons [button#73d12fe4-6281-1b5a-033a-4944aa0d1690, button#15ff392d-8fc8-a395-8b6e-c704cac45653.active, button#0b871e98-fdff-9d5e-1b51-7a31c600a5a5, button#3ad6f4c9-a7bf-9fc8-a1cd-f63683a1a946] @ https://cdn.utmify.com.br/scripts/pixel/pixel.js:0
[ 2670707ms] [LOG] buttons [button#73d12fe4-6281-1b5a-033a-4944aa0d1690, button#15ff392d-8fc8-a395-8b6e-c704cac45653, button#0b871e98-fdff-9d5e-1b51-7a31c600a5a5.active, button#3ad6f4c9-a7bf-9fc8-a1cd-f63683a1a946] @ https://cdn.utmify.com.br/scripts/pixel/pixel.js:0
[ 2672706ms] [LOG] buttons [button#73d12fe4-6281-1b5a-033a-4944aa0d1690, button#15ff392d-8fc8-a395-8b6e-c704cac45653, button#0b871e98-fdff-9d5e-1b51-7a31c600a5a5, button#3ad6f4c9-a7bf-9fc8-a1cd-f63683a1a946.active] @ https://cdn.utmify.com.br/scripts/pixel/pixel.js:0
[ 2674706ms] [LOG] buttons [button#73d12fe4-6281-1b5a-033a-4944aa0d1690, button#15ff392d-8fc8-a395-8b6e-c704cac45653, button#0b871e98-fdff-9d5e-1b51-7a31c600a5a5, button#3ad6f4c9-a7bf-9fc8-a1cd-f63683a1a946.active] @ https://cdn.utmify.com.br/scripts/pixel/pixel.js:0
[ 2676706ms] [LOG] buttons [button#73d12fe4-6281-1b5a-033a-4944aa0d1690.active, button#15ff392d-8fc8-a395-8b6e-c704cac45653, button#0b871e98-fdff-9d5e-1b51-7a31c600a5a5, button#3ad6f4c9-a7bf-9fc8-a1cd-f63683a1a946] @ https://cdn.utmify.com.br/scripts/pixel/pixel.js:0
[ 2678707ms] [LOG] buttons [button#73d12fe4-6281-1b5a-033a-4944aa0d1690, button#15ff392d-8fc8-a395-8b6e-c704cac45653.active, button#0b871e98-fdff-9d5e-1b51-7a31c600a5a5, button#3ad6f4c9-a7bf-9fc8-a1cd-f63683a1a946] @ https://cdn.utmify.com.br/scripts/pixel/pixel.js:0
[ 2680708ms] [LOG] buttons [button#73d12fe4-6281-1b5a-033a-4944aa0d1690, button#15ff392d-8fc8-a395-8b6e-c704cac45653.active, button#0b871e98-fdff-9d5e-1b51-7a31c600a5a5, button#3ad6f4c9-a7bf-9fc8-a1cd-f63683a1a946] @ https://cdn.utmify.com.br/scripts/pixel/pixel.js:0
[ 2682706ms] [LOG] buttons [button#73d12fe4-6281-1b5a-033a-4944aa0d1690, button#15ff392d-8fc8-a395-8b6e-c704cac45653, button#0b871e98-fdff-9d5e-1b51-7a31c600a5a5.active, button#3ad6f4c9-a7bf-9fc8-a1cd-f63683a1a946] @ https://cdn.utmify.com.br/scripts/pixel/pixel.js:0
[ 2684706ms] [LOG] buttons [button#73d12fe4-6281-1b5a-033a-4944aa0d1690, button#15ff392d-8fc8-a395-8b6e-c704cac45653, button#0b871e98-fdff-9d5e-1b51-7a31c600a5a5.active, button#3ad6f4c9-a7bf-9fc8-a1cd-f63683a1a946] @ https://cdn.utmify.com.br/scripts/pixel/pixel.js:0
[ 2686707ms] [LOG] buttons [button#73d12fe4-6281-1b5a-033a-4944aa0d1690, button#15ff392d-8fc8-a395-8b6e-c704cac45653, button#0b871e98-fdff-9d5e-1b51-7a31c600a5a5, button#3ad6f4c9-a7bf-9fc8-a1cd-f63683a1a946.active] @ https://cdn.utmify.com.br/scripts/pixel/pixel.js:0
[ 2688706ms] [LOG] buttons [button#73d12fe4-6281-1b5a-033a-4944aa0d1690.active, button#15ff392d-8fc8-a395-8b6e-c704cac45653, button#0b871e98-fdff-9d5e-1b51-7a31c600a5a5, button#3ad6f4c9-a7bf-9fc8-a1cd-f63683a1a946] @ https://cdn.utmify.com.br/scripts/pixel/pixel.js:0
[ 2690706ms] [LOG] buttons [button#73d12fe4-6281-1b5a-033a-4944aa0d1690.active, button#15ff392d-8fc8-a395-8b6e-c704cac45653, button#0b871e98-fdff-9d5e-1b51-7a31c600a5a5, button#3ad6f4c9-a7bf-9fc8-a1cd-f63683a1a946] @ https://cdn.utmify.com.br/scripts/pixel/pixel.js:0
[ 2692707ms] [LOG] buttons [button#73d12fe4-6281-1b5a-033a-4944aa0d1690, button#15ff392d-8fc8-a395-8b6e-c704cac45653.active, button#0b871e98-fdff-9d5e-1b51-7a31c600a5a5, button#3ad6f4c9-a7bf-9fc8-a1cd-f63683a1a946] @ https://cdn.utmify.com.br/scripts/pixel/pixel.js:0
[ 2694706ms] [LOG] buttons [button#73d12fe4-6281-1b5a-033a-4944aa0d1690, button#15ff392d-8fc8-a395-8b6e-c704cac45653, button#0b871e98-fdff-9d5e-1b51-7a31c600a5a5.active, button#3ad6f4c9-a7bf-9fc8-a1cd-f63683a1a946] @ https://cdn.utmify.com.br/scripts/pixel/pixel.js:0
[ 2696706ms] [LOG] buttons [button#73d12fe4-6281-1b5a-033a-4944aa0d1690, button#15ff392d-8fc8-a395-8b6e-c704cac45653, button#0b871e98-fdff-9d5e-1b51-7a31c600a5a5.active, button#3ad6f4c9-a7bf-9fc8-a1cd-f63683a1a946] @ https://cdn.utmify.com.br/scripts/pixel/pixel.js:0
[ 2698706ms] [LOG] buttons [button#73d12fe4-6281-1b5a-033a-4944aa0d1690, button#15ff392d-8fc8-a395-8b6e-c704cac45653, button#0b871e98-fdff-9d5e-1b51-7a31c600a5a5, button#3ad6f4c9-a7bf-9fc8-a1cd-f63683a1a946.active] @ https://cdn.utmify.com.br/scripts/pixel/pixel.js:0
[ 2700707ms] [LOG] buttons [button#73d12fe4-6281-1b5a-033a-4944aa0d1690, button#15ff392d-8fc8-a395-8b6e-c704cac45653, button#0b871e98-fdff-9d5e-1b51-7a31c600a5a5, button#3ad6f4c9-a7bf-9fc8-a1cd-f63683a1a946.active] @ https://cdn.utmify.com.br/scripts/pixel/pixel.js:0
[ 2702706ms] [LOG] buttons [button#73d12fe4-6281-1b5a-033a-4944aa0d1690.active, button#15ff392d-8fc8-a395-8b6e-c704cac45653, button#0b871e98-fdff-9d5e-1b51-7a31c600a5a5, button#3ad6f4c9-a7bf-9fc8-a1cd-f63683a1a946] @ https://cdn.utmify.com.br/scripts/pixel/pixel.js:0
[ 2704707ms] [LOG] buttons [button#73d12fe4-6281-1b5a-033a-4944aa0d1690, button#15ff392d-8fc8-a395-8b6e-c704cac45653.active, button#0b871e98-fdff-9d5e-1b51-7a31c600a5a5, button#3ad6f4c9-a7bf-9fc8-a1cd-f63683a1a946] @ https://cdn.utmify.com.br/scripts/pixel/pixel.js:0
[ 2706706ms] [LOG] buttons [button#73d12fe4-6281-1b5a-033a-4944aa0d1690, button#15ff392d-8fc8-a395-8b6e-c704cac45653.active, button#0b871e98-fdff-9d5e-1b51-7a31c600a5a5, button#3ad6f4c9-a7bf-9fc8-a1cd-f63683a1a946] @ https://cdn.utmify.com.br/scripts/pixel/pixel.js:0
[ 2708710ms] [LOG] buttons [button#73d12fe4-6281-1b5a-033a-4944aa0d1690, button#15ff392d-8fc8-a395-8b6e-c704cac45653, button#0b871e98-fdff-9d5e-1b51-7a31c600a5a5.active, button#3ad6f4c9-a7bf-9fc8-a1cd-f63683a1a946] @ https://cdn.utmify.com.br/scripts/pixel/pixel.js:0
[ 2710706ms] [LOG] buttons [button#73d12fe4-6281-1b5a-033a-4944aa0d1690, button#15ff392d-8fc8-a395-8b6e-c704cac45653, button#0b871e98-fdff-9d5e-1b51-7a31c600a5a5, button#3ad6f4c9-a7bf-9fc8-a1cd-f63683a1a946.active] @ https://cdn.utmify.com.br/scripts/pixel/pixel.js:0
[ 2712706ms] [LOG] buttons [button#73d12fe4-6281-1b5a-033a-4944aa0d1690, button#15ff392d-8fc8-a395-8b6e-c704cac45653, button#0b871e98-fdff-9d5e-1b51-7a31c600a5a5, button#3ad6f4c9-a7bf-9fc8-a1cd-f63683a1a946.active] @ https://cdn.utmify.com.br/scripts/pixel/pixel.js:0
[ 2714706ms] [LOG] buttons [button#73d12fe4-6281-1b5a-033a-4944aa0d1690.active, button#15ff392d-8fc8-a395-8b6e-c704cac45653, button#0b871e98-fdff-9d5e-1b51-7a31c600a5a5, button#3ad6f4c9-a7bf-9fc8-a1cd-f63683a1a946] @ https://cdn.utmify.com.br/scripts/pixel/pixel.js:0
[ 2716706ms] [LOG] buttons [button#73d12fe4-6281-1b5a-033a-4944aa0d1690.active, button#15ff392d-8fc8-a395-8b6e-c704cac45653, button#0b871e98-fdff-9d5e-1b51-7a31c600a5a5, button#3ad6f4c9-a7bf-9fc8-a1cd-f63683a1a946] @ https://cdn.utmify.com.br/scripts/pixel/pixel.js:0
