[    4329ms] [WARNING] The resource https://scripts.converteai.net/8961d838-aff2-4dce-9b39-e84022d332ce/players/6a52fa112cb96ed43fe414eb/v4/player.js was preloaded using link preload but not used within a few seconds from the window's load event. Please make sure it has an appropriate `as` value and it is preloaded intentionally. @ http://localhost:8848/quiz2.html:0
[    4330ms] [WARNING] The resource https://cdn.converteai.net/8961d838-aff2-4dce-9b39-e84022d332ce/6a52f890d71bd640bbb2a65d/main.m3u8 was preloaded using link preload but not used within a few seconds from the window's load event. Please make sure it has an appropriate `as` value and it is preloaded intentionally. @ http://localhost:8848/quiz2.html:0
[    4330ms] [WARNING] The resource https://scripts.converteai.net/lib/js/smartplayer-wc/v4/smartplayer.js was preloaded using link preload but not used within a few seconds from the window's load event. Please make sure it has an appropriate `as` value and it is preloaded intentionally. @ http://localhost:8848/quiz2.html:0
[    4330ms] [WARNING] The resource https://scripts.converteai.net/8961d838-aff2-4dce-9b39-e84022d332ce/players/6a52f8952cb96ed43fe413e4/v4/player.js was preloaded using link preload but not used within a few seconds from the window's load event. Please make sure it has an appropriate `as` value and it is preloaded intentionally. @ http://localhost:8848/quiz2.html:0
[    4330ms] [WARNING] The resource https://cdn.converteai.net/8961d838-aff2-4dce-9b39-e84022d332ce/6a52fa0e3d8ea0afcdc8b377/main.m3u8 was preloaded using link preload but not used within a few seconds from the window's load event. Please make sure it has an appropriate `as` value and it is preloaded intentionally. @ http://localhost:8848/quiz2.html:0
[   13565ms] [LOG] ApiCompat: loaded @ https://scripts.converteai.net/lib/js/smartplayer-wc/v4/smartplayer.js:1
[   13571ms] [LOG] VTurb :: v4.19.0 JSHandle@node @ https://scripts.converteai.net/lib/js/smartplayer-wc/v4/smartplayer.js:1000
[   13573ms] [LOG] VTurb :: v4.19.0 JSHandle@node @ https://scripts.converteai.net/lib/js/smartplayer-wc/v4/smartplayer.js:1000
[   13592ms] [WARNING] A preload for 'https://cdn.converteai.net/8961d838-aff2-4dce-9b39-e84022d332ce/6a52f890d71bd640bbb2a65d/main.m3u8' is found, but is not used because the request credentials mode does not match. Consider taking a look at crossorigin attribute. @ https://scripts.converteai.net/lib/js/smartplayer-wc/v4/smartplayer.js:775
[   13592ms] [WARNING] A preload for 'https://cdn.converteai.net/8961d838-aff2-4dce-9b39-e84022d332ce/6a52fa0e3d8ea0afcdc8b377/main.m3u8' is found, but is not used because the request credentials mode does not match. Consider taking a look at crossorigin attribute. @ https://scripts.converteai.net/lib/js/smartplayer-wc/v4/smartplayer.js:775
[   18053ms] [WARNING] The resource https://cdn.converteai.net/8961d838-aff2-4dce-9b39-e84022d332ce/6a52f890d71bd640bbb2a65d/main.m3u8 was preloaded using link preload but not used within a few seconds from the window's load event. Please make sure it has an appropriate `as` value and it is preloaded intentionally. @ http://localhost:8848/quiz2.html:0
[   18053ms] [WARNING] The resource https://cdn.converteai.net/8961d838-aff2-4dce-9b39-e84022d332ce/6a52fa0e3d8ea0afcdc8b377/main.m3u8 was preloaded using link preload but not used within a few seconds from the window's load event. Please make sure it has an appropriate `as` value and it is preloaded intentionally. @ http://localhost:8848/quiz2.html:0
[   21716ms] [WARNING] The resource https://cdn.converteai.net/8961d838-aff2-4dce-9b39-e84022d332ce/6a52f890d71bd640bbb2a65d/main.m3u8 was preloaded using link preload but not used within a few seconds from the window's load event. Please make sure it has an appropriate `as` value and it is preloaded intentionally. @ http://localhost:8848/quiz2.html:0
[   21716ms] [WARNING] The resource https://cdn.converteai.net/8961d838-aff2-4dce-9b39-e84022d332ce/6a52fa0e3d8ea0afcdc8b377/main.m3u8 was preloaded using link preload but not used within a few seconds from the window's load event. Please make sure it has an appropriate `as` value and it is preloaded intentionally. @ http://localhost:8848/quiz2.html:0
[   46789ms] [WARNING] The resource https://cdn.converteai.net/8961d838-aff2-4dce-9b39-e84022d332ce/6a52f890d71bd640bbb2a65d/main.m3u8 was preloaded using link preload but not used within a few seconds from the window's load event. Please make sure it has an appropriate `as` value and it is preloaded intentionally. @ http://localhost:8848/quiz2.html:0
[   46789ms] [WARNING] The resource https://cdn.converteai.net/8961d838-aff2-4dce-9b39-e84022d332ce/6a52fa0e3d8ea0afcdc8b377/main.m3u8 was preloaded using link preload but not used within a few seconds from the window's load event. Please make sure it has an appropriate `as` value and it is preloaded intentionally. @ http://localhost:8848/quiz2.html:0
[  107557ms] [WARNING] The resource https://cdn.converteai.net/8961d838-aff2-4dce-9b39-e84022d332ce/6a52f890d71bd640bbb2a65d/main.m3u8 was preloaded using link preload but not used within a few seconds from the window's load event. Please make sure it has an appropriate `as` value and it is preloaded intentionally. @ http://localhost:8848/quiz2.html:0
[  107557ms] [WARNING] The resource https://cdn.converteai.net/8961d838-aff2-4dce-9b39-e84022d332ce/6a52fa0e3d8ea0afcdc8b377/main.m3u8 was preloaded using link preload but not used within a few seconds from the window's load event. Please make sure it has an appropriate `as` value and it is preloaded intentionally. @ http://localhost:8848/quiz2.html:0
[  226791ms] [WARNING] The resource https://cdn.converteai.net/8961d838-aff2-4dce-9b39-e84022d332ce/6a52f890d71bd640bbb2a65d/main.m3u8 was preloaded using link preload but not used within a few seconds from the window's load event. Please make sure it has an appropriate `as` value and it is preloaded intentionally. @ http://localhost:8848/quiz2.html:0
[  226791ms] [WARNING] The resource https://cdn.converteai.net/8961d838-aff2-4dce-9b39-e84022d332ce/6a52fa0e3d8ea0afcdc8b377/main.m3u8 was preloaded using link preload but not used within a few seconds from the window's load event. Please make sure it has an appropriate `as` value and it is preloaded intentionally. @ http://localhost:8848/quiz2.html:0
[  466865ms] [WARNING] The resource https://cdn.converteai.net/8961d838-aff2-4dce-9b39-e84022d332ce/6a52f890d71bd640bbb2a65d/main.m3u8 was preloaded using link preload but not used within a few seconds from the window's load event. Please make sure it has an appropriate `as` value and it is preloaded intentionally. @ http://localhost:8848/quiz2.html:0
[  466865ms] [WARNING] The resource https://cdn.converteai.net/8961d838-aff2-4dce-9b39-e84022d332ce/6a52fa0e3d8ea0afcdc8b377/main.m3u8 was preloaded using link preload but not used within a few seconds from the window's load event. Please make sure it has an appropriate `as` value and it is preloaded intentionally. @ http://localhost:8848/quiz2.html:0
[  766904ms] [WARNING] The resource https://cdn.converteai.net/8961d838-aff2-4dce-9b39-e84022d332ce/6a52f890d71bd640bbb2a65d/main.m3u8 was preloaded using link preload but not used within a few seconds from the window's load event. Please make sure it has an appropriate `as` value and it is preloaded intentionally. @ http://localhost:8848/quiz2.html:0
[  766904ms] [WARNING] The resource https://cdn.converteai.net/8961d838-aff2-4dce-9b39-e84022d332ce/6a52fa0e3d8ea0afcdc8b377/main.m3u8 was preloaded using link preload but not used within a few seconds from the window's load event. Please make sure it has an appropriate `as` value and it is preloaded intentionally. @ http://localhost:8848/quiz2.html:0
[ 1066848ms] [WARNING] The resource https://cdn.converteai.net/8961d838-aff2-4dce-9b39-e84022d332ce/6a52f890d71bd640bbb2a65d/main.m3u8 was preloaded using link preload but not used within a few seconds from the window's load event. Please make sure it has an appropriate `as` value and it is preloaded intentionally. @ http://localhost:8848/quiz2.html:0
[ 1066849ms] [WARNING] The resource https://cdn.converteai.net/8961d838-aff2-4dce-9b39-e84022d332ce/6a52fa0e3d8ea0afcdc8b377/main.m3u8 was preloaded using link preload but not used within a few seconds from the window's load event. Please make sure it has an appropriate `as` value and it is preloaded intentionally. @ http://localhost:8848/quiz2.html:0
[ 1366832ms] [WARNING] The resource https://cdn.converteai.net/8961d838-aff2-4dce-9b39-e84022d332ce/6a52f890d71bd640bbb2a65d/main.m3u8 was preloaded using link preload but not used within a few seconds from the window's load event. Please make sure it has an appropriate `as` value and it is preloaded intentionally. @ http://localhost:8848/quiz2.html:0
[ 1366832ms] [WARNING] The resource https://cdn.converteai.net/8961d838-aff2-4dce-9b39-e84022d332ce/6a52fa0e3d8ea0afcdc8b377/main.m3u8 was preloaded using link preload but not used within a few seconds from the window's load event. Please make sure it has an appropriate `as` value and it is preloaded intentionally. @ http://localhost:8848/quiz2.html:0
[ 3613184ms] [WARNING] The resource https://cdn.converteai.net/8961d838-aff2-4dce-9b39-e84022d332ce/6a52f890d71bd640bbb2a65d/main.m3u8 was preloaded using link preload but not used within a few seconds from the window's load event. Please make sure it has an appropriate `as` value and it is preloaded intentionally. @ http://localhost:8848/quiz2.html:0
[ 3613184ms] [WARNING] The resource https://cdn.converteai.net/8961d838-aff2-4dce-9b39-e84022d332ce/6a52fa0e3d8ea0afcdc8b377/main.m3u8 was preloaded using link preload but not used within a few seconds from the window's load event. Please make sure it has an appropriate `as` value and it is preloaded intentionally. @ http://localhost:8848/quiz2.html:0
[ 8743479ms] [WARNING] The resource https://cdn.converteai.net/8961d838-aff2-4dce-9b39-e84022d332ce/6a52f890d71bd640bbb2a65d/main.m3u8 was preloaded using link preload but not used within a few seconds from the window's load event. Please make sure it has an appropriate `as` value and it is preloaded intentionally. @ http://localhost:8848/quiz2.html:0
[ 8743479ms] [WARNING] The resource https://cdn.converteai.net/8961d838-aff2-4dce-9b39-e84022d332ce/6a52fa0e3d8ea0afcdc8b377/main.m3u8 was preloaded using link preload but not used within a few seconds from the window's load event. Please make sure it has an appropriate `as` value and it is preloaded intentionally. @ http://localhost:8848/quiz2.html:0
[14398338ms] [WARNING] The resource https://cdn.converteai.net/8961d838-aff2-4dce-9b39-e84022d332ce/6a52f890d71bd640bbb2a65d/main.m3u8 was preloaded using link preload but not used within a few seconds from the window's load event. Please make sure it has an appropriate `as` value and it is preloaded intentionally. @ http://localhost:8848/quiz2.html:0
[14398339ms] [WARNING] The resource https://cdn.converteai.net/8961d838-aff2-4dce-9b39-e84022d332ce/6a52fa0e3d8ea0afcdc8b377/main.m3u8 was preloaded using link preload but not used within a few seconds from the window's load event. Please make sure it has an appropriate `as` value and it is preloaded intentionally. @ http://localhost:8848/quiz2.html:0
[19750407ms] [WARNING] The resource https://cdn.converteai.net/8961d838-aff2-4dce-9b39-e84022d332ce/6a52f890d71bd640bbb2a65d/main.m3u8 was preloaded using link preload but not used within a few seconds from the window's load event. Please make sure it has an appropriate `as` value and it is preloaded intentionally. @ http://localhost:8848/quiz2.html:0
[19750407ms] [WARNING] The resource https://cdn.converteai.net/8961d838-aff2-4dce-9b39-e84022d332ce/6a52fa0e3d8ea0afcdc8b377/main.m3u8 was preloaded using link preload but not used within a few seconds from the window's load event. Please make sure it has an appropriate `as` value and it is preloaded intentionally. @ http://localhost:8848/quiz2.html:0
[25372494ms] [WARNING] The resource https://cdn.converteai.net/8961d838-aff2-4dce-9b39-e84022d332ce/6a52f890d71bd640bbb2a65d/main.m3u8 was preloaded using link preload but not used within a few seconds from the window's load event. Please make sure it has an appropriate `as` value and it is preloaded intentionally. @ http://localhost:8848/quiz2.html:0
[25372494ms] [WARNING] The resource https://cdn.converteai.net/8961d838-aff2-4dce-9b39-e84022d332ce/6a52fa0e3d8ea0afcdc8b377/main.m3u8 was preloaded using link preload but not used within a few seconds from the window's load event. Please make sure it has an appropriate `as` value and it is preloaded intentionally. @ http://localhost:8848/quiz2.html:0
[31363447ms] [WARNING] The resource https://cdn.converteai.net/8961d838-aff2-4dce-9b39-e84022d332ce/6a52f890d71bd640bbb2a65d/main.m3u8 was preloaded using link preload but not used within a few seconds from the window's load event. Please make sure it has an appropriate `as` value and it is preloaded intentionally. @ http://localhost:8848/quiz2.html:0
[31363447ms] [WARNING] The resource https://cdn.converteai.net/8961d838-aff2-4dce-9b39-e84022d332ce/6a52fa0e3d8ea0afcdc8b377/main.m3u8 was preloaded using link preload but not used within a few seconds from the window's load event. Please make sure it has an appropriate `as` value and it is preloaded intentionally. @ http://localhost:8848/quiz2.html:0
[31663528ms] [WARNING] The resource https://cdn.converteai.net/8961d838-aff2-4dce-9b39-e84022d332ce/6a52f890d71bd640bbb2a65d/main.m3u8 was preloaded using link preload but not used within a few seconds from the window's load event. Please make sure it has an appropriate `as` value and it is preloaded intentionally. @ http://localhost:8848/quiz2.html:0
[31663529ms] [WARNING] The resource https://cdn.converteai.net/8961d838-aff2-4dce-9b39-e84022d332ce/6a52fa0e3d8ea0afcdc8b377/main.m3u8 was preloaded using link preload but not used within a few seconds from the window's load event. Please make sure it has an appropriate `as` value and it is preloaded intentionally. @ http://localhost:8848/quiz2.html:0
[31963433ms] [WARNING] The resource https://cdn.converteai.net/8961d838-aff2-4dce-9b39-e84022d332ce/6a52f890d71bd640bbb2a65d/main.m3u8 was preloaded using link preload but not used within a few seconds from the window's load event. Please make sure it has an appropriate `as` value and it is preloaded intentionally. @ http://localhost:8848/quiz2.html:0
[31963433ms] [WARNING] The resource https://cdn.converteai.net/8961d838-aff2-4dce-9b39-e84022d332ce/6a52fa0e3d8ea0afcdc8b377/main.m3u8 was preloaded using link preload but not used within a few seconds from the window's load event. Please make sure it has an appropriate `as` value and it is preloaded intentionally. @ http://localhost:8848/quiz2.html:0
[32728402ms] [WARNING] The resource https://cdn.converteai.net/8961d838-aff2-4dce-9b39-e84022d332ce/6a52f890d71bd640bbb2a65d/main.m3u8 was preloaded using link preload but not used within a few seconds from the window's load event. Please make sure it has an appropriate `as` value and it is preloaded intentionally. @ http://localhost:8848/quiz2.html:0
[32728402ms] [WARNING] The resource https://cdn.converteai.net/8961d838-aff2-4dce-9b39-e84022d332ce/6a52fa0e3d8ea0afcdc8b377/main.m3u8 was preloaded using link preload but not used within a few seconds from the window's load event. Please make sure it has an appropriate `as` value and it is preloaded intentionally. @ http://localhost:8848/quiz2.html:0
[33589353ms] [WARNING] The resource https://cdn.converteai.net/8961d838-aff2-4dce-9b39-e84022d332ce/6a52f890d71bd640bbb2a65d/main.m3u8 was preloaded using link preload but not used within a few seconds from the window's load event. Please make sure it has an appropriate `as` value and it is preloaded intentionally. @ http://localhost:8848/quiz2.html:0
[33589353ms] [WARNING] The resource https://cdn.converteai.net/8961d838-aff2-4dce-9b39-e84022d332ce/6a52fa0e3d8ea0afcdc8b377/main.m3u8 was preloaded using link preload but not used within a few seconds from the window's load event. Please make sure it has an appropriate `as` value and it is preloaded intentionally. @ http://localhost:8848/quiz2.html:0
[34428055ms] [WARNING] The resource https://cdn.converteai.net/8961d838-aff2-4dce-9b39-e84022d332ce/6a52f890d71bd640bbb2a65d/main.m3u8 was preloaded using link preload but not used within a few seconds from the window's load event. Please make sure it has an appropriate `as` value and it is preloaded intentionally. @ http://localhost:8848/quiz2.html:0
[34428055ms] [WARNING] The resource https://cdn.converteai.net/8961d838-aff2-4dce-9b39-e84022d332ce/6a52fa0e3d8ea0afcdc8b377/main.m3u8 was preloaded using link preload but not used within a few seconds from the window's load event. Please make sure it has an appropriate `as` value and it is preloaded intentionally. @ http://localhost:8848/quiz2.html:0
[34752817ms] [WARNING] The resource https://cdn.converteai.net/8961d838-aff2-4dce-9b39-e84022d332ce/6a52f890d71bd640bbb2a65d/main.m3u8 was preloaded using link preload but not used within a few seconds from the window's load event. Please make sure it has an appropriate `as` value and it is preloaded intentionally. @ http://localhost:8848/quiz2.html:0
[34752818ms] [WARNING] The resource https://cdn.converteai.net/8961d838-aff2-4dce-9b39-e84022d332ce/6a52fa0e3d8ea0afcdc8b377/main.m3u8 was preloaded using link preload but not used within a few seconds from the window's load event. Please make sure it has an appropriate `as` value and it is preloaded intentionally. @ http://localhost:8848/quiz2.html:0
[39952164ms] [ERROR] Failed to load resource: net::ERR_INTERNET_DISCONNECTED @ https://vt-h-1.b-cdn.net/x:0
[39952165ms] [ERROR] Failed to load resource: net::ERR_INTERNET_DISCONNECTED @ https://vt-h-1.b-cdn.net/x:0
[39952574ms] [ERROR] Failed to load resource: net::ERR_INTERNET_DISCONNECTED @ https://a.vturb.com/x:0
[39952603ms] [ERROR] [31m[ERROR]:[0m Analytics Services - Hermes: All Analytics URLs have failed @ https://scripts.converteai.net/lib/js/smartplayer-wc/v4/smartplayer.js:1
[39952605ms] [ERROR] Failed to load resource: net::ERR_INTERNET_DISCONNECTED @ https://a.vturb.com/x:0
[39952617ms] [ERROR] [31m[ERROR]:[0m Analytics Services - Hermes: All Analytics URLs have failed @ https://scripts.converteai.net/lib/js/smartplayer-wc/v4/smartplayer.js:1
[39952618ms] [ERROR] Failed to load resource: net::ERR_INTERNET_DISCONNECTED @ https://sentry.io/api/4509130195468288/envelope/:0
[39952620ms] [ERROR] Failed to load resource: net::ERR_INTERNET_DISCONNECTED @ https://sentry.io/api/4509130195468288/envelope/:0
[39953413ms] [ERROR] Failed to load resource: net::ERR_INTERNET_DISCONNECTED @ https://vt-h-1.b-cdn.net/x:0
[39953423ms] [ERROR] Failed to load resource: net::ERR_INTERNET_DISCONNECTED @ https://vt-h-1.b-cdn.net/x:0
[39955021ms] [ERROR] Failed to load resource: net::ERR_INTERNET_DISCONNECTED @ https://a.vturb.com/x:0
[39955022ms] [ERROR] [31m[ERROR]:[0m Analytics Services - Hermes: All Analytics URLs have failed @ https://scripts.converteai.net/lib/js/smartplayer-wc/v4/smartplayer.js:1
[39955025ms] [ERROR] Failed to load resource: net::ERR_INTERNET_DISCONNECTED @ https://sentry.io/api/4509130195468288/envelope/:0
[39955027ms] [ERROR] Failed to load resource: net::ERR_INTERNET_DISCONNECTED @ https://a.vturb.com/x:0
[39955028ms] [ERROR] [31m[ERROR]:[0m Analytics Services - Hermes: All Analytics URLs have failed @ https://scripts.converteai.net/lib/js/smartplayer-wc/v4/smartplayer.js:1
[39955031ms] [ERROR] Failed to load resource: net::ERR_INTERNET_DISCONNECTED @ https://sentry.io/api/4509130195468288/envelope/:0
[39958031ms] [WARNING] The resource https://cdn.converteai.net/8961d838-aff2-4dce-9b39-e84022d332ce/6a52f890d71bd640bbb2a65d/main.m3u8 was preloaded using link preload but not used within a few seconds from the window's load event. Please make sure it has an appropriate `as` value and it is preloaded intentionally. @ http://localhost:8848/quiz2.html:0
[39958031ms] [WARNING] The resource https://cdn.converteai.net/8961d838-aff2-4dce-9b39-e84022d332ce/6a52fa0e3d8ea0afcdc8b377/main.m3u8 was preloaded using link preload but not used within a few seconds from the window's load event. Please make sure it has an appropriate `as` value and it is preloaded intentionally. @ http://localhost:8848/quiz2.html:0
[39958229ms] [ERROR] Failed to load resource: net::ERR_INTERNET_DISCONNECTED @ https://vt-h-1.b-cdn.net/x:0
[39958232ms] [ERROR] Failed to load resource: net::ERR_INTERNET_DISCONNECTED @ https://vt-h-1.b-cdn.net/x:0
[39961233ms] [WARNING] The resource https://cdn.converteai.net/8961d838-aff2-4dce-9b39-e84022d332ce/6a52f890d71bd640bbb2a65d/main.m3u8 was preloaded using link preload but not used within a few seconds from the window's load event. Please make sure it has an appropriate `as` value and it is preloaded intentionally. @ http://localhost:8848/quiz2.html:0
[39961234ms] [WARNING] The resource https://cdn.converteai.net/8961d838-aff2-4dce-9b39-e84022d332ce/6a52fa0e3d8ea0afcdc8b377/main.m3u8 was preloaded using link preload but not used within a few seconds from the window's load event. Please make sure it has an appropriate `as` value and it is preloaded intentionally. @ http://localhost:8848/quiz2.html:0
[39964639ms] [ERROR] Failed to load resource: net::ERR_INTERNET_DISCONNECTED @ https://a.vturb.com/x:0
[39964641ms] [ERROR] [31m[ERROR]:[0m Analytics Services - Hermes: Failed to fetch @ https://scripts.converteai.net/lib/js/smartplayer-wc/v4/smartplayer.js:1
[39964641ms] [ERROR] Failed to load resource: net::ERR_INTERNET_DISCONNECTED @ https://a.vturb.com/x:0
[39964642ms] [ERROR] [31m[ERROR]:[0m Analytics Services - Hermes: Failed to fetch @ https://scripts.converteai.net/lib/js/smartplayer-wc/v4/smartplayer.js:1
[39964644ms] [ERROR] Failed to load resource: net::ERR_INTERNET_DISCONNECTED @ https://sentry.io/api/4509130195468288/envelope/:0
[39964644ms] [ERROR] Failed to load resource: net::ERR_INTERNET_DISCONNECTED @ https://sentry.io/api/4509130195468288/envelope/:0
[39964725ms] [ERROR] Failed to load resource: net::ERR_INTERNET_DISCONNECTED @ https://a.vturb.com/x:0
[39964725ms] [ERROR] [31m[ERROR]:[0m Analytics Services - Hermes: All Analytics URLs have failed @ https://scripts.converteai.net/lib/js/smartplayer-wc/v4/smartplayer.js:1
[39964726ms] [ERROR] Failed to load resource: net::ERR_INTERNET_DISCONNECTED @ https://a.vturb.com/x:0
[39964726ms] [ERROR] [31m[ERROR]:[0m Analytics Services - Hermes: All Analytics URLs have failed @ https://scripts.converteai.net/lib/js/smartplayer-wc/v4/smartplayer.js:1
[39964729ms] [ERROR] Failed to load resource: net::ERR_INTERNET_DISCONNECTED @ https://sentry.io/api/4509130195468288/envelope/:0
[39964729ms] [ERROR] Failed to load resource: net::ERR_INTERNET_DISCONNECTED @ https://sentry.io/api/4509130195468288/envelope/:0
[39965136ms] [ERROR] Failed to load resource: net::ERR_INTERNET_DISCONNECTED @ https://vt-h-1.b-cdn.net/x:0
[39965137ms] [ERROR] Failed to load resource: net::ERR_INTERNET_DISCONNECTED @ https://vt-h-1.b-cdn.net/x:0
[39965944ms] [ERROR] Failed to load resource: net::ERR_INTERNET_DISCONNECTED @ https://a.vturb.com/x:0
[39965945ms] [ERROR] [31m[ERROR]:[0m Analytics Services - Hermes: All Analytics URLs have failed @ https://scripts.converteai.net/lib/js/smartplayer-wc/v4/smartplayer.js:1
[39965946ms] [ERROR] Failed to load resource: net::ERR_INTERNET_DISCONNECTED @ https://a.vturb.com/x:0
[39965946ms] [ERROR] [31m[ERROR]:[0m Analytics Services - Hermes: All Analytics URLs have failed @ https://scripts.converteai.net/lib/js/smartplayer-wc/v4/smartplayer.js:1
[39965949ms] [ERROR] Failed to load resource: net::ERR_INTERNET_DISCONNECTED @ https://sentry.io/api/4509130195468288/envelope/:0
[39965950ms] [ERROR] Failed to load resource: net::ERR_INTERNET_DISCONNECTED @ https://sentry.io/api/4509130195468288/envelope/:0
[39967556ms] [ERROR] Failed to load resource: net::ERR_INTERNET_DISCONNECTED @ https://vt-h-1.b-cdn.net/x:0
[39967556ms] [ERROR] Failed to load resource: net::ERR_INTERNET_DISCONNECTED @ https://vt-h-1.b-cdn.net/x:0
[39970559ms] [WARNING] The resource https://cdn.converteai.net/8961d838-aff2-4dce-9b39-e84022d332ce/6a52f890d71bd640bbb2a65d/main.m3u8 was preloaded using link preload but not used within a few seconds from the window's load event. Please make sure it has an appropriate `as` value and it is preloaded intentionally. @ http://localhost:8848/quiz2.html:0
[39970559ms] [WARNING] The resource https://cdn.converteai.net/8961d838-aff2-4dce-9b39-e84022d332ce/6a52fa0e3d8ea0afcdc8b377/main.m3u8 was preloaded using link preload but not used within a few seconds from the window's load event. Please make sure it has an appropriate `as` value and it is preloaded intentionally. @ http://localhost:8848/quiz2.html:0
[39970772ms] [ERROR] Failed to load resource: net::ERR_INTERNET_DISCONNECTED @ https://a.vturb.com/x:0
[39970773ms] [ERROR] [31m[ERROR]:[0m Analytics Services - Hermes: All Analytics URLs have failed @ https://scripts.converteai.net/lib/js/smartplayer-wc/v4/smartplayer.js:1
[39970773ms] [ERROR] Failed to load resource: net::ERR_INTERNET_DISCONNECTED @ https://a.vturb.com/x:0
[39970774ms] [ERROR] [31m[ERROR]:[0m Analytics Services - Hermes: All Analytics URLs have failed @ https://scripts.converteai.net/lib/js/smartplayer-wc/v4/smartplayer.js:1
[39970777ms] [ERROR] Failed to load resource: net::ERR_INTERNET_DISCONNECTED @ https://sentry.io/api/4509130195468288/envelope/:0
[39970777ms] [ERROR] Failed to load resource: net::ERR_INTERNET_DISCONNECTED @ https://sentry.io/api/4509130195468288/envelope/:0
[39973780ms] [WARNING] The resource https://cdn.converteai.net/8961d838-aff2-4dce-9b39-e84022d332ce/6a52f890d71bd640bbb2a65d/main.m3u8 was preloaded using link preload but not used within a few seconds from the window's load event. Please make sure it has an appropriate `as` value and it is preloaded intentionally. @ http://localhost:8848/quiz2.html:0
[39973780ms] [WARNING] The resource https://cdn.converteai.net/8961d838-aff2-4dce-9b39-e84022d332ce/6a52fa0e3d8ea0afcdc8b377/main.m3u8 was preloaded using link preload but not used within a few seconds from the window's load event. Please make sure it has an appropriate `as` value and it is preloaded intentionally. @ http://localhost:8848/quiz2.html:0
[39977183ms] [ERROR] Failed to load resource: net::ERR_INTERNET_DISCONNECTED @ https://vt-h-1.b-cdn.net/x:0
[39977184ms] [ERROR] [31m[ERROR]:[0m Analytics Services - Hermes: Failed to fetch @ https://scripts.converteai.net/lib/js/smartplayer-wc/v4/smartplayer.js:1
[39977186ms] [ERROR] Failed to load resource: net::ERR_INTERNET_DISCONNECTED @ https://vt-h-1.b-cdn.net/x:0
[39977187ms] [ERROR] [31m[ERROR]:[0m Analytics Services - Hermes: Failed to fetch @ https://scripts.converteai.net/lib/js/smartplayer-wc/v4/smartplayer.js:1
[39977188ms] [ERROR] Failed to load resource: net::ERR_INTERNET_DISCONNECTED @ https://sentry.io/api/4509130195468288/envelope/:0
[39977188ms] [ERROR] Failed to load resource: net::ERR_INTERNET_DISCONNECTED @ https://sentry.io/api/4509130195468288/envelope/:0
[39977268ms] [ERROR] Failed to load resource: net::ERR_INTERNET_DISCONNECTED @ https://vt-h-1.b-cdn.net/x:0
[39977270ms] [ERROR] Failed to load resource: net::ERR_INTERNET_DISCONNECTED @ https://vt-h-1.b-cdn.net/x:0
[39977676ms] [ERROR] Failed to load resource: net::ERR_INTERNET_DISCONNECTED @ https://a.vturb.com/x:0
[39977677ms] [ERROR] [31m[ERROR]:[0m Analytics Services - Hermes: All Analytics URLs have failed @ https://scripts.converteai.net/lib/js/smartplayer-wc/v4/smartplayer.js:1
[39977677ms] [ERROR] Failed to load resource: net::ERR_INTERNET_DISCONNECTED @ https://a.vturb.com/x:0
[39977678ms] [ERROR] [31m[ERROR]:[0m Analytics Services - Hermes: All Analytics URLs have failed @ https://scripts.converteai.net/lib/js/smartplayer-wc/v4/smartplayer.js:1
[39977681ms] [ERROR] Failed to load resource: net::ERR_INTERNET_DISCONNECTED @ https://sentry.io/api/4509130195468288/envelope/:0
[39977681ms] [ERROR] Failed to load resource: net::ERR_INTERNET_DISCONNECTED @ https://sentry.io/api/4509130195468288/envelope/:0
[39978487ms] [ERROR] Failed to load resource: net::ERR_INTERNET_DISCONNECTED @ https://vt-h-1.b-cdn.net/x:0
[39978488ms] [ERROR] Failed to load resource: net::ERR_INTERNET_DISCONNECTED @ https://vt-h-1.b-cdn.net/x:0
[39980095ms] [ERROR] Failed to load resource: net::ERR_INTERNET_DISCONNECTED @ https://a.vturb.com/x:0
[39980096ms] [ERROR] [31m[ERROR]:[0m Analytics Services - Hermes: All Analytics URLs have failed @ https://scripts.converteai.net/lib/js/smartplayer-wc/v4/smartplayer.js:1
[39980097ms] [ERROR] Failed to load resource: net::ERR_INTERNET_DISCONNECTED @ https://a.vturb.com/x:0
[39980097ms] [ERROR] [31m[ERROR]:[0m Analytics Services - Hermes: All Analytics URLs have failed @ https://scripts.converteai.net/lib/js/smartplayer-wc/v4/smartplayer.js:1
[39980101ms] [ERROR] Failed to load resource: net::ERR_INTERNET_DISCONNECTED @ https://sentry.io/api/4509130195468288/envelope/:0
[39980101ms] [ERROR] Failed to load resource: net::ERR_INTERNET_DISCONNECTED @ https://sentry.io/api/4509130195468288/envelope/:0
[39983102ms] [WARNING] The resource https://cdn.converteai.net/8961d838-aff2-4dce-9b39-e84022d332ce/6a52f890d71bd640bbb2a65d/main.m3u8 was preloaded using link preload but not used within a few seconds from the window's load event. Please make sure it has an appropriate `as` value and it is preloaded intentionally. @ http://localhost:8848/quiz2.html:0
[39983102ms] [WARNING] The resource https://cdn.converteai.net/8961d838-aff2-4dce-9b39-e84022d332ce/6a52fa0e3d8ea0afcdc8b377/main.m3u8 was preloaded using link preload but not used within a few seconds from the window's load event. Please make sure it has an appropriate `as` value and it is preloaded intentionally. @ http://localhost:8848/quiz2.html:0
[39983305ms] [ERROR] Failed to load resource: net::ERR_INTERNET_DISCONNECTED @ https://vt-h-1.b-cdn.net/x:0
[39983306ms] [ERROR] Failed to load resource: net::ERR_INTERNET_DISCONNECTED @ https://vt-h-1.b-cdn.net/x:0
[39986307ms] [WARNING] The resource https://cdn.converteai.net/8961d838-aff2-4dce-9b39-e84022d332ce/6a52f890d71bd640bbb2a65d/main.m3u8 was preloaded using link preload but not used within a few seconds from the window's load event. Please make sure it has an appropriate `as` value and it is preloaded intentionally. @ http://localhost:8848/quiz2.html:0
[39986308ms] [WARNING] The resource https://cdn.converteai.net/8961d838-aff2-4dce-9b39-e84022d332ce/6a52fa0e3d8ea0afcdc8b377/main.m3u8 was preloaded using link preload but not used within a few seconds from the window's load event. Please make sure it has an appropriate `as` value and it is preloaded intentionally. @ http://localhost:8848/quiz2.html:0
[39989711ms] [ERROR] Failed to load resource: net::ERR_INTERNET_DISCONNECTED @ https://a.vturb.com/x:0
[39989712ms] [ERROR] [31m[ERROR]:[0m Analytics Services - Hermes: Failed to fetch @ https://scripts.converteai.net/lib/js/smartplayer-wc/v4/smartplayer.js:1
[39989712ms] [ERROR] Failed to load resource: net::ERR_INTERNET_DISCONNECTED @ https://a.vturb.com/x:0
[39989713ms] [ERROR] [31m[ERROR]:[0m Analytics Services - Hermes: Failed to fetch @ https://scripts.converteai.net/lib/js/smartplayer-wc/v4/smartplayer.js:1
[39989715ms] [ERROR] Failed to load resource: net::ERR_INTERNET_DISCONNECTED @ https://sentry.io/api/4509130195468288/envelope/:0
[39989715ms] [ERROR] Failed to load resource: net::ERR_INTERNET_DISCONNECTED @ https://sentry.io/api/4509130195468288/envelope/:0
[39989794ms] [ERROR] Failed to load resource: net::ERR_INTERNET_DISCONNECTED @ https://a.vturb.com/x:0
[39989795ms] [ERROR] [31m[ERROR]:[0m Analytics Services - Hermes: All Analytics URLs have failed @ https://scripts.converteai.net/lib/js/smartplayer-wc/v4/smartplayer.js:1
[39989795ms] [ERROR] Failed to load resource: net::ERR_INTERNET_DISCONNECTED @ https://a.vturb.com/x:0
[39989796ms] [ERROR] [31m[ERROR]:[0m Analytics Services - Hermes: All Analytics URLs have failed @ https://scripts.converteai.net/lib/js/smartplayer-wc/v4/smartplayer.js:1
[39989798ms] [ERROR] Failed to load resource: net::ERR_INTERNET_DISCONNECTED @ https://sentry.io/api/4509130195468288/envelope/:0
[39989798ms] [ERROR] Failed to load resource: net::ERR_INTERNET_DISCONNECTED @ https://sentry.io/api/4509130195468288/envelope/:0
[39990203ms] [ERROR] Failed to load resource: net::ERR_INTERNET_DISCONNECTED @ https://vt-h-1.b-cdn.net/x:0
[39990204ms] [ERROR] Failed to load resource: net::ERR_INTERNET_DISCONNECTED @ https://vt-h-1.b-cdn.net/x:0
[39991011ms] [ERROR] Failed to load resource: net::ERR_INTERNET_DISCONNECTED @ https://a.vturb.com/x:0
[39991012ms] [ERROR] [31m[ERROR]:[0m Analytics Services - Hermes: All Analytics URLs have failed @ https://scripts.converteai.net/lib/js/smartplayer-wc/v4/smartplayer.js:1
[39991013ms] [ERROR] Failed to load resource: net::ERR_INTERNET_DISCONNECTED @ https://a.vturb.com/x:0
[39991013ms] [ERROR] [31m[ERROR]:[0m Analytics Services - Hermes: All Analytics URLs have failed @ https://scripts.converteai.net/lib/js/smartplayer-wc/v4/smartplayer.js:1
[39991016ms] [ERROR] Failed to load resource: net::ERR_INTERNET_DISCONNECTED @ https://sentry.io/api/4509130195468288/envelope/:0
[39991016ms] [ERROR] Failed to load resource: net::ERR_INTERNET_DISCONNECTED @ https://sentry.io/api/4509130195468288/envelope/:0
[39992623ms] [ERROR] Failed to load resource: net::ERR_INTERNET_DISCONNECTED @ https://vt-h-1.b-cdn.net/x:0
[39992624ms] [ERROR] Failed to load resource: net::ERR_INTERNET_DISCONNECTED @ https://vt-h-1.b-cdn.net/x:0
[40705873ms] [WARNING] The resource https://cdn.converteai.net/8961d838-aff2-4dce-9b39-e84022d332ce/6a52f890d71bd640bbb2a65d/main.m3u8 was preloaded using link preload but not used within a few seconds from the window's load event. Please make sure it has an appropriate `as` value and it is preloaded intentionally. @ http://localhost:8848/quiz2.html:0
[40705873ms] [WARNING] The resource https://cdn.converteai.net/8961d838-aff2-4dce-9b39-e84022d332ce/6a52fa0e3d8ea0afcdc8b377/main.m3u8 was preloaded using link preload but not used within a few seconds from the window's load event. Please make sure it has an appropriate `as` value and it is preloaded intentionally. @ http://localhost:8848/quiz2.html:0
[40706078ms] [ERROR] Failed to load resource: net::ERR_INTERNET_DISCONNECTED @ https://a.vturb.com/x:0
[40706079ms] [ERROR] [31m[ERROR]:[0m Analytics Services - Hermes: All Analytics URLs have failed @ https://scripts.converteai.net/lib/js/smartplayer-wc/v4/smartplayer.js:1
[40706079ms] [ERROR] Failed to load resource: net::ERR_INTERNET_DISCONNECTED @ https://a.vturb.com/x:0
[40706080ms] [ERROR] [31m[ERROR]:[0m Analytics Services - Hermes: All Analytics URLs have failed @ https://scripts.converteai.net/lib/js/smartplayer-wc/v4/smartplayer.js:1
[40706083ms] [ERROR] Failed to load resource: net::ERR_INTERNET_DISCONNECTED @ https://sentry.io/api/4509130195468288/envelope/:0
[40706083ms] [ERROR] Failed to load resource: net::ERR_INTERNET_DISCONNECTED @ https://sentry.io/api/4509130195468288/envelope/:0
[40709084ms] [WARNING] The resource https://cdn.converteai.net/8961d838-aff2-4dce-9b39-e84022d332ce/6a52f890d71bd640bbb2a65d/main.m3u8 was preloaded using link preload but not used within a few seconds from the window's load event. Please make sure it has an appropriate `as` value and it is preloaded intentionally. @ http://localhost:8848/quiz2.html:0
[40709084ms] [WARNING] The resource https://cdn.converteai.net/8961d838-aff2-4dce-9b39-e84022d332ce/6a52fa0e3d8ea0afcdc8b377/main.m3u8 was preloaded using link preload but not used within a few seconds from the window's load event. Please make sure it has an appropriate `as` value and it is preloaded intentionally. @ http://localhost:8848/quiz2.html:0
[40712487ms] [ERROR] Failed to load resource: net::ERR_INTERNET_DISCONNECTED @ https://vt-h-1.b-cdn.net/x:0
[40712488ms] [ERROR] [31m[ERROR]:[0m Analytics Services - Hermes: Failed to fetch @ https://scripts.converteai.net/lib/js/smartplayer-wc/v4/smartplayer.js:1
[40712488ms] [ERROR] Failed to load resource: net::ERR_INTERNET_DISCONNECTED @ https://vt-h-1.b-cdn.net/x:0
[40712489ms] [ERROR] [31m[ERROR]:[0m Analytics Services - Hermes: Failed to fetch @ https://scripts.converteai.net/lib/js/smartplayer-wc/v4/smartplayer.js:1
[40712491ms] [ERROR] Failed to load resource: net::ERR_INTERNET_DISCONNECTED @ https://sentry.io/api/4509130195468288/envelope/:0
[40712491ms] [ERROR] Failed to load resource: net::ERR_INTERNET_DISCONNECTED @ https://sentry.io/api/4509130195468288/envelope/:0
[40712570ms] [ERROR] Failed to load resource: net::ERR_INTERNET_DISCONNECTED @ https://vt-h-1.b-cdn.net/x:0
[40712571ms] [ERROR] Failed to load resource: net::ERR_INTERNET_DISCONNECTED @ https://vt-h-1.b-cdn.net/x:0
[40712978ms] [ERROR] Failed to load resource: net::ERR_INTERNET_DISCONNECTED @ https://a.vturb.com/x:0
[40712979ms] [ERROR] [31m[ERROR]:[0m Analytics Services - Hermes: All Analytics URLs have failed @ https://scripts.converteai.net/lib/js/smartplayer-wc/v4/smartplayer.js:1
[40712980ms] [ERROR] Failed to load resource: net::ERR_INTERNET_DISCONNECTED @ https://a.vturb.com/x:0
[40712980ms] [ERROR] [31m[ERROR]:[0m Analytics Services - Hermes: All Analytics URLs have failed @ https://scripts.converteai.net/lib/js/smartplayer-wc/v4/smartplayer.js:1
[40712984ms] [ERROR] Failed to load resource: net::ERR_INTERNET_DISCONNECTED @ https://sentry.io/api/4509130195468288/envelope/:0
[40712984ms] [ERROR] Failed to load resource: net::ERR_INTERNET_DISCONNECTED @ https://sentry.io/api/4509130195468288/envelope/:0
[40713786ms] [ERROR] Failed to load resource: net::ERR_INTERNET_DISCONNECTED @ https://vt-h-1.b-cdn.net/x:0
[40713787ms] [ERROR] Failed to load resource: net::ERR_INTERNET_DISCONNECTED @ https://vt-h-1.b-cdn.net/x:0
[40715394ms] [ERROR] Failed to load resource: net::ERR_INTERNET_DISCONNECTED @ https://a.vturb.com/x:0
[40715395ms] [ERROR] [31m[ERROR]:[0m Analytics Services - Hermes: All Analytics URLs have failed @ https://scripts.converteai.net/lib/js/smartplayer-wc/v4/smartplayer.js:1
[40715395ms] [ERROR] Failed to load resource: net::ERR_INTERNET_DISCONNECTED @ https://a.vturb.com/x:0
[40715396ms] [ERROR] [31m[ERROR]:[0m Analytics Services - Hermes: All Analytics URLs have failed @ https://scripts.converteai.net/lib/js/smartplayer-wc/v4/smartplayer.js:1
[40715399ms] [ERROR] Failed to load resource: net::ERR_INTERNET_DISCONNECTED @ https://sentry.io/api/4509130195468288/envelope/:0
[40715400ms] [ERROR] Failed to load resource: net::ERR_INTERNET_DISCONNECTED @ https://sentry.io/api/4509130195468288/envelope/:0
[40718401ms] [WARNING] The resource https://cdn.converteai.net/8961d838-aff2-4dce-9b39-e84022d332ce/6a52f890d71bd640bbb2a65d/main.m3u8 was preloaded using link preload but not used within a few seconds from the window's load event. Please make sure it has an appropriate `as` value and it is preloaded intentionally. @ http://localhost:8848/quiz2.html:0
[40718401ms] [WARNING] The resource https://cdn.converteai.net/8961d838-aff2-4dce-9b39-e84022d332ce/6a52fa0e3d8ea0afcdc8b377/main.m3u8 was preloaded using link preload but not used within a few seconds from the window's load event. Please make sure it has an appropriate `as` value and it is preloaded intentionally. @ http://localhost:8848/quiz2.html:0
[40718603ms] [ERROR] Failed to load resource: net::ERR_INTERNET_DISCONNECTED @ https://vt-h-1.b-cdn.net/x:0
[40718605ms] [ERROR] Failed to load resource: net::ERR_INTERNET_DISCONNECTED @ https://vt-h-1.b-cdn.net/x:0
[40721607ms] [WARNING] The resource https://cdn.converteai.net/8961d838-aff2-4dce-9b39-e84022d332ce/6a52f890d71bd640bbb2a65d/main.m3u8 was preloaded using link preload but not used within a few seconds from the window's load event. Please make sure it has an appropriate `as` value and it is preloaded intentionally. @ http://localhost:8848/quiz2.html:0
[40721608ms] [WARNING] The resource https://cdn.converteai.net/8961d838-aff2-4dce-9b39-e84022d332ce/6a52fa0e3d8ea0afcdc8b377/main.m3u8 was preloaded using link preload but not used within a few seconds from the window's load event. Please make sure it has an appropriate `as` value and it is preloaded intentionally. @ http://localhost:8848/quiz2.html:0
[40725013ms] [ERROR] Failed to load resource: net::ERR_INTERNET_DISCONNECTED @ https://a.vturb.com/x:0
[40725014ms] [ERROR] [31m[ERROR]:[0m Analytics Services - Hermes: Failed to fetch @ https://scripts.converteai.net/lib/js/smartplayer-wc/v4/smartplayer.js:1
[40725015ms] [ERROR] Failed to load resource: net::ERR_INTERNET_DISCONNECTED @ https://a.vturb.com/x:0
[40725015ms] [ERROR] [31m[ERROR]:[0m Analytics Services - Hermes: Failed to fetch @ https://scripts.converteai.net/lib/js/smartplayer-wc/v4/smartplayer.js:1
[40725019ms] [ERROR] Failed to load resource: net::ERR_INTERNET_DISCONNECTED @ https://sentry.io/api/4509130195468288/envelope/:0
[40725020ms] [ERROR] Failed to load resource: net::ERR_INTERNET_DISCONNECTED @ https://sentry.io/api/4509130195468288/envelope/:0
[40725099ms] [ERROR] Failed to load resource: net::ERR_INTERNET_DISCONNECTED @ https://a.vturb.com/x:0
[40725100ms] [ERROR] [31m[ERROR]:[0m Analytics Services - Hermes: All Analytics URLs have failed @ https://scripts.converteai.net/lib/js/smartplayer-wc/v4/smartplayer.js:1
[40725100ms] [ERROR] Failed to load resource: net::ERR_INTERNET_DISCONNECTED @ https://a.vturb.com/x:0
[40725101ms] [ERROR] [31m[ERROR]:[0m Analytics Services - Hermes: All Analytics URLs have failed @ https://scripts.converteai.net/lib/js/smartplayer-wc/v4/smartplayer.js:1
[40725103ms] [ERROR] Failed to load resource: net::ERR_INTERNET_DISCONNECTED @ https://sentry.io/api/4509130195468288/envelope/:0
[40725103ms] [ERROR] Failed to load resource: net::ERR_INTERNET_DISCONNECTED @ https://sentry.io/api/4509130195468288/envelope/:0
[40725507ms] [ERROR] Failed to load resource: net::ERR_INTERNET_DISCONNECTED @ https://vt-h-1.b-cdn.net/x:0
[40725508ms] [ERROR] Failed to load resource: net::ERR_INTERNET_DISCONNECTED @ https://vt-h-1.b-cdn.net/x:0
[40726316ms] [ERROR] Failed to load resource: net::ERR_INTERNET_DISCONNECTED @ https://a.vturb.com/x:0
[40726317ms] [ERROR] [31m[ERROR]:[0m Analytics Services - Hermes: All Analytics URLs have failed @ https://scripts.converteai.net/lib/js/smartplayer-wc/v4/smartplayer.js:1
[40726317ms] [ERROR] Failed to load resource: net::ERR_INTERNET_DISCONNECTED @ https://a.vturb.com/x:0
[40726318ms] [ERROR] [31m[ERROR]:[0m Analytics Services - Hermes: All Analytics URLs have failed @ https://scripts.converteai.net/lib/js/smartplayer-wc/v4/smartplayer.js:1
[40726320ms] [ERROR] Failed to load resource: net::ERR_INTERNET_DISCONNECTED @ https://sentry.io/api/4509130195468288/envelope/:0
[40726320ms] [ERROR] Failed to load resource: net::ERR_INTERNET_DISCONNECTED @ https://sentry.io/api/4509130195468288/envelope/:0
[40727925ms] [ERROR] Failed to load resource: net::ERR_INTERNET_DISCONNECTED @ https://vt-h-1.b-cdn.net/x:0
[40727926ms] [ERROR] Failed to load resource: net::ERR_INTERNET_DISCONNECTED @ https://vt-h-1.b-cdn.net/x:0
[40730928ms] [WARNING] The resource https://cdn.converteai.net/8961d838-aff2-4dce-9b39-e84022d332ce/6a52f890d71bd640bbb2a65d/main.m3u8 was preloaded using link preload but not used within a few seconds from the window's load event. Please make sure it has an appropriate `as` value and it is preloaded intentionally. @ http://localhost:8848/quiz2.html:0
[40730928ms] [WARNING] The resource https://cdn.converteai.net/8961d838-aff2-4dce-9b39-e84022d332ce/6a52fa0e3d8ea0afcdc8b377/main.m3u8 was preloaded using link preload but not used within a few seconds from the window's load event. Please make sure it has an appropriate `as` value and it is preloaded intentionally. @ http://localhost:8848/quiz2.html:0
[40731135ms] [ERROR] Failed to load resource: net::ERR_INTERNET_DISCONNECTED @ https://a.vturb.com/x:0
[40731136ms] [ERROR] [31m[ERROR]:[0m Analytics Services - Hermes: All Analytics URLs have failed @ https://scripts.converteai.net/lib/js/smartplayer-wc/v4/smartplayer.js:1
[40731137ms] [ERROR] Failed to load resource: net::ERR_INTERNET_DISCONNECTED @ https://a.vturb.com/x:0
[40731137ms] [ERROR] [31m[ERROR]:[0m Analytics Services - Hermes: All Analytics URLs have failed @ https://scripts.converteai.net/lib/js/smartplayer-wc/v4/smartplayer.js:1
[40731140ms] [ERROR] Failed to load resource: net::ERR_INTERNET_DISCONNECTED @ https://sentry.io/api/4509130195468288/envelope/:0
[40731140ms] [ERROR] Failed to load resource: net::ERR_INTERNET_DISCONNECTED @ https://sentry.io/api/4509130195468288/envelope/:0
[40734143ms] [WARNING] The resource https://cdn.converteai.net/8961d838-aff2-4dce-9b39-e84022d332ce/6a52f890d71bd640bbb2a65d/main.m3u8 was preloaded using link preload but not used within a few seconds from the window's load event. Please make sure it has an appropriate `as` value and it is preloaded intentionally. @ http://localhost:8848/quiz2.html:0
[40734143ms] [WARNING] The resource https://cdn.converteai.net/8961d838-aff2-4dce-9b39-e84022d332ce/6a52fa0e3d8ea0afcdc8b377/main.m3u8 was preloaded using link preload but not used within a few seconds from the window's load event. Please make sure it has an appropriate `as` value and it is preloaded intentionally. @ http://localhost:8848/quiz2.html:0
[40737545ms] [ERROR] Failed to load resource: net::ERR_INTERNET_DISCONNECTED @ https://vt-h-1.b-cdn.net/x:0
[40737546ms] [ERROR] [31m[ERROR]:[0m Analytics Services - Hermes: Failed to fetch @ https://scripts.converteai.net/lib/js/smartplayer-wc/v4/smartplayer.js:1
[40737547ms] [ERROR] Failed to load resource: net::ERR_INTERNET_DISCONNECTED @ https://vt-h-1.b-cdn.net/x:0
[40737548ms] [ERROR] [31m[ERROR]:[0m Analytics Services - Hermes: Failed to fetch @ https://scripts.converteai.net/lib/js/smartplayer-wc/v4/smartplayer.js:1
[40737550ms] [ERROR] Failed to load resource: net::ERR_INTERNET_DISCONNECTED @ https://sentry.io/api/4509130195468288/envelope/:0
[40737550ms] [ERROR] Failed to load resource: net::ERR_INTERNET_DISCONNECTED @ https://sentry.io/api/4509130195468288/envelope/:0
[40737630ms] [ERROR] Failed to load resource: net::ERR_INTERNET_DISCONNECTED @ https://vt-h-1.b-cdn.net/x:0
[40737632ms] [ERROR] Failed to load resource: net::ERR_INTERNET_DISCONNECTED @ https://vt-h-1.b-cdn.net/x:0
[40738038ms] [ERROR] Failed to load resource: net::ERR_INTERNET_DISCONNECTED @ https://a.vturb.com/x:0
[40738038ms] [ERROR] [31m[ERROR]:[0m Analytics Services - Hermes: All Analytics URLs have failed @ https://scripts.converteai.net/lib/js/smartplayer-wc/v4/smartplayer.js:1
[40738039ms] [ERROR] Failed to load resource: net::ERR_INTERNET_DISCONNECTED @ https://a.vturb.com/x:0
[40738039ms] [ERROR] [31m[ERROR]:[0m Analytics Services - Hermes: All Analytics URLs have failed @ https://scripts.converteai.net/lib/js/smartplayer-wc/v4/smartplayer.js:1
[40738042ms] [ERROR] Failed to load resource: net::ERR_INTERNET_DISCONNECTED @ https://sentry.io/api/4509130195468288/envelope/:0
[40738042ms] [ERROR] Failed to load resource: net::ERR_INTERNET_DISCONNECTED @ https://sentry.io/api/4509130195468288/envelope/:0
[40738849ms] [ERROR] Failed to load resource: net::ERR_INTERNET_DISCONNECTED @ https://vt-h-1.b-cdn.net/x:0
[40738850ms] [ERROR] Failed to load resource: net::ERR_INTERNET_DISCONNECTED @ https://vt-h-1.b-cdn.net/x:0
[40740457ms] [ERROR] Failed to load resource: net::ERR_INTERNET_DISCONNECTED @ https://a.vturb.com/x:0
[40740458ms] [ERROR] [31m[ERROR]:[0m Analytics Services - Hermes: All Analytics URLs have failed @ https://scripts.converteai.net/lib/js/smartplayer-wc/v4/smartplayer.js:1
[40740458ms] [ERROR] Failed to load resource: net::ERR_INTERNET_DISCONNECTED @ https://a.vturb.com/x:0
[40740458ms] [ERROR] [31m[ERROR]:[0m Analytics Services - Hermes: All Analytics URLs have failed @ https://scripts.converteai.net/lib/js/smartplayer-wc/v4/smartplayer.js:1
[40740461ms] [ERROR] Failed to load resource: net::ERR_INTERNET_DISCONNECTED @ https://sentry.io/api/4509130195468288/envelope/:0
[40740462ms] [ERROR] Failed to load resource: net::ERR_INTERNET_DISCONNECTED @ https://sentry.io/api/4509130195468288/envelope/:0
[40743464ms] [WARNING] The resource https://cdn.converteai.net/8961d838-aff2-4dce-9b39-e84022d332ce/6a52f890d71bd640bbb2a65d/main.m3u8 was preloaded using link preload but not used within a few seconds from the window's load event. Please make sure it has an appropriate `as` value and it is preloaded intentionally. @ http://localhost:8848/quiz2.html:0
[40743464ms] [WARNING] The resource https://cdn.converteai.net/8961d838-aff2-4dce-9b39-e84022d332ce/6a52fa0e3d8ea0afcdc8b377/main.m3u8 was preloaded using link preload but not used within a few seconds from the window's load event. Please make sure it has an appropriate `as` value and it is preloaded intentionally. @ http://localhost:8848/quiz2.html:0
[40743667ms] [ERROR] Failed to load resource: net::ERR_INTERNET_DISCONNECTED @ https://vt-h-1.b-cdn.net/x:0
[40743668ms] [ERROR] Failed to load resource: net::ERR_INTERNET_DISCONNECTED @ https://vt-h-1.b-cdn.net/x:0
[40746669ms] [WARNING] The resource https://cdn.converteai.net/8961d838-aff2-4dce-9b39-e84022d332ce/6a52f890d71bd640bbb2a65d/main.m3u8 was preloaded using link preload but not used within a few seconds from the window's load event. Please make sure it has an appropriate `as` value and it is preloaded intentionally. @ http://localhost:8848/quiz2.html:0
[40746669ms] [WARNING] The resource https://cdn.converteai.net/8961d838-aff2-4dce-9b39-e84022d332ce/6a52fa0e3d8ea0afcdc8b377/main.m3u8 was preloaded using link preload but not used within a few seconds from the window's load event. Please make sure it has an appropriate `as` value and it is preloaded intentionally. @ http://localhost:8848/quiz2.html:0
[40750077ms] [ERROR] Failed to load resource: net::ERR_INTERNET_DISCONNECTED @ https://a.vturb.com/x:0
[40750078ms] [ERROR] [31m[ERROR]:[0m Analytics Services - Hermes: Failed to fetch @ https://scripts.converteai.net/lib/js/smartplayer-wc/v4/smartplayer.js:1
[40750078ms] [ERROR] Failed to load resource: net::ERR_INTERNET_DISCONNECTED @ https://a.vturb.com/x:0
[40750079ms] [ERROR] [31m[ERROR]:[0m Analytics Services - Hermes: Failed to fetch @ https://scripts.converteai.net/lib/js/smartplayer-wc/v4/smartplayer.js:1
[40750082ms] [ERROR] Failed to load resource: net::ERR_INTERNET_DISCONNECTED @ https://sentry.io/api/4509130195468288/envelope/:0
[40750082ms] [ERROR] Failed to load resource: net::ERR_INTERNET_DISCONNECTED @ https://sentry.io/api/4509130195468288/envelope/:0
[40750162ms] [ERROR] Failed to load resource: net::ERR_INTERNET_DISCONNECTED @ https://a.vturb.com/x:0
[40750162ms] [ERROR] [31m[ERROR]:[0m Analytics Services - Hermes: All Analytics URLs have failed @ https://scripts.converteai.net/lib/js/smartplayer-wc/v4/smartplayer.js:1
[40750163ms] [ERROR] Failed to load resource: net::ERR_INTERNET_DISCONNECTED @ https://a.vturb.com/x:0
[40750163ms] [ERROR] [31m[ERROR]:[0m Analytics Services - Hermes: All Analytics URLs have failed @ https://scripts.converteai.net/lib/js/smartplayer-wc/v4/smartplayer.js:1
[40750167ms] [ERROR] Failed to load resource: net::ERR_INTERNET_DISCONNECTED @ https://sentry.io/api/4509130195468288/envelope/:0
[40750167ms] [ERROR] Failed to load resource: net::ERR_INTERNET_DISCONNECTED @ https://sentry.io/api/4509130195468288/envelope/:0
[40750570ms] [ERROR] Failed to load resource: net::ERR_INTERNET_DISCONNECTED @ https://vt-h-1.b-cdn.net/x:0
[40750571ms] [ERROR] Failed to load resource: net::ERR_INTERNET_DISCONNECTED @ https://vt-h-1.b-cdn.net/x:0
[41147853ms] [ERROR] Failed to load resource: net::ERR_INTERNET_DISCONNECTED @ https://a.vturb.com/x:0
[41147854ms] [ERROR] [31m[ERROR]:[0m Analytics Services - Hermes: All Analytics URLs have failed @ https://scripts.converteai.net/lib/js/smartplayer-wc/v4/smartplayer.js:1
[41147855ms] [ERROR] Failed to load resource: net::ERR_INTERNET_DISCONNECTED @ https://a.vturb.com/x:0
[41147855ms] [ERROR] [31m[ERROR]:[0m Analytics Services - Hermes: All Analytics URLs have failed @ https://scripts.converteai.net/lib/js/smartplayer-wc/v4/smartplayer.js:1
[41147860ms] [ERROR] Failed to load resource: net::ERR_INTERNET_DISCONNECTED @ https://sentry.io/api/4509130195468288/envelope/:0
[41147860ms] [ERROR] Failed to load resource: net::ERR_INTERNET_DISCONNECTED @ https://sentry.io/api/4509130195468288/envelope/:0
[41149461ms] [ERROR] Failed to load resource: net::ERR_INTERNET_DISCONNECTED @ https://vt-h-1.b-cdn.net/x:0
[41149462ms] [ERROR] Failed to load resource: net::ERR_INTERNET_DISCONNECTED @ https://vt-h-1.b-cdn.net/x:0
[41152464ms] [WARNING] The resource https://cdn.converteai.net/8961d838-aff2-4dce-9b39-e84022d332ce/6a52f890d71bd640bbb2a65d/main.m3u8 was preloaded using link preload but not used within a few seconds from the window's load event. Please make sure it has an appropriate `as` value and it is preloaded intentionally. @ http://localhost:8848/quiz2.html:0
[41152464ms] [WARNING] The resource https://cdn.converteai.net/8961d838-aff2-4dce-9b39-e84022d332ce/6a52fa0e3d8ea0afcdc8b377/main.m3u8 was preloaded using link preload but not used within a few seconds from the window's load event. Please make sure it has an appropriate `as` value and it is preloaded intentionally. @ http://localhost:8848/quiz2.html:0
[41152671ms] [ERROR] Failed to load resource: net::ERR_INTERNET_DISCONNECTED @ https://a.vturb.com/x:0
[41152672ms] [ERROR] [31m[ERROR]:[0m Analytics Services - Hermes: All Analytics URLs have failed @ https://scripts.converteai.net/lib/js/smartplayer-wc/v4/smartplayer.js:1
[41152672ms] [ERROR] Failed to load resource: net::ERR_INTERNET_DISCONNECTED @ https://a.vturb.com/x:0
[41152673ms] [ERROR] [31m[ERROR]:[0m Analytics Services - Hermes: All Analytics URLs have failed @ https://scripts.converteai.net/lib/js/smartplayer-wc/v4/smartplayer.js:1
[41152676ms] [ERROR] Failed to load resource: net::ERR_INTERNET_DISCONNECTED @ https://sentry.io/api/4509130195468288/envelope/:0
[41152676ms] [ERROR] Failed to load resource: net::ERR_INTERNET_DISCONNECTED @ https://sentry.io/api/4509130195468288/envelope/:0
[41155677ms] [WARNING] The resource https://cdn.converteai.net/8961d838-aff2-4dce-9b39-e84022d332ce/6a52f890d71bd640bbb2a65d/main.m3u8 was preloaded using link preload but not used within a few seconds from the window's load event. Please make sure it has an appropriate `as` value and it is preloaded intentionally. @ http://localhost:8848/quiz2.html:0
[41155677ms] [WARNING] The resource https://cdn.converteai.net/8961d838-aff2-4dce-9b39-e84022d332ce/6a52fa0e3d8ea0afcdc8b377/main.m3u8 was preloaded using link preload but not used within a few seconds from the window's load event. Please make sure it has an appropriate `as` value and it is preloaded intentionally. @ http://localhost:8848/quiz2.html:0
[41159079ms] [ERROR] Failed to load resource: net::ERR_INTERNET_DISCONNECTED @ https://vt-h-1.b-cdn.net/x:0
[41159080ms] [ERROR] [31m[ERROR]:[0m Analytics Services - Hermes: Failed to fetch @ https://scripts.converteai.net/lib/js/smartplayer-wc/v4/smartplayer.js:1
[41159080ms] [ERROR] Failed to load resource: net::ERR_INTERNET_DISCONNECTED @ https://vt-h-1.b-cdn.net/x:0
[41159081ms] [ERROR] [31m[ERROR]:[0m Analytics Services - Hermes: Failed to fetch @ https://scripts.converteai.net/lib/js/smartplayer-wc/v4/smartplayer.js:1
[41159083ms] [ERROR] Failed to load resource: net::ERR_INTERNET_DISCONNECTED @ https://sentry.io/api/4509130195468288/envelope/:0
[41159083ms] [ERROR] Failed to load resource: net::ERR_INTERNET_DISCONNECTED @ https://sentry.io/api/4509130195468288/envelope/:0
[41159162ms] [ERROR] Failed to load resource: net::ERR_INTERNET_DISCONNECTED @ https://vt-h-1.b-cdn.net/x:0
[41159163ms] [ERROR] Failed to load resource: net::ERR_INTERNET_DISCONNECTED @ https://vt-h-1.b-cdn.net/x:0
[41159571ms] [ERROR] Failed to load resource: net::ERR_INTERNET_DISCONNECTED @ https://a.vturb.com/x:0
[41159572ms] [ERROR] [31m[ERROR]:[0m Analytics Services - Hermes: All Analytics URLs have failed @ https://scripts.converteai.net/lib/js/smartplayer-wc/v4/smartplayer.js:1
[41159573ms] [ERROR] Failed to load resource: net::ERR_INTERNET_DISCONNECTED @ https://a.vturb.com/x:0
[41159573ms] [ERROR] [31m[ERROR]:[0m Analytics Services - Hermes: All Analytics URLs have failed @ https://scripts.converteai.net/lib/js/smartplayer-wc/v4/smartplayer.js:1
[41159576ms] [ERROR] Failed to load resource: net::ERR_INTERNET_DISCONNECTED @ https://sentry.io/api/4509130195468288/envelope/:0
[41159576ms] [ERROR] Failed to load resource: net::ERR_INTERNET_DISCONNECTED @ https://sentry.io/api/4509130195468288/envelope/:0
[41160380ms] [ERROR] Failed to load resource: net::ERR_INTERNET_DISCONNECTED @ https://vt-h-1.b-cdn.net/x:0
[41160381ms] [ERROR] Failed to load resource: net::ERR_INTERNET_DISCONNECTED @ https://vt-h-1.b-cdn.net/x:0
[41161991ms] [ERROR] Failed to load resource: net::ERR_INTERNET_DISCONNECTED @ https://a.vturb.com/x:0
[41161992ms] [ERROR] [31m[ERROR]:[0m Analytics Services - Hermes: All Analytics URLs have failed @ https://scripts.converteai.net/lib/js/smartplayer-wc/v4/smartplayer.js:1
[41161992ms] [ERROR] Failed to load resource: net::ERR_INTERNET_DISCONNECTED @ https://a.vturb.com/x:0
[41161993ms] [ERROR] [31m[ERROR]:[0m Analytics Services - Hermes: All Analytics URLs have failed @ https://scripts.converteai.net/lib/js/smartplayer-wc/v4/smartplayer.js:1
[41161995ms] [ERROR] Failed to load resource: net::ERR_INTERNET_DISCONNECTED @ https://sentry.io/api/4509130195468288/envelope/:0
[41161996ms] [ERROR] Failed to load resource: net::ERR_INTERNET_DISCONNECTED @ https://sentry.io/api/4509130195468288/envelope/:0
[41164998ms] [WARNING] The resource https://cdn.converteai.net/8961d838-aff2-4dce-9b39-e84022d332ce/6a52f890d71bd640bbb2a65d/main.m3u8 was preloaded using link preload but not used within a few seconds from the window's load event. Please make sure it has an appropriate `as` value and it is preloaded intentionally. @ http://localhost:8848/quiz2.html:0
[41164998ms] [WARNING] The resource https://cdn.converteai.net/8961d838-aff2-4dce-9b39-e84022d332ce/6a52fa0e3d8ea0afcdc8b377/main.m3u8 was preloaded using link preload but not used within a few seconds from the window's load event. Please make sure it has an appropriate `as` value and it is preloaded intentionally. @ http://localhost:8848/quiz2.html:0
[41165201ms] [ERROR] Failed to load resource: net::ERR_INTERNET_DISCONNECTED @ https://vt-h-1.b-cdn.net/x:0
[41165201ms] [ERROR] Failed to load resource: net::ERR_INTERNET_DISCONNECTED @ https://vt-h-1.b-cdn.net/x:0
[41168204ms] [WARNING] The resource https://cdn.converteai.net/8961d838-aff2-4dce-9b39-e84022d332ce/6a52f890d71bd640bbb2a65d/main.m3u8 was preloaded using link preload but not used within a few seconds from the window's load event. Please make sure it has an appropriate `as` value and it is preloaded intentionally. @ http://localhost:8848/quiz2.html:0
[41168204ms] [WARNING] The resource https://cdn.converteai.net/8961d838-aff2-4dce-9b39-e84022d332ce/6a52fa0e3d8ea0afcdc8b377/main.m3u8 was preloaded using link preload but not used within a few seconds from the window's load event. Please make sure it has an appropriate `as` value and it is preloaded intentionally. @ http://localhost:8848/quiz2.html:0
[41171610ms] [ERROR] Failed to load resource: net::ERR_INTERNET_DISCONNECTED @ https://a.vturb.com/x:0
[41171611ms] [ERROR] [31m[ERROR]:[0m Analytics Services - Hermes: Failed to fetch @ https://scripts.converteai.net/lib/js/smartplayer-wc/v4/smartplayer.js:1
[41171611ms] [ERROR] Failed to load resource: net::ERR_INTERNET_DISCONNECTED @ https://a.vturb.com/x:0
[41171612ms] [ERROR] [31m[ERROR]:[0m Analytics Services - Hermes: Failed to fetch @ https://scripts.converteai.net/lib/js/smartplayer-wc/v4/smartplayer.js:1
[41171614ms] [ERROR] Failed to load resource: net::ERR_INTERNET_DISCONNECTED @ https://sentry.io/api/4509130195468288/envelope/:0
[41171614ms] [ERROR] Failed to load resource: net::ERR_INTERNET_DISCONNECTED @ https://sentry.io/api/4509130195468288/envelope/:0
[41171692ms] [ERROR] Failed to load resource: net::ERR_INTERNET_DISCONNECTED @ https://a.vturb.com/x:0
[41171693ms] [ERROR] [31m[ERROR]:[0m Analytics Services - Hermes: All Analytics URLs have failed @ https://scripts.converteai.net/lib/js/smartplayer-wc/v4/smartplayer.js:1
[41171694ms] [ERROR] Failed to load resource: net::ERR_INTERNET_DISCONNECTED @ https://a.vturb.com/x:0
[41171694ms] [ERROR] [31m[ERROR]:[0m Analytics Services - Hermes: All Analytics URLs have failed @ https://scripts.converteai.net/lib/js/smartplayer-wc/v4/smartplayer.js:1
[41171697ms] [ERROR] Failed to load resource: net::ERR_INTERNET_DISCONNECTED @ https://sentry.io/api/4509130195468288/envelope/:0
[41171697ms] [ERROR] Failed to load resource: net::ERR_INTERNET_DISCONNECTED @ https://sentry.io/api/4509130195468288/envelope/:0
[41172102ms] [ERROR] Failed to load resource: net::ERR_INTERNET_DISCONNECTED @ https://vt-h-1.b-cdn.net/x:0
[41172103ms] [ERROR] Failed to load resource: net::ERR_INTERNET_DISCONNECTED @ https://vt-h-1.b-cdn.net/x:0
[41172911ms] [ERROR] Failed to load resource: net::ERR_INTERNET_DISCONNECTED @ https://a.vturb.com/x:0
[41172912ms] [ERROR] [31m[ERROR]:[0m Analytics Services - Hermes: All Analytics URLs have failed @ https://scripts.converteai.net/lib/js/smartplayer-wc/v4/smartplayer.js:1
[41172912ms] [ERROR] Failed to load resource: net::ERR_INTERNET_DISCONNECTED @ https://a.vturb.com/x:0
[41172913ms] [ERROR] [31m[ERROR]:[0m Analytics Services - Hermes: All Analytics URLs have failed @ https://scripts.converteai.net/lib/js/smartplayer-wc/v4/smartplayer.js:1
[41172916ms] [ERROR] Failed to load resource: net::ERR_INTERNET_DISCONNECTED @ https://sentry.io/api/4509130195468288/envelope/:0
[41172916ms] [ERROR] Failed to load resource: net::ERR_INTERNET_DISCONNECTED @ https://sentry.io/api/4509130195468288/envelope/:0
[41174526ms] [ERROR] Failed to load resource: net::ERR_INTERNET_DISCONNECTED @ https://vt-h-1.b-cdn.net/x:0
[41174527ms] [ERROR] Failed to load resource: net::ERR_INTERNET_DISCONNECTED @ https://vt-h-1.b-cdn.net/x:0
[41177530ms] [WARNING] The resource https://cdn.converteai.net/8961d838-aff2-4dce-9b39-e84022d332ce/6a52f890d71bd640bbb2a65d/main.m3u8 was preloaded using link preload but not used within a few seconds from the window's load event. Please make sure it has an appropriate `as` value and it is preloaded intentionally. @ http://localhost:8848/quiz2.html:0
[41177530ms] [WARNING] The resource https://cdn.converteai.net/8961d838-aff2-4dce-9b39-e84022d332ce/6a52fa0e3d8ea0afcdc8b377/main.m3u8 was preloaded using link preload but not used within a few seconds from the window's load event. Please make sure it has an appropriate `as` value and it is preloaded intentionally. @ http://localhost:8848/quiz2.html:0
[41177735ms] [ERROR] Failed to load resource: net::ERR_INTERNET_DISCONNECTED @ https://a.vturb.com/x:0
[41177736ms] [ERROR] [31m[ERROR]:[0m Analytics Services - Hermes: All Analytics URLs have failed @ https://scripts.converteai.net/lib/js/smartplayer-wc/v4/smartplayer.js:1
[41177737ms] [ERROR] Failed to load resource: net::ERR_INTERNET_DISCONNECTED @ https://a.vturb.com/x:0
[41177737ms] [ERROR] [31m[ERROR]:[0m Analytics Services - Hermes: All Analytics URLs have failed @ https://scripts.converteai.net/lib/js/smartplayer-wc/v4/smartplayer.js:1
[41177740ms] [ERROR] Failed to load resource: net::ERR_INTERNET_DISCONNECTED @ https://sentry.io/api/4509130195468288/envelope/:0
[41177740ms] [ERROR] Failed to load resource: net::ERR_INTERNET_DISCONNECTED @ https://sentry.io/api/4509130195468288/envelope/:0
[41180742ms] [WARNING] The resource https://cdn.converteai.net/8961d838-aff2-4dce-9b39-e84022d332ce/6a52f890d71bd640bbb2a65d/main.m3u8 was preloaded using link preload but not used within a few seconds from the window's load event. Please make sure it has an appropriate `as` value and it is preloaded intentionally. @ http://localhost:8848/quiz2.html:0
[41180742ms] [WARNING] The resource https://cdn.converteai.net/8961d838-aff2-4dce-9b39-e84022d332ce/6a52fa0e3d8ea0afcdc8b377/main.m3u8 was preloaded using link preload but not used within a few seconds from the window's load event. Please make sure it has an appropriate `as` value and it is preloaded intentionally. @ http://localhost:8848/quiz2.html:0
[41184145ms] [ERROR] Failed to load resource: net::ERR_INTERNET_DISCONNECTED @ https://vt-h-1.b-cdn.net/x:0
[41184146ms] [ERROR] [31m[ERROR]:[0m Analytics Services - Hermes: Failed to fetch @ https://scripts.converteai.net/lib/js/smartplayer-wc/v4/smartplayer.js:1
[41184146ms] [ERROR] Failed to load resource: net::ERR_INTERNET_DISCONNECTED @ https://vt-h-1.b-cdn.net/x:0
[41184147ms] [ERROR] [31m[ERROR]:[0m Analytics Services - Hermes: Failed to fetch @ https://scripts.converteai.net/lib/js/smartplayer-wc/v4/smartplayer.js:1
[41184149ms] [ERROR] Failed to load resource: net::ERR_INTERNET_DISCONNECTED @ https://sentry.io/api/4509130195468288/envelope/:0
[41184150ms] [ERROR] Failed to load resource: net::ERR_INTERNET_DISCONNECTED @ https://sentry.io/api/4509130195468288/envelope/:0
[41184229ms] [ERROR] Failed to load resource: net::ERR_INTERNET_DISCONNECTED @ https://vt-h-1.b-cdn.net/x:0
[41184231ms] [ERROR] Failed to load resource: net::ERR_INTERNET_DISCONNECTED @ https://vt-h-1.b-cdn.net/x:0
[41184638ms] [ERROR] Failed to load resource: net::ERR_INTERNET_DISCONNECTED @ https://a.vturb.com/x:0
[41184639ms] [ERROR] [31m[ERROR]:[0m Analytics Services - Hermes: All Analytics URLs have failed @ https://scripts.converteai.net/lib/js/smartplayer-wc/v4/smartplayer.js:1
[41184640ms] [ERROR] Failed to load resource: net::ERR_INTERNET_DISCONNECTED @ https://a.vturb.com/x:0
[41184640ms] [ERROR] [31m[ERROR]:[0m Analytics Services - Hermes: All Analytics URLs have failed @ https://scripts.converteai.net/lib/js/smartplayer-wc/v4/smartplayer.js:1
[41184643ms] [ERROR] Failed to load resource: net::ERR_INTERNET_DISCONNECTED @ https://sentry.io/api/4509130195468288/envelope/:0
[41184643ms] [ERROR] Failed to load resource: net::ERR_INTERNET_DISCONNECTED @ https://sentry.io/api/4509130195468288/envelope/:0
[41185448ms] [ERROR] Failed to load resource: net::ERR_INTERNET_DISCONNECTED @ https://vt-h-1.b-cdn.net/x:0
[41185449ms] [ERROR] Failed to load resource: net::ERR_INTERNET_DISCONNECTED @ https://vt-h-1.b-cdn.net/x:0
[41187058ms] [ERROR] Failed to load resource: net::ERR_INTERNET_DISCONNECTED @ https://a.vturb.com/x:0
[41187059ms] [ERROR] [31m[ERROR]:[0m Analytics Services - Hermes: All Analytics URLs have failed @ https://scripts.converteai.net/lib/js/smartplayer-wc/v4/smartplayer.js:1
[41187059ms] [ERROR] Failed to load resource: net::ERR_INTERNET_DISCONNECTED @ https://a.vturb.com/x:0
[41187060ms] [ERROR] [31m[ERROR]:[0m Analytics Services - Hermes: All Analytics URLs have failed @ https://scripts.converteai.net/lib/js/smartplayer-wc/v4/smartplayer.js:1
[41187062ms] [ERROR] Failed to load resource: net::ERR_INTERNET_DISCONNECTED @ https://sentry.io/api/4509130195468288/envelope/:0
[41187062ms] [ERROR] Failed to load resource: net::ERR_INTERNET_DISCONNECTED @ https://sentry.io/api/4509130195468288/envelope/:0
[41190065ms] [WARNING] The resource https://cdn.converteai.net/8961d838-aff2-4dce-9b39-e84022d332ce/6a52f890d71bd640bbb2a65d/main.m3u8 was preloaded using link preload but not used within a few seconds from the window's load event. Please make sure it has an appropriate `as` value and it is preloaded intentionally. @ http://localhost:8848/quiz2.html:0
[41190066ms] [WARNING] The resource https://cdn.converteai.net/8961d838-aff2-4dce-9b39-e84022d332ce/6a52fa0e3d8ea0afcdc8b377/main.m3u8 was preloaded using link preload but not used within a few seconds from the window's load event. Please make sure it has an appropriate `as` value and it is preloaded intentionally. @ http://localhost:8848/quiz2.html:0
[41190268ms] [ERROR] Failed to load resource: net::ERR_INTERNET_DISCONNECTED @ https://vt-h-1.b-cdn.net/x:0
[41190269ms] [ERROR] Failed to load resource: net::ERR_INTERNET_DISCONNECTED @ https://vt-h-1.b-cdn.net/x:0
[41193271ms] [WARNING] The resource https://cdn.converteai.net/8961d838-aff2-4dce-9b39-e84022d332ce/6a52f890d71bd640bbb2a65d/main.m3u8 was preloaded using link preload but not used within a few seconds from the window's load event. Please make sure it has an appropriate `as` value and it is preloaded intentionally. @ http://localhost:8848/quiz2.html:0
[41193271ms] [WARNING] The resource https://cdn.converteai.net/8961d838-aff2-4dce-9b39-e84022d332ce/6a52fa0e3d8ea0afcdc8b377/main.m3u8 was preloaded using link preload but not used within a few seconds from the window's load event. Please make sure it has an appropriate `as` value and it is preloaded intentionally. @ http://localhost:8848/quiz2.html:0
[41420424ms] [ERROR] Failed to load resource: net::ERR_INTERNET_DISCONNECTED @ https://a.vturb.com/x:0
[41420425ms] [ERROR] [31m[ERROR]:[0m Analytics Services - Hermes: Failed to fetch @ https://scripts.converteai.net/lib/js/smartplayer-wc/v4/smartplayer.js:1
[41420425ms] [ERROR] Failed to load resource: net::ERR_INTERNET_DISCONNECTED @ https://a.vturb.com/x:0
[41420426ms] [ERROR] [31m[ERROR]:[0m Analytics Services - Hermes: Failed to fetch @ https://scripts.converteai.net/lib/js/smartplayer-wc/v4/smartplayer.js:1
[41420428ms] [ERROR] Failed to load resource: net::ERR_INTERNET_DISCONNECTED @ https://sentry.io/api/4509130195468288/envelope/:0
[41420428ms] [ERROR] Failed to load resource: net::ERR_INTERNET_DISCONNECTED @ https://sentry.io/api/4509130195468288/envelope/:0
[41420507ms] [ERROR] Failed to load resource: net::ERR_INTERNET_DISCONNECTED @ https://a.vturb.com/x:0
[41420508ms] [ERROR] [31m[ERROR]:[0m Analytics Services - Hermes: All Analytics URLs have failed @ https://scripts.converteai.net/lib/js/smartplayer-wc/v4/smartplayer.js:1
[41420508ms] [ERROR] Failed to load resource: net::ERR_INTERNET_DISCONNECTED @ https://a.vturb.com/x:0
[41420509ms] [ERROR] [31m[ERROR]:[0m Analytics Services - Hermes: All Analytics URLs have failed @ https://scripts.converteai.net/lib/js/smartplayer-wc/v4/smartplayer.js:1
[41420511ms] [ERROR] Failed to load resource: net::ERR_INTERNET_DISCONNECTED @ https://sentry.io/api/4509130195468288/envelope/:0
[41420511ms] [ERROR] Failed to load resource: net::ERR_INTERNET_DISCONNECTED @ https://sentry.io/api/4509130195468288/envelope/:0
[41420916ms] [ERROR] Failed to load resource: net::ERR_INTERNET_DISCONNECTED @ https://vt-h-1.b-cdn.net/x:0
[41420918ms] [ERROR] Failed to load resource: net::ERR_INTERNET_DISCONNECTED @ https://vt-h-1.b-cdn.net/x:0
[41421724ms] [ERROR] Failed to load resource: net::ERR_INTERNET_DISCONNECTED @ https://a.vturb.com/x:0
[41421725ms] [ERROR] [31m[ERROR]:[0m Analytics Services - Hermes: All Analytics URLs have failed @ https://scripts.converteai.net/lib/js/smartplayer-wc/v4/smartplayer.js:1
[41421725ms] [ERROR] Failed to load resource: net::ERR_INTERNET_DISCONNECTED @ https://a.vturb.com/x:0
[41421726ms] [ERROR] [31m[ERROR]:[0m Analytics Services - Hermes: All Analytics URLs have failed @ https://scripts.converteai.net/lib/js/smartplayer-wc/v4/smartplayer.js:1
[41421728ms] [ERROR] Failed to load resource: net::ERR_INTERNET_DISCONNECTED @ https://sentry.io/api/4509130195468288/envelope/:0
[41421729ms] [ERROR] Failed to load resource: net::ERR_INTERNET_DISCONNECTED @ https://sentry.io/api/4509130195468288/envelope/:0
[41423334ms] [ERROR] Failed to load resource: net::ERR_INTERNET_DISCONNECTED @ https://vt-h-1.b-cdn.net/x:0
[41423335ms] [ERROR] Failed to load resource: net::ERR_INTERNET_DISCONNECTED @ https://vt-h-1.b-cdn.net/x:0
[41426336ms] [WARNING] The resource https://cdn.converteai.net/8961d838-aff2-4dce-9b39-e84022d332ce/6a52f890d71bd640bbb2a65d/main.m3u8 was preloaded using link preload but not used within a few seconds from the window's load event. Please make sure it has an appropriate `as` value and it is preloaded intentionally. @ http://localhost:8848/quiz2.html:0
[41426336ms] [WARNING] The resource https://cdn.converteai.net/8961d838-aff2-4dce-9b39-e84022d332ce/6a52fa0e3d8ea0afcdc8b377/main.m3u8 was preloaded using link preload but not used within a few seconds from the window's load event. Please make sure it has an appropriate `as` value and it is preloaded intentionally. @ http://localhost:8848/quiz2.html:0
[41426540ms] [ERROR] Failed to load resource: net::ERR_INTERNET_DISCONNECTED @ https://a.vturb.com/x:0
[41426541ms] [ERROR] [31m[ERROR]:[0m Analytics Services - Hermes: All Analytics URLs have failed @ https://scripts.converteai.net/lib/js/smartplayer-wc/v4/smartplayer.js:1
[41426541ms] [ERROR] Failed to load resource: net::ERR_INTERNET_DISCONNECTED @ https://a.vturb.com/x:0
[41426542ms] [ERROR] [31m[ERROR]:[0m Analytics Services - Hermes: All Analytics URLs have failed @ https://scripts.converteai.net/lib/js/smartplayer-wc/v4/smartplayer.js:1
[41426544ms] [ERROR] Failed to load resource: net::ERR_INTERNET_DISCONNECTED @ https://sentry.io/api/4509130195468288/envelope/:0
[41426544ms] [ERROR] Failed to load resource: net::ERR_INTERNET_DISCONNECTED @ https://sentry.io/api/4509130195468288/envelope/:0
[41429547ms] [WARNING] The resource https://cdn.converteai.net/8961d838-aff2-4dce-9b39-e84022d332ce/6a52f890d71bd640bbb2a65d/main.m3u8 was preloaded using link preload but not used within a few seconds from the window's load event. Please make sure it has an appropriate `as` value and it is preloaded intentionally. @ http://localhost:8848/quiz2.html:0
[41429547ms] [WARNING] The resource https://cdn.converteai.net/8961d838-aff2-4dce-9b39-e84022d332ce/6a52fa0e3d8ea0afcdc8b377/main.m3u8 was preloaded using link preload but not used within a few seconds from the window's load event. Please make sure it has an appropriate `as` value and it is preloaded intentionally. @ http://localhost:8848/quiz2.html:0
[41432949ms] [ERROR] Failed to load resource: net::ERR_INTERNET_DISCONNECTED @ https://vt-h-1.b-cdn.net/x:0
[41432950ms] [ERROR] [31m[ERROR]:[0m Analytics Services - Hermes: Failed to fetch @ https://scripts.converteai.net/lib/js/smartplayer-wc/v4/smartplayer.js:1
[41432950ms] [ERROR] Failed to load resource: net::ERR_INTERNET_DISCONNECTED @ https://vt-h-1.b-cdn.net/x:0
[41432951ms] [ERROR] [31m[ERROR]:[0m Analytics Services - Hermes: Failed to fetch @ https://scripts.converteai.net/lib/js/smartplayer-wc/v4/smartplayer.js:1
[41432954ms] [ERROR] Failed to load resource: net::ERR_INTERNET_DISCONNECTED @ https://sentry.io/api/4509130195468288/envelope/:0
[41432954ms] [ERROR] Failed to load resource: net::ERR_INTERNET_DISCONNECTED @ https://sentry.io/api/4509130195468288/envelope/:0
[41433034ms] [ERROR] Failed to load resource: net::ERR_INTERNET_DISCONNECTED @ https://vt-h-1.b-cdn.net/x:0
[41433035ms] [ERROR] Failed to load resource: net::ERR_INTERNET_DISCONNECTED @ https://vt-h-1.b-cdn.net/x:0
[41433442ms] [ERROR] Failed to load resource: net::ERR_INTERNET_DISCONNECTED @ https://a.vturb.com/x:0
[41433443ms] [ERROR] [31m[ERROR]:[0m Analytics Services - Hermes: All Analytics URLs have failed @ https://scripts.converteai.net/lib/js/smartplayer-wc/v4/smartplayer.js:1
[41433443ms] [ERROR] Failed to load resource: net::ERR_INTERNET_DISCONNECTED @ https://a.vturb.com/x:0
[41433444ms] [ERROR] [31m[ERROR]:[0m Analytics Services - Hermes: All Analytics URLs have failed @ https://scripts.converteai.net/lib/js/smartplayer-wc/v4/smartplayer.js:1
[41433446ms] [ERROR] Failed to load resource: net::ERR_INTERNET_DISCONNECTED @ https://sentry.io/api/4509130195468288/envelope/:0
[41433446ms] [ERROR] Failed to load resource: net::ERR_INTERNET_DISCONNECTED @ https://sentry.io/api/4509130195468288/envelope/:0
[41434252ms] [ERROR] Failed to load resource: net::ERR_INTERNET_DISCONNECTED @ https://vt-h-1.b-cdn.net/x:0
[41434253ms] [ERROR] Failed to load resource: net::ERR_INTERNET_DISCONNECTED @ https://vt-h-1.b-cdn.net/x:0
[41435859ms] [ERROR] Failed to load resource: net::ERR_INTERNET_DISCONNECTED @ https://a.vturb.com/x:0
[41435860ms] [ERROR] [31m[ERROR]:[0m Analytics Services - Hermes: All Analytics URLs have failed @ https://scripts.converteai.net/lib/js/smartplayer-wc/v4/smartplayer.js:1
[41435860ms] [ERROR] Failed to load resource: net::ERR_INTERNET_DISCONNECTED @ https://a.vturb.com/x:0
[41435861ms] [ERROR] [31m[ERROR]:[0m Analytics Services - Hermes: All Analytics URLs have failed @ https://scripts.converteai.net/lib/js/smartplayer-wc/v4/smartplayer.js:1
[41435864ms] [ERROR] Failed to load resource: net::ERR_INTERNET_DISCONNECTED @ https://sentry.io/api/4509130195468288/envelope/:0
[41435864ms] [ERROR] Failed to load resource: net::ERR_INTERNET_DISCONNECTED @ https://sentry.io/api/4509130195468288/envelope/:0
[41438866ms] [WARNING] The resource https://cdn.converteai.net/8961d838-aff2-4dce-9b39-e84022d332ce/6a52f890d71bd640bbb2a65d/main.m3u8 was preloaded using link preload but not used within a few seconds from the window's load event. Please make sure it has an appropriate `as` value and it is preloaded intentionally. @ http://localhost:8848/quiz2.html:0
[41438866ms] [WARNING] The resource https://cdn.converteai.net/8961d838-aff2-4dce-9b39-e84022d332ce/6a52fa0e3d8ea0afcdc8b377/main.m3u8 was preloaded using link preload but not used within a few seconds from the window's load event. Please make sure it has an appropriate `as` value and it is preloaded intentionally. @ http://localhost:8848/quiz2.html:0
[41439067ms] [ERROR] Failed to load resource: net::ERR_INTERNET_DISCONNECTED @ https://vt-h-1.b-cdn.net/x:0
[41439068ms] [ERROR] Failed to load resource: net::ERR_INTERNET_DISCONNECTED @ https://vt-h-1.b-cdn.net/x:0
[41442069ms] [WARNING] The resource https://cdn.converteai.net/8961d838-aff2-4dce-9b39-e84022d332ce/6a52f890d71bd640bbb2a65d/main.m3u8 was preloaded using link preload but not used within a few seconds from the window's load event. Please make sure it has an appropriate `as` value and it is preloaded intentionally. @ http://localhost:8848/quiz2.html:0
[41442069ms] [WARNING] The resource https://cdn.converteai.net/8961d838-aff2-4dce-9b39-e84022d332ce/6a52fa0e3d8ea0afcdc8b377/main.m3u8 was preloaded using link preload but not used within a few seconds from the window's load event. Please make sure it has an appropriate `as` value and it is preloaded intentionally. @ http://localhost:8848/quiz2.html:0
[41445475ms] [ERROR] Failed to load resource: net::ERR_INTERNET_DISCONNECTED @ https://a.vturb.com/x:0
[41445476ms] [ERROR] [31m[ERROR]:[0m Analytics Services - Hermes: Failed to fetch @ https://scripts.converteai.net/lib/js/smartplayer-wc/v4/smartplayer.js:1
[41445476ms] [ERROR] Failed to load resource: net::ERR_INTERNET_DISCONNECTED @ https://a.vturb.com/x:0
[41445476ms] [ERROR] [31m[ERROR]:[0m Analytics Services - Hermes: Failed to fetch @ https://scripts.converteai.net/lib/js/smartplayer-wc/v4/smartplayer.js:1
[41445478ms] [ERROR] Failed to load resource: net::ERR_INTERNET_DISCONNECTED @ https://sentry.io/api/4509130195468288/envelope/:0
[41445478ms] [ERROR] Failed to load resource: net::ERR_INTERNET_DISCONNECTED @ https://sentry.io/api/4509130195468288/envelope/:0
[41445557ms] [ERROR] Failed to load resource: net::ERR_INTERNET_DISCONNECTED @ https://a.vturb.com/x:0
[41445558ms] [ERROR] [31m[ERROR]:[0m Analytics Services - Hermes: All Analytics URLs have failed @ https://scripts.converteai.net/lib/js/smartplayer-wc/v4/smartplayer.js:1
[41445558ms] [ERROR] Failed to load resource: net::ERR_INTERNET_DISCONNECTED @ https://a.vturb.com/x:0
[41445559ms] [ERROR] [31m[ERROR]:[0m Analytics Services - Hermes: All Analytics URLs have failed @ https://scripts.converteai.net/lib/js/smartplayer-wc/v4/smartplayer.js:1
[41445561ms] [ERROR] Failed to load resource: net::ERR_INTERNET_DISCONNECTED @ https://sentry.io/api/4509130195468288/envelope/:0
[41445562ms] [ERROR] Failed to load resource: net::ERR_INTERNET_DISCONNECTED @ https://sentry.io/api/4509130195468288/envelope/:0
[41445965ms] [ERROR] Failed to load resource: net::ERR_INTERNET_DISCONNECTED @ https://vt-h-1.b-cdn.net/x:0
[41445966ms] [ERROR] Failed to load resource: net::ERR_INTERNET_DISCONNECTED @ https://vt-h-1.b-cdn.net/x:0
[41446774ms] [ERROR] Failed to load resource: net::ERR_INTERNET_DISCONNECTED @ https://a.vturb.com/x:0
[41446775ms] [ERROR] [31m[ERROR]:[0m Analytics Services - Hermes: All Analytics URLs have failed @ https://scripts.converteai.net/lib/js/smartplayer-wc/v4/smartplayer.js:1
[41446775ms] [ERROR] Failed to load resource: net::ERR_INTERNET_DISCONNECTED @ https://a.vturb.com/x:0
[41446776ms] [ERROR] [31m[ERROR]:[0m Analytics Services - Hermes: All Analytics URLs have failed @ https://scripts.converteai.net/lib/js/smartplayer-wc/v4/smartplayer.js:1
[41446778ms] [ERROR] Failed to load resource: net::ERR_INTERNET_DISCONNECTED @ https://sentry.io/api/4509130195468288/envelope/:0
[41446778ms] [ERROR] Failed to load resource: net::ERR_INTERNET_DISCONNECTED @ https://sentry.io/api/4509130195468288/envelope/:0
[41448384ms] [ERROR] Failed to load resource: net::ERR_INTERNET_DISCONNECTED @ https://vt-h-1.b-cdn.net/x:0
[41448385ms] [ERROR] Failed to load resource: net::ERR_INTERNET_DISCONNECTED @ https://vt-h-1.b-cdn.net/x:0
[41451386ms] [WARNING] The resource https://cdn.converteai.net/8961d838-aff2-4dce-9b39-e84022d332ce/6a52f890d71bd640bbb2a65d/main.m3u8 was preloaded using link preload but not used within a few seconds from the window's load event. Please make sure it has an appropriate `as` value and it is preloaded intentionally. @ http://localhost:8848/quiz2.html:0
[41451387ms] [WARNING] The resource https://cdn.converteai.net/8961d838-aff2-4dce-9b39-e84022d332ce/6a52fa0e3d8ea0afcdc8b377/main.m3u8 was preloaded using link preload but not used within a few seconds from the window's load event. Please make sure it has an appropriate `as` value and it is preloaded intentionally. @ http://localhost:8848/quiz2.html:0
[41451603ms] [ERROR] Failed to load resource: net::ERR_INTERNET_DISCONNECTED @ https://a.vturb.com/x:0
[41451603ms] [ERROR] [31m[ERROR]:[0m Analytics Services - Hermes: All Analytics URLs have failed @ https://scripts.converteai.net/lib/js/smartplayer-wc/v4/smartplayer.js:1
[41451604ms] [ERROR] Failed to load resource: net::ERR_INTERNET_DISCONNECTED @ https://a.vturb.com/x:0
[41451604ms] [ERROR] [31m[ERROR]:[0m Analytics Services - Hermes: All Analytics URLs have failed @ https://scripts.converteai.net/lib/js/smartplayer-wc/v4/smartplayer.js:1
[41451608ms] [ERROR] Failed to load resource: net::ERR_INTERNET_DISCONNECTED @ https://sentry.io/api/4509130195468288/envelope/:0
[41451608ms] [ERROR] Failed to load resource: net::ERR_INTERNET_DISCONNECTED @ https://sentry.io/api/4509130195468288/envelope/:0
[41454611ms] [WARNING] The resource https://cdn.converteai.net/8961d838-aff2-4dce-9b39-e84022d332ce/6a52f890d71bd640bbb2a65d/main.m3u8 was preloaded using link preload but not used within a few seconds from the window's load event. Please make sure it has an appropriate `as` value and it is preloaded intentionally. @ http://localhost:8848/quiz2.html:0
[41454611ms] [WARNING] The resource https://cdn.converteai.net/8961d838-aff2-4dce-9b39-e84022d332ce/6a52fa0e3d8ea0afcdc8b377/main.m3u8 was preloaded using link preload but not used within a few seconds from the window's load event. Please make sure it has an appropriate `as` value and it is preloaded intentionally. @ http://localhost:8848/quiz2.html:0
[41458012ms] [ERROR] Failed to load resource: net::ERR_INTERNET_DISCONNECTED @ https://vt-h-1.b-cdn.net/x:0
[41458013ms] [ERROR] [31m[ERROR]:[0m Analytics Services - Hermes: Failed to fetch @ https://scripts.converteai.net/lib/js/smartplayer-wc/v4/smartplayer.js:1
[41458015ms] [ERROR] Failed to load resource: net::ERR_INTERNET_DISCONNECTED @ https://vt-h-1.b-cdn.net/x:0
[41458016ms] [ERROR] [31m[ERROR]:[0m Analytics Services - Hermes: Failed to fetch @ https://scripts.converteai.net/lib/js/smartplayer-wc/v4/smartplayer.js:1
[41458018ms] [ERROR] Failed to load resource: net::ERR_INTERNET_DISCONNECTED @ https://sentry.io/api/4509130195468288/envelope/:0
[41458018ms] [ERROR] Failed to load resource: net::ERR_INTERNET_DISCONNECTED @ https://sentry.io/api/4509130195468288/envelope/:0
[41458093ms] [ERROR] Failed to load resource: net::ERR_INTERNET_DISCONNECTED @ https://vt-h-1.b-cdn.net/x:0
[41458094ms] [ERROR] Failed to load resource: net::ERR_INTERNET_DISCONNECTED @ https://vt-h-1.b-cdn.net/x:0
[41458503ms] [ERROR] Failed to load resource: net::ERR_INTERNET_DISCONNECTED @ https://a.vturb.com/x:0
[41458504ms] [ERROR] [31m[ERROR]:[0m Analytics Services - Hermes: All Analytics URLs have failed @ https://scripts.converteai.net/lib/js/smartplayer-wc/v4/smartplayer.js:1
[41458504ms] [ERROR] Failed to load resource: net::ERR_INTERNET_DISCONNECTED @ https://a.vturb.com/x:0
[41458505ms] [ERROR] [31m[ERROR]:[0m Analytics Services - Hermes: All Analytics URLs have failed @ https://scripts.converteai.net/lib/js/smartplayer-wc/v4/smartplayer.js:1
[41458507ms] [ERROR] Failed to load resource: net::ERR_INTERNET_DISCONNECTED @ https://sentry.io/api/4509130195468288/envelope/:0
[41458507ms] [ERROR] Failed to load resource: net::ERR_INTERNET_DISCONNECTED @ https://sentry.io/api/4509130195468288/envelope/:0
[41459312ms] [ERROR] Failed to load resource: net::ERR_INTERNET_DISCONNECTED @ https://vt-h-1.b-cdn.net/x:0
[41459314ms] [ERROR] Failed to load resource: net::ERR_INTERNET_DISCONNECTED @ https://vt-h-1.b-cdn.net/x:0
[41460922ms] [ERROR] Failed to load resource: net::ERR_INTERNET_DISCONNECTED @ https://a.vturb.com/x:0
[41460923ms] [ERROR] [31m[ERROR]:[0m Analytics Services - Hermes: All Analytics URLs have failed @ https://scripts.converteai.net/lib/js/smartplayer-wc/v4/smartplayer.js:1
[41460923ms] [ERROR] Failed to load resource: net::ERR_INTERNET_DISCONNECTED @ https://a.vturb.com/x:0
[41460924ms] [ERROR] [31m[ERROR]:[0m Analytics Services - Hermes: All Analytics URLs have failed @ https://scripts.converteai.net/lib/js/smartplayer-wc/v4/smartplayer.js:1
[41460927ms] [ERROR] Failed to load resource: net::ERR_INTERNET_DISCONNECTED @ https://sentry.io/api/4509130195468288/envelope/:0
[41460927ms] [ERROR] Failed to load resource: net::ERR_INTERNET_DISCONNECTED @ https://sentry.io/api/4509130195468288/envelope/:0
[41463929ms] [WARNING] The resource https://cdn.converteai.net/8961d838-aff2-4dce-9b39-e84022d332ce/6a52f890d71bd640bbb2a65d/main.m3u8 was preloaded using link preload but not used within a few seconds from the window's load event. Please make sure it has an appropriate `as` value and it is preloaded intentionally. @ http://localhost:8848/quiz2.html:0
[41463929ms] [WARNING] The resource https://cdn.converteai.net/8961d838-aff2-4dce-9b39-e84022d332ce/6a52fa0e3d8ea0afcdc8b377/main.m3u8 was preloaded using link preload but not used within a few seconds from the window's load event. Please make sure it has an appropriate `as` value and it is preloaded intentionally. @ http://localhost:8848/quiz2.html:0
[41464132ms] [ERROR] Failed to load resource: net::ERR_INTERNET_DISCONNECTED @ https://vt-h-1.b-cdn.net/x:0
[41464134ms] [ERROR] Failed to load resource: net::ERR_INTERNET_DISCONNECTED @ https://vt-h-1.b-cdn.net/x:0
[41677425ms] [WARNING] The resource https://cdn.converteai.net/8961d838-aff2-4dce-9b39-e84022d332ce/6a52f890d71bd640bbb2a65d/main.m3u8 was preloaded using link preload but not used within a few seconds from the window's load event. Please make sure it has an appropriate `as` value and it is preloaded intentionally. @ http://localhost:8848/quiz2.html:0
[41677425ms] [WARNING] The resource https://cdn.converteai.net/8961d838-aff2-4dce-9b39-e84022d332ce/6a52fa0e3d8ea0afcdc8b377/main.m3u8 was preloaded using link preload but not used within a few seconds from the window's load event. Please make sure it has an appropriate `as` value and it is preloaded intentionally. @ http://localhost:8848/quiz2.html:0
[41680830ms] [ERROR] Failed to load resource: net::ERR_INTERNET_DISCONNECTED @ https://a.vturb.com/x:0
[41680831ms] [ERROR] [31m[ERROR]:[0m Analytics Services - Hermes: Failed to fetch @ https://scripts.converteai.net/lib/js/smartplayer-wc/v4/smartplayer.js:1
[41680831ms] [ERROR] Failed to load resource: net::ERR_INTERNET_DISCONNECTED @ https://a.vturb.com/x:0
[41680832ms] [ERROR] [31m[ERROR]:[0m Analytics Services - Hermes: Failed to fetch @ https://scripts.converteai.net/lib/js/smartplayer-wc/v4/smartplayer.js:1
[41680835ms] [ERROR] Failed to load resource: net::ERR_INTERNET_DISCONNECTED @ https://sentry.io/api/4509130195468288/envelope/:0
[41680835ms] [ERROR] Failed to load resource: net::ERR_INTERNET_DISCONNECTED @ https://sentry.io/api/4509130195468288/envelope/:0
[41680914ms] [ERROR] Failed to load resource: net::ERR_INTERNET_DISCONNECTED @ https://a.vturb.com/x:0
[41680914ms] [ERROR] [31m[ERROR]:[0m Analytics Services - Hermes: All Analytics URLs have failed @ https://scripts.converteai.net/lib/js/smartplayer-wc/v4/smartplayer.js:1
[41680915ms] [ERROR] Failed to load resource: net::ERR_INTERNET_DISCONNECTED @ https://a.vturb.com/x:0
[41680915ms] [ERROR] [31m[ERROR]:[0m Analytics Services - Hermes: All Analytics URLs have failed @ https://scripts.converteai.net/lib/js/smartplayer-wc/v4/smartplayer.js:1
[41680916ms] [ERROR] Failed to load resource: net::ERR_INTERNET_DISCONNECTED @ https://sentry.io/api/4509130195468288/envelope/:0
[41680916ms] [ERROR] Failed to load resource: net::ERR_INTERNET_DISCONNECTED @ https://sentry.io/api/4509130195468288/envelope/:0
[41681322ms] [ERROR] Failed to load resource: net::ERR_INTERNET_DISCONNECTED @ https://vt-h-1.b-cdn.net/x:0
[41681323ms] [ERROR] Failed to load resource: net::ERR_INTERNET_DISCONNECTED @ https://vt-h-1.b-cdn.net/x:0
[41682130ms] [ERROR] Failed to load resource: net::ERR_INTERNET_DISCONNECTED @ https://a.vturb.com/x:0
[41682131ms] [ERROR] [31m[ERROR]:[0m Analytics Services - Hermes: All Analytics URLs have failed @ https://scripts.converteai.net/lib/js/smartplayer-wc/v4/smartplayer.js:1
[41682132ms] [ERROR] Failed to load resource: net::ERR_INTERNET_DISCONNECTED @ https://a.vturb.com/x:0
[41682132ms] [ERROR] [31m[ERROR]:[0m Analytics Services - Hermes: All Analytics URLs have failed @ https://scripts.converteai.net/lib/js/smartplayer-wc/v4/smartplayer.js:1
[41682135ms] [ERROR] Failed to load resource: net::ERR_INTERNET_DISCONNECTED @ https://sentry.io/api/4509130195468288/envelope/:0
[41682135ms] [ERROR] Failed to load resource: net::ERR_INTERNET_DISCONNECTED @ https://sentry.io/api/4509130195468288/envelope/:0
[41683738ms] [ERROR] Failed to load resource: net::ERR_INTERNET_DISCONNECTED @ https://vt-h-1.b-cdn.net/x:0
[41683739ms] [ERROR] Failed to load resource: net::ERR_INTERNET_DISCONNECTED @ https://vt-h-1.b-cdn.net/x:0
[41686741ms] [WARNING] The resource https://cdn.converteai.net/8961d838-aff2-4dce-9b39-e84022d332ce/6a52f890d71bd640bbb2a65d/main.m3u8 was preloaded using link preload but not used within a few seconds from the window's load event. Please make sure it has an appropriate `as` value and it is preloaded intentionally. @ http://localhost:8848/quiz2.html:0
[41686741ms] [WARNING] The resource https://cdn.converteai.net/8961d838-aff2-4dce-9b39-e84022d332ce/6a52fa0e3d8ea0afcdc8b377/main.m3u8 was preloaded using link preload but not used within a few seconds from the window's load event. Please make sure it has an appropriate `as` value and it is preloaded intentionally. @ http://localhost:8848/quiz2.html:0
[41686948ms] [ERROR] Failed to load resource: net::ERR_INTERNET_DISCONNECTED @ https://a.vturb.com/x:0
[41686949ms] [ERROR] [31m[ERROR]:[0m Analytics Services - Hermes: All Analytics URLs have failed @ https://scripts.converteai.net/lib/js/smartplayer-wc/v4/smartplayer.js:1
[41686949ms] [ERROR] Failed to load resource: net::ERR_INTERNET_DISCONNECTED @ https://a.vturb.com/x:0
[41686950ms] [ERROR] [31m[ERROR]:[0m Analytics Services - Hermes: All Analytics URLs have failed @ https://scripts.converteai.net/lib/js/smartplayer-wc/v4/smartplayer.js:1
[41686953ms] [ERROR] Failed to load resource: net::ERR_INTERNET_DISCONNECTED @ https://sentry.io/api/4509130195468288/envelope/:0
[41686953ms] [ERROR] Failed to load resource: net::ERR_INTERNET_DISCONNECTED @ https://sentry.io/api/4509130195468288/envelope/:0
[41689954ms] [WARNING] The resource https://cdn.converteai.net/8961d838-aff2-4dce-9b39-e84022d332ce/6a52f890d71bd640bbb2a65d/main.m3u8 was preloaded using link preload but not used within a few seconds from the window's load event. Please make sure it has an appropriate `as` value and it is preloaded intentionally. @ http://localhost:8848/quiz2.html:0
[41689955ms] [WARNING] The resource https://cdn.converteai.net/8961d838-aff2-4dce-9b39-e84022d332ce/6a52fa0e3d8ea0afcdc8b377/main.m3u8 was preloaded using link preload but not used within a few seconds from the window's load event. Please make sure it has an appropriate `as` value and it is preloaded intentionally. @ http://localhost:8848/quiz2.html:0
[41693358ms] [ERROR] Failed to load resource: net::ERR_INTERNET_DISCONNECTED @ https://vt-h-1.b-cdn.net/x:0
[41693359ms] [ERROR] [31m[ERROR]:[0m Analytics Services - Hermes: Failed to fetch @ https://scripts.converteai.net/lib/js/smartplayer-wc/v4/smartplayer.js:1
[41693360ms] [ERROR] Failed to load resource: net::ERR_INTERNET_DISCONNECTED @ https://vt-h-1.b-cdn.net/x:0
[41693361ms] [ERROR] [31m[ERROR]:[0m Analytics Services - Hermes: Failed to fetch @ https://scripts.converteai.net/lib/js/smartplayer-wc/v4/smartplayer.js:1
[41693363ms] [ERROR] Failed to load resource: net::ERR_INTERNET_DISCONNECTED @ https://sentry.io/api/4509130195468288/envelope/:0
[41693363ms] [ERROR] Failed to load resource: net::ERR_INTERNET_DISCONNECTED @ https://sentry.io/api/4509130195468288/envelope/:0
[41693444ms] [ERROR] Failed to load resource: net::ERR_INTERNET_DISCONNECTED @ https://vt-h-1.b-cdn.net/x:0
[41693445ms] [ERROR] Failed to load resource: net::ERR_INTERNET_DISCONNECTED @ https://vt-h-1.b-cdn.net/x:0
[41693852ms] [ERROR] Failed to load resource: net::ERR_INTERNET_DISCONNECTED @ https://a.vturb.com/x:0
[41693853ms] [ERROR] [31m[ERROR]:[0m Analytics Services - Hermes: All Analytics URLs have failed @ https://scripts.converteai.net/lib/js/smartplayer-wc/v4/smartplayer.js:1
[41693853ms] [ERROR] Failed to load resource: net::ERR_INTERNET_DISCONNECTED @ https://a.vturb.com/x:0
[41693854ms] [ERROR] [31m[ERROR]:[0m Analytics Services - Hermes: All Analytics URLs have failed @ https://scripts.converteai.net/lib/js/smartplayer-wc/v4/smartplayer.js:1
[41693856ms] [ERROR] Failed to load resource: net::ERR_INTERNET_DISCONNECTED @ https://sentry.io/api/4509130195468288/envelope/:0
[41693857ms] [ERROR] Failed to load resource: net::ERR_INTERNET_DISCONNECTED @ https://sentry.io/api/4509130195468288/envelope/:0
[41694661ms] [ERROR] Failed to load resource: net::ERR_INTERNET_DISCONNECTED @ https://vt-h-1.b-cdn.net/x:0
[41694662ms] [ERROR] Failed to load resource: net::ERR_INTERNET_DISCONNECTED @ https://vt-h-1.b-cdn.net/x:0
[41696270ms] [ERROR] Failed to load resource: net::ERR_INTERNET_DISCONNECTED @ https://a.vturb.com/x:0
[41696270ms] [ERROR] [31m[ERROR]:[0m Analytics Services - Hermes: All Analytics URLs have failed @ https://scripts.converteai.net/lib/js/smartplayer-wc/v4/smartplayer.js:1
[41696271ms] [ERROR] Failed to load resource: net::ERR_INTERNET_DISCONNECTED @ https://a.vturb.com/x:0
[41696271ms] [ERROR] [31m[ERROR]:[0m Analytics Services - Hermes: All Analytics URLs have failed @ https://scripts.converteai.net/lib/js/smartplayer-wc/v4/smartplayer.js:1
[41696275ms] [ERROR] Failed to load resource: net::ERR_INTERNET_DISCONNECTED @ https://sentry.io/api/4509130195468288/envelope/:0
[41696275ms] [ERROR] Failed to load resource: net::ERR_INTERNET_DISCONNECTED @ https://sentry.io/api/4509130195468288/envelope/:0
[41699277ms] [WARNING] The resource https://cdn.converteai.net/8961d838-aff2-4dce-9b39-e84022d332ce/6a52f890d71bd640bbb2a65d/main.m3u8 was preloaded using link preload but not used within a few seconds from the window's load event. Please make sure it has an appropriate `as` value and it is preloaded intentionally. @ http://localhost:8848/quiz2.html:0
[41699277ms] [WARNING] The resource https://cdn.converteai.net/8961d838-aff2-4dce-9b39-e84022d332ce/6a52fa0e3d8ea0afcdc8b377/main.m3u8 was preloaded using link preload but not used within a few seconds from the window's load event. Please make sure it has an appropriate `as` value and it is preloaded intentionally. @ http://localhost:8848/quiz2.html:0
[41699480ms] [ERROR] Failed to load resource: net::ERR_INTERNET_DISCONNECTED @ https://vt-h-1.b-cdn.net/x:0
[41699481ms] [ERROR] Failed to load resource: net::ERR_INTERNET_DISCONNECTED @ https://vt-h-1.b-cdn.net/x:0
[41702482ms] [WARNING] The resource https://cdn.converteai.net/8961d838-aff2-4dce-9b39-e84022d332ce/6a52f890d71bd640bbb2a65d/main.m3u8 was preloaded using link preload but not used within a few seconds from the window's load event. Please make sure it has an appropriate `as` value and it is preloaded intentionally. @ http://localhost:8848/quiz2.html:0
[41702482ms] [WARNING] The resource https://cdn.converteai.net/8961d838-aff2-4dce-9b39-e84022d332ce/6a52fa0e3d8ea0afcdc8b377/main.m3u8 was preloaded using link preload but not used within a few seconds from the window's load event. Please make sure it has an appropriate `as` value and it is preloaded intentionally. @ http://localhost:8848/quiz2.html:0
[41705888ms] [ERROR] Failed to load resource: net::ERR_INTERNET_DISCONNECTED @ https://a.vturb.com/x:0
[41705889ms] [ERROR] [31m[ERROR]:[0m Analytics Services - Hermes: Failed to fetch @ https://scripts.converteai.net/lib/js/smartplayer-wc/v4/smartplayer.js:1
[41705889ms] [ERROR] Failed to load resource: net::ERR_INTERNET_DISCONNECTED @ https://a.vturb.com/x:0
[41705890ms] [ERROR] [31m[ERROR]:[0m Analytics Services - Hermes: Failed to fetch @ https://scripts.converteai.net/lib/js/smartplayer-wc/v4/smartplayer.js:1
[41705893ms] [ERROR] Failed to load resource: net::ERR_INTERNET_DISCONNECTED @ https://sentry.io/api/4509130195468288/envelope/:0
[41705893ms] [ERROR] Failed to load resource: net::ERR_INTERNET_DISCONNECTED @ https://sentry.io/api/4509130195468288/envelope/:0
[41705973ms] [ERROR] Failed to load resource: net::ERR_INTERNET_DISCONNECTED @ https://a.vturb.com/x:0
[41705974ms] [ERROR] [31m[ERROR]:[0m Analytics Services - Hermes: All Analytics URLs have failed @ https://scripts.converteai.net/lib/js/smartplayer-wc/v4/smartplayer.js:1
[41705974ms] [ERROR] Failed to load resource: net::ERR_INTERNET_DISCONNECTED @ https://a.vturb.com/x:0
[41705975ms] [ERROR] [31m[ERROR]:[0m Analytics Services - Hermes: All Analytics URLs have failed @ https://scripts.converteai.net/lib/js/smartplayer-wc/v4/smartplayer.js:1
[41705978ms] [ERROR] Failed to load resource: net::ERR_INTERNET_DISCONNECTED @ https://sentry.io/api/4509130195468288/envelope/:0
[41705978ms] [ERROR] Failed to load resource: net::ERR_INTERNET_DISCONNECTED @ https://sentry.io/api/4509130195468288/envelope/:0
[41706380ms] [ERROR] Failed to load resource: net::ERR_INTERNET_DISCONNECTED @ https://vt-h-1.b-cdn.net/x:0
[41706381ms] [ERROR] Failed to load resource: net::ERR_INTERNET_DISCONNECTED @ https://vt-h-1.b-cdn.net/x:0
[41707189ms] [ERROR] Failed to load resource: net::ERR_INTERNET_DISCONNECTED @ https://a.vturb.com/x:0
[41707190ms] [ERROR] [31m[ERROR]:[0m Analytics Services - Hermes: All Analytics URLs have failed @ https://scripts.converteai.net/lib/js/smartplayer-wc/v4/smartplayer.js:1
[41707190ms] [ERROR] Failed to load resource: net::ERR_INTERNET_DISCONNECTED @ https://a.vturb.com/x:0
[41707191ms] [ERROR] [31m[ERROR]:[0m Analytics Services - Hermes: All Analytics URLs have failed @ https://scripts.converteai.net/lib/js/smartplayer-wc/v4/smartplayer.js:1
[41707194ms] [ERROR] Failed to load resource: net::ERR_INTERNET_DISCONNECTED @ https://sentry.io/api/4509130195468288/envelope/:0
[41707194ms] [ERROR] Failed to load resource: net::ERR_INTERNET_DISCONNECTED @ https://sentry.io/api/4509130195468288/envelope/:0
[41708799ms] [ERROR] Failed to load resource: net::ERR_INTERNET_DISCONNECTED @ https://vt-h-1.b-cdn.net/x:0
[41708800ms] [ERROR] Failed to load resource: net::ERR_INTERNET_DISCONNECTED @ https://vt-h-1.b-cdn.net/x:0
[41711801ms] [WARNING] The resource https://cdn.converteai.net/8961d838-aff2-4dce-9b39-e84022d332ce/6a52f890d71bd640bbb2a65d/main.m3u8 was preloaded using link preload but not used within a few seconds from the window's load event. Please make sure it has an appropriate `as` value and it is preloaded intentionally. @ http://localhost:8848/quiz2.html:0
[41711801ms] [WARNING] The resource https://cdn.converteai.net/8961d838-aff2-4dce-9b39-e84022d332ce/6a52fa0e3d8ea0afcdc8b377/main.m3u8 was preloaded using link preload but not used within a few seconds from the window's load event. Please make sure it has an appropriate `as` value and it is preloaded intentionally. @ http://localhost:8848/quiz2.html:0
[41712009ms] [ERROR] Failed to load resource: net::ERR_INTERNET_DISCONNECTED @ https://a.vturb.com/x:0
[41712010ms] [ERROR] [31m[ERROR]:[0m Analytics Services - Hermes: All Analytics URLs have failed @ https://scripts.converteai.net/lib/js/smartplayer-wc/v4/smartplayer.js:1
[41712011ms] [ERROR] Failed to load resource: net::ERR_INTERNET_DISCONNECTED @ https://a.vturb.com/x:0
[41712011ms] [ERROR] [31m[ERROR]:[0m Analytics Services - Hermes: All Analytics URLs have failed @ https://scripts.converteai.net/lib/js/smartplayer-wc/v4/smartplayer.js:1
[41712014ms] [ERROR] Failed to load resource: net::ERR_INTERNET_DISCONNECTED @ https://sentry.io/api/4509130195468288/envelope/:0
[41712014ms] [ERROR] Failed to load resource: net::ERR_INTERNET_DISCONNECTED @ https://sentry.io/api/4509130195468288/envelope/:0
[41715017ms] [WARNING] The resource https://cdn.converteai.net/8961d838-aff2-4dce-9b39-e84022d332ce/6a52f890d71bd640bbb2a65d/main.m3u8 was preloaded using link preload but not used within a few seconds from the window's load event. Please make sure it has an appropriate `as` value and it is preloaded intentionally. @ http://localhost:8848/quiz2.html:0
[41715017ms] [WARNING] The resource https://cdn.converteai.net/8961d838-aff2-4dce-9b39-e84022d332ce/6a52fa0e3d8ea0afcdc8b377/main.m3u8 was preloaded using link preload but not used within a few seconds from the window's load event. Please make sure it has an appropriate `as` value and it is preloaded intentionally. @ http://localhost:8848/quiz2.html:0
[41718418ms] [ERROR] Failed to load resource: net::ERR_INTERNET_DISCONNECTED @ https://vt-h-1.b-cdn.net/x:0
[41718419ms] [ERROR] [31m[ERROR]:[0m Analytics Services - Hermes: Failed to fetch @ https://scripts.converteai.net/lib/js/smartplayer-wc/v4/smartplayer.js:1
[41718420ms] [ERROR] Failed to load resource: net::ERR_INTERNET_DISCONNECTED @ https://vt-h-1.b-cdn.net/x:0
[41718420ms] [ERROR] [31m[ERROR]:[0m Analytics Services - Hermes: Failed to fetch @ https://scripts.converteai.net/lib/js/smartplayer-wc/v4/smartplayer.js:1
[41718423ms] [ERROR] Failed to load resource: net::ERR_INTERNET_DISCONNECTED @ https://sentry.io/api/4509130195468288/envelope/:0
[41718424ms] [ERROR] Failed to load resource: net::ERR_INTERNET_DISCONNECTED @ https://sentry.io/api/4509130195468288/envelope/:0
[41718501ms] [ERROR] Failed to load resource: net::ERR_INTERNET_DISCONNECTED @ https://vt-h-1.b-cdn.net/x:0
[41718502ms] [ERROR] Failed to load resource: net::ERR_INTERNET_DISCONNECTED @ https://vt-h-1.b-cdn.net/x:0
[41718910ms] [ERROR] Failed to load resource: net::ERR_INTERNET_DISCONNECTED @ https://a.vturb.com/x:0
[41718911ms] [ERROR] [31m[ERROR]:[0m Analytics Services - Hermes: All Analytics URLs have failed @ https://scripts.converteai.net/lib/js/smartplayer-wc/v4/smartplayer.js:1
[41718911ms] [ERROR] Failed to load resource: net::ERR_INTERNET_DISCONNECTED @ https://a.vturb.com/x:0
[41718912ms] [ERROR] [31m[ERROR]:[0m Analytics Services - Hermes: All Analytics URLs have failed @ https://scripts.converteai.net/lib/js/smartplayer-wc/v4/smartplayer.js:1
[41718914ms] [ERROR] Failed to load resource: net::ERR_INTERNET_DISCONNECTED @ https://sentry.io/api/4509130195468288/envelope/:0
[41718914ms] [ERROR] Failed to load resource: net::ERR_INTERNET_DISCONNECTED @ https://sentry.io/api/4509130195468288/envelope/:0
[41719717ms] [ERROR] Failed to load resource: net::ERR_INTERNET_DISCONNECTED @ https://vt-h-1.b-cdn.net/x:0
[41719718ms] [ERROR] Failed to load resource: net::ERR_INTERNET_DISCONNECTED @ https://vt-h-1.b-cdn.net/x:0
[41721327ms] [ERROR] Failed to load resource: net::ERR_INTERNET_DISCONNECTED @ https://a.vturb.com/x:0
[41721329ms] [ERROR] [31m[ERROR]:[0m Analytics Services - Hermes: All Analytics URLs have failed @ https://scripts.converteai.net/lib/js/smartplayer-wc/v4/smartplayer.js:1
[41721329ms] [ERROR] Failed to load resource: net::ERR_INTERNET_DISCONNECTED @ https://a.vturb.com/x:0
[41721330ms] [ERROR] [31m[ERROR]:[0m Analytics Services - Hermes: All Analytics URLs have failed @ https://scripts.converteai.net/lib/js/smartplayer-wc/v4/smartplayer.js:1
[41721332ms] [ERROR] Failed to load resource: net::ERR_INTERNET_DISCONNECTED @ https://sentry.io/api/4509130195468288/envelope/:0
[41721333ms] [ERROR] Failed to load resource: net::ERR_INTERNET_DISCONNECTED @ https://sentry.io/api/4509130195468288/envelope/:0
[41771804ms] [WARNING] The resource https://cdn.converteai.net/8961d838-aff2-4dce-9b39-e84022d332ce/6a52f890d71bd640bbb2a65d/main.m3u8 was preloaded using link preload but not used within a few seconds from the window's load event. Please make sure it has an appropriate `as` value and it is preloaded intentionally. @ http://localhost:8848/quiz2.html:0
[41771804ms] [WARNING] The resource https://cdn.converteai.net/8961d838-aff2-4dce-9b39-e84022d332ce/6a52fa0e3d8ea0afcdc8b377/main.m3u8 was preloaded using link preload but not used within a few seconds from the window's load event. Please make sure it has an appropriate `as` value and it is preloaded intentionally. @ http://localhost:8848/quiz2.html:0
[41772005ms] [ERROR] Failed to load resource: net::ERR_INTERNET_DISCONNECTED @ https://vt-h-1.b-cdn.net/x:0
[41772006ms] [ERROR] Failed to load resource: net::ERR_INTERNET_DISCONNECTED @ https://vt-h-1.b-cdn.net/x:0
[41775008ms] [WARNING] The resource https://cdn.converteai.net/8961d838-aff2-4dce-9b39-e84022d332ce/6a52f890d71bd640bbb2a65d/main.m3u8 was preloaded using link preload but not used within a few seconds from the window's load event. Please make sure it has an appropriate `as` value and it is preloaded intentionally. @ http://localhost:8848/quiz2.html:0
[41775009ms] [WARNING] The resource https://cdn.converteai.net/8961d838-aff2-4dce-9b39-e84022d332ce/6a52fa0e3d8ea0afcdc8b377/main.m3u8 was preloaded using link preload but not used within a few seconds from the window's load event. Please make sure it has an appropriate `as` value and it is preloaded intentionally. @ http://localhost:8848/quiz2.html:0
[41778413ms] [ERROR] Failed to load resource: net::ERR_INTERNET_DISCONNECTED @ https://a.vturb.com/x:0
[41778413ms] [ERROR] [31m[ERROR]:[0m Analytics Services - Hermes: Failed to fetch @ https://scripts.converteai.net/lib/js/smartplayer-wc/v4/smartplayer.js:1
[41778414ms] [ERROR] Failed to load resource: net::ERR_INTERNET_DISCONNECTED @ https://a.vturb.com/x:0
[41778414ms] [ERROR] [31m[ERROR]:[0m Analytics Services - Hermes: Failed to fetch @ https://scripts.converteai.net/lib/js/smartplayer-wc/v4/smartplayer.js:1
[41778417ms] [ERROR] Failed to load resource: net::ERR_INTERNET_DISCONNECTED @ https://sentry.io/api/4509130195468288/envelope/:0
[41778417ms] [ERROR] Failed to load resource: net::ERR_INTERNET_DISCONNECTED @ https://sentry.io/api/4509130195468288/envelope/:0
[41778497ms] [ERROR] Failed to load resource: net::ERR_INTERNET_DISCONNECTED @ https://a.vturb.com/x:0
[41778498ms] [ERROR] [31m[ERROR]:[0m Analytics Services - Hermes: All Analytics URLs have failed @ https://scripts.converteai.net/lib/js/smartplayer-wc/v4/smartplayer.js:1
[41778499ms] [ERROR] Failed to load resource: net::ERR_INTERNET_DISCONNECTED @ https://a.vturb.com/x:0
[41778499ms] [ERROR] [31m[ERROR]:[0m Analytics Services - Hermes: All Analytics URLs have failed @ https://scripts.converteai.net/lib/js/smartplayer-wc/v4/smartplayer.js:1
[41778502ms] [ERROR] Failed to load resource: net::ERR_INTERNET_DISCONNECTED @ https://sentry.io/api/4509130195468288/envelope/:0
[41778502ms] [ERROR] Failed to load resource: net::ERR_INTERNET_DISCONNECTED @ https://sentry.io/api/4509130195468288/envelope/:0
[41778908ms] [ERROR] Failed to load resource: net::ERR_INTERNET_DISCONNECTED @ https://vt-h-1.b-cdn.net/x:0
[41778909ms] [ERROR] Failed to load resource: net::ERR_INTERNET_DISCONNECTED @ https://vt-h-1.b-cdn.net/x:0
[41779714ms] [ERROR] Failed to load resource: net::ERR_INTERNET_DISCONNECTED @ https://a.vturb.com/x:0
[41779715ms] [ERROR] [31m[ERROR]:[0m Analytics Services - Hermes: All Analytics URLs have failed @ https://scripts.converteai.net/lib/js/smartplayer-wc/v4/smartplayer.js:1
[41779715ms] [ERROR] Failed to load resource: net::ERR_INTERNET_DISCONNECTED @ https://a.vturb.com/x:0
[41779716ms] [ERROR] [31m[ERROR]:[0m Analytics Services - Hermes: All Analytics URLs have failed @ https://scripts.converteai.net/lib/js/smartplayer-wc/v4/smartplayer.js:1
[41779718ms] [ERROR] Failed to load resource: net::ERR_INTERNET_DISCONNECTED @ https://sentry.io/api/4509130195468288/envelope/:0
[41779718ms] [ERROR] Failed to load resource: net::ERR_INTERNET_DISCONNECTED @ https://sentry.io/api/4509130195468288/envelope/:0
[41781324ms] [ERROR] Failed to load resource: net::ERR_INTERNET_DISCONNECTED @ https://vt-h-1.b-cdn.net/x:0
[41781325ms] [ERROR] Failed to load resource: net::ERR_INTERNET_DISCONNECTED @ https://vt-h-1.b-cdn.net/x:0
[41784325ms] [WARNING] The resource https://cdn.converteai.net/8961d838-aff2-4dce-9b39-e84022d332ce/6a52f890d71bd640bbb2a65d/main.m3u8 was preloaded using link preload but not used within a few seconds from the window's load event. Please make sure it has an appropriate `as` value and it is preloaded intentionally. @ http://localhost:8848/quiz2.html:0
[41784326ms] [WARNING] The resource https://cdn.converteai.net/8961d838-aff2-4dce-9b39-e84022d332ce/6a52fa0e3d8ea0afcdc8b377/main.m3u8 was preloaded using link preload but not used within a few seconds from the window's load event. Please make sure it has an appropriate `as` value and it is preloaded intentionally. @ http://localhost:8848/quiz2.html:0
[41784532ms] [ERROR] Failed to load resource: net::ERR_INTERNET_DISCONNECTED @ https://a.vturb.com/x:0
[41784533ms] [ERROR] [31m[ERROR]:[0m Analytics Services - Hermes: All Analytics URLs have failed @ https://scripts.converteai.net/lib/js/smartplayer-wc/v4/smartplayer.js:1
[41784533ms] [ERROR] Failed to load resource: net::ERR_INTERNET_DISCONNECTED @ https://a.vturb.com/x:0
[41784534ms] [ERROR] [31m[ERROR]:[0m Analytics Services - Hermes: All Analytics URLs have failed @ https://scripts.converteai.net/lib/js/smartplayer-wc/v4/smartplayer.js:1
[41784537ms] [ERROR] Failed to load resource: net::ERR_INTERNET_DISCONNECTED @ https://sentry.io/api/4509130195468288/envelope/:0
[41784537ms] [ERROR] Failed to load resource: net::ERR_INTERNET_DISCONNECTED @ https://sentry.io/api/4509130195468288/envelope/:0
[41787539ms] [WARNING] The resource https://cdn.converteai.net/8961d838-aff2-4dce-9b39-e84022d332ce/6a52f890d71bd640bbb2a65d/main.m3u8 was preloaded using link preload but not used within a few seconds from the window's load event. Please make sure it has an appropriate `as` value and it is preloaded intentionally. @ http://localhost:8848/quiz2.html:0
[41787539ms] [WARNING] The resource https://cdn.converteai.net/8961d838-aff2-4dce-9b39-e84022d332ce/6a52fa0e3d8ea0afcdc8b377/main.m3u8 was preloaded using link preload but not used within a few seconds from the window's load event. Please make sure it has an appropriate `as` value and it is preloaded intentionally. @ http://localhost:8848/quiz2.html:0
[41790942ms] [ERROR] Failed to load resource: net::ERR_INTERNET_DISCONNECTED @ https://vt-h-1.b-cdn.net/x:0
[41790943ms] [ERROR] [31m[ERROR]:[0m Analytics Services - Hermes: Failed to fetch @ https://scripts.converteai.net/lib/js/smartplayer-wc/v4/smartplayer.js:1
[41790945ms] [ERROR] Failed to load resource: net::ERR_INTERNET_DISCONNECTED @ https://vt-h-1.b-cdn.net/x:0
[41790946ms] [ERROR] [31m[ERROR]:[0m Analytics Services - Hermes: Failed to fetch @ https://scripts.converteai.net/lib/js/smartplayer-wc/v4/smartplayer.js:1
[41790947ms] [ERROR] Failed to load resource: net::ERR_INTERNET_DISCONNECTED @ https://sentry.io/api/4509130195468288/envelope/:0
[41790947ms] [ERROR] Failed to load resource: net::ERR_INTERNET_DISCONNECTED @ https://sentry.io/api/4509130195468288/envelope/:0
[41791027ms] [ERROR] Failed to load resource: net::ERR_INTERNET_DISCONNECTED @ https://vt-h-1.b-cdn.net/x:0
[41791028ms] [ERROR] Failed to load resource: net::ERR_INTERNET_DISCONNECTED @ https://vt-h-1.b-cdn.net/x:0
[41791433ms] [ERROR] Failed to load resource: net::ERR_INTERNET_DISCONNECTED @ https://a.vturb.com/x:0
[41791434ms] [ERROR] [31m[ERROR]:[0m Analytics Services - Hermes: All Analytics URLs have failed @ https://scripts.converteai.net/lib/js/smartplayer-wc/v4/smartplayer.js:1
[41791435ms] [ERROR] Failed to load resource: net::ERR_INTERNET_DISCONNECTED @ https://a.vturb.com/x:0
[41791435ms] [ERROR] [31m[ERROR]:[0m Analytics Services - Hermes: All Analytics URLs have failed @ https://scripts.converteai.net/lib/js/smartplayer-wc/v4/smartplayer.js:1
[41791437ms] [ERROR] Failed to load resource: net::ERR_INTERNET_DISCONNECTED @ https://sentry.io/api/4509130195468288/envelope/:0
[41791437ms] [ERROR] Failed to load resource: net::ERR_INTERNET_DISCONNECTED @ https://sentry.io/api/4509130195468288/envelope/:0
[41792245ms] [ERROR] Failed to load resource: net::ERR_INTERNET_DISCONNECTED @ https://vt-h-1.b-cdn.net/x:0
[41792247ms] [ERROR] Failed to load resource: net::ERR_INTERNET_DISCONNECTED @ https://vt-h-1.b-cdn.net/x:0
[41793854ms] [ERROR] Failed to load resource: net::ERR_INTERNET_DISCONNECTED @ https://a.vturb.com/x:0
[41793855ms] [ERROR] [31m[ERROR]:[0m Analytics Services - Hermes: All Analytics URLs have failed @ https://scripts.converteai.net/lib/js/smartplayer-wc/v4/smartplayer.js:1
[41793855ms] [ERROR] Failed to load resource: net::ERR_INTERNET_DISCONNECTED @ https://a.vturb.com/x:0
[41793856ms] [ERROR] [31m[ERROR]:[0m Analytics Services - Hermes: All Analytics URLs have failed @ https://scripts.converteai.net/lib/js/smartplayer-wc/v4/smartplayer.js:1
[41793860ms] [ERROR] Failed to load resource: net::ERR_INTERNET_DISCONNECTED @ https://sentry.io/api/4509130195468288/envelope/:0
[41793860ms] [ERROR] Failed to load resource: net::ERR_INTERNET_DISCONNECTED @ https://sentry.io/api/4509130195468288/envelope/:0
[41796861ms] [WARNING] The resource https://cdn.converteai.net/8961d838-aff2-4dce-9b39-e84022d332ce/6a52f890d71bd640bbb2a65d/main.m3u8 was preloaded using link preload but not used within a few seconds from the window's load event. Please make sure it has an appropriate `as` value and it is preloaded intentionally. @ http://localhost:8848/quiz2.html:0
[41796861ms] [WARNING] The resource https://cdn.converteai.net/8961d838-aff2-4dce-9b39-e84022d332ce/6a52fa0e3d8ea0afcdc8b377/main.m3u8 was preloaded using link preload but not used within a few seconds from the window's load event. Please make sure it has an appropriate `as` value and it is preloaded intentionally. @ http://localhost:8848/quiz2.html:0
[41797065ms] [ERROR] Failed to load resource: net::ERR_INTERNET_DISCONNECTED @ https://vt-h-1.b-cdn.net/x:0
[41797066ms] [ERROR] Failed to load resource: net::ERR_INTERNET_DISCONNECTED @ https://vt-h-1.b-cdn.net/x:0
[41800069ms] [WARNING] The resource https://cdn.converteai.net/8961d838-aff2-4dce-9b39-e84022d332ce/6a52f890d71bd640bbb2a65d/main.m3u8 was preloaded using link preload but not used within a few seconds from the window's load event. Please make sure it has an appropriate `as` value and it is preloaded intentionally. @ http://localhost:8848/quiz2.html:0
[41800069ms] [WARNING] The resource https://cdn.converteai.net/8961d838-aff2-4dce-9b39-e84022d332ce/6a52fa0e3d8ea0afcdc8b377/main.m3u8 was preloaded using link preload but not used within a few seconds from the window's load event. Please make sure it has an appropriate `as` value and it is preloaded intentionally. @ http://localhost:8848/quiz2.html:0
[41803473ms] [ERROR] Failed to load resource: net::ERR_INTERNET_DISCONNECTED @ https://a.vturb.com/x:0
[41803474ms] [ERROR] [31m[ERROR]:[0m Analytics Services - Hermes: Failed to fetch @ https://scripts.converteai.net/lib/js/smartplayer-wc/v4/smartplayer.js:1
[41803474ms] [ERROR] Failed to load resource: net::ERR_INTERNET_DISCONNECTED @ https://a.vturb.com/x:0
[41803475ms] [ERROR] [31m[ERROR]:[0m Analytics Services - Hermes: Failed to fetch @ https://scripts.converteai.net/lib/js/smartplayer-wc/v4/smartplayer.js:1
[41803478ms] [ERROR] Failed to load resource: net::ERR_INTERNET_DISCONNECTED @ https://sentry.io/api/4509130195468288/envelope/:0
[41803478ms] [ERROR] Failed to load resource: net::ERR_INTERNET_DISCONNECTED @ https://sentry.io/api/4509130195468288/envelope/:0
[41803558ms] [ERROR] Failed to load resource: net::ERR_INTERNET_DISCONNECTED @ https://a.vturb.com/x:0
[41803559ms] [ERROR] [31m[ERROR]:[0m Analytics Services - Hermes: All Analytics URLs have failed @ https://scripts.converteai.net/lib/js/smartplayer-wc/v4/smartplayer.js:1
[41803560ms] [ERROR] Failed to load resource: net::ERR_INTERNET_DISCONNECTED @ https://a.vturb.com/x:0
[41803560ms] [ERROR] [31m[ERROR]:[0m Analytics Services - Hermes: All Analytics URLs have failed @ https://scripts.converteai.net/lib/js/smartplayer-wc/v4/smartplayer.js:1
[41803563ms] [ERROR] Failed to load resource: net::ERR_INTERNET_DISCONNECTED @ https://sentry.io/api/4509130195468288/envelope/:0
[41803563ms] [ERROR] Failed to load resource: net::ERR_INTERNET_DISCONNECTED @ https://sentry.io/api/4509130195468288/envelope/:0
[41803967ms] [ERROR] Failed to load resource: net::ERR_INTERNET_DISCONNECTED @ https://vt-h-1.b-cdn.net/x:0
[41803968ms] [ERROR] Failed to load resource: net::ERR_INTERNET_DISCONNECTED @ https://vt-h-1.b-cdn.net/x:0
[41804777ms] [ERROR] Failed to load resource: net::ERR_INTERNET_DISCONNECTED @ https://a.vturb.com/x:0
[41804777ms] [ERROR] [31m[ERROR]:[0m Analytics Services - Hermes: All Analytics URLs have failed @ https://scripts.converteai.net/lib/js/smartplayer-wc/v4/smartplayer.js:1
[41804778ms] [ERROR] Failed to load resource: net::ERR_INTERNET_DISCONNECTED @ https://a.vturb.com/x:0
[41804778ms] [ERROR] [31m[ERROR]:[0m Analytics Services - Hermes: All Analytics URLs have failed @ https://scripts.converteai.net/lib/js/smartplayer-wc/v4/smartplayer.js:1
[41804781ms] [ERROR] Failed to load resource: net::ERR_INTERNET_DISCONNECTED @ https://sentry.io/api/4509130195468288/envelope/:0
[41804781ms] [ERROR] Failed to load resource: net::ERR_INTERNET_DISCONNECTED @ https://sentry.io/api/4509130195468288/envelope/:0
[41806386ms] [ERROR] Failed to load resource: net::ERR_INTERNET_DISCONNECTED @ https://vt-h-1.b-cdn.net/x:0
[41806387ms] [ERROR] Failed to load resource: net::ERR_INTERNET_DISCONNECTED @ https://vt-h-1.b-cdn.net/x:0
[41809390ms] [WARNING] The resource https://cdn.converteai.net/8961d838-aff2-4dce-9b39-e84022d332ce/6a52f890d71bd640bbb2a65d/main.m3u8 was preloaded using link preload but not used within a few seconds from the window's load event. Please make sure it has an appropriate `as` value and it is preloaded intentionally. @ http://localhost:8848/quiz2.html:0
[41809390ms] [WARNING] The resource https://cdn.converteai.net/8961d838-aff2-4dce-9b39-e84022d332ce/6a52fa0e3d8ea0afcdc8b377/main.m3u8 was preloaded using link preload but not used within a few seconds from the window's load event. Please make sure it has an appropriate `as` value and it is preloaded intentionally. @ http://localhost:8848/quiz2.html:0
[41809596ms] [ERROR] Failed to load resource: net::ERR_INTERNET_DISCONNECTED @ https://a.vturb.com/x:0
[41809597ms] [ERROR] [31m[ERROR]:[0m Analytics Services - Hermes: All Analytics URLs have failed @ https://scripts.converteai.net/lib/js/smartplayer-wc/v4/smartplayer.js:1
[41809598ms] [ERROR] Failed to load resource: net::ERR_INTERNET_DISCONNECTED @ https://a.vturb.com/x:0
[41809598ms] [ERROR] [31m[ERROR]:[0m Analytics Services - Hermes: All Analytics URLs have failed @ https://scripts.converteai.net/lib/js/smartplayer-wc/v4/smartplayer.js:1
[41809601ms] [ERROR] Failed to load resource: net::ERR_INTERNET_DISCONNECTED @ https://sentry.io/api/4509130195468288/envelope/:0
[41809601ms] [ERROR] Failed to load resource: net::ERR_INTERNET_DISCONNECTED @ https://sentry.io/api/4509130195468288/envelope/:0
[41812604ms] [WARNING] The resource https://cdn.converteai.net/8961d838-aff2-4dce-9b39-e84022d332ce/6a52f890d71bd640bbb2a65d/main.m3u8 was preloaded using link preload but not used within a few seconds from the window's load event. Please make sure it has an appropriate `as` value and it is preloaded intentionally. @ http://localhost:8848/quiz2.html:0
[41812604ms] [WARNING] The resource https://cdn.converteai.net/8961d838-aff2-4dce-9b39-e84022d332ce/6a52fa0e3d8ea0afcdc8b377/main.m3u8 was preloaded using link preload but not used within a few seconds from the window's load event. Please make sure it has an appropriate `as` value and it is preloaded intentionally. @ http://localhost:8848/quiz2.html:0
[41816006ms] [ERROR] Failed to load resource: net::ERR_INTERNET_DISCONNECTED @ https://vt-h-1.b-cdn.net/x:0
[41816007ms] [ERROR] [31m[ERROR]:[0m Analytics Services - Hermes: Failed to fetch @ https://scripts.converteai.net/lib/js/smartplayer-wc/v4/smartplayer.js:1
[41816009ms] [ERROR] Failed to load resource: net::ERR_INTERNET_DISCONNECTED @ https://vt-h-1.b-cdn.net/x:0
[41816009ms] [ERROR] [31m[ERROR]:[0m Analytics Services - Hermes: Failed to fetch @ https://scripts.converteai.net/lib/js/smartplayer-wc/v4/smartplayer.js:1
[41816011ms] [ERROR] Failed to load resource: net::ERR_INTERNET_DISCONNECTED @ https://sentry.io/api/4509130195468288/envelope/:0
[41816011ms] [ERROR] Failed to load resource: net::ERR_INTERNET_DISCONNECTED @ https://sentry.io/api/4509130195468288/envelope/:0
[41816091ms] [ERROR] Failed to load resource: net::ERR_INTERNET_DISCONNECTED @ https://vt-h-1.b-cdn.net/x:0
[41816092ms] [ERROR] Failed to load resource: net::ERR_INTERNET_DISCONNECTED @ https://vt-h-1.b-cdn.net/x:0
[41816498ms] [ERROR] Failed to load resource: net::ERR_INTERNET_DISCONNECTED @ https://a.vturb.com/x:0
[41816499ms] [ERROR] [31m[ERROR]:[0m Analytics Services - Hermes: All Analytics URLs have failed @ https://scripts.converteai.net/lib/js/smartplayer-wc/v4/smartplayer.js:1
[41816500ms] [ERROR] Failed to load resource: net::ERR_INTERNET_DISCONNECTED @ https://a.vturb.com/x:0
[41816500ms] [ERROR] [31m[ERROR]:[0m Analytics Services - Hermes: All Analytics URLs have failed @ https://scripts.converteai.net/lib/js/smartplayer-wc/v4/smartplayer.js:1
[41816503ms] [ERROR] Failed to load resource: net::ERR_INTERNET_DISCONNECTED @ https://sentry.io/api/4509130195468288/envelope/:0
[41816503ms] [ERROR] Failed to load resource: net::ERR_INTERNET_DISCONNECTED @ https://sentry.io/api/4509130195468288/envelope/:0
[41817308ms] [ERROR] Failed to load resource: net::ERR_INTERNET_DISCONNECTED @ https://vt-h-1.b-cdn.net/x:0
[41817310ms] [ERROR] Failed to load resource: net::ERR_INTERNET_DISCONNECTED @ https://vt-h-1.b-cdn.net/x:0
[42077277ms] [ERROR] Failed to load resource: net::ERR_INTERNET_DISCONNECTED @ https://a.vturb.com/x:0
[42077278ms] [ERROR] [31m[ERROR]:[0m Analytics Services - Hermes: All Analytics URLs have failed @ https://scripts.converteai.net/lib/js/smartplayer-wc/v4/smartplayer.js:1
[42077278ms] [ERROR] Failed to load resource: net::ERR_INTERNET_DISCONNECTED @ https://a.vturb.com/x:0
[42077279ms] [ERROR] [31m[ERROR]:[0m Analytics Services - Hermes: All Analytics URLs have failed @ https://scripts.converteai.net/lib/js/smartplayer-wc/v4/smartplayer.js:1
[42077281ms] [ERROR] Failed to load resource: net::ERR_INTERNET_DISCONNECTED @ https://sentry.io/api/4509130195468288/envelope/:0
[42077281ms] [ERROR] Failed to load resource: net::ERR_INTERNET_DISCONNECTED @ https://sentry.io/api/4509130195468288/envelope/:0
[42080283ms] [WARNING] The resource https://cdn.converteai.net/8961d838-aff2-4dce-9b39-e84022d332ce/6a52f890d71bd640bbb2a65d/main.m3u8 was preloaded using link preload but not used within a few seconds from the window's load event. Please make sure it has an appropriate `as` value and it is preloaded intentionally. @ http://localhost:8848/quiz2.html:0
[42080283ms] [WARNING] The resource https://cdn.converteai.net/8961d838-aff2-4dce-9b39-e84022d332ce/6a52fa0e3d8ea0afcdc8b377/main.m3u8 was preloaded using link preload but not used within a few seconds from the window's load event. Please make sure it has an appropriate `as` value and it is preloaded intentionally. @ http://localhost:8848/quiz2.html:0
[42080488ms] [ERROR] Failed to load resource: net::ERR_INTERNET_DISCONNECTED @ https://vt-h-1.b-cdn.net/x:0
[42080489ms] [ERROR] Failed to load resource: net::ERR_INTERNET_DISCONNECTED @ https://vt-h-1.b-cdn.net/x:0
[42083489ms] [WARNING] The resource https://cdn.converteai.net/8961d838-aff2-4dce-9b39-e84022d332ce/6a52f890d71bd640bbb2a65d/main.m3u8 was preloaded using link preload but not used within a few seconds from the window's load event. Please make sure it has an appropriate `as` value and it is preloaded intentionally. @ http://localhost:8848/quiz2.html:0
[42083489ms] [WARNING] The resource https://cdn.converteai.net/8961d838-aff2-4dce-9b39-e84022d332ce/6a52fa0e3d8ea0afcdc8b377/main.m3u8 was preloaded using link preload but not used within a few seconds from the window's load event. Please make sure it has an appropriate `as` value and it is preloaded intentionally. @ http://localhost:8848/quiz2.html:0
[42086896ms] [ERROR] Failed to load resource: net::ERR_INTERNET_DISCONNECTED @ https://a.vturb.com/x:0
[42086897ms] [ERROR] [31m[ERROR]:[0m Analytics Services - Hermes: Failed to fetch @ https://scripts.converteai.net/lib/js/smartplayer-wc/v4/smartplayer.js:1
[42086898ms] [ERROR] Failed to load resource: net::ERR_INTERNET_DISCONNECTED @ https://a.vturb.com/x:0
[42086898ms] [ERROR] [31m[ERROR]:[0m Analytics Services - Hermes: Failed to fetch @ https://scripts.converteai.net/lib/js/smartplayer-wc/v4/smartplayer.js:1
[42086901ms] [ERROR] Failed to load resource: net::ERR_INTERNET_DISCONNECTED @ https://sentry.io/api/4509130195468288/envelope/:0
[42086901ms] [ERROR] Failed to load resource: net::ERR_INTERNET_DISCONNECTED @ https://sentry.io/api/4509130195468288/envelope/:0
[42086980ms] [ERROR] Failed to load resource: net::ERR_INTERNET_DISCONNECTED @ https://a.vturb.com/x:0
[42086981ms] [ERROR] [31m[ERROR]:[0m Analytics Services - Hermes: All Analytics URLs have failed @ https://scripts.converteai.net/lib/js/smartplayer-wc/v4/smartplayer.js:1
[42086982ms] [ERROR] Failed to load resource: net::ERR_INTERNET_DISCONNECTED @ https://a.vturb.com/x:0
[42086982ms] [ERROR] [31m[ERROR]:[0m Analytics Services - Hermes: All Analytics URLs have failed @ https://scripts.converteai.net/lib/js/smartplayer-wc/v4/smartplayer.js:1
[42086985ms] [ERROR] Failed to load resource: net::ERR_INTERNET_DISCONNECTED @ https://sentry.io/api/4509130195468288/envelope/:0
[42086985ms] [ERROR] Failed to load resource: net::ERR_INTERNET_DISCONNECTED @ https://sentry.io/api/4509130195468288/envelope/:0
[42087391ms] [ERROR] Failed to load resource: net::ERR_INTERNET_DISCONNECTED @ https://vt-h-1.b-cdn.net/x:0
[42087392ms] [ERROR] Failed to load resource: net::ERR_INTERNET_DISCONNECTED @ https://vt-h-1.b-cdn.net/x:0
[42088200ms] [ERROR] Failed to load resource: net::ERR_INTERNET_DISCONNECTED @ https://a.vturb.com/x:0
[42088201ms] [ERROR] [31m[ERROR]:[0m Analytics Services - Hermes: All Analytics URLs have failed @ https://scripts.converteai.net/lib/js/smartplayer-wc/v4/smartplayer.js:1
[42088201ms] [ERROR] Failed to load resource: net::ERR_INTERNET_DISCONNECTED @ https://a.vturb.com/x:0
[42088202ms] [ERROR] [31m[ERROR]:[0m Analytics Services - Hermes: All Analytics URLs have failed @ https://scripts.converteai.net/lib/js/smartplayer-wc/v4/smartplayer.js:1
[42088205ms] [ERROR] Failed to load resource: net::ERR_INTERNET_DISCONNECTED @ https://sentry.io/api/4509130195468288/envelope/:0
[42088205ms] [ERROR] Failed to load resource: net::ERR_INTERNET_DISCONNECTED @ https://sentry.io/api/4509130195468288/envelope/:0
[42089811ms] [ERROR] Failed to load resource: net::ERR_INTERNET_DISCONNECTED @ https://vt-h-1.b-cdn.net/x:0
[42089813ms] [ERROR] Failed to load resource: net::ERR_INTERNET_DISCONNECTED @ https://vt-h-1.b-cdn.net/x:0
[42092816ms] [WARNING] The resource https://cdn.converteai.net/8961d838-aff2-4dce-9b39-e84022d332ce/6a52f890d71bd640bbb2a65d/main.m3u8 was preloaded using link preload but not used within a few seconds from the window's load event. Please make sure it has an appropriate `as` value and it is preloaded intentionally. @ http://localhost:8848/quiz2.html:0
[42092816ms] [WARNING] The resource https://cdn.converteai.net/8961d838-aff2-4dce-9b39-e84022d332ce/6a52fa0e3d8ea0afcdc8b377/main.m3u8 was preloaded using link preload but not used within a few seconds from the window's load event. Please make sure it has an appropriate `as` value and it is preloaded intentionally. @ http://localhost:8848/quiz2.html:0
[42093021ms] [ERROR] Failed to load resource: net::ERR_INTERNET_DISCONNECTED @ https://a.vturb.com/x:0
[42093022ms] [ERROR] [31m[ERROR]:[0m Analytics Services - Hermes: All Analytics URLs have failed @ https://scripts.converteai.net/lib/js/smartplayer-wc/v4/smartplayer.js:1
[42093023ms] [ERROR] Failed to load resource: net::ERR_INTERNET_DISCONNECTED @ https://a.vturb.com/x:0
[42093023ms] [ERROR] [31m[ERROR]:[0m Analytics Services - Hermes: All Analytics URLs have failed @ https://scripts.converteai.net/lib/js/smartplayer-wc/v4/smartplayer.js:1
[42093027ms] [ERROR] Failed to load resource: net::ERR_INTERNET_DISCONNECTED @ https://sentry.io/api/4509130195468288/envelope/:0
[42093027ms] [ERROR] Failed to load resource: net::ERR_INTERNET_DISCONNECTED @ https://sentry.io/api/4509130195468288/envelope/:0
[42096029ms] [WARNING] The resource https://cdn.converteai.net/8961d838-aff2-4dce-9b39-e84022d332ce/6a52f890d71bd640bbb2a65d/main.m3u8 was preloaded using link preload but not used within a few seconds from the window's load event. Please make sure it has an appropriate `as` value and it is preloaded intentionally. @ http://localhost:8848/quiz2.html:0
[42096029ms] [WARNING] The resource https://cdn.converteai.net/8961d838-aff2-4dce-9b39-e84022d332ce/6a52fa0e3d8ea0afcdc8b377/main.m3u8 was preloaded using link preload but not used within a few seconds from the window's load event. Please make sure it has an appropriate `as` value and it is preloaded intentionally. @ http://localhost:8848/quiz2.html:0
[42098755ms] [ERROR] Failed to load resource: net::ERR_INTERNET_DISCONNECTED @ https://vt-h-1.b-cdn.net/x:0
[42098756ms] [ERROR] Failed to load resource: net::ERR_INTERNET_DISCONNECTED @ https://vt-h-1.b-cdn.net/x:0
[42099164ms] [ERROR] Failed to load resource: net::ERR_INTERNET_DISCONNECTED @ https://a.vturb.com/x:0
[42099165ms] [ERROR] [31m[ERROR]:[0m Analytics Services - Hermes: All Analytics URLs have failed @ https://scripts.converteai.net/lib/js/smartplayer-wc/v4/smartplayer.js:1
[42099166ms] [ERROR] Failed to load resource: net::ERR_INTERNET_DISCONNECTED @ https://a.vturb.com/x:0
[42099166ms] [ERROR] [31m[ERROR]:[0m Analytics Services - Hermes: All Analytics URLs have failed @ https://scripts.converteai.net/lib/js/smartplayer-wc/v4/smartplayer.js:1
[42099169ms] [ERROR] Failed to load resource: net::ERR_INTERNET_DISCONNECTED @ https://sentry.io/api/4509130195468288/envelope/:0
[42099169ms] [ERROR] Failed to load resource: net::ERR_INTERNET_DISCONNECTED @ https://sentry.io/api/4509130195468288/envelope/:0
[42099430ms] [ERROR] Failed to load resource: net::ERR_INTERNET_DISCONNECTED @ https://vt-h-1.b-cdn.net/x:0
[42099431ms] [ERROR] [31m[ERROR]:[0m Analytics Services - Hermes: Failed to fetch @ https://scripts.converteai.net/lib/js/smartplayer-wc/v4/smartplayer.js:1
[42099431ms] [ERROR] Failed to load resource: net::ERR_INTERNET_DISCONNECTED @ https://vt-h-1.b-cdn.net/x:0
[42099432ms] [ERROR] [31m[ERROR]:[0m Analytics Services - Hermes: Failed to fetch @ https://scripts.converteai.net/lib/js/smartplayer-wc/v4/smartplayer.js:1
[42099437ms] [ERROR] Failed to load resource: net::ERR_INTERNET_DISCONNECTED @ https://sentry.io/api/4509130195468288/envelope/:0
[42099437ms] [ERROR] Failed to load resource: net::ERR_INTERNET_DISCONNECTED @ https://sentry.io/api/4509130195468288/envelope/:0
[42099514ms] [ERROR] Failed to load resource: net::ERR_INTERNET_DISCONNECTED @ https://vt-h-1.b-cdn.net/x:0
[42099515ms] [ERROR] Failed to load resource: net::ERR_INTERNET_DISCONNECTED @ https://vt-h-1.b-cdn.net/x:0
[42099923ms] [ERROR] Failed to load resource: net::ERR_INTERNET_DISCONNECTED @ https://a.vturb.com/x:0
[42099924ms] [ERROR] [31m[ERROR]:[0m Analytics Services - Hermes: All Analytics URLs have failed @ https://scripts.converteai.net/lib/js/smartplayer-wc/v4/smartplayer.js:1
[42099924ms] [ERROR] Failed to load resource: net::ERR_INTERNET_DISCONNECTED @ https://a.vturb.com/x:0
[42099925ms] [ERROR] [31m[ERROR]:[0m Analytics Services - Hermes: All Analytics URLs have failed @ https://scripts.converteai.net/lib/js/smartplayer-wc/v4/smartplayer.js:1
[42099928ms] [ERROR] Failed to load resource: net::ERR_INTERNET_DISCONNECTED @ https://sentry.io/api/4509130195468288/envelope/:0
[42099928ms] [ERROR] Failed to load resource: net::ERR_INTERNET_DISCONNECTED @ https://sentry.io/api/4509130195468288/envelope/:0
[42099973ms] [ERROR] Failed to load resource: net::ERR_INTERNET_DISCONNECTED @ https://vt-h-1.b-cdn.net/x:0
[42099974ms] [ERROR] Failed to load resource: net::ERR_INTERNET_DISCONNECTED @ https://vt-h-1.b-cdn.net/x:0
[42100732ms] [ERROR] Failed to load resource: net::ERR_INTERNET_DISCONNECTED @ https://vt-h-1.b-cdn.net/x:0
[42100733ms] [ERROR] Failed to load resource: net::ERR_INTERNET_DISCONNECTED @ https://vt-h-1.b-cdn.net/x:0
[42101581ms] [ERROR] Failed to load resource: net::ERR_INTERNET_DISCONNECTED @ https://a.vturb.com/x:0
[42101582ms] [ERROR] [31m[ERROR]:[0m Analytics Services - Hermes: All Analytics URLs have failed @ https://scripts.converteai.net/lib/js/smartplayer-wc/v4/smartplayer.js:1
[42101582ms] [ERROR] Failed to load resource: net::ERR_INTERNET_DISCONNECTED @ https://a.vturb.com/x:0
[42101583ms] [ERROR] [31m[ERROR]:[0m Analytics Services - Hermes: All Analytics URLs have failed @ https://scripts.converteai.net/lib/js/smartplayer-wc/v4/smartplayer.js:1
[42101586ms] [ERROR] Failed to load resource: net::ERR_INTERNET_DISCONNECTED @ https://sentry.io/api/4509130195468288/envelope/:0
[42101586ms] [ERROR] Failed to load resource: net::ERR_INTERNET_DISCONNECTED @ https://sentry.io/api/4509130195468288/envelope/:0
[42102341ms] [ERROR] Failed to load resource: net::ERR_INTERNET_DISCONNECTED @ https://a.vturb.com/x:0
[42102342ms] [ERROR] [31m[ERROR]:[0m Analytics Services - Hermes: All Analytics URLs have failed @ https://scripts.converteai.net/lib/js/smartplayer-wc/v4/smartplayer.js:1
[42102342ms] [ERROR] Failed to load resource: net::ERR_INTERNET_DISCONNECTED @ https://a.vturb.com/x:0
[42102343ms] [ERROR] [31m[ERROR]:[0m Analytics Services - Hermes: All Analytics URLs have failed @ https://scripts.converteai.net/lib/js/smartplayer-wc/v4/smartplayer.js:1
[42102346ms] [ERROR] Failed to load resource: net::ERR_INTERNET_DISCONNECTED @ https://sentry.io/api/4509130195468288/envelope/:0
[42102346ms] [ERROR] Failed to load resource: net::ERR_INTERNET_DISCONNECTED @ https://sentry.io/api/4509130195468288/envelope/:0
[42104788ms] [ERROR] Failed to load resource: net::ERR_INTERNET_DISCONNECTED @ https://vt-h-1.b-cdn.net/x:0
[42104789ms] [ERROR] Failed to load resource: net::ERR_INTERNET_DISCONNECTED @ https://vt-h-1.b-cdn.net/x:0
[42105551ms] [ERROR] Failed to load resource: net::ERR_INTERNET_DISCONNECTED @ https://vt-h-1.b-cdn.net/x:0
[42105553ms] [ERROR] Failed to load resource: net::ERR_INTERNET_DISCONNECTED @ https://vt-h-1.b-cdn.net/x:0
[42108554ms] [WARNING] The resource https://cdn.converteai.net/8961d838-aff2-4dce-9b39-e84022d332ce/6a52f890d71bd640bbb2a65d/main.m3u8 was preloaded using link preload but not used within a few seconds from the window's load event. Please make sure it has an appropriate `as` value and it is preloaded intentionally. @ http://localhost:8848/quiz2.html:0
[42108554ms] [WARNING] The resource https://cdn.converteai.net/8961d838-aff2-4dce-9b39-e84022d332ce/6a52fa0e3d8ea0afcdc8b377/main.m3u8 was preloaded using link preload but not used within a few seconds from the window's load event. Please make sure it has an appropriate `as` value and it is preloaded intentionally. @ http://localhost:8848/quiz2.html:0
[42111197ms] [ERROR] Failed to load resource: net::ERR_INTERNET_DISCONNECTED @ https://a.vturb.com/x:0
[42111197ms] [ERROR] [31m[ERROR]:[0m Analytics Services - Hermes: Failed to fetch @ https://scripts.converteai.net/lib/js/smartplayer-wc/v4/smartplayer.js:1
[42111198ms] [ERROR] Failed to load resource: net::ERR_INTERNET_DISCONNECTED @ https://a.vturb.com/x:0
[42111198ms] [ERROR] [31m[ERROR]:[0m Analytics Services - Hermes: Failed to fetch @ https://scripts.converteai.net/lib/js/smartplayer-wc/v4/smartplayer.js:1
[42111201ms] [ERROR] Failed to load resource: net::ERR_INTERNET_DISCONNECTED @ https://sentry.io/api/4509130195468288/envelope/:0
[42111201ms] [ERROR] Failed to load resource: net::ERR_INTERNET_DISCONNECTED @ https://sentry.io/api/4509130195468288/envelope/:0
[42111279ms] [ERROR] Failed to load resource: net::ERR_INTERNET_DISCONNECTED @ https://a.vturb.com/x:0
[42111280ms] [ERROR] [31m[ERROR]:[0m Analytics Services - Hermes: All Analytics URLs have failed @ https://scripts.converteai.net/lib/js/smartplayer-wc/v4/smartplayer.js:1
[42111280ms] [ERROR] Failed to load resource: net::ERR_INTERNET_DISCONNECTED @ https://a.vturb.com/x:0
[42111281ms] [ERROR] [31m[ERROR]:[0m Analytics Services - Hermes: All Analytics URLs have failed @ https://scripts.converteai.net/lib/js/smartplayer-wc/v4/smartplayer.js:1
[42111284ms] [ERROR] Failed to load resource: net::ERR_INTERNET_DISCONNECTED @ https://sentry.io/api/4509130195468288/envelope/:0
[42111284ms] [ERROR] Failed to load resource: net::ERR_INTERNET_DISCONNECTED @ https://sentry.io/api/4509130195468288/envelope/:0
[42111689ms] [ERROR] Failed to load resource: net::ERR_INTERNET_DISCONNECTED @ https://vt-h-1.b-cdn.net/x:0
[42111691ms] [ERROR] Failed to load resource: net::ERR_INTERNET_DISCONNECTED @ https://vt-h-1.b-cdn.net/x:0
[42111958ms] [ERROR] Failed to load resource: net::ERR_INTERNET_DISCONNECTED @ https://a.vturb.com/x:0
[42111959ms] [ERROR] [31m[ERROR]:[0m Analytics Services - Hermes: Failed to fetch @ https://scripts.converteai.net/lib/js/smartplayer-wc/v4/smartplayer.js:1
[42111960ms] [ERROR] Failed to load resource: net::ERR_INTERNET_DISCONNECTED @ https://a.vturb.com/x:0
[42111960ms] [ERROR] [31m[ERROR]:[0m Analytics Services - Hermes: Failed to fetch @ https://scripts.converteai.net/lib/js/smartplayer-wc/v4/smartplayer.js:1
[42111963ms] [ERROR] Failed to load resource: net::ERR_INTERNET_DISCONNECTED @ https://sentry.io/api/4509130195468288/envelope/:0
[42111963ms] [ERROR] Failed to load resource: net::ERR_INTERNET_DISCONNECTED @ https://sentry.io/api/4509130195468288/envelope/:0
[42112043ms] [ERROR] Failed to load resource: net::ERR_INTERNET_DISCONNECTED @ https://a.vturb.com/x:0
[42112043ms] [ERROR] [31m[ERROR]:[0m Analytics Services - Hermes: All Analytics URLs have failed @ https://scripts.converteai.net/lib/js/smartplayer-wc/v4/smartplayer.js:1
[42112044ms] [ERROR] Failed to load resource: net::ERR_INTERNET_DISCONNECTED @ https://a.vturb.com/x:0
[42112044ms] [ERROR] [31m[ERROR]:[0m Analytics Services - Hermes: All Analytics URLs have failed @ https://scripts.converteai.net/lib/js/smartplayer-wc/v4/smartplayer.js:1
[42112047ms] [ERROR] Failed to load resource: net::ERR_INTERNET_DISCONNECTED @ https://sentry.io/api/4509130195468288/envelope/:0
[42112047ms] [ERROR] Failed to load resource: net::ERR_INTERNET_DISCONNECTED @ https://sentry.io/api/4509130195468288/envelope/:0
[42112454ms] [ERROR] Failed to load resource: net::ERR_INTERNET_DISCONNECTED @ https://vt-h-1.b-cdn.net/x:0
[42112455ms] [ERROR] Failed to load resource: net::ERR_INTERNET_DISCONNECTED @ https://vt-h-1.b-cdn.net/x:0
[42112497ms] [ERROR] Failed to load resource: net::ERR_INTERNET_DISCONNECTED @ https://a.vturb.com/x:0
[42112497ms] [ERROR] [31m[ERROR]:[0m Analytics Services - Hermes: All Analytics URLs have failed @ https://scripts.converteai.net/lib/js/smartplayer-wc/v4/smartplayer.js:1
[42112498ms] [ERROR] Failed to load resource: net::ERR_INTERNET_DISCONNECTED @ https://a.vturb.com/x:0
[42112498ms] [ERROR] [31m[ERROR]:[0m Analytics Services - Hermes: All Analytics URLs have failed @ https://scripts.converteai.net/lib/js/smartplayer-wc/v4/smartplayer.js:1
[42112501ms] [ERROR] Failed to load resource: net::ERR_INTERNET_DISCONNECTED @ https://sentry.io/api/4509130195468288/envelope/:0
[42112502ms] [ERROR] Failed to load resource: net::ERR_INTERNET_DISCONNECTED @ https://sentry.io/api/4509130195468288/envelope/:0
[42113262ms] [ERROR] Failed to load resource: net::ERR_INTERNET_DISCONNECTED @ https://a.vturb.com/x:0
[42113263ms] [ERROR] [31m[ERROR]:[0m Analytics Services - Hermes: All Analytics URLs have failed @ https://scripts.converteai.net/lib/js/smartplayer-wc/v4/smartplayer.js:1
[42113263ms] [ERROR] Failed to load resource: net::ERR_INTERNET_DISCONNECTED @ https://a.vturb.com/x:0
[42113264ms] [ERROR] [31m[ERROR]:[0m Analytics Services - Hermes: All Analytics URLs have failed @ https://scripts.converteai.net/lib/js/smartplayer-wc/v4/smartplayer.js:1
[42113266ms] [ERROR] Failed to load resource: net::ERR_INTERNET_DISCONNECTED @ https://sentry.io/api/4509130195468288/envelope/:0
[42113266ms] [ERROR] Failed to load resource: net::ERR_INTERNET_DISCONNECTED @ https://sentry.io/api/4509130195468288/envelope/:0
[42114107ms] [ERROR] Failed to load resource: net::ERR_INTERNET_DISCONNECTED @ https://vt-h-1.b-cdn.net/x:0
[42114108ms] [ERROR] Failed to load resource: net::ERR_INTERNET_DISCONNECTED @ https://vt-h-1.b-cdn.net/x:0
[42114871ms] [ERROR] Failed to load resource: net::ERR_INTERNET_DISCONNECTED @ https://vt-h-1.b-cdn.net/x:0
[42114871ms] [ERROR] Failed to load resource: net::ERR_INTERNET_DISCONNECTED @ https://vt-h-1.b-cdn.net/x:0
[42117315ms] [ERROR] Failed to load resource: net::ERR_INTERNET_DISCONNECTED @ https://a.vturb.com/x:0
[42117316ms] [ERROR] [31m[ERROR]:[0m Analytics Services - Hermes: All Analytics URLs have failed @ https://scripts.converteai.net/lib/js/smartplayer-wc/v4/smartplayer.js:1
[42117317ms] [ERROR] Failed to load resource: net::ERR_INTERNET_DISCONNECTED @ https://a.vturb.com/x:0
[42117317ms] [ERROR] [31m[ERROR]:[0m Analytics Services - Hermes: All Analytics URLs have failed @ https://scripts.converteai.net/lib/js/smartplayer-wc/v4/smartplayer.js:1
[42117320ms] [ERROR] Failed to load resource: net::ERR_INTERNET_DISCONNECTED @ https://sentry.io/api/4509130195468288/envelope/:0
[42117320ms] [ERROR] Failed to load resource: net::ERR_INTERNET_DISCONNECTED @ https://sentry.io/api/4509130195468288/envelope/:0
[42118078ms] [ERROR] Failed to load resource: net::ERR_INTERNET_DISCONNECTED @ https://a.vturb.com/x:0
[42118079ms] [ERROR] [31m[ERROR]:[0m Analytics Services - Hermes: All Analytics URLs have failed @ https://scripts.converteai.net/lib/js/smartplayer-wc/v4/smartplayer.js:1
[42118079ms] [ERROR] Failed to load resource: net::ERR_INTERNET_DISCONNECTED @ https://a.vturb.com/x:0
[42118080ms] [ERROR] [31m[ERROR]:[0m Analytics Services - Hermes: All Analytics URLs have failed @ https://scripts.converteai.net/lib/js/smartplayer-wc/v4/smartplayer.js:1
[42118082ms] [ERROR] Failed to load resource: net::ERR_INTERNET_DISCONNECTED @ https://sentry.io/api/4509130195468288/envelope/:0
[42118082ms] [ERROR] Failed to load resource: net::ERR_INTERNET_DISCONNECTED @ https://sentry.io/api/4509130195468288/envelope/:0
[42121085ms] [WARNING] The resource https://cdn.converteai.net/8961d838-aff2-4dce-9b39-e84022d332ce/6a52f890d71bd640bbb2a65d/main.m3u8 was preloaded using link preload but not used within a few seconds from the window's load event. Please make sure it has an appropriate `as` value and it is preloaded intentionally. @ http://localhost:8848/quiz2.html:0
[42121085ms] [WARNING] The resource https://cdn.converteai.net/8961d838-aff2-4dce-9b39-e84022d332ce/6a52fa0e3d8ea0afcdc8b377/main.m3u8 was preloaded using link preload but not used within a few seconds from the window's load event. Please make sure it has an appropriate `as` value and it is preloaded intentionally. @ http://localhost:8848/quiz2.html:0
[42123725ms] [ERROR] Failed to load resource: net::ERR_INTERNET_DISCONNECTED @ https://vt-h-1.b-cdn.net/x:0
[42123726ms] [ERROR] [31m[ERROR]:[0m Analytics Services - Hermes: Failed to fetch @ https://scripts.converteai.net/lib/js/smartplayer-wc/v4/smartplayer.js:1
[42123727ms] [ERROR] Failed to load resource: net::ERR_INTERNET_DISCONNECTED @ https://vt-h-1.b-cdn.net/x:0
[42123727ms] [ERROR] [31m[ERROR]:[0m Analytics Services - Hermes: Failed to fetch @ https://scripts.converteai.net/lib/js/smartplayer-wc/v4/smartplayer.js:1
[42123730ms] [ERROR] Failed to load resource: net::ERR_INTERNET_DISCONNECTED @ https://sentry.io/api/4509130195468288/envelope/:0
[42123730ms] [ERROR] Failed to load resource: net::ERR_INTERNET_DISCONNECTED @ https://sentry.io/api/4509130195468288/envelope/:0
[42123808ms] [ERROR] Failed to load resource: net::ERR_INTERNET_DISCONNECTED @ https://vt-h-1.b-cdn.net/x:0
[42123810ms] [ERROR] Failed to load resource: net::ERR_INTERNET_DISCONNECTED @ https://vt-h-1.b-cdn.net/x:0
[42124217ms] [ERROR] Failed to load resource: net::ERR_INTERNET_DISCONNECTED @ https://a.vturb.com/x:0
[42124218ms] [ERROR] [31m[ERROR]:[0m Analytics Services - Hermes: All Analytics URLs have failed @ https://scripts.converteai.net/lib/js/smartplayer-wc/v4/smartplayer.js:1
[42124219ms] [ERROR] Failed to load resource: net::ERR_INTERNET_DISCONNECTED @ https://a.vturb.com/x:0
[42124219ms] [ERROR] [31m[ERROR]:[0m Analytics Services - Hermes: All Analytics URLs have failed @ https://scripts.converteai.net/lib/js/smartplayer-wc/v4/smartplayer.js:1
[42124222ms] [ERROR] Failed to load resource: net::ERR_INTERNET_DISCONNECTED @ https://sentry.io/api/4509130195468288/envelope/:0
[42124222ms] [ERROR] Failed to load resource: net::ERR_INTERNET_DISCONNECTED @ https://sentry.io/api/4509130195468288/envelope/:0
[42249600ms] [ERROR] Failed to load resource: net::ERR_INTERNET_DISCONNECTED @ https://vt-h-1.b-cdn.net/x:0
[42249601ms] [ERROR] [31m[ERROR]:[0m Analytics Services - Hermes: Failed to fetch @ https://scripts.converteai.net/lib/js/smartplayer-wc/v4/smartplayer.js:1
[42249601ms] [ERROR] Failed to load resource: net::ERR_INTERNET_DISCONNECTED @ https://vt-h-1.b-cdn.net/x:0
[42249601ms] [ERROR] [31m[ERROR]:[0m Analytics Services - Hermes: Failed to fetch @ https://scripts.converteai.net/lib/js/smartplayer-wc/v4/smartplayer.js:1
[42249603ms] [ERROR] Failed to load resource: net::ERR_INTERNET_DISCONNECTED @ https://sentry.io/api/4509130195468288/envelope/:0
[42249603ms] [ERROR] Failed to load resource: net::ERR_INTERNET_DISCONNECTED @ https://sentry.io/api/4509130195468288/envelope/:0
[42249680ms] [ERROR] Failed to load resource: net::ERR_INTERNET_DISCONNECTED @ https://vt-h-1.b-cdn.net/x:0
[42249681ms] [ERROR] Failed to load resource: net::ERR_INTERNET_DISCONNECTED @ https://vt-h-1.b-cdn.net/x:0
[42250090ms] [ERROR] Failed to load resource: net::ERR_INTERNET_DISCONNECTED @ https://a.vturb.com/x:0
[42250091ms] [ERROR] [31m[ERROR]:[0m Analytics Services - Hermes: All Analytics URLs have failed @ https://scripts.converteai.net/lib/js/smartplayer-wc/v4/smartplayer.js:1
[42250091ms] [ERROR] Failed to load resource: net::ERR_INTERNET_DISCONNECTED @ https://a.vturb.com/x:0
[42250092ms] [ERROR] [31m[ERROR]:[0m Analytics Services - Hermes: All Analytics URLs have failed @ https://scripts.converteai.net/lib/js/smartplayer-wc/v4/smartplayer.js:1
[42250096ms] [ERROR] Failed to load resource: net::ERR_INTERNET_DISCONNECTED @ https://sentry.io/api/4509130195468288/envelope/:0
[42250097ms] [ERROR] Failed to load resource: net::ERR_INTERNET_DISCONNECTED @ https://sentry.io/api/4509130195468288/envelope/:0
[42250107ms] [ERROR] Failed to load resource: net::ERR_INTERNET_DISCONNECTED @ https://vt-h-1.b-cdn.net/x:0
[42250107ms] [ERROR] Failed to load resource: net::ERR_INTERNET_DISCONNECTED @ https://vt-h-1.b-cdn.net/x:0
[42250899ms] [ERROR] Failed to load resource: net::ERR_INTERNET_DISCONNECTED @ https://vt-h-1.b-cdn.net/x:0
[42250900ms] [ERROR] Failed to load resource: net::ERR_INTERNET_DISCONNECTED @ https://vt-h-1.b-cdn.net/x:0
[42251715ms] [ERROR] Failed to load resource: net::ERR_INTERNET_DISCONNECTED @ https://a.vturb.com/x:0
[42251716ms] [ERROR] [31m[ERROR]:[0m Analytics Services - Hermes: All Analytics URLs have failed @ https://scripts.converteai.net/lib/js/smartplayer-wc/v4/smartplayer.js:1
[42251716ms] [ERROR] Failed to load resource: net::ERR_INTERNET_DISCONNECTED @ https://a.vturb.com/x:0
[42251717ms] [ERROR] [31m[ERROR]:[0m Analytics Services - Hermes: All Analytics URLs have failed @ https://scripts.converteai.net/lib/js/smartplayer-wc/v4/smartplayer.js:1
[42251720ms] [ERROR] Failed to load resource: net::ERR_INTERNET_DISCONNECTED @ https://sentry.io/api/4509130195468288/envelope/:0
[42251720ms] [ERROR] Failed to load resource: net::ERR_INTERNET_DISCONNECTED @ https://sentry.io/api/4509130195468288/envelope/:0
[42252509ms] [ERROR] Failed to load resource: net::ERR_INTERNET_DISCONNECTED @ https://a.vturb.com/x:0
[42252510ms] [ERROR] [31m[ERROR]:[0m Analytics Services - Hermes: All Analytics URLs have failed @ https://scripts.converteai.net/lib/js/smartplayer-wc/v4/smartplayer.js:1
[42252510ms] [ERROR] Failed to load resource: net::ERR_INTERNET_DISCONNECTED @ https://a.vturb.com/x:0
[42252510ms] [ERROR] [31m[ERROR]:[0m Analytics Services - Hermes: All Analytics URLs have failed @ https://scripts.converteai.net/lib/js/smartplayer-wc/v4/smartplayer.js:1
[42252512ms] [ERROR] Failed to load resource: net::ERR_INTERNET_DISCONNECTED @ https://sentry.io/api/4509130195468288/envelope/:0
[42252512ms] [ERROR] Failed to load resource: net::ERR_INTERNET_DISCONNECTED @ https://sentry.io/api/4509130195468288/envelope/:0
[42254926ms] [ERROR] Failed to load resource: net::ERR_INTERNET_DISCONNECTED @ https://vt-h-1.b-cdn.net/x:0
[42254927ms] [ERROR] Failed to load resource: net::ERR_INTERNET_DISCONNECTED @ https://vt-h-1.b-cdn.net/x:0
[42255719ms] [ERROR] Failed to load resource: net::ERR_INTERNET_DISCONNECTED @ https://vt-h-1.b-cdn.net/x:0
[42255721ms] [ERROR] Failed to load resource: net::ERR_INTERNET_DISCONNECTED @ https://vt-h-1.b-cdn.net/x:0
[42258721ms] [WARNING] The resource https://cdn.converteai.net/8961d838-aff2-4dce-9b39-e84022d332ce/6a52f890d71bd640bbb2a65d/main.m3u8 was preloaded using link preload but not used within a few seconds from the window's load event. Please make sure it has an appropriate `as` value and it is preloaded intentionally. @ http://localhost:8848/quiz2.html:0
[42258721ms] [WARNING] The resource https://cdn.converteai.net/8961d838-aff2-4dce-9b39-e84022d332ce/6a52fa0e3d8ea0afcdc8b377/main.m3u8 was preloaded using link preload but not used within a few seconds from the window's load event. Please make sure it has an appropriate `as` value and it is preloaded intentionally. @ http://localhost:8848/quiz2.html:0
[42261334ms] [ERROR] Failed to load resource: net::ERR_INTERNET_DISCONNECTED @ https://a.vturb.com/x:0
[42261335ms] [ERROR] [31m[ERROR]:[0m Analytics Services - Hermes: Failed to fetch @ https://scripts.converteai.net/lib/js/smartplayer-wc/v4/smartplayer.js:1
[42261336ms] [ERROR] Failed to load resource: net::ERR_INTERNET_DISCONNECTED @ https://a.vturb.com/x:0
[42261337ms] [ERROR] [31m[ERROR]:[0m Analytics Services - Hermes: Failed to fetch @ https://scripts.converteai.net/lib/js/smartplayer-wc/v4/smartplayer.js:1
[42261340ms] [ERROR] Failed to load resource: net::ERR_INTERNET_DISCONNECTED @ https://sentry.io/api/4509130195468288/envelope/:0
[42261340ms] [ERROR] Failed to load resource: net::ERR_INTERNET_DISCONNECTED @ https://sentry.io/api/4509130195468288/envelope/:0
[42261421ms] [ERROR] Failed to load resource: net::ERR_INTERNET_DISCONNECTED @ https://a.vturb.com/x:0
[42261422ms] [ERROR] [31m[ERROR]:[0m Analytics Services - Hermes: All Analytics URLs have failed @ https://scripts.converteai.net/lib/js/smartplayer-wc/v4/smartplayer.js:1
[42261422ms] [ERROR] Failed to load resource: net::ERR_INTERNET_DISCONNECTED @ https://a.vturb.com/x:0
[42261422ms] [ERROR] [31m[ERROR]:[0m Analytics Services - Hermes: All Analytics URLs have failed @ https://scripts.converteai.net/lib/js/smartplayer-wc/v4/smartplayer.js:1
[42261425ms] [ERROR] Failed to load resource: net::ERR_INTERNET_DISCONNECTED @ https://sentry.io/api/4509130195468288/envelope/:0
[42261425ms] [ERROR] Failed to load resource: net::ERR_INTERNET_DISCONNECTED @ https://sentry.io/api/4509130195468288/envelope/:0
[42261829ms] [ERROR] Failed to load resource: net::ERR_INTERNET_DISCONNECTED @ https://vt-h-1.b-cdn.net/x:0
[42261830ms] [ERROR] Failed to load resource: net::ERR_INTERNET_DISCONNECTED @ https://vt-h-1.b-cdn.net/x:0
[42262126ms] [ERROR] Failed to load resource: net::ERR_INTERNET_DISCONNECTED @ https://a.vturb.com/x:0
[42262126ms] [ERROR] [31m[ERROR]:[0m Analytics Services - Hermes: Failed to fetch @ https://scripts.converteai.net/lib/js/smartplayer-wc/v4/smartplayer.js:1
[42262127ms] [ERROR] Failed to load resource: net::ERR_INTERNET_DISCONNECTED @ https://a.vturb.com/x:0
[42262127ms] [ERROR] [31m[ERROR]:[0m Analytics Services - Hermes: Failed to fetch @ https://scripts.converteai.net/lib/js/smartplayer-wc/v4/smartplayer.js:1
[42262130ms] [ERROR] Failed to load resource: net::ERR_INTERNET_DISCONNECTED @ https://sentry.io/api/4509130195468288/envelope/:0
[42262130ms] [ERROR] Failed to load resource: net::ERR_INTERNET_DISCONNECTED @ https://sentry.io/api/4509130195468288/envelope/:0
[42262208ms] [ERROR] Failed to load resource: net::ERR_INTERNET_DISCONNECTED @ https://a.vturb.com/x:0
[42262209ms] [ERROR] [31m[ERROR]:[0m Analytics Services - Hermes: All Analytics URLs have failed @ https://scripts.converteai.net/lib/js/smartplayer-wc/v4/smartplayer.js:1
[42262210ms] [ERROR] Failed to load resource: net::ERR_INTERNET_DISCONNECTED @ https://a.vturb.com/x:0
[42262210ms] [ERROR] [31m[ERROR]:[0m Analytics Services - Hermes: All Analytics URLs have failed @ https://scripts.converteai.net/lib/js/smartplayer-wc/v4/smartplayer.js:1
[42262213ms] [ERROR] Failed to load resource: net::ERR_INTERNET_DISCONNECTED @ https://sentry.io/api/4509130195468288/envelope/:0
[42262213ms] [ERROR] Failed to load resource: net::ERR_INTERNET_DISCONNECTED @ https://sentry.io/api/4509130195468288/envelope/:0
[42262618ms] [ERROR] Failed to load resource: net::ERR_INTERNET_DISCONNECTED @ https://vt-h-1.b-cdn.net/x:0
[42262619ms] [ERROR] Failed to load resource: net::ERR_INTERNET_DISCONNECTED @ https://vt-h-1.b-cdn.net/x:0
[42262637ms] [ERROR] Failed to load resource: net::ERR_INTERNET_DISCONNECTED @ https://a.vturb.com/x:0
[42262638ms] [ERROR] [31m[ERROR]:[0m Analytics Services - Hermes: All Analytics URLs have failed @ https://scripts.converteai.net/lib/js/smartplayer-wc/v4/smartplayer.js:1
[42262638ms] [ERROR] Failed to load resource: net::ERR_INTERNET_DISCONNECTED @ https://a.vturb.com/x:0
[42262639ms] [ERROR] [31m[ERROR]:[0m Analytics Services - Hermes: All Analytics URLs have failed @ https://scripts.converteai.net/lib/js/smartplayer-wc/v4/smartplayer.js:1
[42262641ms] [ERROR] Failed to load resource: net::ERR_INTERNET_DISCONNECTED @ https://sentry.io/api/4509130195468288/envelope/:0
[42262641ms] [ERROR] Failed to load resource: net::ERR_INTERNET_DISCONNECTED @ https://sentry.io/api/4509130195468288/envelope/:0
[42263425ms] [ERROR] Failed to load resource: net::ERR_INTERNET_DISCONNECTED @ https://a.vturb.com/x:0
[42263426ms] [ERROR] [31m[ERROR]:[0m Analytics Services - Hermes: All Analytics URLs have failed @ https://scripts.converteai.net/lib/js/smartplayer-wc/v4/smartplayer.js:1
[42263426ms] [ERROR] Failed to load resource: net::ERR_INTERNET_DISCONNECTED @ https://a.vturb.com/x:0
[42263427ms] [ERROR] [31m[ERROR]:[0m Analytics Services - Hermes: All Analytics URLs have failed @ https://scripts.converteai.net/lib/js/smartplayer-wc/v4/smartplayer.js:1
[42263430ms] [ERROR] Failed to load resource: net::ERR_INTERNET_DISCONNECTED @ https://sentry.io/api/4509130195468288/envelope/:0
[42263430ms] [ERROR] Failed to load resource: net::ERR_INTERNET_DISCONNECTED @ https://sentry.io/api/4509130195468288/envelope/:0
[42264246ms] [ERROR] Failed to load resource: net::ERR_INTERNET_DISCONNECTED @ https://vt-h-1.b-cdn.net/x:0
[42264247ms] [ERROR] Failed to load resource: net::ERR_INTERNET_DISCONNECTED @ https://vt-h-1.b-cdn.net/x:0
[42265034ms] [ERROR] Failed to load resource: net::ERR_INTERNET_DISCONNECTED @ https://vt-h-1.b-cdn.net/x:0
[42265036ms] [ERROR] Failed to load resource: net::ERR_INTERNET_DISCONNECTED @ https://vt-h-1.b-cdn.net/x:0
[42267456ms] [ERROR] Failed to load resource: net::ERR_INTERNET_DISCONNECTED @ https://a.vturb.com/x:0
[42267457ms] [ERROR] [31m[ERROR]:[0m Analytics Services - Hermes: All Analytics URLs have failed @ https://scripts.converteai.net/lib/js/smartplayer-wc/v4/smartplayer.js:1
[42267457ms] [ERROR] Failed to load resource: net::ERR_INTERNET_DISCONNECTED @ https://a.vturb.com/x:0
[42267458ms] [ERROR] [31m[ERROR]:[0m Analytics Services - Hermes: All Analytics URLs have failed @ https://scripts.converteai.net/lib/js/smartplayer-wc/v4/smartplayer.js:1
[42267461ms] [ERROR] Failed to load resource: net::ERR_INTERNET_DISCONNECTED @ https://sentry.io/api/4509130195468288/envelope/:0
[42267461ms] [ERROR] Failed to load resource: net::ERR_INTERNET_DISCONNECTED @ https://sentry.io/api/4509130195468288/envelope/:0
[42268241ms] [ERROR] Failed to load resource: net::ERR_INTERNET_DISCONNECTED @ https://a.vturb.com/x:0
[42268242ms] [ERROR] [31m[ERROR]:[0m Analytics Services - Hermes: All Analytics URLs have failed @ https://scripts.converteai.net/lib/js/smartplayer-wc/v4/smartplayer.js:1
[42268243ms] [ERROR] Failed to load resource: net::ERR_INTERNET_DISCONNECTED @ https://a.vturb.com/x:0
[42268243ms] [ERROR] [31m[ERROR]:[0m Analytics Services - Hermes: All Analytics URLs have failed @ https://scripts.converteai.net/lib/js/smartplayer-wc/v4/smartplayer.js:1
[42268246ms] [ERROR] Failed to load resource: net::ERR_INTERNET_DISCONNECTED @ https://sentry.io/api/4509130195468288/envelope/:0
[42268246ms] [ERROR] Failed to load resource: net::ERR_INTERNET_DISCONNECTED @ https://sentry.io/api/4509130195468288/envelope/:0
[42271248ms] [WARNING] The resource https://cdn.converteai.net/8961d838-aff2-4dce-9b39-e84022d332ce/6a52f890d71bd640bbb2a65d/main.m3u8 was preloaded using link preload but not used within a few seconds from the window's load event. Please make sure it has an appropriate `as` value and it is preloaded intentionally. @ http://localhost:8848/quiz2.html:0
[42271249ms] [WARNING] The resource https://cdn.converteai.net/8961d838-aff2-4dce-9b39-e84022d332ce/6a52fa0e3d8ea0afcdc8b377/main.m3u8 was preloaded using link preload but not used within a few seconds from the window's load event. Please make sure it has an appropriate `as` value and it is preloaded intentionally. @ http://localhost:8848/quiz2.html:0
[42273865ms] [ERROR] Failed to load resource: net::ERR_INTERNET_DISCONNECTED @ https://vt-h-1.b-cdn.net/x:0
[42273866ms] [ERROR] [31m[ERROR]:[0m Analytics Services - Hermes: Failed to fetch @ https://scripts.converteai.net/lib/js/smartplayer-wc/v4/smartplayer.js:1
[42273866ms] [ERROR] Failed to load resource: net::ERR_INTERNET_DISCONNECTED @ https://vt-h-1.b-cdn.net/x:0
[42273867ms] [ERROR] [31m[ERROR]:[0m Analytics Services - Hermes: Failed to fetch @ https://scripts.converteai.net/lib/js/smartplayer-wc/v4/smartplayer.js:1
[42273870ms] [ERROR] Failed to load resource: net::ERR_INTERNET_DISCONNECTED @ https://sentry.io/api/4509130195468288/envelope/:0
[42273870ms] [ERROR] Failed to load resource: net::ERR_INTERNET_DISCONNECTED @ https://sentry.io/api/4509130195468288/envelope/:0
[42273950ms] [ERROR] Failed to load resource: net::ERR_INTERNET_DISCONNECTED @ https://vt-h-1.b-cdn.net/x:0
[42273950ms] [ERROR] Failed to load resource: net::ERR_INTERNET_DISCONNECTED @ https://vt-h-1.b-cdn.net/x:0
[42274359ms] [ERROR] Failed to load resource: net::ERR_INTERNET_DISCONNECTED @ https://a.vturb.com/x:0
[42274360ms] [ERROR] [31m[ERROR]:[0m Analytics Services - Hermes: All Analytics URLs have failed @ https://scripts.converteai.net/lib/js/smartplayer-wc/v4/smartplayer.js:1
[42274360ms] [ERROR] Failed to load resource: net::ERR_INTERNET_DISCONNECTED @ https://a.vturb.com/x:0
[42274361ms] [ERROR] [31m[ERROR]:[0m Analytics Services - Hermes: All Analytics URLs have failed @ https://scripts.converteai.net/lib/js/smartplayer-wc/v4/smartplayer.js:1
[42274363ms] [ERROR] Failed to load resource: net::ERR_INTERNET_DISCONNECTED @ https://sentry.io/api/4509130195468288/envelope/:0
[42274363ms] [ERROR] Failed to load resource: net::ERR_INTERNET_DISCONNECTED @ https://sentry.io/api/4509130195468288/envelope/:0
[42274651ms] [ERROR] Failed to load resource: net::ERR_INTERNET_DISCONNECTED @ https://vt-h-1.b-cdn.net/x:0
[42274652ms] [ERROR] [31m[ERROR]:[0m Analytics Services - Hermes: Failed to fetch @ https://scripts.converteai.net/lib/js/smartplayer-wc/v4/smartplayer.js:1
[42274654ms] [ERROR] Failed to load resource: net::ERR_INTERNET_DISCONNECTED @ https://vt-h-1.b-cdn.net/x:0
[42274655ms] [ERROR] [31m[ERROR]:[0m Analytics Services - Hermes: Failed to fetch @ https://scripts.converteai.net/lib/js/smartplayer-wc/v4/smartplayer.js:1
[42274656ms] [ERROR] Failed to load resource: net::ERR_INTERNET_DISCONNECTED @ https://sentry.io/api/4509130195468288/envelope/:0
[42274656ms] [ERROR] Failed to load resource: net::ERR_INTERNET_DISCONNECTED @ https://sentry.io/api/4509130195468288/envelope/:0
[42274735ms] [ERROR] Failed to load resource: net::ERR_INTERNET_DISCONNECTED @ https://vt-h-1.b-cdn.net/x:0
[42274736ms] [ERROR] Failed to load resource: net::ERR_INTERNET_DISCONNECTED @ https://vt-h-1.b-cdn.net/x:0
[42275144ms] [ERROR] Failed to load resource: net::ERR_INTERNET_DISCONNECTED @ https://a.vturb.com/x:0
[42275145ms] [ERROR] [31m[ERROR]:[0m Analytics Services - Hermes: All Analytics URLs have failed @ https://scripts.converteai.net/lib/js/smartplayer-wc/v4/smartplayer.js:1
[42275145ms] [ERROR] Failed to load resource: net::ERR_INTERNET_DISCONNECTED @ https://a.vturb.com/x:0
[42275146ms] [ERROR] [31m[ERROR]:[0m Analytics Services - Hermes: All Analytics URLs have failed @ https://scripts.converteai.net/lib/js/smartplayer-wc/v4/smartplayer.js:1
[42275148ms] [ERROR] Failed to load resource: net::ERR_INTERNET_DISCONNECTED @ https://sentry.io/api/4509130195468288/envelope/:0
[42275149ms] [ERROR] Failed to load resource: net::ERR_INTERNET_DISCONNECTED @ https://sentry.io/api/4509130195468288/envelope/:0
[42275167ms] [ERROR] Failed to load resource: net::ERR_INTERNET_DISCONNECTED @ https://vt-h-1.b-cdn.net/x:0
[42275168ms] [ERROR] Failed to load resource: net::ERR_INTERNET_DISCONNECTED @ https://vt-h-1.b-cdn.net/x:0
[42275954ms] [ERROR] Failed to load resource: net::ERR_INTERNET_DISCONNECTED @ https://vt-h-1.b-cdn.net/x:0
[42275955ms] [ERROR] Failed to load resource: net::ERR_INTERNET_DISCONNECTED @ https://vt-h-1.b-cdn.net/x:0
[42276774ms] [ERROR] Failed to load resource: net::ERR_INTERNET_DISCONNECTED @ https://a.vturb.com/x:0
[42276775ms] [ERROR] [31m[ERROR]:[0m Analytics Services - Hermes: All Analytics URLs have failed @ https://scripts.converteai.net/lib/js/smartplayer-wc/v4/smartplayer.js:1
[42276775ms] [ERROR] Failed to load resource: net::ERR_INTERNET_DISCONNECTED @ https://a.vturb.com/x:0
[42276776ms] [ERROR] [31m[ERROR]:[0m Analytics Services - Hermes: All Analytics URLs have failed @ https://scripts.converteai.net/lib/js/smartplayer-wc/v4/smartplayer.js:1
[42276778ms] [ERROR] Failed to load resource: net::ERR_INTERNET_DISCONNECTED @ https://sentry.io/api/4509130195468288/envelope/:0
[42276778ms] [ERROR] Failed to load resource: net::ERR_INTERNET_DISCONNECTED @ https://sentry.io/api/4509130195468288/envelope/:0
[42277561ms] [ERROR] Failed to load resource: net::ERR_INTERNET_DISCONNECTED @ https://a.vturb.com/x:0
[42277562ms] [ERROR] [31m[ERROR]:[0m Analytics Services - Hermes: All Analytics URLs have failed @ https://scripts.converteai.net/lib/js/smartplayer-wc/v4/smartplayer.js:1
[42277563ms] [ERROR] Failed to load resource: net::ERR_INTERNET_DISCONNECTED @ https://a.vturb.com/x:0
[42277563ms] [ERROR] [31m[ERROR]:[0m Analytics Services - Hermes: All Analytics URLs have failed @ https://scripts.converteai.net/lib/js/smartplayer-wc/v4/smartplayer.js:1
[42277566ms] [ERROR] Failed to load resource: net::ERR_INTERNET_DISCONNECTED @ https://sentry.io/api/4509130195468288/envelope/:0
[42277566ms] [ERROR] Failed to load resource: net::ERR_INTERNET_DISCONNECTED @ https://sentry.io/api/4509130195468288/envelope/:0
[42279982ms] [ERROR] Failed to load resource: net::ERR_INTERNET_DISCONNECTED @ https://vt-h-1.b-cdn.net/x:0
[42279983ms] [ERROR] Failed to load resource: net::ERR_INTERNET_DISCONNECTED @ https://vt-h-1.b-cdn.net/x:0
[42280771ms] [ERROR] Failed to load resource: net::ERR_INTERNET_DISCONNECTED @ https://vt-h-1.b-cdn.net/x:0
[42280772ms] [ERROR] Failed to load resource: net::ERR_INTERNET_DISCONNECTED @ https://vt-h-1.b-cdn.net/x:0
[42283773ms] [WARNING] The resource https://cdn.converteai.net/8961d838-aff2-4dce-9b39-e84022d332ce/6a52f890d71bd640bbb2a65d/main.m3u8 was preloaded using link preload but not used within a few seconds from the window's load event. Please make sure it has an appropriate `as` value and it is preloaded intentionally. @ http://localhost:8848/quiz2.html:0
[42283774ms] [WARNING] The resource https://cdn.converteai.net/8961d838-aff2-4dce-9b39-e84022d332ce/6a52fa0e3d8ea0afcdc8b377/main.m3u8 was preloaded using link preload but not used within a few seconds from the window's load event. Please make sure it has an appropriate `as` value and it is preloaded intentionally. @ http://localhost:8848/quiz2.html:0
[42286392ms] [ERROR] Failed to load resource: net::ERR_INTERNET_DISCONNECTED @ https://a.vturb.com/x:0
[42286393ms] [ERROR] [31m[ERROR]:[0m Analytics Services - Hermes: Failed to fetch @ https://scripts.converteai.net/lib/js/smartplayer-wc/v4/smartplayer.js:1
[42286393ms] [ERROR] Failed to load resource: net::ERR_INTERNET_DISCONNECTED @ https://a.vturb.com/x:0
[42286394ms] [ERROR] [31m[ERROR]:[0m Analytics Services - Hermes: Failed to fetch @ https://scripts.converteai.net/lib/js/smartplayer-wc/v4/smartplayer.js:1
[42286397ms] [ERROR] Failed to load resource: net::ERR_INTERNET_DISCONNECTED @ https://sentry.io/api/4509130195468288/envelope/:0
[42286397ms] [ERROR] Failed to load resource: net::ERR_INTERNET_DISCONNECTED @ https://sentry.io/api/4509130195468288/envelope/:0
[42286475ms] [ERROR] Failed to load resource: net::ERR_INTERNET_DISCONNECTED @ https://a.vturb.com/x:0
[42286476ms] [ERROR] [31m[ERROR]:[0m Analytics Services - Hermes: All Analytics URLs have failed @ https://scripts.converteai.net/lib/js/smartplayer-wc/v4/smartplayer.js:1
[42286476ms] [ERROR] Failed to load resource: net::ERR_INTERNET_DISCONNECTED @ https://a.vturb.com/x:0
[42286477ms] [ERROR] [31m[ERROR]:[0m Analytics Services - Hermes: All Analytics URLs have failed @ https://scripts.converteai.net/lib/js/smartplayer-wc/v4/smartplayer.js:1
[42286480ms] [ERROR] Failed to load resource: net::ERR_INTERNET_DISCONNECTED @ https://sentry.io/api/4509130195468288/envelope/:0
[42286480ms] [ERROR] Failed to load resource: net::ERR_INTERNET_DISCONNECTED @ https://sentry.io/api/4509130195468288/envelope/:0
[42286884ms] [ERROR] Failed to load resource: net::ERR_INTERNET_DISCONNECTED @ https://vt-h-1.b-cdn.net/x:0
[42286886ms] [ERROR] Failed to load resource: net::ERR_INTERNET_DISCONNECTED @ https://vt-h-1.b-cdn.net/x:0
[42287180ms] [ERROR] Failed to load resource: net::ERR_INTERNET_DISCONNECTED @ https://a.vturb.com/x:0
[42287181ms] [ERROR] [31m[ERROR]:[0m Analytics Services - Hermes: Failed to fetch @ https://scripts.converteai.net/lib/js/smartplayer-wc/v4/smartplayer.js:1
[42287181ms] [ERROR] Failed to load resource: net::ERR_INTERNET_DISCONNECTED @ https://a.vturb.com/x:0
[42287181ms] [ERROR] [31m[ERROR]:[0m Analytics Services - Hermes: Failed to fetch @ https://scripts.converteai.net/lib/js/smartplayer-wc/v4/smartplayer.js:1
[42287186ms] [ERROR] Failed to load resource: net::ERR_INTERNET_DISCONNECTED @ https://sentry.io/api/4509130195468288/envelope/:0
[42287186ms] [ERROR] Failed to load resource: net::ERR_INTERNET_DISCONNECTED @ https://sentry.io/api/4509130195468288/envelope/:0
[42287264ms] [ERROR] Failed to load resource: net::ERR_INTERNET_DISCONNECTED @ https://a.vturb.com/x:0
[42287265ms] [ERROR] [31m[ERROR]:[0m Analytics Services - Hermes: All Analytics URLs have failed @ https://scripts.converteai.net/lib/js/smartplayer-wc/v4/smartplayer.js:1
[42287265ms] [ERROR] Failed to load resource: net::ERR_INTERNET_DISCONNECTED @ https://a.vturb.com/x:0
[42287266ms] [ERROR] [31m[ERROR]:[0m Analytics Services - Hermes: All Analytics URLs have failed @ https://scripts.converteai.net/lib/js/smartplayer-wc/v4/smartplayer.js:1
[42287269ms] [ERROR] Failed to load resource: net::ERR_INTERNET_DISCONNECTED @ https://sentry.io/api/4509130195468288/envelope/:0
[42287269ms] [ERROR] Failed to load resource: net::ERR_INTERNET_DISCONNECTED @ https://sentry.io/api/4509130195468288/envelope/:0
[42287674ms] [ERROR] Failed to load resource: net::ERR_INTERNET_DISCONNECTED @ https://vt-h-1.b-cdn.net/x:0
[42287676ms] [ERROR] Failed to load resource: net::ERR_INTERNET_DISCONNECTED @ https://vt-h-1.b-cdn.net/x:0
[42287691ms] [ERROR] Failed to load resource: net::ERR_INTERNET_DISCONNECTED @ https://a.vturb.com/x:0
[42287691ms] [ERROR] [31m[ERROR]:[0m Analytics Services - Hermes: All Analytics URLs have failed @ https://scripts.converteai.net/lib/js/smartplayer-wc/v4/smartplayer.js:1
[42287692ms] [ERROR] Failed to load resource: net::ERR_INTERNET_DISCONNECTED @ https://a.vturb.com/x:0
[42287692ms] [ERROR] [31m[ERROR]:[0m Analytics Services - Hermes: All Analytics URLs have failed @ https://scripts.converteai.net/lib/js/smartplayer-wc/v4/smartplayer.js:1
[42287696ms] [ERROR] Failed to load resource: net::ERR_INTERNET_DISCONNECTED @ https://sentry.io/api/4509130195468288/envelope/:0
[42287696ms] [ERROR] Failed to load resource: net::ERR_INTERNET_DISCONNECTED @ https://sentry.io/api/4509130195468288/envelope/:0
[42288482ms] [ERROR] Failed to load resource: net::ERR_INTERNET_DISCONNECTED @ https://a.vturb.com/x:0
[42288482ms] [ERROR] [31m[ERROR]:[0m Analytics Services - Hermes: All Analytics URLs have failed @ https://scripts.converteai.net/lib/js/smartplayer-wc/v4/smartplayer.js:1
[42288483ms] [ERROR] Failed to load resource: net::ERR_INTERNET_DISCONNECTED @ https://a.vturb.com/x:0
[42288483ms] [ERROR] [31m[ERROR]:[0m Analytics Services - Hermes: All Analytics URLs have failed @ https://scripts.converteai.net/lib/js/smartplayer-wc/v4/smartplayer.js:1
[42288487ms] [ERROR] Failed to load resource: net::ERR_INTERNET_DISCONNECTED @ https://sentry.io/api/4509130195468288/envelope/:0
[42288487ms] [ERROR] Failed to load resource: net::ERR_INTERNET_DISCONNECTED @ https://sentry.io/api/4509130195468288/envelope/:0
[42289300ms] [ERROR] Failed to load resource: net::ERR_INTERNET_DISCONNECTED @ https://vt-h-1.b-cdn.net/x:0
[42289302ms] [ERROR] Failed to load resource: net::ERR_INTERNET_DISCONNECTED @ https://vt-h-1.b-cdn.net/x:0
[42290090ms] [ERROR] Failed to load resource: net::ERR_INTERNET_DISCONNECTED @ https://vt-h-1.b-cdn.net/x:0
[42290091ms] [ERROR] Failed to load resource: net::ERR_INTERNET_DISCONNECTED @ https://vt-h-1.b-cdn.net/x:0
[42292507ms] [ERROR] Failed to load resource: net::ERR_INTERNET_DISCONNECTED @ https://a.vturb.com/x:0
[42292508ms] [ERROR] [31m[ERROR]:[0m Analytics Services - Hermes: All Analytics URLs have failed @ https://scripts.converteai.net/lib/js/smartplayer-wc/v4/smartplayer.js:1
[42292508ms] [ERROR] Failed to load resource: net::ERR_INTERNET_DISCONNECTED @ https://a.vturb.com/x:0
[42292509ms] [ERROR] [31m[ERROR]:[0m Analytics Services - Hermes: All Analytics URLs have failed @ https://scripts.converteai.net/lib/js/smartplayer-wc/v4/smartplayer.js:1
[42292511ms] [ERROR] Failed to load resource: net::ERR_INTERNET_DISCONNECTED @ https://sentry.io/api/4509130195468288/envelope/:0
[42292511ms] [ERROR] Failed to load resource: net::ERR_INTERNET_DISCONNECTED @ https://sentry.io/api/4509130195468288/envelope/:0
[42293298ms] [ERROR] Failed to load resource: net::ERR_INTERNET_DISCONNECTED @ https://a.vturb.com/x:0
[42293299ms] [ERROR] [31m[ERROR]:[0m Analytics Services - Hermes: All Analytics URLs have failed @ https://scripts.converteai.net/lib/js/smartplayer-wc/v4/smartplayer.js:1
[42293300ms] [ERROR] Failed to load resource: net::ERR_INTERNET_DISCONNECTED @ https://a.vturb.com/x:0
[42293300ms] [ERROR] [31m[ERROR]:[0m Analytics Services - Hermes: All Analytics URLs have failed @ https://scripts.converteai.net/lib/js/smartplayer-wc/v4/smartplayer.js:1
[42293303ms] [ERROR] Failed to load resource: net::ERR_INTERNET_DISCONNECTED @ https://sentry.io/api/4509130195468288/envelope/:0
[42293304ms] [ERROR] Failed to load resource: net::ERR_INTERNET_DISCONNECTED @ https://sentry.io/api/4509130195468288/envelope/:0
[42296305ms] [WARNING] The resource https://cdn.converteai.net/8961d838-aff2-4dce-9b39-e84022d332ce/6a52f890d71bd640bbb2a65d/main.m3u8 was preloaded using link preload but not used within a few seconds from the window's load event. Please make sure it has an appropriate `as` value and it is preloaded intentionally. @ http://localhost:8848/quiz2.html:0
[42296305ms] [WARNING] The resource https://cdn.converteai.net/8961d838-aff2-4dce-9b39-e84022d332ce/6a52fa0e3d8ea0afcdc8b377/main.m3u8 was preloaded using link preload but not used within a few seconds from the window's load event. Please make sure it has an appropriate `as` value and it is preloaded intentionally. @ http://localhost:8848/quiz2.html:0
[42341254ms] [ERROR] Failed to load resource: net::ERR_INTERNET_DISCONNECTED @ https://vt-h-1.b-cdn.net/x:0
[42341255ms] [ERROR] [31m[ERROR]:[0m Analytics Services - Hermes: Failed to fetch @ https://scripts.converteai.net/lib/js/smartplayer-wc/v4/smartplayer.js:1
[42341258ms] [ERROR] Failed to load resource: net::ERR_INTERNET_DISCONNECTED @ https://vt-h-1.b-cdn.net/x:0
[42341259ms] [ERROR] [31m[ERROR]:[0m Analytics Services - Hermes: Failed to fetch @ https://scripts.converteai.net/lib/js/smartplayer-wc/v4/smartplayer.js:1
[42341262ms] [ERROR] Failed to load resource: net::ERR_INTERNET_DISCONNECTED @ https://sentry.io/api/4509130195468288/envelope/:0
[42341263ms] [ERROR] Failed to load resource: net::ERR_INTERNET_DISCONNECTED @ https://sentry.io/api/4509130195468288/envelope/:0
[42341339ms] [ERROR] Failed to load resource: net::ERR_INTERNET_DISCONNECTED @ https://vt-h-1.b-cdn.net/x:0
[42341340ms] [ERROR] Failed to load resource: net::ERR_INTERNET_DISCONNECTED @ https://vt-h-1.b-cdn.net/x:0
[42341747ms] [ERROR] Failed to load resource: net::ERR_INTERNET_DISCONNECTED @ https://a.vturb.com/x:0
[42341748ms] [ERROR] [31m[ERROR]:[0m Analytics Services - Hermes: All Analytics URLs have failed @ https://scripts.converteai.net/lib/js/smartplayer-wc/v4/smartplayer.js:1
[42341748ms] [ERROR] Failed to load resource: net::ERR_INTERNET_DISCONNECTED @ https://a.vturb.com/x:0
[42341749ms] [ERROR] [31m[ERROR]:[0m Analytics Services - Hermes: All Analytics URLs have failed @ https://scripts.converteai.net/lib/js/smartplayer-wc/v4/smartplayer.js:1
[42341753ms] [ERROR] Failed to load resource: net::ERR_INTERNET_DISCONNECTED @ https://sentry.io/api/4509130195468288/envelope/:0
[42341753ms] [ERROR] Failed to load resource: net::ERR_INTERNET_DISCONNECTED @ https://sentry.io/api/4509130195468288/envelope/:0
[42342043ms] [ERROR] Failed to load resource: net::ERR_INTERNET_DISCONNECTED @ https://vt-h-1.b-cdn.net/x:0
[42342044ms] [ERROR] [31m[ERROR]:[0m Analytics Services - Hermes: Failed to fetch @ https://scripts.converteai.net/lib/js/smartplayer-wc/v4/smartplayer.js:1
[42342044ms] [ERROR] Failed to load resource: net::ERR_INTERNET_DISCONNECTED @ https://vt-h-1.b-cdn.net/x:0
[42342045ms] [ERROR] [31m[ERROR]:[0m Analytics Services - Hermes: Failed to fetch @ https://scripts.converteai.net/lib/js/smartplayer-wc/v4/smartplayer.js:1
[42342048ms] [ERROR] Failed to load resource: net::ERR_INTERNET_DISCONNECTED @ https://sentry.io/api/4509130195468288/envelope/:0
[42342048ms] [ERROR] Failed to load resource: net::ERR_INTERNET_DISCONNECTED @ https://sentry.io/api/4509130195468288/envelope/:0
[42342126ms] [ERROR] Failed to load resource: net::ERR_INTERNET_DISCONNECTED @ https://vt-h-1.b-cdn.net/x:0
[42342127ms] [ERROR] Failed to load resource: net::ERR_INTERNET_DISCONNECTED @ https://vt-h-1.b-cdn.net/x:0
[42342533ms] [ERROR] Failed to load resource: net::ERR_INTERNET_DISCONNECTED @ https://a.vturb.com/x:0
[42342534ms] [ERROR] [31m[ERROR]:[0m Analytics Services - Hermes: All Analytics URLs have failed @ https://scripts.converteai.net/lib/js/smartplayer-wc/v4/smartplayer.js:1
[42342535ms] [ERROR] Failed to load resource: net::ERR_INTERNET_DISCONNECTED @ https://a.vturb.com/x:0
[42342535ms] [ERROR] [31m[ERROR]:[0m Analytics Services - Hermes: All Analytics URLs have failed @ https://scripts.converteai.net/lib/js/smartplayer-wc/v4/smartplayer.js:1
[42342539ms] [ERROR] Failed to load resource: net::ERR_INTERNET_DISCONNECTED @ https://sentry.io/api/4509130195468288/envelope/:0
[42342539ms] [ERROR] Failed to load resource: net::ERR_INTERNET_DISCONNECTED @ https://sentry.io/api/4509130195468288/envelope/:0
[42342556ms] [ERROR] Failed to load resource: net::ERR_INTERNET_DISCONNECTED @ https://vt-h-1.b-cdn.net/x:0
[42342557ms] [ERROR] Failed to load resource: net::ERR_INTERNET_DISCONNECTED @ https://vt-h-1.b-cdn.net/x:0
[42343343ms] [ERROR] Failed to load resource: net::ERR_INTERNET_DISCONNECTED @ https://vt-h-1.b-cdn.net/x:0
[42343344ms] [ERROR] Failed to load resource: net::ERR_INTERNET_DISCONNECTED @ https://vt-h-1.b-cdn.net/x:0
[42344163ms] [ERROR] Failed to load resource: net::ERR_INTERNET_DISCONNECTED @ https://a.vturb.com/x:0
[42344164ms] [ERROR] [31m[ERROR]:[0m Analytics Services - Hermes: All Analytics URLs have failed @ https://scripts.converteai.net/lib/js/smartplayer-wc/v4/smartplayer.js:1
[42344164ms] [ERROR] Failed to load resource: net::ERR_INTERNET_DISCONNECTED @ https://a.vturb.com/x:0
[42344165ms] [ERROR] [31m[ERROR]:[0m Analytics Services - Hermes: All Analytics URLs have failed @ https://scripts.converteai.net/lib/js/smartplayer-wc/v4/smartplayer.js:1
[42344167ms] [ERROR] Failed to load resource: net::ERR_INTERNET_DISCONNECTED @ https://sentry.io/api/4509130195468288/envelope/:0
[42344168ms] [ERROR] Failed to load resource: net::ERR_INTERNET_DISCONNECTED @ https://sentry.io/api/4509130195468288/envelope/:0
[42344951ms] [ERROR] Failed to load resource: net::ERR_INTERNET_DISCONNECTED @ https://a.vturb.com/x:0
[42344952ms] [ERROR] [31m[ERROR]:[0m Analytics Services - Hermes: All Analytics URLs have failed @ https://scripts.converteai.net/lib/js/smartplayer-wc/v4/smartplayer.js:1
[42344952ms] [ERROR] Failed to load resource: net::ERR_INTERNET_DISCONNECTED @ https://a.vturb.com/x:0
[42344953ms] [ERROR] [31m[ERROR]:[0m Analytics Services - Hermes: All Analytics URLs have failed @ https://scripts.converteai.net/lib/js/smartplayer-wc/v4/smartplayer.js:1
[42344956ms] [ERROR] Failed to load resource: net::ERR_INTERNET_DISCONNECTED @ https://sentry.io/api/4509130195468288/envelope/:0
[42344957ms] [ERROR] Failed to load resource: net::ERR_INTERNET_DISCONNECTED @ https://sentry.io/api/4509130195468288/envelope/:0
[42347373ms] [ERROR] Failed to load resource: net::ERR_INTERNET_DISCONNECTED @ https://vt-h-1.b-cdn.net/x:0
[42347373ms] [ERROR] Failed to load resource: net::ERR_INTERNET_DISCONNECTED @ https://vt-h-1.b-cdn.net/x:0
[42348161ms] [ERROR] Failed to load resource: net::ERR_INTERNET_DISCONNECTED @ https://vt-h-1.b-cdn.net/x:0
[42348161ms] [ERROR] Failed to load resource: net::ERR_INTERNET_DISCONNECTED @ https://vt-h-1.b-cdn.net/x:0
[42351162ms] [WARNING] The resource https://cdn.converteai.net/8961d838-aff2-4dce-9b39-e84022d332ce/6a52f890d71bd640bbb2a65d/main.m3u8 was preloaded using link preload but not used within a few seconds from the window's load event. Please make sure it has an appropriate `as` value and it is preloaded intentionally. @ http://localhost:8848/quiz2.html:0
[42351163ms] [WARNING] The resource https://cdn.converteai.net/8961d838-aff2-4dce-9b39-e84022d332ce/6a52fa0e3d8ea0afcdc8b377/main.m3u8 was preloaded using link preload but not used within a few seconds from the window's load event. Please make sure it has an appropriate `as` value and it is preloaded intentionally. @ http://localhost:8848/quiz2.html:0
[42353781ms] [ERROR] Failed to load resource: net::ERR_INTERNET_DISCONNECTED @ https://a.vturb.com/x:0
[42353782ms] [ERROR] [31m[ERROR]:[0m Analytics Services - Hermes: Failed to fetch @ https://scripts.converteai.net/lib/js/smartplayer-wc/v4/smartplayer.js:1
[42353783ms] [ERROR] Failed to load resource: net::ERR_INTERNET_DISCONNECTED @ https://a.vturb.com/x:0
[42353783ms] [ERROR] [31m[ERROR]:[0m Analytics Services - Hermes: Failed to fetch @ https://scripts.converteai.net/lib/js/smartplayer-wc/v4/smartplayer.js:1
[42353789ms] [ERROR] Failed to load resource: net::ERR_INTERNET_DISCONNECTED @ https://sentry.io/api/4509130195468288/envelope/:0
[42353789ms] [ERROR] Failed to load resource: net::ERR_INTERNET_DISCONNECTED @ https://sentry.io/api/4509130195468288/envelope/:0
[42353867ms] [ERROR] Failed to load resource: net::ERR_INTERNET_DISCONNECTED @ https://a.vturb.com/x:0
[42353868ms] [ERROR] [31m[ERROR]:[0m Analytics Services - Hermes: All Analytics URLs have failed @ https://scripts.converteai.net/lib/js/smartplayer-wc/v4/smartplayer.js:1
[42353868ms] [ERROR] Failed to load resource: net::ERR_INTERNET_DISCONNECTED @ https://a.vturb.com/x:0
[42353869ms] [ERROR] [31m[ERROR]:[0m Analytics Services - Hermes: All Analytics URLs have failed @ https://scripts.converteai.net/lib/js/smartplayer-wc/v4/smartplayer.js:1
[42353874ms] [ERROR] Failed to load resource: net::ERR_INTERNET_DISCONNECTED @ https://sentry.io/api/4509130195468288/envelope/:0
[42353874ms] [ERROR] Failed to load resource: net::ERR_INTERNET_DISCONNECTED @ https://sentry.io/api/4509130195468288/envelope/:0
[42354277ms] [ERROR] Failed to load resource: net::ERR_INTERNET_DISCONNECTED @ https://vt-h-1.b-cdn.net/x:0
[42354278ms] [ERROR] Failed to load resource: net::ERR_INTERNET_DISCONNECTED @ https://vt-h-1.b-cdn.net/x:0
[42354569ms] [ERROR] Failed to load resource: net::ERR_INTERNET_DISCONNECTED @ https://a.vturb.com/x:0
[42354570ms] [ERROR] [31m[ERROR]:[0m Analytics Services - Hermes: Failed to fetch @ https://scripts.converteai.net/lib/js/smartplayer-wc/v4/smartplayer.js:1
[42354570ms] [ERROR] Failed to load resource: net::ERR_INTERNET_DISCONNECTED @ https://a.vturb.com/x:0
[42354571ms] [ERROR] [31m[ERROR]:[0m Analytics Services - Hermes: Failed to fetch @ https://scripts.converteai.net/lib/js/smartplayer-wc/v4/smartplayer.js:1
[42354574ms] [ERROR] Failed to load resource: net::ERR_INTERNET_DISCONNECTED @ https://sentry.io/api/4509130195468288/envelope/:0
[42354574ms] [ERROR] Failed to load resource: net::ERR_INTERNET_DISCONNECTED @ https://sentry.io/api/4509130195468288/envelope/:0
[42354654ms] [ERROR] Failed to load resource: net::ERR_INTERNET_DISCONNECTED @ https://a.vturb.com/x:0
[42354655ms] [ERROR] [31m[ERROR]:[0m Analytics Services - Hermes: All Analytics URLs have failed @ https://scripts.converteai.net/lib/js/smartplayer-wc/v4/smartplayer.js:1
[42354656ms] [ERROR] Failed to load resource: net::ERR_INTERNET_DISCONNECTED @ https://a.vturb.com/x:0
[42354656ms] [ERROR] [31m[ERROR]:[0m Analytics Services - Hermes: All Analytics URLs have failed @ https://scripts.converteai.net/lib/js/smartplayer-wc/v4/smartplayer.js:1
[42354659ms] [ERROR] Failed to load resource: net::ERR_INTERNET_DISCONNECTED @ https://sentry.io/api/4509130195468288/envelope/:0
[42354659ms] [ERROR] Failed to load resource: net::ERR_INTERNET_DISCONNECTED @ https://sentry.io/api/4509130195468288/envelope/:0
[42355063ms] [ERROR] Failed to load resource: net::ERR_INTERNET_DISCONNECTED @ https://vt-h-1.b-cdn.net/x:0
[42355064ms] [ERROR] Failed to load resource: net::ERR_INTERNET_DISCONNECTED @ https://vt-h-1.b-cdn.net/x:0
[42355085ms] [ERROR] Failed to load resource: net::ERR_INTERNET_DISCONNECTED @ https://a.vturb.com/x:0
[42355086ms] [ERROR] [31m[ERROR]:[0m Analytics Services - Hermes: All Analytics URLs have failed @ https://scripts.converteai.net/lib/js/smartplayer-wc/v4/smartplayer.js:1
[42355086ms] [ERROR] Failed to load resource: net::ERR_INTERNET_DISCONNECTED @ https://a.vturb.com/x:0
[42355087ms] [ERROR] [31m[ERROR]:[0m Analytics Services - Hermes: All Analytics URLs have failed @ https://scripts.converteai.net/lib/js/smartplayer-wc/v4/smartplayer.js:1
[42355091ms] [ERROR] Failed to load resource: net::ERR_INTERNET_DISCONNECTED @ https://sentry.io/api/4509130195468288/envelope/:0
[42355091ms] [ERROR] Failed to load resource: net::ERR_INTERNET_DISCONNECTED @ https://sentry.io/api/4509130195468288/envelope/:0
[42355868ms] [ERROR] Failed to load resource: net::ERR_INTERNET_DISCONNECTED @ https://a.vturb.com/x:0
[42355868ms] [ERROR] [31m[ERROR]:[0m Analytics Services - Hermes: All Analytics URLs have failed @ https://scripts.converteai.net/lib/js/smartplayer-wc/v4/smartplayer.js:1
[42355868ms] [ERROR] Failed to load resource: net::ERR_INTERNET_DISCONNECTED @ https://a.vturb.com/x:0
[42355869ms] [ERROR] [31m[ERROR]:[0m Analytics Services - Hermes: All Analytics URLs have failed @ https://scripts.converteai.net/lib/js/smartplayer-wc/v4/smartplayer.js:1
[42355870ms] [ERROR] Failed to load resource: net::ERR_INTERNET_DISCONNECTED @ https://sentry.io/api/4509130195468288/envelope/:0
[42355870ms] [ERROR] Failed to load resource: net::ERR_INTERNET_DISCONNECTED @ https://sentry.io/api/4509130195468288/envelope/:0
[42356693ms] [ERROR] Failed to load resource: net::ERR_INTERNET_DISCONNECTED @ https://vt-h-1.b-cdn.net/x:0
[42356694ms] [ERROR] Failed to load resource: net::ERR_INTERNET_DISCONNECTED @ https://vt-h-1.b-cdn.net/x:0
[42357476ms] [ERROR] Failed to load resource: net::ERR_INTERNET_DISCONNECTED @ https://vt-h-1.b-cdn.net/x:0
[42357477ms] [ERROR] Failed to load resource: net::ERR_INTERNET_DISCONNECTED @ https://vt-h-1.b-cdn.net/x:0
[42359901ms] [ERROR] Failed to load resource: net::ERR_INTERNET_DISCONNECTED @ https://a.vturb.com/x:0
[42359902ms] [ERROR] [31m[ERROR]:[0m Analytics Services - Hermes: All Analytics URLs have failed @ https://scripts.converteai.net/lib/js/smartplayer-wc/v4/smartplayer.js:1
[42359902ms] [ERROR] Failed to load resource: net::ERR_INTERNET_DISCONNECTED @ https://a.vturb.com/x:0
[42359903ms] [ERROR] [31m[ERROR]:[0m Analytics Services - Hermes: All Analytics URLs have failed @ https://scripts.converteai.net/lib/js/smartplayer-wc/v4/smartplayer.js:1
[42359907ms] [ERROR] Failed to load resource: net::ERR_INTERNET_DISCONNECTED @ https://sentry.io/api/4509130195468288/envelope/:0
[42359907ms] [ERROR] Failed to load resource: net::ERR_INTERNET_DISCONNECTED @ https://sentry.io/api/4509130195468288/envelope/:0
[42360685ms] [ERROR] Failed to load resource: net::ERR_INTERNET_DISCONNECTED @ https://a.vturb.com/x:0
[42360686ms] [ERROR] [31m[ERROR]:[0m Analytics Services - Hermes: All Analytics URLs have failed @ https://scripts.converteai.net/lib/js/smartplayer-wc/v4/smartplayer.js:1
[42360686ms] [ERROR] Failed to load resource: net::ERR_INTERNET_DISCONNECTED @ https://a.vturb.com/x:0
[42360687ms] [ERROR] [31m[ERROR]:[0m Analytics Services - Hermes: All Analytics URLs have failed @ https://scripts.converteai.net/lib/js/smartplayer-wc/v4/smartplayer.js:1
[42360691ms] [ERROR] Failed to load resource: net::ERR_INTERNET_DISCONNECTED @ https://sentry.io/api/4509130195468288/envelope/:0
[42360691ms] [ERROR] Failed to load resource: net::ERR_INTERNET_DISCONNECTED @ https://sentry.io/api/4509130195468288/envelope/:0
[42363692ms] [WARNING] The resource https://cdn.converteai.net/8961d838-aff2-4dce-9b39-e84022d332ce/6a52f890d71bd640bbb2a65d/main.m3u8 was preloaded using link preload but not used within a few seconds from the window's load event. Please make sure it has an appropriate `as` value and it is preloaded intentionally. @ http://localhost:8848/quiz2.html:0
[42363692ms] [WARNING] The resource https://cdn.converteai.net/8961d838-aff2-4dce-9b39-e84022d332ce/6a52fa0e3d8ea0afcdc8b377/main.m3u8 was preloaded using link preload but not used within a few seconds from the window's load event. Please make sure it has an appropriate `as` value and it is preloaded intentionally. @ http://localhost:8848/quiz2.html:0
[42366309ms] [ERROR] Failed to load resource: net::ERR_INTERNET_DISCONNECTED @ https://vt-h-1.b-cdn.net/x:0
[42366310ms] [ERROR] [31m[ERROR]:[0m Analytics Services - Hermes: Failed to fetch @ https://scripts.converteai.net/lib/js/smartplayer-wc/v4/smartplayer.js:1
[42366311ms] [ERROR] Failed to load resource: net::ERR_INTERNET_DISCONNECTED @ https://vt-h-1.b-cdn.net/x:0
[42366311ms] [ERROR] [31m[ERROR]:[0m Analytics Services - Hermes: Failed to fetch @ https://scripts.converteai.net/lib/js/smartplayer-wc/v4/smartplayer.js:1
[42366313ms] [ERROR] Failed to load resource: net::ERR_INTERNET_DISCONNECTED @ https://sentry.io/api/4509130195468288/envelope/:0
[42366314ms] [ERROR] Failed to load resource: net::ERR_INTERNET_DISCONNECTED @ https://sentry.io/api/4509130195468288/envelope/:0
[42366393ms] [ERROR] Failed to load resource: net::ERR_INTERNET_DISCONNECTED @ https://vt-h-1.b-cdn.net/x:0
[42366394ms] [ERROR] Failed to load resource: net::ERR_INTERNET_DISCONNECTED @ https://vt-h-1.b-cdn.net/x:0
[42366799ms] [ERROR] Failed to load resource: net::ERR_INTERNET_DISCONNECTED @ https://a.vturb.com/x:0
[42366800ms] [ERROR] [31m[ERROR]:[0m Analytics Services - Hermes: All Analytics URLs have failed @ https://scripts.converteai.net/lib/js/smartplayer-wc/v4/smartplayer.js:1
[42366801ms] [ERROR] Failed to load resource: net::ERR_INTERNET_DISCONNECTED @ https://a.vturb.com/x:0
[42366801ms] [ERROR] [31m[ERROR]:[0m Analytics Services - Hermes: All Analytics URLs have failed @ https://scripts.converteai.net/lib/js/smartplayer-wc/v4/smartplayer.js:1
[42366804ms] [ERROR] Failed to load resource: net::ERR_INTERNET_DISCONNECTED @ https://sentry.io/api/4509130195468288/envelope/:0
[42366805ms] [ERROR] Failed to load resource: net::ERR_INTERNET_DISCONNECTED @ https://sentry.io/api/4509130195468288/envelope/:0
[42367092ms] [ERROR] Failed to load resource: net::ERR_INTERNET_DISCONNECTED @ https://vt-h-1.b-cdn.net/x:0
[42367093ms] [ERROR] [31m[ERROR]:[0m Analytics Services - Hermes: Failed to fetch @ https://scripts.converteai.net/lib/js/smartplayer-wc/v4/smartplayer.js:1
[42367094ms] [ERROR] Failed to load resource: net::ERR_INTERNET_DISCONNECTED @ https://vt-h-1.b-cdn.net/x:0
[42367094ms] [ERROR] [31m[ERROR]:[0m Analytics Services - Hermes: Failed to fetch @ https://scripts.converteai.net/lib/js/smartplayer-wc/v4/smartplayer.js:1
[42367097ms] [ERROR] Failed to load resource: net::ERR_INTERNET_DISCONNECTED @ https://sentry.io/api/4509130195468288/envelope/:0
[42367097ms] [ERROR] Failed to load resource: net::ERR_INTERNET_DISCONNECTED @ https://sentry.io/api/4509130195468288/envelope/:0
[42367175ms] [ERROR] Failed to load resource: net::ERR_INTERNET_DISCONNECTED @ https://vt-h-1.b-cdn.net/x:0
[42367176ms] [ERROR] Failed to load resource: net::ERR_INTERNET_DISCONNECTED @ https://vt-h-1.b-cdn.net/x:0
[42367583ms] [ERROR] Failed to load resource: net::ERR_INTERNET_DISCONNECTED @ https://a.vturb.com/x:0
[42367584ms] [ERROR] [31m[ERROR]:[0m Analytics Services - Hermes: All Analytics URLs have failed @ https://scripts.converteai.net/lib/js/smartplayer-wc/v4/smartplayer.js:1
[42367585ms] [ERROR] Failed to load resource: net::ERR_INTERNET_DISCONNECTED @ https://a.vturb.com/x:0
[42367585ms] [ERROR] [31m[ERROR]:[0m Analytics Services - Hermes: All Analytics URLs have failed @ https://scripts.converteai.net/lib/js/smartplayer-wc/v4/smartplayer.js:1
[42367588ms] [ERROR] Failed to load resource: net::ERR_INTERNET_DISCONNECTED @ https://sentry.io/api/4509130195468288/envelope/:0
[42367588ms] [ERROR] Failed to load resource: net::ERR_INTERNET_DISCONNECTED @ https://sentry.io/api/4509130195468288/envelope/:0
[42367605ms] [ERROR] Failed to load resource: net::ERR_INTERNET_DISCONNECTED @ https://vt-h-1.b-cdn.net/x:0
[42367606ms] [ERROR] Failed to load resource: net::ERR_INTERNET_DISCONNECTED @ https://vt-h-1.b-cdn.net/x:0
[42368391ms] [ERROR] Failed to load resource: net::ERR_INTERNET_DISCONNECTED @ https://vt-h-1.b-cdn.net/x:0
[42368392ms] [ERROR] Failed to load resource: net::ERR_INTERNET_DISCONNECTED @ https://vt-h-1.b-cdn.net/x:0
[42369214ms] [ERROR] Failed to load resource: net::ERR_INTERNET_DISCONNECTED @ https://a.vturb.com/x:0
[42369215ms] [ERROR] [31m[ERROR]:[0m Analytics Services - Hermes: All Analytics URLs have failed @ https://scripts.converteai.net/lib/js/smartplayer-wc/v4/smartplayer.js:1
[42369215ms] [ERROR] Failed to load resource: net::ERR_INTERNET_DISCONNECTED @ https://a.vturb.com/x:0
[42369216ms] [ERROR] [31m[ERROR]:[0m Analytics Services - Hermes: All Analytics URLs have failed @ https://scripts.converteai.net/lib/js/smartplayer-wc/v4/smartplayer.js:1
[42369219ms] [ERROR] Failed to load resource: net::ERR_INTERNET_DISCONNECTED @ https://sentry.io/api/4509130195468288/envelope/:0
[42369219ms] [ERROR] Failed to load resource: net::ERR_INTERNET_DISCONNECTED @ https://sentry.io/api/4509130195468288/envelope/:0
[42369999ms] [ERROR] Failed to load resource: net::ERR_INTERNET_DISCONNECTED @ https://a.vturb.com/x:0
[42370000ms] [ERROR] [31m[ERROR]:[0m Analytics Services - Hermes: All Analytics URLs have failed @ https://scripts.converteai.net/lib/js/smartplayer-wc/v4/smartplayer.js:1
[42370001ms] [ERROR] Failed to load resource: net::ERR_INTERNET_DISCONNECTED @ https://a.vturb.com/x:0
[42370001ms] [ERROR] [31m[ERROR]:[0m Analytics Services - Hermes: All Analytics URLs have failed @ https://scripts.converteai.net/lib/js/smartplayer-wc/v4/smartplayer.js:1
[42370004ms] [ERROR] Failed to load resource: net::ERR_INTERNET_DISCONNECTED @ https://sentry.io/api/4509130195468288/envelope/:0
[42370004ms] [ERROR] Failed to load resource: net::ERR_INTERNET_DISCONNECTED @ https://sentry.io/api/4509130195468288/envelope/:0
[42372424ms] [ERROR] Failed to load resource: net::ERR_INTERNET_DISCONNECTED @ https://vt-h-1.b-cdn.net/x:0
[42372424ms] [ERROR] Failed to load resource: net::ERR_INTERNET_DISCONNECTED @ https://vt-h-1.b-cdn.net/x:0
[42373208ms] [ERROR] Failed to load resource: net::ERR_INTERNET_DISCONNECTED @ https://vt-h-1.b-cdn.net/x:0
[42373209ms] [ERROR] Failed to load resource: net::ERR_INTERNET_DISCONNECTED @ https://vt-h-1.b-cdn.net/x:0
[42376210ms] [WARNING] The resource https://cdn.converteai.net/8961d838-aff2-4dce-9b39-e84022d332ce/6a52f890d71bd640bbb2a65d/main.m3u8 was preloaded using link preload but not used within a few seconds from the window's load event. Please make sure it has an appropriate `as` value and it is preloaded intentionally. @ http://localhost:8848/quiz2.html:0
[42376211ms] [WARNING] The resource https://cdn.converteai.net/8961d838-aff2-4dce-9b39-e84022d332ce/6a52fa0e3d8ea0afcdc8b377/main.m3u8 was preloaded using link preload but not used within a few seconds from the window's load event. Please make sure it has an appropriate `as` value and it is preloaded intentionally. @ http://localhost:8848/quiz2.html:0
[42378832ms] [ERROR] Failed to load resource: net::ERR_INTERNET_DISCONNECTED @ https://a.vturb.com/x:0
[42378833ms] [ERROR] [31m[ERROR]:[0m Analytics Services - Hermes: Failed to fetch @ https://scripts.converteai.net/lib/js/smartplayer-wc/v4/smartplayer.js:1
[42378834ms] [ERROR] Failed to load resource: net::ERR_INTERNET_DISCONNECTED @ https://a.vturb.com/x:0
[42378834ms] [ERROR] [31m[ERROR]:[0m Analytics Services - Hermes: Failed to fetch @ https://scripts.converteai.net/lib/js/smartplayer-wc/v4/smartplayer.js:1
[42378838ms] [ERROR] Failed to load resource: net::ERR_INTERNET_DISCONNECTED @ https://sentry.io/api/4509130195468288/envelope/:0
[42378838ms] [ERROR] Failed to load resource: net::ERR_INTERNET_DISCONNECTED @ https://sentry.io/api/4509130195468288/envelope/:0
[42378917ms] [ERROR] Failed to load resource: net::ERR_INTERNET_DISCONNECTED @ https://a.vturb.com/x:0
[42378918ms] [ERROR] [31m[ERROR]:[0m Analytics Services - Hermes: All Analytics URLs have failed @ https://scripts.converteai.net/lib/js/smartplayer-wc/v4/smartplayer.js:1
[42378918ms] [ERROR] Failed to load resource: net::ERR_INTERNET_DISCONNECTED @ https://a.vturb.com/x:0
[42378919ms] [ERROR] [31m[ERROR]:[0m Analytics Services - Hermes: All Analytics URLs have failed @ https://scripts.converteai.net/lib/js/smartplayer-wc/v4/smartplayer.js:1
[42378922ms] [ERROR] Failed to load resource: net::ERR_INTERNET_DISCONNECTED @ https://sentry.io/api/4509130195468288/envelope/:0
[42378922ms] [ERROR] Failed to load resource: net::ERR_INTERNET_DISCONNECTED @ https://sentry.io/api/4509130195468288/envelope/:0
[42379327ms] [ERROR] Failed to load resource: net::ERR_INTERNET_DISCONNECTED @ https://vt-h-1.b-cdn.net/x:0
[42379328ms] [ERROR] Failed to load resource: net::ERR_INTERNET_DISCONNECTED @ https://vt-h-1.b-cdn.net/x:0
[42379616ms] [ERROR] Failed to load resource: net::ERR_INTERNET_DISCONNECTED @ https://a.vturb.com/x:0
[42379617ms] [ERROR] [31m[ERROR]:[0m Analytics Services - Hermes: Failed to fetch @ https://scripts.converteai.net/lib/js/smartplayer-wc/v4/smartplayer.js:1
[42379617ms] [ERROR] Failed to load resource: net::ERR_INTERNET_DISCONNECTED @ https://a.vturb.com/x:0
[42379618ms] [ERROR] [31m[ERROR]:[0m Analytics Services - Hermes: Failed to fetch @ https://scripts.converteai.net/lib/js/smartplayer-wc/v4/smartplayer.js:1
[42379621ms] [ERROR] Failed to load resource: net::ERR_INTERNET_DISCONNECTED @ https://sentry.io/api/4509130195468288/envelope/:0
[42379621ms] [ERROR] Failed to load resource: net::ERR_INTERNET_DISCONNECTED @ https://sentry.io/api/4509130195468288/envelope/:0
[42379700ms] [ERROR] Failed to load resource: net::ERR_INTERNET_DISCONNECTED @ https://a.vturb.com/x:0
[42379700ms] [ERROR] [31m[ERROR]:[0m Analytics Services - Hermes: All Analytics URLs have failed @ https://scripts.converteai.net/lib/js/smartplayer-wc/v4/smartplayer.js:1
[42379701ms] [ERROR] Failed to load resource: net::ERR_INTERNET_DISCONNECTED @ https://a.vturb.com/x:0
[42379701ms] [ERROR] [31m[ERROR]:[0m Analytics Services - Hermes: All Analytics URLs have failed @ https://scripts.converteai.net/lib/js/smartplayer-wc/v4/smartplayer.js:1
[42379705ms] [ERROR] Failed to load resource: net::ERR_INTERNET_DISCONNECTED @ https://sentry.io/api/4509130195468288/envelope/:0
[42379705ms] [ERROR] Failed to load resource: net::ERR_INTERNET_DISCONNECTED @ https://sentry.io/api/4509130195468288/envelope/:0
[42380108ms] [ERROR] Failed to load resource: net::ERR_INTERNET_DISCONNECTED @ https://vt-h-1.b-cdn.net/x:0
[42380109ms] [ERROR] Failed to load resource: net::ERR_INTERNET_DISCONNECTED @ https://vt-h-1.b-cdn.net/x:0
[42380135ms] [ERROR] Failed to load resource: net::ERR_INTERNET_DISCONNECTED @ https://a.vturb.com/x:0
[42380136ms] [ERROR] [31m[ERROR]:[0m Analytics Services - Hermes: All Analytics URLs have failed @ https://scripts.converteai.net/lib/js/smartplayer-wc/v4/smartplayer.js:1
[42380136ms] [ERROR] Failed to load resource: net::ERR_INTERNET_DISCONNECTED @ https://a.vturb.com/x:0
[42380136ms] [ERROR] [31m[ERROR]:[0m Analytics Services - Hermes: All Analytics URLs have failed @ https://scripts.converteai.net/lib/js/smartplayer-wc/v4/smartplayer.js:1
[42380140ms] [ERROR] Failed to load resource: net::ERR_INTERNET_DISCONNECTED @ https://sentry.io/api/4509130195468288/envelope/:0
[42380140ms] [ERROR] Failed to load resource: net::ERR_INTERNET_DISCONNECTED @ https://sentry.io/api/4509130195468288/envelope/:0
[42380916ms] [ERROR] Failed to load resource: net::ERR_INTERNET_DISCONNECTED @ https://a.vturb.com/x:0
[42380916ms] [ERROR] [31m[ERROR]:[0m Analytics Services - Hermes: All Analytics URLs have failed @ https://scripts.converteai.net/lib/js/smartplayer-wc/v4/smartplayer.js:1
[42380917ms] [ERROR] Failed to load resource: net::ERR_INTERNET_DISCONNECTED @ https://a.vturb.com/x:0
[42380917ms] [ERROR] [31m[ERROR]:[0m Analytics Services - Hermes: All Analytics URLs have failed @ https://scripts.converteai.net/lib/js/smartplayer-wc/v4/smartplayer.js:1
[42380920ms] [ERROR] Failed to load resource: net::ERR_INTERNET_DISCONNECTED @ https://sentry.io/api/4509130195468288/envelope/:0
[42380921ms] [ERROR] Failed to load resource: net::ERR_INTERNET_DISCONNECTED @ https://sentry.io/api/4509130195468288/envelope/:0
[42381741ms] [ERROR] Failed to load resource: net::ERR_INTERNET_DISCONNECTED @ https://vt-h-1.b-cdn.net/x:0
[42381742ms] [ERROR] Failed to load resource: net::ERR_INTERNET_DISCONNECTED @ https://vt-h-1.b-cdn.net/x:0
[42382528ms] [ERROR] Failed to load resource: net::ERR_INTERNET_DISCONNECTED @ https://vt-h-1.b-cdn.net/x:0
[42382528ms] [ERROR] Failed to load resource: net::ERR_INTERNET_DISCONNECTED @ https://vt-h-1.b-cdn.net/x:0
[42384950ms] [ERROR] Failed to load resource: net::ERR_INTERNET_DISCONNECTED @ https://a.vturb.com/x:0
[42384951ms] [ERROR] [31m[ERROR]:[0m Analytics Services - Hermes: All Analytics URLs have failed @ https://scripts.converteai.net/lib/js/smartplayer-wc/v4/smartplayer.js:1
[42384952ms] [ERROR] Failed to load resource: net::ERR_INTERNET_DISCONNECTED @ https://a.vturb.com/x:0
[42384952ms] [ERROR] [31m[ERROR]:[0m Analytics Services - Hermes: All Analytics URLs have failed @ https://scripts.converteai.net/lib/js/smartplayer-wc/v4/smartplayer.js:1
[42384956ms] [ERROR] Failed to load resource: net::ERR_INTERNET_DISCONNECTED @ https://sentry.io/api/4509130195468288/envelope/:0
[42384956ms] [ERROR] Failed to load resource: net::ERR_INTERNET_DISCONNECTED @ https://sentry.io/api/4509130195468288/envelope/:0
[42385737ms] [ERROR] Failed to load resource: net::ERR_INTERNET_DISCONNECTED @ https://a.vturb.com/x:0
[42385738ms] [ERROR] [31m[ERROR]:[0m Analytics Services - Hermes: All Analytics URLs have failed @ https://scripts.converteai.net/lib/js/smartplayer-wc/v4/smartplayer.js:1
[42385739ms] [ERROR] Failed to load resource: net::ERR_INTERNET_DISCONNECTED @ https://a.vturb.com/x:0
[42385739ms] [ERROR] [31m[ERROR]:[0m Analytics Services - Hermes: All Analytics URLs have failed @ https://scripts.converteai.net/lib/js/smartplayer-wc/v4/smartplayer.js:1
[42385742ms] [ERROR] Failed to load resource: net::ERR_INTERNET_DISCONNECTED @ https://sentry.io/api/4509130195468288/envelope/:0
[42385742ms] [ERROR] Failed to load resource: net::ERR_INTERNET_DISCONNECTED @ https://sentry.io/api/4509130195468288/envelope/:0
[42518418ms] [WARNING] The resource https://cdn.converteai.net/8961d838-aff2-4dce-9b39-e84022d332ce/6a52f890d71bd640bbb2a65d/main.m3u8 was preloaded using link preload but not used within a few seconds from the window's load event. Please make sure it has an appropriate `as` value and it is preloaded intentionally. @ http://localhost:8848/quiz2.html:0
[42518418ms] [WARNING] The resource https://cdn.converteai.net/8961d838-aff2-4dce-9b39-e84022d332ce/6a52fa0e3d8ea0afcdc8b377/main.m3u8 was preloaded using link preload but not used within a few seconds from the window's load event. Please make sure it has an appropriate `as` value and it is preloaded intentionally. @ http://localhost:8848/quiz2.html:0
[42521033ms] [ERROR] Failed to load resource: net::ERR_INTERNET_DISCONNECTED @ https://vt-h-1.b-cdn.net/x:0
[42521033ms] [ERROR] [31m[ERROR]:[0m Analytics Services - Hermes: Failed to fetch @ https://scripts.converteai.net/lib/js/smartplayer-wc/v4/smartplayer.js:1
[42521034ms] [ERROR] Failed to load resource: net::ERR_INTERNET_DISCONNECTED @ https://vt-h-1.b-cdn.net/x:0
[42521034ms] [ERROR] [31m[ERROR]:[0m Analytics Services - Hermes: Failed to fetch @ https://scripts.converteai.net/lib/js/smartplayer-wc/v4/smartplayer.js:1
[42521037ms] [ERROR] Failed to load resource: net::ERR_INTERNET_DISCONNECTED @ https://sentry.io/api/4509130195468288/envelope/:0
[42521037ms] [ERROR] Failed to load resource: net::ERR_INTERNET_DISCONNECTED @ https://sentry.io/api/4509130195468288/envelope/:0
[42521116ms] [ERROR] Failed to load resource: net::ERR_INTERNET_DISCONNECTED @ https://vt-h-1.b-cdn.net/x:0
[42521117ms] [ERROR] Failed to load resource: net::ERR_INTERNET_DISCONNECTED @ https://vt-h-1.b-cdn.net/x:0
[42521525ms] [ERROR] Failed to load resource: net::ERR_INTERNET_DISCONNECTED @ https://a.vturb.com/x:0
[42521526ms] [ERROR] [31m[ERROR]:[0m Analytics Services - Hermes: All Analytics URLs have failed @ https://scripts.converteai.net/lib/js/smartplayer-wc/v4/smartplayer.js:1
[42521526ms] [ERROR] Failed to load resource: net::ERR_INTERNET_DISCONNECTED @ https://a.vturb.com/x:0
[42521527ms] [ERROR] [31m[ERROR]:[0m Analytics Services - Hermes: All Analytics URLs have failed @ https://scripts.converteai.net/lib/js/smartplayer-wc/v4/smartplayer.js:1
[42521530ms] [ERROR] Failed to load resource: net::ERR_INTERNET_DISCONNECTED @ https://sentry.io/api/4509130195468288/envelope/:0
[42521531ms] [ERROR] Failed to load resource: net::ERR_INTERNET_DISCONNECTED @ https://sentry.io/api/4509130195468288/envelope/:0
[42521819ms] [ERROR] Failed to load resource: net::ERR_INTERNET_DISCONNECTED @ https://vt-h-1.b-cdn.net/x:0
[42521820ms] [ERROR] [31m[ERROR]:[0m Analytics Services - Hermes: Failed to fetch @ https://scripts.converteai.net/lib/js/smartplayer-wc/v4/smartplayer.js:1
[42521820ms] [ERROR] Failed to load resource: net::ERR_INTERNET_DISCONNECTED @ https://vt-h-1.b-cdn.net/x:0
[42521821ms] [ERROR] [31m[ERROR]:[0m Analytics Services - Hermes: Failed to fetch @ https://scripts.converteai.net/lib/js/smartplayer-wc/v4/smartplayer.js:1
[42521823ms] [ERROR] Failed to load resource: net::ERR_INTERNET_DISCONNECTED @ https://sentry.io/api/4509130195468288/envelope/:0
[42521823ms] [ERROR] Failed to load resource: net::ERR_INTERNET_DISCONNECTED @ https://sentry.io/api/4509130195468288/envelope/:0
[42521903ms] [ERROR] Failed to load resource: net::ERR_INTERNET_DISCONNECTED @ https://vt-h-1.b-cdn.net/x:0
[42521904ms] [ERROR] Failed to load resource: net::ERR_INTERNET_DISCONNECTED @ https://vt-h-1.b-cdn.net/x:0
[42522314ms] [ERROR] Failed to load resource: net::ERR_INTERNET_DISCONNECTED @ https://a.vturb.com/x:0
[42522315ms] [ERROR] [31m[ERROR]:[0m Analytics Services - Hermes: All Analytics URLs have failed @ https://scripts.converteai.net/lib/js/smartplayer-wc/v4/smartplayer.js:1
[42522315ms] [ERROR] Failed to load resource: net::ERR_INTERNET_DISCONNECTED @ https://a.vturb.com/x:0
[42522316ms] [ERROR] [31m[ERROR]:[0m Analytics Services - Hermes: All Analytics URLs have failed @ https://scripts.converteai.net/lib/js/smartplayer-wc/v4/smartplayer.js:1
[42522318ms] [ERROR] Failed to load resource: net::ERR_INTERNET_DISCONNECTED @ https://sentry.io/api/4509130195468288/envelope/:0
[42522319ms] [ERROR] Failed to load resource: net::ERR_INTERNET_DISCONNECTED @ https://sentry.io/api/4509130195468288/envelope/:0
[42522331ms] [ERROR] Failed to load resource: net::ERR_INTERNET_DISCONNECTED @ https://vt-h-1.b-cdn.net/x:0
[42522332ms] [ERROR] Failed to load resource: net::ERR_INTERNET_DISCONNECTED @ https://vt-h-1.b-cdn.net/x:0
[42523124ms] [ERROR] Failed to load resource: net::ERR_INTERNET_DISCONNECTED @ https://vt-h-1.b-cdn.net/x:0
[42523125ms] [ERROR] Failed to load resource: net::ERR_INTERNET_DISCONNECTED @ https://vt-h-1.b-cdn.net/x:0
[42523940ms] [ERROR] Failed to load resource: net::ERR_INTERNET_DISCONNECTED @ https://a.vturb.com/x:0
[42523941ms] [ERROR] [31m[ERROR]:[0m Analytics Services - Hermes: All Analytics URLs have failed @ https://scripts.converteai.net/lib/js/smartplayer-wc/v4/smartplayer.js:1
[42523941ms] [ERROR] Failed to load resource: net::ERR_INTERNET_DISCONNECTED @ https://a.vturb.com/x:0
[42523942ms] [ERROR] [31m[ERROR]:[0m Analytics Services - Hermes: All Analytics URLs have failed @ https://scripts.converteai.net/lib/js/smartplayer-wc/v4/smartplayer.js:1
[42523945ms] [ERROR] Failed to load resource: net::ERR_INTERNET_DISCONNECTED @ https://sentry.io/api/4509130195468288/envelope/:0
[42523945ms] [ERROR] Failed to load resource: net::ERR_INTERNET_DISCONNECTED @ https://sentry.io/api/4509130195468288/envelope/:0
[42524733ms] [ERROR] Failed to load resource: net::ERR_INTERNET_DISCONNECTED @ https://a.vturb.com/x:0
[42524734ms] [ERROR] [31m[ERROR]:[0m Analytics Services - Hermes: All Analytics URLs have failed @ https://scripts.converteai.net/lib/js/smartplayer-wc/v4/smartplayer.js:1
[42524734ms] [ERROR] Failed to load resource: net::ERR_INTERNET_DISCONNECTED @ https://a.vturb.com/x:0
[42524735ms] [ERROR] [31m[ERROR]:[0m Analytics Services - Hermes: All Analytics URLs have failed @ https://scripts.converteai.net/lib/js/smartplayer-wc/v4/smartplayer.js:1
[42524737ms] [ERROR] Failed to load resource: net::ERR_INTERNET_DISCONNECTED @ https://sentry.io/api/4509130195468288/envelope/:0
[42524737ms] [ERROR] Failed to load resource: net::ERR_INTERNET_DISCONNECTED @ https://sentry.io/api/4509130195468288/envelope/:0
[42527150ms] [ERROR] Failed to load resource: net::ERR_INTERNET_DISCONNECTED @ https://vt-h-1.b-cdn.net/x:0
[42527150ms] [ERROR] Failed to load resource: net::ERR_INTERNET_DISCONNECTED @ https://vt-h-1.b-cdn.net/x:0
[42527943ms] [ERROR] Failed to load resource: net::ERR_INTERNET_DISCONNECTED @ https://vt-h-1.b-cdn.net/x:0
[42527945ms] [ERROR] Failed to load resource: net::ERR_INTERNET_DISCONNECTED @ https://vt-h-1.b-cdn.net/x:0
[42530947ms] [WARNING] The resource https://cdn.converteai.net/8961d838-aff2-4dce-9b39-e84022d332ce/6a52f890d71bd640bbb2a65d/main.m3u8 was preloaded using link preload but not used within a few seconds from the window's load event. Please make sure it has an appropriate `as` value and it is preloaded intentionally. @ http://localhost:8848/quiz2.html:0
[42530947ms] [WARNING] The resource https://cdn.converteai.net/8961d838-aff2-4dce-9b39-e84022d332ce/6a52fa0e3d8ea0afcdc8b377/main.m3u8 was preloaded using link preload but not used within a few seconds from the window's load event. Please make sure it has an appropriate `as` value and it is preloaded intentionally. @ http://localhost:8848/quiz2.html:0
[42533559ms] [ERROR] Failed to load resource: net::ERR_INTERNET_DISCONNECTED @ https://a.vturb.com/x:0
[42533560ms] [ERROR] [31m[ERROR]:[0m Analytics Services - Hermes: Failed to fetch @ https://scripts.converteai.net/lib/js/smartplayer-wc/v4/smartplayer.js:1
[42533560ms] [ERROR] Failed to load resource: net::ERR_INTERNET_DISCONNECTED @ https://a.vturb.com/x:0
[42533561ms] [ERROR] [31m[ERROR]:[0m Analytics Services - Hermes: Failed to fetch @ https://scripts.converteai.net/lib/js/smartplayer-wc/v4/smartplayer.js:1
[42533564ms] [ERROR] Failed to load resource: net::ERR_INTERNET_DISCONNECTED @ https://sentry.io/api/4509130195468288/envelope/:0
[42533564ms] [ERROR] Failed to load resource: net::ERR_INTERNET_DISCONNECTED @ https://sentry.io/api/4509130195468288/envelope/:0
[42533645ms] [ERROR] Failed to load resource: net::ERR_INTERNET_DISCONNECTED @ https://a.vturb.com/x:0
[42533646ms] [ERROR] [31m[ERROR]:[0m Analytics Services - Hermes: All Analytics URLs have failed @ https://scripts.converteai.net/lib/js/smartplayer-wc/v4/smartplayer.js:1
[42533646ms] [ERROR] Failed to load resource: net::ERR_INTERNET_DISCONNECTED @ https://a.vturb.com/x:0
[42533647ms] [ERROR] [31m[ERROR]:[0m Analytics Services - Hermes: All Analytics URLs have failed @ https://scripts.converteai.net/lib/js/smartplayer-wc/v4/smartplayer.js:1
[42533650ms] [ERROR] Failed to load resource: net::ERR_INTERNET_DISCONNECTED @ https://sentry.io/api/4509130195468288/envelope/:0
[42533650ms] [ERROR] Failed to load resource: net::ERR_INTERNET_DISCONNECTED @ https://sentry.io/api/4509130195468288/envelope/:0
[42534054ms] [ERROR] Failed to load resource: net::ERR_INTERNET_DISCONNECTED @ https://vt-h-1.b-cdn.net/x:0
[42534055ms] [ERROR] Failed to load resource: net::ERR_INTERNET_DISCONNECTED @ https://vt-h-1.b-cdn.net/x:0
[42534350ms] [ERROR] Failed to load resource: net::ERR_INTERNET_DISCONNECTED @ https://a.vturb.com/x:0
[42534351ms] [ERROR] [31m[ERROR]:[0m Analytics Services - Hermes: Failed to fetch @ https://scripts.converteai.net/lib/js/smartplayer-wc/v4/smartplayer.js:1
[42534352ms] [ERROR] Failed to load resource: net::ERR_INTERNET_DISCONNECTED @ https://a.vturb.com/x:0
[42534352ms] [ERROR] [31m[ERROR]:[0m Analytics Services - Hermes: Failed to fetch @ https://scripts.converteai.net/lib/js/smartplayer-wc/v4/smartplayer.js:1
[42534355ms] [ERROR] Failed to load resource: net::ERR_INTERNET_DISCONNECTED @ https://sentry.io/api/4509130195468288/envelope/:0
[42534355ms] [ERROR] Failed to load resource: net::ERR_INTERNET_DISCONNECTED @ https://sentry.io/api/4509130195468288/envelope/:0
[42534433ms] [ERROR] Failed to load resource: net::ERR_INTERNET_DISCONNECTED @ https://a.vturb.com/x:0
[42534434ms] [ERROR] [31m[ERROR]:[0m Analytics Services - Hermes: All Analytics URLs have failed @ https://scripts.converteai.net/lib/js/smartplayer-wc/v4/smartplayer.js:1
[42534435ms] [ERROR] Failed to load resource: net::ERR_INTERNET_DISCONNECTED @ https://a.vturb.com/x:0
[42534435ms] [ERROR] [31m[ERROR]:[0m Analytics Services - Hermes: All Analytics URLs have failed @ https://scripts.converteai.net/lib/js/smartplayer-wc/v4/smartplayer.js:1
[42534438ms] [ERROR] Failed to load resource: net::ERR_INTERNET_DISCONNECTED @ https://sentry.io/api/4509130195468288/envelope/:0
[42534438ms] [ERROR] Failed to load resource: net::ERR_INTERNET_DISCONNECTED @ https://sentry.io/api/4509130195468288/envelope/:0
[42534843ms] [ERROR] Failed to load resource: net::ERR_INTERNET_DISCONNECTED @ https://vt-h-1.b-cdn.net/x:0
[42534844ms] [ERROR] Failed to load resource: net::ERR_INTERNET_DISCONNECTED @ https://vt-h-1.b-cdn.net/x:0
[42534861ms] [ERROR] Failed to load resource: net::ERR_INTERNET_DISCONNECTED @ https://a.vturb.com/x:0
[42534862ms] [ERROR] [31m[ERROR]:[0m Analytics Services - Hermes: All Analytics URLs have failed @ https://scripts.converteai.net/lib/js/smartplayer-wc/v4/smartplayer.js:1
[42534863ms] [ERROR] Failed to load resource: net::ERR_INTERNET_DISCONNECTED @ https://a.vturb.com/x:0
[42534864ms] [ERROR] [31m[ERROR]:[0m Analytics Services - Hermes: All Analytics URLs have failed @ https://scripts.converteai.net/lib/js/smartplayer-wc/v4/smartplayer.js:1
[42534866ms] [ERROR] Failed to load resource: net::ERR_INTERNET_DISCONNECTED @ https://sentry.io/api/4509130195468288/envelope/:0
[42534866ms] [ERROR] Failed to load resource: net::ERR_INTERNET_DISCONNECTED @ https://sentry.io/api/4509130195468288/envelope/:0
[42535650ms] [ERROR] Failed to load resource: net::ERR_INTERNET_DISCONNECTED @ https://a.vturb.com/x:0
[42535651ms] [ERROR] [31m[ERROR]:[0m Analytics Services - Hermes: All Analytics URLs have failed @ https://scripts.converteai.net/lib/js/smartplayer-wc/v4/smartplayer.js:1
[42535651ms] [ERROR] Failed to load resource: net::ERR_INTERNET_DISCONNECTED @ https://a.vturb.com/x:0
[42535652ms] [ERROR] [31m[ERROR]:[0m Analytics Services - Hermes: All Analytics URLs have failed @ https://scripts.converteai.net/lib/js/smartplayer-wc/v4/smartplayer.js:1
[42535656ms] [ERROR] Failed to load resource: net::ERR_INTERNET_DISCONNECTED @ https://sentry.io/api/4509130195468288/envelope/:0
[42535656ms] [ERROR] Failed to load resource: net::ERR_INTERNET_DISCONNECTED @ https://sentry.io/api/4509130195468288/envelope/:0
[42536471ms] [ERROR] Failed to load resource: net::ERR_INTERNET_DISCONNECTED @ https://vt-h-1.b-cdn.net/x:0
[42536472ms] [ERROR] Failed to load resource: net::ERR_INTERNET_DISCONNECTED @ https://vt-h-1.b-cdn.net/x:0
[42537259ms] [ERROR] Failed to load resource: net::ERR_INTERNET_DISCONNECTED @ https://vt-h-1.b-cdn.net/x:0
[42537260ms] [ERROR] Failed to load resource: net::ERR_INTERNET_DISCONNECTED @ https://vt-h-1.b-cdn.net/x:0
[42539680ms] [ERROR] Failed to load resource: net::ERR_INTERNET_DISCONNECTED @ https://a.vturb.com/x:0
[42539681ms] [ERROR] [31m[ERROR]:[0m Analytics Services - Hermes: All Analytics URLs have failed @ https://scripts.converteai.net/lib/js/smartplayer-wc/v4/smartplayer.js:1
[42539682ms] [ERROR] Failed to load resource: net::ERR_INTERNET_DISCONNECTED @ https://a.vturb.com/x:0
[42539682ms] [ERROR] [31m[ERROR]:[0m Analytics Services - Hermes: All Analytics URLs have failed @ https://scripts.converteai.net/lib/js/smartplayer-wc/v4/smartplayer.js:1
[42539685ms] [ERROR] Failed to load resource: net::ERR_INTERNET_DISCONNECTED @ https://sentry.io/api/4509130195468288/envelope/:0
[42539685ms] [ERROR] Failed to load resource: net::ERR_INTERNET_DISCONNECTED @ https://sentry.io/api/4509130195468288/envelope/:0
[42540464ms] [ERROR] Failed to load resource: net::ERR_INTERNET_DISCONNECTED @ https://a.vturb.com/x:0
[42540465ms] [ERROR] [31m[ERROR]:[0m Analytics Services - Hermes: All Analytics URLs have failed @ https://scripts.converteai.net/lib/js/smartplayer-wc/v4/smartplayer.js:1
[42540465ms] [ERROR] Failed to load resource: net::ERR_INTERNET_DISCONNECTED @ https://a.vturb.com/x:0
[42540466ms] [ERROR] [31m[ERROR]:[0m Analytics Services - Hermes: All Analytics URLs have failed @ https://scripts.converteai.net/lib/js/smartplayer-wc/v4/smartplayer.js:1
[42540468ms] [ERROR] Failed to load resource: net::ERR_INTERNET_DISCONNECTED @ https://sentry.io/api/4509130195468288/envelope/:0
[42540469ms] [ERROR] Failed to load resource: net::ERR_INTERNET_DISCONNECTED @ https://sentry.io/api/4509130195468288/envelope/:0
[42543469ms] [WARNING] The resource https://cdn.converteai.net/8961d838-aff2-4dce-9b39-e84022d332ce/6a52f890d71bd640bbb2a65d/main.m3u8 was preloaded using link preload but not used within a few seconds from the window's load event. Please make sure it has an appropriate `as` value and it is preloaded intentionally. @ http://localhost:8848/quiz2.html:0
[42543470ms] [WARNING] The resource https://cdn.converteai.net/8961d838-aff2-4dce-9b39-e84022d332ce/6a52fa0e3d8ea0afcdc8b377/main.m3u8 was preloaded using link preload but not used within a few seconds from the window's load event. Please make sure it has an appropriate `as` value and it is preloaded intentionally. @ http://localhost:8848/quiz2.html:0
[42546090ms] [ERROR] Failed to load resource: net::ERR_INTERNET_DISCONNECTED @ https://vt-h-1.b-cdn.net/x:0
[42546091ms] [ERROR] [31m[ERROR]:[0m Analytics Services - Hermes: Failed to fetch @ https://scripts.converteai.net/lib/js/smartplayer-wc/v4/smartplayer.js:1
[42546091ms] [ERROR] Failed to load resource: net::ERR_INTERNET_DISCONNECTED @ https://vt-h-1.b-cdn.net/x:0
[42546092ms] [ERROR] [31m[ERROR]:[0m Analytics Services - Hermes: Failed to fetch @ https://scripts.converteai.net/lib/js/smartplayer-wc/v4/smartplayer.js:1
[42546095ms] [ERROR] Failed to load resource: net::ERR_INTERNET_DISCONNECTED @ https://sentry.io/api/4509130195468288/envelope/:0
[42546095ms] [ERROR] Failed to load resource: net::ERR_INTERNET_DISCONNECTED @ https://sentry.io/api/4509130195468288/envelope/:0
[42546174ms] [ERROR] Failed to load resource: net::ERR_INTERNET_DISCONNECTED @ https://vt-h-1.b-cdn.net/x:0
[42546175ms] [ERROR] Failed to load resource: net::ERR_INTERNET_DISCONNECTED @ https://vt-h-1.b-cdn.net/x:0
[42546579ms] [ERROR] Failed to load resource: net::ERR_INTERNET_DISCONNECTED @ https://a.vturb.com/x:0
[42546579ms] [ERROR] [31m[ERROR]:[0m Analytics Services - Hermes: All Analytics URLs have failed @ https://scripts.converteai.net/lib/js/smartplayer-wc/v4/smartplayer.js:1
[42546580ms] [ERROR] Failed to load resource: net::ERR_INTERNET_DISCONNECTED @ https://a.vturb.com/x:0
[42546580ms] [ERROR] [31m[ERROR]:[0m Analytics Services - Hermes: All Analytics URLs have failed @ https://scripts.converteai.net/lib/js/smartplayer-wc/v4/smartplayer.js:1
[42546581ms] [ERROR] Failed to load resource: net::ERR_INTERNET_DISCONNECTED @ https://sentry.io/api/4509130195468288/envelope/:0
[42546581ms] [ERROR] Failed to load resource: net::ERR_INTERNET_DISCONNECTED @ https://sentry.io/api/4509130195468288/envelope/:0
[42546875ms] [ERROR] Failed to load resource: net::ERR_INTERNET_DISCONNECTED @ https://vt-h-1.b-cdn.net/x:0
[42546876ms] [ERROR] [31m[ERROR]:[0m Analytics Services - Hermes: Failed to fetch @ https://scripts.converteai.net/lib/js/smartplayer-wc/v4/smartplayer.js:1
[42546878ms] [ERROR] Failed to load resource: net::ERR_INTERNET_DISCONNECTED @ https://vt-h-1.b-cdn.net/x:0
[42546879ms] [ERROR] [31m[ERROR]:[0m Analytics Services - Hermes: Failed to fetch @ https://scripts.converteai.net/lib/js/smartplayer-wc/v4/smartplayer.js:1
[42546880ms] [ERROR] Failed to load resource: net::ERR_INTERNET_DISCONNECTED @ https://sentry.io/api/4509130195468288/envelope/:0
[42546880ms] [ERROR] Failed to load resource: net::ERR_INTERNET_DISCONNECTED @ https://sentry.io/api/4509130195468288/envelope/:0
[42546962ms] [ERROR] Failed to load resource: net::ERR_INTERNET_DISCONNECTED @ https://vt-h-1.b-cdn.net/x:0
[42546962ms] [ERROR] Failed to load resource: net::ERR_INTERNET_DISCONNECTED @ https://vt-h-1.b-cdn.net/x:0
[42547370ms] [ERROR] Failed to load resource: net::ERR_INTERNET_DISCONNECTED @ https://a.vturb.com/x:0
[42547371ms] [ERROR] [31m[ERROR]:[0m Analytics Services - Hermes: All Analytics URLs have failed @ https://scripts.converteai.net/lib/js/smartplayer-wc/v4/smartplayer.js:1
[42547371ms] [ERROR] Failed to load resource: net::ERR_INTERNET_DISCONNECTED @ https://a.vturb.com/x:0
[42547371ms] [ERROR] [31m[ERROR]:[0m Analytics Services - Hermes: All Analytics URLs have failed @ https://scripts.converteai.net/lib/js/smartplayer-wc/v4/smartplayer.js:1
[42547375ms] [ERROR] Failed to load resource: net::ERR_INTERNET_DISCONNECTED @ https://sentry.io/api/4509130195468288/envelope/:0
[42547375ms] [ERROR] Failed to load resource: net::ERR_INTERNET_DISCONNECTED @ https://sentry.io/api/4509130195468288/envelope/:0
[42547386ms] [ERROR] Failed to load resource: net::ERR_INTERNET_DISCONNECTED @ https://vt-h-1.b-cdn.net/x:0
[42547387ms] [ERROR] Failed to load resource: net::ERR_INTERNET_DISCONNECTED @ https://vt-h-1.b-cdn.net/x:0
[42548180ms] [ERROR] Failed to load resource: net::ERR_INTERNET_DISCONNECTED @ https://vt-h-1.b-cdn.net/x:0
[42548181ms] [ERROR] Failed to load resource: net::ERR_INTERNET_DISCONNECTED @ https://vt-h-1.b-cdn.net/x:0
[42548995ms] [ERROR] Failed to load resource: net::ERR_INTERNET_DISCONNECTED @ https://a.vturb.com/x:0
[42548996ms] [ERROR] [31m[ERROR]:[0m Analytics Services - Hermes: All Analytics URLs have failed @ https://scripts.converteai.net/lib/js/smartplayer-wc/v4/smartplayer.js:1
[42548997ms] [ERROR] Failed to load resource: net::ERR_INTERNET_DISCONNECTED @ https://a.vturb.com/x:0
[42548997ms] [ERROR] [31m[ERROR]:[0m Analytics Services - Hermes: All Analytics URLs have failed @ https://scripts.converteai.net/lib/js/smartplayer-wc/v4/smartplayer.js:1
[42549000ms] [ERROR] Failed to load resource: net::ERR_INTERNET_DISCONNECTED @ https://sentry.io/api/4509130195468288/envelope/:0
[42549001ms] [ERROR] Failed to load resource: net::ERR_INTERNET_DISCONNECTED @ https://sentry.io/api/4509130195468288/envelope/:0
[42549788ms] [ERROR] Failed to load resource: net::ERR_INTERNET_DISCONNECTED @ https://a.vturb.com/x:0
[42549789ms] [ERROR] [31m[ERROR]:[0m Analytics Services - Hermes: All Analytics URLs have failed @ https://scripts.converteai.net/lib/js/smartplayer-wc/v4/smartplayer.js:1
[42549790ms] [ERROR] Failed to load resource: net::ERR_INTERNET_DISCONNECTED @ https://a.vturb.com/x:0
[42549790ms] [ERROR] [31m[ERROR]:[0m Analytics Services - Hermes: All Analytics URLs have failed @ https://scripts.converteai.net/lib/js/smartplayer-wc/v4/smartplayer.js:1
[42549794ms] [ERROR] Failed to load resource: net::ERR_INTERNET_DISCONNECTED @ https://sentry.io/api/4509130195468288/envelope/:0
[42549794ms] [ERROR] Failed to load resource: net::ERR_INTERNET_DISCONNECTED @ https://sentry.io/api/4509130195468288/envelope/:0
[42552204ms] [ERROR] Failed to load resource: net::ERR_INTERNET_DISCONNECTED @ https://vt-h-1.b-cdn.net/x:0
[42552205ms] [ERROR] Failed to load resource: net::ERR_INTERNET_DISCONNECTED @ https://vt-h-1.b-cdn.net/x:0
[42552999ms] [ERROR] Failed to load resource: net::ERR_INTERNET_DISCONNECTED @ https://vt-h-1.b-cdn.net/x:0
[42553000ms] [ERROR] Failed to load resource: net::ERR_INTERNET_DISCONNECTED @ https://vt-h-1.b-cdn.net/x:0
[42556002ms] [WARNING] The resource https://cdn.converteai.net/8961d838-aff2-4dce-9b39-e84022d332ce/6a52f890d71bd640bbb2a65d/main.m3u8 was preloaded using link preload but not used within a few seconds from the window's load event. Please make sure it has an appropriate `as` value and it is preloaded intentionally. @ http://localhost:8848/quiz2.html:0
[42556003ms] [WARNING] The resource https://cdn.converteai.net/8961d838-aff2-4dce-9b39-e84022d332ce/6a52fa0e3d8ea0afcdc8b377/main.m3u8 was preloaded using link preload but not used within a few seconds from the window's load event. Please make sure it has an appropriate `as` value and it is preloaded intentionally. @ http://localhost:8848/quiz2.html:0
[42558614ms] [ERROR] Failed to load resource: net::ERR_INTERNET_DISCONNECTED @ https://a.vturb.com/x:0
[42558615ms] [ERROR] [31m[ERROR]:[0m Analytics Services - Hermes: Failed to fetch @ https://scripts.converteai.net/lib/js/smartplayer-wc/v4/smartplayer.js:1
[42558616ms] [ERROR] Failed to load resource: net::ERR_INTERNET_DISCONNECTED @ https://a.vturb.com/x:0
[42558616ms] [ERROR] [31m[ERROR]:[0m Analytics Services - Hermes: Failed to fetch @ https://scripts.converteai.net/lib/js/smartplayer-wc/v4/smartplayer.js:1
[42558619ms] [ERROR] Failed to load resource: net::ERR_INTERNET_DISCONNECTED @ https://sentry.io/api/4509130195468288/envelope/:0
[42558619ms] [ERROR] Failed to load resource: net::ERR_INTERNET_DISCONNECTED @ https://sentry.io/api/4509130195468288/envelope/:0
[42558698ms] [ERROR] Failed to load resource: net::ERR_INTERNET_DISCONNECTED @ https://a.vturb.com/x:0
[42558699ms] [ERROR] [31m[ERROR]:[0m Analytics Services - Hermes: All Analytics URLs have failed @ https://scripts.converteai.net/lib/js/smartplayer-wc/v4/smartplayer.js:1
[42558700ms] [ERROR] Failed to load resource: net::ERR_INTERNET_DISCONNECTED @ https://a.vturb.com/x:0
[42558700ms] [ERROR] [31m[ERROR]:[0m Analytics Services - Hermes: All Analytics URLs have failed @ https://scripts.converteai.net/lib/js/smartplayer-wc/v4/smartplayer.js:1
[42558703ms] [ERROR] Failed to load resource: net::ERR_INTERNET_DISCONNECTED @ https://sentry.io/api/4509130195468288/envelope/:0
[42558703ms] [ERROR] Failed to load resource: net::ERR_INTERNET_DISCONNECTED @ https://sentry.io/api/4509130195468288/envelope/:0
[42559107ms] [ERROR] Failed to load resource: net::ERR_INTERNET_DISCONNECTED @ https://vt-h-1.b-cdn.net/x:0
[42559108ms] [ERROR] Failed to load resource: net::ERR_INTERNET_DISCONNECTED @ https://vt-h-1.b-cdn.net/x:0
[42559409ms] [ERROR] Failed to load resource: net::ERR_INTERNET_DISCONNECTED @ https://a.vturb.com/x:0
[42559410ms] [ERROR] [31m[ERROR]:[0m Analytics Services - Hermes: Failed to fetch @ https://scripts.converteai.net/lib/js/smartplayer-wc/v4/smartplayer.js:1
[42559411ms] [ERROR] Failed to load resource: net::ERR_INTERNET_DISCONNECTED @ https://a.vturb.com/x:0
[42559412ms] [ERROR] [31m[ERROR]:[0m Analytics Services - Hermes: Failed to fetch @ https://scripts.converteai.net/lib/js/smartplayer-wc/v4/smartplayer.js:1
[42559416ms] [ERROR] Failed to load resource: net::ERR_INTERNET_DISCONNECTED @ https://sentry.io/api/4509130195468288/envelope/:0
[42559416ms] [ERROR] Failed to load resource: net::ERR_INTERNET_DISCONNECTED @ https://sentry.io/api/4509130195468288/envelope/:0
[42559492ms] [ERROR] Failed to load resource: net::ERR_INTERNET_DISCONNECTED @ https://a.vturb.com/x:0
[42559493ms] [ERROR] [31m[ERROR]:[0m Analytics Services - Hermes: All Analytics URLs have failed @ https://scripts.converteai.net/lib/js/smartplayer-wc/v4/smartplayer.js:1
[42559494ms] [ERROR] Failed to load resource: net::ERR_INTERNET_DISCONNECTED @ https://a.vturb.com/x:0
[42559494ms] [ERROR] [31m[ERROR]:[0m Analytics Services - Hermes: All Analytics URLs have failed @ https://scripts.converteai.net/lib/js/smartplayer-wc/v4/smartplayer.js:1
[42559497ms] [ERROR] Failed to load resource: net::ERR_INTERNET_DISCONNECTED @ https://sentry.io/api/4509130195468288/envelope/:0
[42559497ms] [ERROR] Failed to load resource: net::ERR_INTERNET_DISCONNECTED @ https://sentry.io/api/4509130195468288/envelope/:0
[42559900ms] [ERROR] Failed to load resource: net::ERR_INTERNET_DISCONNECTED @ https://vt-h-1.b-cdn.net/x:0
[42559902ms] [ERROR] Failed to load resource: net::ERR_INTERNET_DISCONNECTED @ https://vt-h-1.b-cdn.net/x:0
[42559913ms] [ERROR] Failed to load resource: net::ERR_INTERNET_DISCONNECTED @ https://a.vturb.com/x:0
[42559914ms] [ERROR] [31m[ERROR]:[0m Analytics Services - Hermes: All Analytics URLs have failed @ https://scripts.converteai.net/lib/js/smartplayer-wc/v4/smartplayer.js:1
[42559915ms] [ERROR] Failed to load resource: net::ERR_INTERNET_DISCONNECTED @ https://a.vturb.com/x:0
[42559915ms] [ERROR] [31m[ERROR]:[0m Analytics Services - Hermes: All Analytics URLs have failed @ https://scripts.converteai.net/lib/js/smartplayer-wc/v4/smartplayer.js:1
[42559918ms] [ERROR] Failed to load resource: net::ERR_INTERNET_DISCONNECTED @ https://sentry.io/api/4509130195468288/envelope/:0
[42559918ms] [ERROR] Failed to load resource: net::ERR_INTERNET_DISCONNECTED @ https://sentry.io/api/4509130195468288/envelope/:0
[42560709ms] [ERROR] Failed to load resource: net::ERR_INTERNET_DISCONNECTED @ https://a.vturb.com/x:0
[42560711ms] [ERROR] [31m[ERROR]:[0m Analytics Services - Hermes: All Analytics URLs have failed @ https://scripts.converteai.net/lib/js/smartplayer-wc/v4/smartplayer.js:1
[42560711ms] [ERROR] Failed to load resource: net::ERR_INTERNET_DISCONNECTED @ https://a.vturb.com/x:0
[42560712ms] [ERROR] [31m[ERROR]:[0m Analytics Services - Hermes: All Analytics URLs have failed @ https://scripts.converteai.net/lib/js/smartplayer-wc/v4/smartplayer.js:1
[42560715ms] [ERROR] Failed to load resource: net::ERR_INTERNET_DISCONNECTED @ https://sentry.io/api/4509130195468288/envelope/:0
[42560715ms] [ERROR] Failed to load resource: net::ERR_INTERNET_DISCONNECTED @ https://sentry.io/api/4509130195468288/envelope/:0
[42561523ms] [ERROR] Failed to load resource: net::ERR_INTERNET_DISCONNECTED @ https://vt-h-1.b-cdn.net/x:0
[42561524ms] [ERROR] Failed to load resource: net::ERR_INTERNET_DISCONNECTED @ https://vt-h-1.b-cdn.net/x:0
[42562317ms] [ERROR] Failed to load resource: net::ERR_INTERNET_DISCONNECTED @ https://vt-h-1.b-cdn.net/x:0
[42562318ms] [ERROR] Failed to load resource: net::ERR_INTERNET_DISCONNECTED @ https://vt-h-1.b-cdn.net/x:0
[45737727ms] [ERROR] Failed to load resource: net::ERR_INTERNET_DISCONNECTED @ https://a.vturb.com/x:0
[45737727ms] [ERROR] [31m[ERROR]:[0m Analytics Services - Hermes: All Analytics URLs have failed @ https://scripts.converteai.net/lib/js/smartplayer-wc/v4/smartplayer.js:1
[45737728ms] [ERROR] Failed to load resource: net::ERR_INTERNET_DISCONNECTED @ https://a.vturb.com/x:0
[45737728ms] [ERROR] [31m[ERROR]:[0m Analytics Services - Hermes: All Analytics URLs have failed @ https://scripts.converteai.net/lib/js/smartplayer-wc/v4/smartplayer.js:1
[45737733ms] [ERROR] Failed to load resource: net::ERR_INTERNET_DISCONNECTED @ https://sentry.io/api/4509130195468288/envelope/:0
[45737733ms] [ERROR] Failed to load resource: net::ERR_INTERNET_DISCONNECTED @ https://sentry.io/api/4509130195468288/envelope/:0
[45738521ms] [ERROR] Failed to load resource: net::ERR_INTERNET_DISCONNECTED @ https://a.vturb.com/x:0
[45738523ms] [ERROR] [31m[ERROR]:[0m Analytics Services - Hermes: All Analytics URLs have failed @ https://scripts.converteai.net/lib/js/smartplayer-wc/v4/smartplayer.js:1
[45738523ms] [ERROR] Failed to load resource: net::ERR_INTERNET_DISCONNECTED @ https://a.vturb.com/x:0
[45738524ms] [ERROR] [31m[ERROR]:[0m Analytics Services - Hermes: All Analytics URLs have failed @ https://scripts.converteai.net/lib/js/smartplayer-wc/v4/smartplayer.js:1
[45738527ms] [ERROR] Failed to load resource: net::ERR_INTERNET_DISCONNECTED @ https://sentry.io/api/4509130195468288/envelope/:0
[45738527ms] [ERROR] Failed to load resource: net::ERR_INTERNET_DISCONNECTED @ https://sentry.io/api/4509130195468288/envelope/:0
[45741529ms] [WARNING] The resource https://cdn.converteai.net/8961d838-aff2-4dce-9b39-e84022d332ce/6a52f890d71bd640bbb2a65d/main.m3u8 was preloaded using link preload but not used within a few seconds from the window's load event. Please make sure it has an appropriate `as` value and it is preloaded intentionally. @ http://localhost:8848/quiz2.html:0
[45741529ms] [WARNING] The resource https://cdn.converteai.net/8961d838-aff2-4dce-9b39-e84022d332ce/6a52fa0e3d8ea0afcdc8b377/main.m3u8 was preloaded using link preload but not used within a few seconds from the window's load event. Please make sure it has an appropriate `as` value and it is preloaded intentionally. @ http://localhost:8848/quiz2.html:0
[45744140ms] [ERROR] Failed to load resource: net::ERR_INTERNET_DISCONNECTED @ https://vt-h-1.b-cdn.net/x:0
[45744142ms] [ERROR] [31m[ERROR]:[0m Analytics Services - Hermes: Failed to fetch @ https://scripts.converteai.net/lib/js/smartplayer-wc/v4/smartplayer.js:1
[45744144ms] [ERROR] Failed to load resource: net::ERR_INTERNET_DISCONNECTED @ https://vt-h-1.b-cdn.net/x:0
[45744145ms] [ERROR] [31m[ERROR]:[0m Analytics Services - Hermes: Failed to fetch @ https://scripts.converteai.net/lib/js/smartplayer-wc/v4/smartplayer.js:1
[45744147ms] [ERROR] Failed to load resource: net::ERR_INTERNET_DISCONNECTED @ https://sentry.io/api/4509130195468288/envelope/:0
[45744147ms] [ERROR] Failed to load resource: net::ERR_INTERNET_DISCONNECTED @ https://sentry.io/api/4509130195468288/envelope/:0
[45744223ms] [ERROR] Failed to load resource: net::ERR_INTERNET_DISCONNECTED @ https://vt-h-1.b-cdn.net/x:0
[45744224ms] [ERROR] Failed to load resource: net::ERR_INTERNET_DISCONNECTED @ https://vt-h-1.b-cdn.net/x:0
[45744630ms] [ERROR] Failed to load resource: net::ERR_INTERNET_DISCONNECTED @ https://a.vturb.com/x:0
[45744631ms] [ERROR] [31m[ERROR]:[0m Analytics Services - Hermes: All Analytics URLs have failed @ https://scripts.converteai.net/lib/js/smartplayer-wc/v4/smartplayer.js:1
[45744632ms] [ERROR] Failed to load resource: net::ERR_INTERNET_DISCONNECTED @ https://a.vturb.com/x:0
[45744632ms] [ERROR] [31m[ERROR]:[0m Analytics Services - Hermes: All Analytics URLs have failed @ https://scripts.converteai.net/lib/js/smartplayer-wc/v4/smartplayer.js:1
[45744635ms] [ERROR] Failed to load resource: net::ERR_INTERNET_DISCONNECTED @ https://sentry.io/api/4509130195468288/envelope/:0
[45744635ms] [ERROR] Failed to load resource: net::ERR_INTERNET_DISCONNECTED @ https://sentry.io/api/4509130195468288/envelope/:0
[45744931ms] [ERROR] Failed to load resource: net::ERR_INTERNET_DISCONNECTED @ https://vt-h-1.b-cdn.net/x:0
[45744932ms] [ERROR] [31m[ERROR]:[0m Analytics Services - Hermes: Failed to fetch @ https://scripts.converteai.net/lib/js/smartplayer-wc/v4/smartplayer.js:1
[45744932ms] [ERROR] Failed to load resource: net::ERR_INTERNET_DISCONNECTED @ https://vt-h-1.b-cdn.net/x:0
[45744933ms] [ERROR] [31m[ERROR]:[0m Analytics Services - Hermes: Failed to fetch @ https://scripts.converteai.net/lib/js/smartplayer-wc/v4/smartplayer.js:1
[45744935ms] [ERROR] Failed to load resource: net::ERR_INTERNET_DISCONNECTED @ https://sentry.io/api/4509130195468288/envelope/:0
[45744936ms] [ERROR] Failed to load resource: net::ERR_INTERNET_DISCONNECTED @ https://sentry.io/api/4509130195468288/envelope/:0
[45745016ms] [ERROR] Failed to load resource: net::ERR_INTERNET_DISCONNECTED @ https://vt-h-1.b-cdn.net/x:0
[45745018ms] [ERROR] Failed to load resource: net::ERR_INTERNET_DISCONNECTED @ https://vt-h-1.b-cdn.net/x:0
[45745424ms] [ERROR] Failed to load resource: net::ERR_INTERNET_DISCONNECTED @ https://a.vturb.com/x:0
[45745425ms] [ERROR] [31m[ERROR]:[0m Analytics Services - Hermes: All Analytics URLs have failed @ https://scripts.converteai.net/lib/js/smartplayer-wc/v4/smartplayer.js:1
[45745426ms] [ERROR] Failed to load resource: net::ERR_INTERNET_DISCONNECTED @ https://a.vturb.com/x:0
[45745426ms] [ERROR] [31m[ERROR]:[0m Analytics Services - Hermes: All Analytics URLs have failed @ https://scripts.converteai.net/lib/js/smartplayer-wc/v4/smartplayer.js:1
[45745429ms] [ERROR] Failed to load resource: net::ERR_INTERNET_DISCONNECTED @ https://sentry.io/api/4509130195468288/envelope/:0
[45745429ms] [ERROR] Failed to load resource: net::ERR_INTERNET_DISCONNECTED @ https://sentry.io/api/4509130195468288/envelope/:0
[45745436ms] [ERROR] Failed to load resource: net::ERR_INTERNET_DISCONNECTED @ https://vt-h-1.b-cdn.net/x:0
[45745438ms] [ERROR] Failed to load resource: net::ERR_INTERNET_DISCONNECTED @ https://vt-h-1.b-cdn.net/x:0
[45746234ms] [ERROR] Failed to load resource: net::ERR_INTERNET_DISCONNECTED @ https://vt-h-1.b-cdn.net/x:0
[45746235ms] [ERROR] Failed to load resource: net::ERR_INTERNET_DISCONNECTED @ https://vt-h-1.b-cdn.net/x:0
[45747044ms] [ERROR] Failed to load resource: net::ERR_INTERNET_DISCONNECTED @ https://a.vturb.com/x:0
[45747045ms] [ERROR] [31m[ERROR]:[0m Analytics Services - Hermes: All Analytics URLs have failed @ https://scripts.converteai.net/lib/js/smartplayer-wc/v4/smartplayer.js:1
[45747045ms] [ERROR] Failed to load resource: net::ERR_INTERNET_DISCONNECTED @ https://a.vturb.com/x:0
[45747045ms] [ERROR] [31m[ERROR]:[0m Analytics Services - Hermes: All Analytics URLs have failed @ https://scripts.converteai.net/lib/js/smartplayer-wc/v4/smartplayer.js:1
[45747047ms] [ERROR] Failed to load resource: net::ERR_INTERNET_DISCONNECTED @ https://sentry.io/api/4509130195468288/envelope/:0
[45747047ms] [ERROR] Failed to load resource: net::ERR_INTERNET_DISCONNECTED @ https://sentry.io/api/4509130195468288/envelope/:0
[45747842ms] [ERROR] Failed to load resource: net::ERR_INTERNET_DISCONNECTED @ https://a.vturb.com/x:0
[45747843ms] [ERROR] [31m[ERROR]:[0m Analytics Services - Hermes: All Analytics URLs have failed @ https://scripts.converteai.net/lib/js/smartplayer-wc/v4/smartplayer.js:1
[45747844ms] [ERROR] Failed to load resource: net::ERR_INTERNET_DISCONNECTED @ https://a.vturb.com/x:0
[45747844ms] [ERROR] [31m[ERROR]:[0m Analytics Services - Hermes: All Analytics URLs have failed @ https://scripts.converteai.net/lib/js/smartplayer-wc/v4/smartplayer.js:1
[45747846ms] [ERROR] Failed to load resource: net::ERR_INTERNET_DISCONNECTED @ https://sentry.io/api/4509130195468288/envelope/:0
[45747847ms] [ERROR] Failed to load resource: net::ERR_INTERNET_DISCONNECTED @ https://sentry.io/api/4509130195468288/envelope/:0
[45750253ms] [ERROR] Failed to load resource: net::ERR_INTERNET_DISCONNECTED @ https://vt-h-1.b-cdn.net/x:0
[45750255ms] [ERROR] Failed to load resource: net::ERR_INTERNET_DISCONNECTED @ https://vt-h-1.b-cdn.net/x:0
[45751051ms] [ERROR] Failed to load resource: net::ERR_INTERNET_DISCONNECTED @ https://vt-h-1.b-cdn.net/x:0
[45751052ms] [ERROR] Failed to load resource: net::ERR_INTERNET_DISCONNECTED @ https://vt-h-1.b-cdn.net/x:0
[45754054ms] [WARNING] The resource https://cdn.converteai.net/8961d838-aff2-4dce-9b39-e84022d332ce/6a52f890d71bd640bbb2a65d/main.m3u8 was preloaded using link preload but not used within a few seconds from the window's load event. Please make sure it has an appropriate `as` value and it is preloaded intentionally. @ http://localhost:8848/quiz2.html:0
[45754054ms] [WARNING] The resource https://cdn.converteai.net/8961d838-aff2-4dce-9b39-e84022d332ce/6a52fa0e3d8ea0afcdc8b377/main.m3u8 was preloaded using link preload but not used within a few seconds from the window's load event. Please make sure it has an appropriate `as` value and it is preloaded intentionally. @ http://localhost:8848/quiz2.html:0
[45756661ms] [ERROR] Failed to load resource: net::ERR_INTERNET_DISCONNECTED @ https://a.vturb.com/x:0
[45756662ms] [ERROR] [31m[ERROR]:[0m Analytics Services - Hermes: Failed to fetch @ https://scripts.converteai.net/lib/js/smartplayer-wc/v4/smartplayer.js:1
[45756663ms] [ERROR] Failed to load resource: net::ERR_INTERNET_DISCONNECTED @ https://a.vturb.com/x:0
[45756663ms] [ERROR] [31m[ERROR]:[0m Analytics Services - Hermes: Failed to fetch @ https://scripts.converteai.net/lib/js/smartplayer-wc/v4/smartplayer.js:1
[45756666ms] [ERROR] Failed to load resource: net::ERR_INTERNET_DISCONNECTED @ https://sentry.io/api/4509130195468288/envelope/:0
[45756666ms] [ERROR] Failed to load resource: net::ERR_INTERNET_DISCONNECTED @ https://sentry.io/api/4509130195468288/envelope/:0
[45756745ms] [ERROR] Failed to load resource: net::ERR_INTERNET_DISCONNECTED @ https://a.vturb.com/x:0
[45756746ms] [ERROR] [31m[ERROR]:[0m Analytics Services - Hermes: All Analytics URLs have failed @ https://scripts.converteai.net/lib/js/smartplayer-wc/v4/smartplayer.js:1
[45756746ms] [ERROR] Failed to load resource: net::ERR_INTERNET_DISCONNECTED @ https://a.vturb.com/x:0
[45756747ms] [ERROR] [31m[ERROR]:[0m Analytics Services - Hermes: All Analytics URLs have failed @ https://scripts.converteai.net/lib/js/smartplayer-wc/v4/smartplayer.js:1
[45756749ms] [ERROR] Failed to load resource: net::ERR_INTERNET_DISCONNECTED @ https://sentry.io/api/4509130195468288/envelope/:0
[45756749ms] [ERROR] Failed to load resource: net::ERR_INTERNET_DISCONNECTED @ https://sentry.io/api/4509130195468288/envelope/:0
[45757156ms] [ERROR] Failed to load resource: net::ERR_INTERNET_DISCONNECTED @ https://vt-h-1.b-cdn.net/x:0
[45757157ms] [ERROR] Failed to load resource: net::ERR_INTERNET_DISCONNECTED @ https://vt-h-1.b-cdn.net/x:0
[45757459ms] [ERROR] Failed to load resource: net::ERR_INTERNET_DISCONNECTED @ https://a.vturb.com/x:0
[45757460ms] [ERROR] [31m[ERROR]:[0m Analytics Services - Hermes: Failed to fetch @ https://scripts.converteai.net/lib/js/smartplayer-wc/v4/smartplayer.js:1
[45757460ms] [ERROR] Failed to load resource: net::ERR_INTERNET_DISCONNECTED @ https://a.vturb.com/x:0
[45757461ms] [ERROR] [31m[ERROR]:[0m Analytics Services - Hermes: Failed to fetch @ https://scripts.converteai.net/lib/js/smartplayer-wc/v4/smartplayer.js:1
[45757463ms] [ERROR] Failed to load resource: net::ERR_INTERNET_DISCONNECTED @ https://sentry.io/api/4509130195468288/envelope/:0
[45757464ms] [ERROR] Failed to load resource: net::ERR_INTERNET_DISCONNECTED @ https://sentry.io/api/4509130195468288/envelope/:0
[45757543ms] [ERROR] Failed to load resource: net::ERR_INTERNET_DISCONNECTED @ https://a.vturb.com/x:0
[45757544ms] [ERROR] [31m[ERROR]:[0m Analytics Services - Hermes: All Analytics URLs have failed @ https://scripts.converteai.net/lib/js/smartplayer-wc/v4/smartplayer.js:1
[45757544ms] [ERROR] Failed to load resource: net::ERR_INTERNET_DISCONNECTED @ https://a.vturb.com/x:0
[45757545ms] [ERROR] [31m[ERROR]:[0m Analytics Services - Hermes: All Analytics URLs have failed @ https://scripts.converteai.net/lib/js/smartplayer-wc/v4/smartplayer.js:1
[45757547ms] [ERROR] Failed to load resource: net::ERR_INTERNET_DISCONNECTED @ https://sentry.io/api/4509130195468288/envelope/:0
[45757547ms] [ERROR] Failed to load resource: net::ERR_INTERNET_DISCONNECTED @ https://sentry.io/api/4509130195468288/envelope/:0
[45757954ms] [ERROR] Failed to load resource: net::ERR_INTERNET_DISCONNECTED @ https://vt-h-1.b-cdn.net/x:0
[45757954ms] [ERROR] Failed to load resource: net::ERR_INTERNET_DISCONNECTED @ https://vt-h-1.b-cdn.net/x:0
[45757960ms] [ERROR] Failed to load resource: net::ERR_INTERNET_DISCONNECTED @ https://a.vturb.com/x:0
[45757961ms] [ERROR] [31m[ERROR]:[0m Analytics Services - Hermes: All Analytics URLs have failed @ https://scripts.converteai.net/lib/js/smartplayer-wc/v4/smartplayer.js:1
[45757961ms] [ERROR] Failed to load resource: net::ERR_INTERNET_DISCONNECTED @ https://a.vturb.com/x:0
[45757961ms] [ERROR] [31m[ERROR]:[0m Analytics Services - Hermes: All Analytics URLs have failed @ https://scripts.converteai.net/lib/js/smartplayer-wc/v4/smartplayer.js:1
[45757963ms] [ERROR] Failed to load resource: net::ERR_INTERNET_DISCONNECTED @ https://sentry.io/api/4509130195468288/envelope/:0
[45757964ms] [ERROR] Failed to load resource: net::ERR_INTERNET_DISCONNECTED @ https://sentry.io/api/4509130195468288/envelope/:0
[45758762ms] [ERROR] Failed to load resource: net::ERR_INTERNET_DISCONNECTED @ https://a.vturb.com/x:0
[45758763ms] [ERROR] [31m[ERROR]:[0m Analytics Services - Hermes: All Analytics URLs have failed @ https://scripts.converteai.net/lib/js/smartplayer-wc/v4/smartplayer.js:1
[45758763ms] [ERROR] Failed to load resource: net::ERR_INTERNET_DISCONNECTED @ https://a.vturb.com/x:0
[45758763ms] [ERROR] [31m[ERROR]:[0m Analytics Services - Hermes: All Analytics URLs have failed @ https://scripts.converteai.net/lib/js/smartplayer-wc/v4/smartplayer.js:1
[45758766ms] [ERROR] Failed to load resource: net::ERR_INTERNET_DISCONNECTED @ https://sentry.io/api/4509130195468288/envelope/:0
[45758766ms] [ERROR] Failed to load resource: net::ERR_INTERNET_DISCONNECTED @ https://sentry.io/api/4509130195468288/envelope/:0
[45759568ms] [ERROR] Failed to load resource: net::ERR_INTERNET_DISCONNECTED @ https://vt-h-1.b-cdn.net/x:0
[45759569ms] [ERROR] Failed to load resource: net::ERR_INTERNET_DISCONNECTED @ https://vt-h-1.b-cdn.net/x:0
[45760371ms] [ERROR] Failed to load resource: net::ERR_INTERNET_DISCONNECTED @ https://vt-h-1.b-cdn.net/x:0
[45760372ms] [ERROR] Failed to load resource: net::ERR_INTERNET_DISCONNECTED @ https://vt-h-1.b-cdn.net/x:0
[45762777ms] [ERROR] Failed to load resource: net::ERR_INTERNET_DISCONNECTED @ https://a.vturb.com/x:0
[45762778ms] [ERROR] [31m[ERROR]:[0m Analytics Services - Hermes: All Analytics URLs have failed @ https://scripts.converteai.net/lib/js/smartplayer-wc/v4/smartplayer.js:1
[45762779ms] [ERROR] Failed to load resource: net::ERR_INTERNET_DISCONNECTED @ https://a.vturb.com/x:0
[45762779ms] [ERROR] [31m[ERROR]:[0m Analytics Services - Hermes: All Analytics URLs have failed @ https://scripts.converteai.net/lib/js/smartplayer-wc/v4/smartplayer.js:1
[45762781ms] [ERROR] Failed to load resource: net::ERR_INTERNET_DISCONNECTED @ https://sentry.io/api/4509130195468288/envelope/:0
[45762782ms] [ERROR] Failed to load resource: net::ERR_INTERNET_DISCONNECTED @ https://sentry.io/api/4509130195468288/envelope/:0
[45763578ms] [ERROR] Failed to load resource: net::ERR_INTERNET_DISCONNECTED @ https://a.vturb.com/x:0
[45763579ms] [ERROR] [31m[ERROR]:[0m Analytics Services - Hermes: All Analytics URLs have failed @ https://scripts.converteai.net/lib/js/smartplayer-wc/v4/smartplayer.js:1
[45763579ms] [ERROR] Failed to load resource: net::ERR_INTERNET_DISCONNECTED @ https://a.vturb.com/x:0
[45763580ms] [ERROR] [31m[ERROR]:[0m Analytics Services - Hermes: All Analytics URLs have failed @ https://scripts.converteai.net/lib/js/smartplayer-wc/v4/smartplayer.js:1
[45763582ms] [ERROR] Failed to load resource: net::ERR_INTERNET_DISCONNECTED @ https://sentry.io/api/4509130195468288/envelope/:0
[45763582ms] [ERROR] Failed to load resource: net::ERR_INTERNET_DISCONNECTED @ https://sentry.io/api/4509130195468288/envelope/:0
[45766584ms] [WARNING] The resource https://cdn.converteai.net/8961d838-aff2-4dce-9b39-e84022d332ce/6a52f890d71bd640bbb2a65d/main.m3u8 was preloaded using link preload but not used within a few seconds from the window's load event. Please make sure it has an appropriate `as` value and it is preloaded intentionally. @ http://localhost:8848/quiz2.html:0
[45766584ms] [WARNING] The resource https://cdn.converteai.net/8961d838-aff2-4dce-9b39-e84022d332ce/6a52fa0e3d8ea0afcdc8b377/main.m3u8 was preloaded using link preload but not used within a few seconds from the window's load event. Please make sure it has an appropriate `as` value and it is preloaded intentionally. @ http://localhost:8848/quiz2.html:0
[45769188ms] [ERROR] Failed to load resource: net::ERR_INTERNET_DISCONNECTED @ https://vt-h-1.b-cdn.net/x:0
[45769189ms] [ERROR] [31m[ERROR]:[0m Analytics Services - Hermes: Failed to fetch @ https://scripts.converteai.net/lib/js/smartplayer-wc/v4/smartplayer.js:1
[45769189ms] [ERROR] Failed to load resource: net::ERR_INTERNET_DISCONNECTED @ https://vt-h-1.b-cdn.net/x:0
[45769190ms] [ERROR] [31m[ERROR]:[0m Analytics Services - Hermes: Failed to fetch @ https://scripts.converteai.net/lib/js/smartplayer-wc/v4/smartplayer.js:1
[45769192ms] [ERROR] Failed to load resource: net::ERR_INTERNET_DISCONNECTED @ https://sentry.io/api/4509130195468288/envelope/:0
[45769192ms] [ERROR] Failed to load resource: net::ERR_INTERNET_DISCONNECTED @ https://sentry.io/api/4509130195468288/envelope/:0
[45769272ms] [ERROR] Failed to load resource: net::ERR_INTERNET_DISCONNECTED @ https://vt-h-1.b-cdn.net/x:0
[45769273ms] [ERROR] Failed to load resource: net::ERR_INTERNET_DISCONNECTED @ https://vt-h-1.b-cdn.net/x:0
[45769681ms] [ERROR] Failed to load resource: net::ERR_INTERNET_DISCONNECTED @ https://a.vturb.com/x:0
[45769682ms] [ERROR] [31m[ERROR]:[0m Analytics Services - Hermes: All Analytics URLs have failed @ https://scripts.converteai.net/lib/js/smartplayer-wc/v4/smartplayer.js:1
[45769682ms] [ERROR] Failed to load resource: net::ERR_INTERNET_DISCONNECTED @ https://a.vturb.com/x:0
[45769683ms] [ERROR] [31m[ERROR]:[0m Analytics Services - Hermes: All Analytics URLs have failed @ https://scripts.converteai.net/lib/js/smartplayer-wc/v4/smartplayer.js:1
[45769686ms] [ERROR] Failed to load resource: net::ERR_INTERNET_DISCONNECTED @ https://sentry.io/api/4509130195468288/envelope/:0
[45769686ms] [ERROR] Failed to load resource: net::ERR_INTERNET_DISCONNECTED @ https://sentry.io/api/4509130195468288/envelope/:0
[45769987ms] [ERROR] Failed to load resource: net::ERR_INTERNET_DISCONNECTED @ https://vt-h-1.b-cdn.net/x:0
[45769988ms] [ERROR] [31m[ERROR]:[0m Analytics Services - Hermes: Failed to fetch @ https://scripts.converteai.net/lib/js/smartplayer-wc/v4/smartplayer.js:1
[45769989ms] [ERROR] Failed to load resource: net::ERR_INTERNET_DISCONNECTED @ https://vt-h-1.b-cdn.net/x:0
[45769989ms] [ERROR] [31m[ERROR]:[0m Analytics Services - Hermes: Failed to fetch @ https://scripts.converteai.net/lib/js/smartplayer-wc/v4/smartplayer.js:1
[45769992ms] [ERROR] Failed to load resource: net::ERR_INTERNET_DISCONNECTED @ https://sentry.io/api/4509130195468288/envelope/:0
[45769992ms] [ERROR] Failed to load resource: net::ERR_INTERNET_DISCONNECTED @ https://sentry.io/api/4509130195468288/envelope/:0
[45770071ms] [ERROR] Failed to load resource: net::ERR_INTERNET_DISCONNECTED @ https://vt-h-1.b-cdn.net/x:0
[45770072ms] [ERROR] Failed to load resource: net::ERR_INTERNET_DISCONNECTED @ https://vt-h-1.b-cdn.net/x:0
[45770479ms] [ERROR] Failed to load resource: net::ERR_INTERNET_DISCONNECTED @ https://a.vturb.com/x:0
[45770480ms] [ERROR] [31m[ERROR]:[0m Analytics Services - Hermes: All Analytics URLs have failed @ https://scripts.converteai.net/lib/js/smartplayer-wc/v4/smartplayer.js:1
[45770480ms] [ERROR] Failed to load resource: net::ERR_INTERNET_DISCONNECTED @ https://a.vturb.com/x:0
[45770481ms] [ERROR] [31m[ERROR]:[0m Analytics Services - Hermes: All Analytics URLs have failed @ https://scripts.converteai.net/lib/js/smartplayer-wc/v4/smartplayer.js:1
[45770484ms] [ERROR] Failed to load resource: net::ERR_INTERNET_DISCONNECTED @ https://sentry.io/api/4509130195468288/envelope/:0
[45770485ms] [ERROR] Failed to load resource: net::ERR_INTERNET_DISCONNECTED @ https://sentry.io/api/4509130195468288/envelope/:0
[45770487ms] [ERROR] Failed to load resource: net::ERR_INTERNET_DISCONNECTED @ https://vt-h-1.b-cdn.net/x:0
[45770488ms] [ERROR] Failed to load resource: net::ERR_INTERNET_DISCONNECTED @ https://vt-h-1.b-cdn.net/x:0
[45771287ms] [ERROR] Failed to load resource: net::ERR_INTERNET_DISCONNECTED @ https://vt-h-1.b-cdn.net/x:0
[45771289ms] [ERROR] Failed to load resource: net::ERR_INTERNET_DISCONNECTED @ https://vt-h-1.b-cdn.net/x:0
[45772095ms] [ERROR] Failed to load resource: net::ERR_INTERNET_DISCONNECTED @ https://a.vturb.com/x:0
[45772096ms] [ERROR] [31m[ERROR]:[0m Analytics Services - Hermes: All Analytics URLs have failed @ https://scripts.converteai.net/lib/js/smartplayer-wc/v4/smartplayer.js:1
[45772096ms] [ERROR] Failed to load resource: net::ERR_INTERNET_DISCONNECTED @ https://a.vturb.com/x:0
[45772097ms] [ERROR] [31m[ERROR]:[0m Analytics Services - Hermes: All Analytics URLs have failed @ https://scripts.converteai.net/lib/js/smartplayer-wc/v4/smartplayer.js:1
[45772099ms] [ERROR] Failed to load resource: net::ERR_INTERNET_DISCONNECTED @ https://sentry.io/api/4509130195468288/envelope/:0
[45772099ms] [ERROR] Failed to load resource: net::ERR_INTERNET_DISCONNECTED @ https://sentry.io/api/4509130195468288/envelope/:0
[45772895ms] [ERROR] Failed to load resource: net::ERR_INTERNET_DISCONNECTED @ https://a.vturb.com/x:0
[45772896ms] [ERROR] [31m[ERROR]:[0m Analytics Services - Hermes: All Analytics URLs have failed @ https://scripts.converteai.net/lib/js/smartplayer-wc/v4/smartplayer.js:1
[45772897ms] [ERROR] Failed to load resource: net::ERR_INTERNET_DISCONNECTED @ https://a.vturb.com/x:0
[45772897ms] [ERROR] [31m[ERROR]:[0m Analytics Services - Hermes: All Analytics URLs have failed @ https://scripts.converteai.net/lib/js/smartplayer-wc/v4/smartplayer.js:1
[45772900ms] [ERROR] Failed to load resource: net::ERR_INTERNET_DISCONNECTED @ https://sentry.io/api/4509130195468288/envelope/:0
[45772900ms] [ERROR] Failed to load resource: net::ERR_INTERNET_DISCONNECTED @ https://sentry.io/api/4509130195468288/envelope/:0
[45775306ms] [ERROR] Failed to load resource: net::ERR_INTERNET_DISCONNECTED @ https://vt-h-1.b-cdn.net/x:0
[45775307ms] [ERROR] Failed to load resource: net::ERR_INTERNET_DISCONNECTED @ https://vt-h-1.b-cdn.net/x:0
[45776106ms] [ERROR] Failed to load resource: net::ERR_INTERNET_DISCONNECTED @ https://vt-h-1.b-cdn.net/x:0
[45776107ms] [ERROR] Failed to load resource: net::ERR_INTERNET_DISCONNECTED @ https://vt-h-1.b-cdn.net/x:0
[45779109ms] [WARNING] The resource https://cdn.converteai.net/8961d838-aff2-4dce-9b39-e84022d332ce/6a52f890d71bd640bbb2a65d/main.m3u8 was preloaded using link preload but not used within a few seconds from the window's load event. Please make sure it has an appropriate `as` value and it is preloaded intentionally. @ http://localhost:8848/quiz2.html:0
[45779110ms] [WARNING] The resource https://cdn.converteai.net/8961d838-aff2-4dce-9b39-e84022d332ce/6a52fa0e3d8ea0afcdc8b377/main.m3u8 was preloaded using link preload but not used within a few seconds from the window's load event. Please make sure it has an appropriate `as` value and it is preloaded intentionally. @ http://localhost:8848/quiz2.html:0
[45781713ms] [ERROR] Failed to load resource: net::ERR_INTERNET_DISCONNECTED @ https://a.vturb.com/x:0
[45781714ms] [ERROR] [31m[ERROR]:[0m Analytics Services - Hermes: Failed to fetch @ https://scripts.converteai.net/lib/js/smartplayer-wc/v4/smartplayer.js:1
[45781714ms] [ERROR] Failed to load resource: net::ERR_INTERNET_DISCONNECTED @ https://a.vturb.com/x:0
[45781715ms] [ERROR] [31m[ERROR]:[0m Analytics Services - Hermes: Failed to fetch @ https://scripts.converteai.net/lib/js/smartplayer-wc/v4/smartplayer.js:1
[45781718ms] [ERROR] Failed to load resource: net::ERR_INTERNET_DISCONNECTED @ https://sentry.io/api/4509130195468288/envelope/:0
[45781718ms] [ERROR] Failed to load resource: net::ERR_INTERNET_DISCONNECTED @ https://sentry.io/api/4509130195468288/envelope/:0
[45781798ms] [ERROR] Failed to load resource: net::ERR_INTERNET_DISCONNECTED @ https://a.vturb.com/x:0
[45781799ms] [ERROR] [31m[ERROR]:[0m Analytics Services - Hermes: All Analytics URLs have failed @ https://scripts.converteai.net/lib/js/smartplayer-wc/v4/smartplayer.js:1
[45781799ms] [ERROR] Failed to load resource: net::ERR_INTERNET_DISCONNECTED @ https://a.vturb.com/x:0
[45781800ms] [ERROR] [31m[ERROR]:[0m Analytics Services - Hermes: All Analytics URLs have failed @ https://scripts.converteai.net/lib/js/smartplayer-wc/v4/smartplayer.js:1
[45781804ms] [ERROR] Failed to load resource: net::ERR_INTERNET_DISCONNECTED @ https://sentry.io/api/4509130195468288/envelope/:0
[45781804ms] [ERROR] Failed to load resource: net::ERR_INTERNET_DISCONNECTED @ https://sentry.io/api/4509130195468288/envelope/:0
[45782209ms] [ERROR] Failed to load resource: net::ERR_INTERNET_DISCONNECTED @ https://vt-h-1.b-cdn.net/x:0
[45782209ms] [ERROR] Failed to load resource: net::ERR_INTERNET_DISCONNECTED @ https://vt-h-1.b-cdn.net/x:0
[45782513ms] [ERROR] Failed to load resource: net::ERR_INTERNET_DISCONNECTED @ https://a.vturb.com/x:0
[45782514ms] [ERROR] [31m[ERROR]:[0m Analytics Services - Hermes: Failed to fetch @ https://scripts.converteai.net/lib/js/smartplayer-wc/v4/smartplayer.js:1
[45782515ms] [ERROR] Failed to load resource: net::ERR_INTERNET_DISCONNECTED @ https://a.vturb.com/x:0
[45782515ms] [ERROR] [31m[ERROR]:[0m Analytics Services - Hermes: Failed to fetch @ https://scripts.converteai.net/lib/js/smartplayer-wc/v4/smartplayer.js:1
[45782518ms] [ERROR] Failed to load resource: net::ERR_INTERNET_DISCONNECTED @ https://sentry.io/api/4509130195468288/envelope/:0
[45782518ms] [ERROR] Failed to load resource: net::ERR_INTERNET_DISCONNECTED @ https://sentry.io/api/4509130195468288/envelope/:0
[45782606ms] [ERROR] Failed to load resource: net::ERR_INTERNET_DISCONNECTED @ https://a.vturb.com/x:0
[45782607ms] [ERROR] [31m[ERROR]:[0m Analytics Services - Hermes: All Analytics URLs have failed @ https://scripts.converteai.net/lib/js/smartplayer-wc/v4/smartplayer.js:1
[45782608ms] [ERROR] Failed to load resource: net::ERR_INTERNET_DISCONNECTED @ https://a.vturb.com/x:0
[45782608ms] [ERROR] [31m[ERROR]:[0m Analytics Services - Hermes: All Analytics URLs have failed @ https://scripts.converteai.net/lib/js/smartplayer-wc/v4/smartplayer.js:1
[45782612ms] [ERROR] Failed to load resource: net::ERR_INTERNET_DISCONNECTED @ https://sentry.io/api/4509130195468288/envelope/:0
[45782612ms] [ERROR] Failed to load resource: net::ERR_INTERNET_DISCONNECTED @ https://sentry.io/api/4509130195468288/envelope/:0
[45783016ms] [ERROR] Failed to load resource: net::ERR_INTERNET_DISCONNECTED @ https://vt-h-1.b-cdn.net/x:0
[45783017ms] [ERROR] Failed to load resource: net::ERR_INTERNET_DISCONNECTED @ https://vt-h-1.b-cdn.net/x:0
[45783017ms] [ERROR] Failed to load resource: net::ERR_INTERNET_DISCONNECTED @ https://a.vturb.com/x:0
[45783018ms] [ERROR] [31m[ERROR]:[0m Analytics Services - Hermes: All Analytics URLs have failed @ https://scripts.converteai.net/lib/js/smartplayer-wc/v4/smartplayer.js:1
[45783019ms] [ERROR] Failed to load resource: net::ERR_INTERNET_DISCONNECTED @ https://a.vturb.com/x:0
[45783019ms] [ERROR] [31m[ERROR]:[0m Analytics Services - Hermes: All Analytics URLs have failed @ https://scripts.converteai.net/lib/js/smartplayer-wc/v4/smartplayer.js:1
[45783022ms] [ERROR] Failed to load resource: net::ERR_INTERNET_DISCONNECTED @ https://sentry.io/api/4509130195468288/envelope/:0
[45783023ms] [ERROR] Failed to load resource: net::ERR_INTERNET_DISCONNECTED @ https://sentry.io/api/4509130195468288/envelope/:0
[45783825ms] [ERROR] Failed to load resource: net::ERR_INTERNET_DISCONNECTED @ https://a.vturb.com/x:0
[45783826ms] [ERROR] [31m[ERROR]:[0m Analytics Services - Hermes: All Analytics URLs have failed @ https://scripts.converteai.net/lib/js/smartplayer-wc/v4/smartplayer.js:1
[45783826ms] [ERROR] Failed to load resource: net::ERR_INTERNET_DISCONNECTED @ https://a.vturb.com/x:0
[45783827ms] [ERROR] [31m[ERROR]:[0m Analytics Services - Hermes: All Analytics URLs have failed @ https://scripts.converteai.net/lib/js/smartplayer-wc/v4/smartplayer.js:1
[45783830ms] [ERROR] Failed to load resource: net::ERR_INTERNET_DISCONNECTED @ https://sentry.io/api/4509130195468288/envelope/:0
[45783830ms] [ERROR] Failed to load resource: net::ERR_INTERNET_DISCONNECTED @ https://sentry.io/api/4509130195468288/envelope/:0
[49397321ms] [ERROR] Failed to load resource: net::ERR_INTERNET_DISCONNECTED @ https://vt-h-1.b-cdn.net/x:0
[49397322ms] [ERROR] Failed to load resource: net::ERR_INTERNET_DISCONNECTED @ https://vt-h-1.b-cdn.net/x:0
[49398131ms] [ERROR] Failed to load resource: net::ERR_INTERNET_DISCONNECTED @ https://vt-h-1.b-cdn.net/x:0
[49398132ms] [ERROR] Failed to load resource: net::ERR_INTERNET_DISCONNECTED @ https://vt-h-1.b-cdn.net/x:0
[49400529ms] [ERROR] Failed to load resource: net::ERR_INTERNET_DISCONNECTED @ https://a.vturb.com/x:0
[49400529ms] [ERROR] [31m[ERROR]:[0m Analytics Services - Hermes: All Analytics URLs have failed @ https://scripts.converteai.net/lib/js/smartplayer-wc/v4/smartplayer.js:1
[49400530ms] [ERROR] Failed to load resource: net::ERR_INTERNET_DISCONNECTED @ https://a.vturb.com/x:0
[49400530ms] [ERROR] [31m[ERROR]:[0m Analytics Services - Hermes: All Analytics URLs have failed @ https://scripts.converteai.net/lib/js/smartplayer-wc/v4/smartplayer.js:1
[49400532ms] [ERROR] Failed to load resource: net::ERR_INTERNET_DISCONNECTED @ https://sentry.io/api/4509130195468288/envelope/:0
[49400532ms] [ERROR] Failed to load resource: net::ERR_INTERNET_DISCONNECTED @ https://sentry.io/api/4509130195468288/envelope/:0
[49401336ms] [ERROR] Failed to load resource: net::ERR_INTERNET_DISCONNECTED @ https://a.vturb.com/x:0
[49401337ms] [ERROR] [31m[ERROR]:[0m Analytics Services - Hermes: All Analytics URLs have failed @ https://scripts.converteai.net/lib/js/smartplayer-wc/v4/smartplayer.js:1
[49401337ms] [ERROR] Failed to load resource: net::ERR_INTERNET_DISCONNECTED @ https://a.vturb.com/x:0
[49401338ms] [ERROR] [31m[ERROR]:[0m Analytics Services - Hermes: All Analytics URLs have failed @ https://scripts.converteai.net/lib/js/smartplayer-wc/v4/smartplayer.js:1
[49401340ms] [ERROR] Failed to load resource: net::ERR_INTERNET_DISCONNECTED @ https://sentry.io/api/4509130195468288/envelope/:0
[49401340ms] [ERROR] Failed to load resource: net::ERR_INTERNET_DISCONNECTED @ https://sentry.io/api/4509130195468288/envelope/:0
[49404343ms] [WARNING] The resource https://cdn.converteai.net/8961d838-aff2-4dce-9b39-e84022d332ce/6a52f890d71bd640bbb2a65d/main.m3u8 was preloaded using link preload but not used within a few seconds from the window's load event. Please make sure it has an appropriate `as` value and it is preloaded intentionally. @ http://localhost:8848/quiz2.html:0
[49404343ms] [WARNING] The resource https://cdn.converteai.net/8961d838-aff2-4dce-9b39-e84022d332ce/6a52fa0e3d8ea0afcdc8b377/main.m3u8 was preloaded using link preload but not used within a few seconds from the window's load event. Please make sure it has an appropriate `as` value and it is preloaded intentionally. @ http://localhost:8848/quiz2.html:0
[49406938ms] [ERROR] Failed to load resource: net::ERR_INTERNET_DISCONNECTED @ https://vt-h-1.b-cdn.net/x:0
[49406939ms] [ERROR] [31m[ERROR]:[0m Analytics Services - Hermes: Failed to fetch @ https://scripts.converteai.net/lib/js/smartplayer-wc/v4/smartplayer.js:1
[49406939ms] [ERROR] Failed to load resource: net::ERR_INTERNET_DISCONNECTED @ https://vt-h-1.b-cdn.net/x:0
[49406940ms] [ERROR] [31m[ERROR]:[0m Analytics Services - Hermes: Failed to fetch @ https://scripts.converteai.net/lib/js/smartplayer-wc/v4/smartplayer.js:1
[49406942ms] [ERROR] Failed to load resource: net::ERR_INTERNET_DISCONNECTED @ https://sentry.io/api/4509130195468288/envelope/:0
[49406942ms] [ERROR] Failed to load resource: net::ERR_INTERNET_DISCONNECTED @ https://sentry.io/api/4509130195468288/envelope/:0
[49407020ms] [ERROR] Failed to load resource: net::ERR_INTERNET_DISCONNECTED @ https://vt-h-1.b-cdn.net/x:0
[49407021ms] [ERROR] Failed to load resource: net::ERR_INTERNET_DISCONNECTED @ https://vt-h-1.b-cdn.net/x:0
[49407429ms] [ERROR] Failed to load resource: net::ERR_INTERNET_DISCONNECTED @ https://a.vturb.com/x:0
[49407429ms] [ERROR] [31m[ERROR]:[0m Analytics Services - Hermes: All Analytics URLs have failed @ https://scripts.converteai.net/lib/js/smartplayer-wc/v4/smartplayer.js:1
[49407430ms] [ERROR] Failed to load resource: net::ERR_INTERNET_DISCONNECTED @ https://a.vturb.com/x:0
[49407430ms] [ERROR] [31m[ERROR]:[0m Analytics Services - Hermes: All Analytics URLs have failed @ https://scripts.converteai.net/lib/js/smartplayer-wc/v4/smartplayer.js:1
[49407433ms] [ERROR] Failed to load resource: net::ERR_INTERNET_DISCONNECTED @ https://sentry.io/api/4509130195468288/envelope/:0
[49407434ms] [ERROR] Failed to load resource: net::ERR_INTERNET_DISCONNECTED @ https://sentry.io/api/4509130195468288/envelope/:0
[49407746ms] [ERROR] Failed to load resource: net::ERR_INTERNET_DISCONNECTED @ https://vt-h-1.b-cdn.net/x:0
[49407747ms] [ERROR] [31m[ERROR]:[0m Analytics Services - Hermes: Failed to fetch @ https://scripts.converteai.net/lib/js/smartplayer-wc/v4/smartplayer.js:1
[49407749ms] [ERROR] Failed to load resource: net::ERR_INTERNET_DISCONNECTED @ https://vt-h-1.b-cdn.net/x:0
[49407749ms] [ERROR] [31m[ERROR]:[0m Analytics Services - Hermes: Failed to fetch @ https://scripts.converteai.net/lib/js/smartplayer-wc/v4/smartplayer.js:1
[49407751ms] [ERROR] Failed to load resource: net::ERR_INTERNET_DISCONNECTED @ https://sentry.io/api/4509130195468288/envelope/:0
[49407751ms] [ERROR] Failed to load resource: net::ERR_INTERNET_DISCONNECTED @ https://sentry.io/api/4509130195468288/envelope/:0
[49407831ms] [ERROR] Failed to load resource: net::ERR_INTERNET_DISCONNECTED @ https://vt-h-1.b-cdn.net/x:0
[49407832ms] [ERROR] Failed to load resource: net::ERR_INTERNET_DISCONNECTED @ https://vt-h-1.b-cdn.net/x:0
[49408238ms] [ERROR] Failed to load resource: net::ERR_INTERNET_DISCONNECTED @ https://vt-h-1.b-cdn.net/x:0
[49408240ms] [ERROR] Failed to load resource: net::ERR_INTERNET_DISCONNECTED @ https://vt-h-1.b-cdn.net/x:0
[49408240ms] [ERROR] Failed to load resource: net::ERR_INTERNET_DISCONNECTED @ https://a.vturb.com/x:0
[49408241ms] [ERROR] [31m[ERROR]:[0m Analytics Services - Hermes: All Analytics URLs have failed @ https://scripts.converteai.net/lib/js/smartplayer-wc/v4/smartplayer.js:1
[49408241ms] [ERROR] Failed to load resource: net::ERR_INTERNET_DISCONNECTED @ https://a.vturb.com/x:0
[49408241ms] [ERROR] [31m[ERROR]:[0m Analytics Services - Hermes: All Analytics URLs have failed @ https://scripts.converteai.net/lib/js/smartplayer-wc/v4/smartplayer.js:1
[49408244ms] [ERROR] Failed to load resource: net::ERR_INTERNET_DISCONNECTED @ https://sentry.io/api/4509130195468288/envelope/:0
[49408244ms] [ERROR] Failed to load resource: net::ERR_INTERNET_DISCONNECTED @ https://sentry.io/api/4509130195468288/envelope/:0
[49409049ms] [ERROR] Failed to load resource: net::ERR_INTERNET_DISCONNECTED @ https://vt-h-1.b-cdn.net/x:0
[49409050ms] [ERROR] Failed to load resource: net::ERR_INTERNET_DISCONNECTED @ https://vt-h-1.b-cdn.net/x:0
[49409847ms] [ERROR] Failed to load resource: net::ERR_INTERNET_DISCONNECTED @ https://a.vturb.com/x:0
[49409848ms] [ERROR] [31m[ERROR]:[0m Analytics Services - Hermes: All Analytics URLs have failed @ https://scripts.converteai.net/lib/js/smartplayer-wc/v4/smartplayer.js:1
[49409848ms] [ERROR] Failed to load resource: net::ERR_INTERNET_DISCONNECTED @ https://a.vturb.com/x:0
[49409849ms] [ERROR] [31m[ERROR]:[0m Analytics Services - Hermes: All Analytics URLs have failed @ https://scripts.converteai.net/lib/js/smartplayer-wc/v4/smartplayer.js:1
[49409852ms] [ERROR] Failed to load resource: net::ERR_INTERNET_DISCONNECTED @ https://sentry.io/api/4509130195468288/envelope/:0
[49409852ms] [ERROR] Failed to load resource: net::ERR_INTERNET_DISCONNECTED @ https://sentry.io/api/4509130195468288/envelope/:0
[49410657ms] [ERROR] Failed to load resource: net::ERR_INTERNET_DISCONNECTED @ https://a.vturb.com/x:0
[49410658ms] [ERROR] [31m[ERROR]:[0m Analytics Services - Hermes: All Analytics URLs have failed @ https://scripts.converteai.net/lib/js/smartplayer-wc/v4/smartplayer.js:1
[49410658ms] [ERROR] Failed to load resource: net::ERR_INTERNET_DISCONNECTED @ https://a.vturb.com/x:0
[49410659ms] [ERROR] [31m[ERROR]:[0m Analytics Services - Hermes: All Analytics URLs have failed @ https://scripts.converteai.net/lib/js/smartplayer-wc/v4/smartplayer.js:1
[49410661ms] [ERROR] Failed to load resource: net::ERR_INTERNET_DISCONNECTED @ https://sentry.io/api/4509130195468288/envelope/:0
[49410661ms] [ERROR] Failed to load resource: net::ERR_INTERNET_DISCONNECTED @ https://sentry.io/api/4509130195468288/envelope/:0
[49413055ms] [ERROR] Failed to load resource: net::ERR_INTERNET_DISCONNECTED @ https://vt-h-1.b-cdn.net/x:0
[49413056ms] [ERROR] Failed to load resource: net::ERR_INTERNET_DISCONNECTED @ https://vt-h-1.b-cdn.net/x:0
[49413865ms] [ERROR] Failed to load resource: net::ERR_INTERNET_DISCONNECTED @ https://vt-h-1.b-cdn.net/x:0
[49413867ms] [ERROR] Failed to load resource: net::ERR_INTERNET_DISCONNECTED @ https://vt-h-1.b-cdn.net/x:0
[49416867ms] [WARNING] The resource https://cdn.converteai.net/8961d838-aff2-4dce-9b39-e84022d332ce/6a52f890d71bd640bbb2a65d/main.m3u8 was preloaded using link preload but not used within a few seconds from the window's load event. Please make sure it has an appropriate `as` value and it is preloaded intentionally. @ http://localhost:8848/quiz2.html:0
[49416868ms] [WARNING] The resource https://cdn.converteai.net/8961d838-aff2-4dce-9b39-e84022d332ce/6a52fa0e3d8ea0afcdc8b377/main.m3u8 was preloaded using link preload but not used within a few seconds from the window's load event. Please make sure it has an appropriate `as` value and it is preloaded intentionally. @ http://localhost:8848/quiz2.html:0
[49419463ms] [ERROR] Failed to load resource: net::ERR_INTERNET_DISCONNECTED @ https://a.vturb.com/x:0
[49419464ms] [ERROR] [31m[ERROR]:[0m Analytics Services - Hermes: Failed to fetch @ https://scripts.converteai.net/lib/js/smartplayer-wc/v4/smartplayer.js:1
[49419465ms] [ERROR] Failed to load resource: net::ERR_INTERNET_DISCONNECTED @ https://a.vturb.com/x:0
[49419466ms] [ERROR] [31m[ERROR]:[0m Analytics Services - Hermes: Failed to fetch @ https://scripts.converteai.net/lib/js/smartplayer-wc/v4/smartplayer.js:1
[49419469ms] [ERROR] Failed to load resource: net::ERR_INTERNET_DISCONNECTED @ https://sentry.io/api/4509130195468288/envelope/:0
[49419469ms] [ERROR] Failed to load resource: net::ERR_INTERNET_DISCONNECTED @ https://sentry.io/api/4509130195468288/envelope/:0
[49419546ms] [ERROR] Failed to load resource: net::ERR_INTERNET_DISCONNECTED @ https://a.vturb.com/x:0
[49419547ms] [ERROR] [31m[ERROR]:[0m Analytics Services - Hermes: All Analytics URLs have failed @ https://scripts.converteai.net/lib/js/smartplayer-wc/v4/smartplayer.js:1
[49419547ms] [ERROR] Failed to load resource: net::ERR_INTERNET_DISCONNECTED @ https://a.vturb.com/x:0
[49419548ms] [ERROR] [31m[ERROR]:[0m Analytics Services - Hermes: All Analytics URLs have failed @ https://scripts.converteai.net/lib/js/smartplayer-wc/v4/smartplayer.js:1
[49419551ms] [ERROR] Failed to load resource: net::ERR_INTERNET_DISCONNECTED @ https://sentry.io/api/4509130195468288/envelope/:0
[49419551ms] [ERROR] Failed to load resource: net::ERR_INTERNET_DISCONNECTED @ https://sentry.io/api/4509130195468288/envelope/:0
[49419954ms] [ERROR] Failed to load resource: net::ERR_INTERNET_DISCONNECTED @ https://vt-h-1.b-cdn.net/x:0
[49419955ms] [ERROR] Failed to load resource: net::ERR_INTERNET_DISCONNECTED @ https://vt-h-1.b-cdn.net/x:0
[49420271ms] [ERROR] Failed to load resource: net::ERR_INTERNET_DISCONNECTED @ https://a.vturb.com/x:0
[49420272ms] [ERROR] [31m[ERROR]:[0m Analytics Services - Hermes: Failed to fetch @ https://scripts.converteai.net/lib/js/smartplayer-wc/v4/smartplayer.js:1
[49420272ms] [ERROR] Failed to load resource: net::ERR_INTERNET_DISCONNECTED @ https://a.vturb.com/x:0
[49420273ms] [ERROR] [31m[ERROR]:[0m Analytics Services - Hermes: Failed to fetch @ https://scripts.converteai.net/lib/js/smartplayer-wc/v4/smartplayer.js:1
[49420275ms] [ERROR] Failed to load resource: net::ERR_INTERNET_DISCONNECTED @ https://sentry.io/api/4509130195468288/envelope/:0
[49420276ms] [ERROR] Failed to load resource: net::ERR_INTERNET_DISCONNECTED @ https://sentry.io/api/4509130195468288/envelope/:0
[49420354ms] [ERROR] Failed to load resource: net::ERR_INTERNET_DISCONNECTED @ https://a.vturb.com/x:0
[49420355ms] [ERROR] [31m[ERROR]:[0m Analytics Services - Hermes: All Analytics URLs have failed @ https://scripts.converteai.net/lib/js/smartplayer-wc/v4/smartplayer.js:1
[49420355ms] [ERROR] Failed to load resource: net::ERR_INTERNET_DISCONNECTED @ https://a.vturb.com/x:0
[49420356ms] [ERROR] [31m[ERROR]:[0m Analytics Services - Hermes: All Analytics URLs have failed @ https://scripts.converteai.net/lib/js/smartplayer-wc/v4/smartplayer.js:1
[49420358ms] [ERROR] Failed to load resource: net::ERR_INTERNET_DISCONNECTED @ https://sentry.io/api/4509130195468288/envelope/:0
[49420358ms] [ERROR] Failed to load resource: net::ERR_INTERNET_DISCONNECTED @ https://sentry.io/api/4509130195468288/envelope/:0
[49420762ms] [ERROR] Failed to load resource: net::ERR_INTERNET_DISCONNECTED @ https://vt-h-1.b-cdn.net/x:0
[49420762ms] [ERROR] Failed to load resource: net::ERR_INTERNET_DISCONNECTED @ https://a.vturb.com/x:0
[49420763ms] [ERROR] [31m[ERROR]:[0m Analytics Services - Hermes: All Analytics URLs have failed @ https://scripts.converteai.net/lib/js/smartplayer-wc/v4/smartplayer.js:1
[49420763ms] [ERROR] Failed to load resource: net::ERR_INTERNET_DISCONNECTED @ https://a.vturb.com/x:0
[49420764ms] [ERROR] [31m[ERROR]:[0m Analytics Services - Hermes: All Analytics URLs have failed @ https://scripts.converteai.net/lib/js/smartplayer-wc/v4/smartplayer.js:1
[49420765ms] [ERROR] Failed to load resource: net::ERR_INTERNET_DISCONNECTED @ https://vt-h-1.b-cdn.net/x:0
[49420767ms] [ERROR] Failed to load resource: net::ERR_INTERNET_DISCONNECTED @ https://sentry.io/api/4509130195468288/envelope/:0
[49420768ms] [ERROR] Failed to load resource: net::ERR_INTERNET_DISCONNECTED @ https://sentry.io/api/4509130195468288/envelope/:0
[49421570ms] [ERROR] Failed to load resource: net::ERR_INTERNET_DISCONNECTED @ https://a.vturb.com/x:0
[49421571ms] [ERROR] [31m[ERROR]:[0m Analytics Services - Hermes: All Analytics URLs have failed @ https://scripts.converteai.net/lib/js/smartplayer-wc/v4/smartplayer.js:1
[49421572ms] [ERROR] Failed to load resource: net::ERR_INTERNET_DISCONNECTED @ https://a.vturb.com/x:0
[49421572ms] [ERROR] [31m[ERROR]:[0m Analytics Services - Hermes: All Analytics URLs have failed @ https://scripts.converteai.net/lib/js/smartplayer-wc/v4/smartplayer.js:1
[49421575ms] [ERROR] Failed to load resource: net::ERR_INTERNET_DISCONNECTED @ https://sentry.io/api/4509130195468288/envelope/:0
[49421575ms] [ERROR] Failed to load resource: net::ERR_INTERNET_DISCONNECTED @ https://sentry.io/api/4509130195468288/envelope/:0
[49422371ms] [ERROR] Failed to load resource: net::ERR_INTERNET_DISCONNECTED @ https://vt-h-1.b-cdn.net/x:0
[49422372ms] [ERROR] Failed to load resource: net::ERR_INTERNET_DISCONNECTED @ https://vt-h-1.b-cdn.net/x:0
[49423180ms] [ERROR] Failed to load resource: net::ERR_INTERNET_DISCONNECTED @ https://vt-h-1.b-cdn.net/x:0
[49423181ms] [ERROR] Failed to load resource: net::ERR_INTERNET_DISCONNECTED @ https://vt-h-1.b-cdn.net/x:0
[49425580ms] [ERROR] Failed to load resource: net::ERR_INTERNET_DISCONNECTED @ https://a.vturb.com/x:0
[49425581ms] [ERROR] [31m[ERROR]:[0m Analytics Services - Hermes: All Analytics URLs have failed @ https://scripts.converteai.net/lib/js/smartplayer-wc/v4/smartplayer.js:1
[49425582ms] [ERROR] Failed to load resource: net::ERR_INTERNET_DISCONNECTED @ https://a.vturb.com/x:0
[49425582ms] [ERROR] [31m[ERROR]:[0m Analytics Services - Hermes: All Analytics URLs have failed @ https://scripts.converteai.net/lib/js/smartplayer-wc/v4/smartplayer.js:1
[49425585ms] [ERROR] Failed to load resource: net::ERR_INTERNET_DISCONNECTED @ https://sentry.io/api/4509130195468288/envelope/:0
[49425585ms] [ERROR] Failed to load resource: net::ERR_INTERNET_DISCONNECTED @ https://sentry.io/api/4509130195468288/envelope/:0
[49426387ms] [ERROR] Failed to load resource: net::ERR_INTERNET_DISCONNECTED @ https://a.vturb.com/x:0
[49426388ms] [ERROR] [31m[ERROR]:[0m Analytics Services - Hermes: All Analytics URLs have failed @ https://scripts.converteai.net/lib/js/smartplayer-wc/v4/smartplayer.js:1
[49426389ms] [ERROR] Failed to load resource: net::ERR_INTERNET_DISCONNECTED @ https://a.vturb.com/x:0
[49426389ms] [ERROR] [31m[ERROR]:[0m Analytics Services - Hermes: All Analytics URLs have failed @ https://scripts.converteai.net/lib/js/smartplayer-wc/v4/smartplayer.js:1
[49426392ms] [ERROR] Failed to load resource: net::ERR_INTERNET_DISCONNECTED @ https://sentry.io/api/4509130195468288/envelope/:0
[49426392ms] [ERROR] Failed to load resource: net::ERR_INTERNET_DISCONNECTED @ https://sentry.io/api/4509130195468288/envelope/:0
[49429395ms] [WARNING] The resource https://cdn.converteai.net/8961d838-aff2-4dce-9b39-e84022d332ce/6a52f890d71bd640bbb2a65d/main.m3u8 was preloaded using link preload but not used within a few seconds from the window's load event. Please make sure it has an appropriate `as` value and it is preloaded intentionally. @ http://localhost:8848/quiz2.html:0
[49429395ms] [WARNING] The resource https://cdn.converteai.net/8961d838-aff2-4dce-9b39-e84022d332ce/6a52fa0e3d8ea0afcdc8b377/main.m3u8 was preloaded using link preload but not used within a few seconds from the window's load event. Please make sure it has an appropriate `as` value and it is preloaded intentionally. @ http://localhost:8848/quiz2.html:0
[49431989ms] [ERROR] Failed to load resource: net::ERR_INTERNET_DISCONNECTED @ https://vt-h-1.b-cdn.net/x:0
[49431990ms] [ERROR] [31m[ERROR]:[0m Analytics Services - Hermes: Failed to fetch @ https://scripts.converteai.net/lib/js/smartplayer-wc/v4/smartplayer.js:1
[49431990ms] [ERROR] Failed to load resource: net::ERR_INTERNET_DISCONNECTED @ https://vt-h-1.b-cdn.net/x:0
[49431991ms] [ERROR] [31m[ERROR]:[0m Analytics Services - Hermes: Failed to fetch @ https://scripts.converteai.net/lib/js/smartplayer-wc/v4/smartplayer.js:1
[49431994ms] [ERROR] Failed to load resource: net::ERR_INTERNET_DISCONNECTED @ https://sentry.io/api/4509130195468288/envelope/:0
[49431994ms] [ERROR] Failed to load resource: net::ERR_INTERNET_DISCONNECTED @ https://sentry.io/api/4509130195468288/envelope/:0
[49432072ms] [ERROR] Failed to load resource: net::ERR_INTERNET_DISCONNECTED @ https://vt-h-1.b-cdn.net/x:0
[49432073ms] [ERROR] Failed to load resource: net::ERR_INTERNET_DISCONNECTED @ https://vt-h-1.b-cdn.net/x:0
[49432480ms] [ERROR] Failed to load resource: net::ERR_INTERNET_DISCONNECTED @ https://a.vturb.com/x:0
[49432481ms] [ERROR] [31m[ERROR]:[0m Analytics Services - Hermes: All Analytics URLs have failed @ https://scripts.converteai.net/lib/js/smartplayer-wc/v4/smartplayer.js:1
[49432481ms] [ERROR] Failed to load resource: net::ERR_INTERNET_DISCONNECTED @ https://a.vturb.com/x:0
[49432482ms] [ERROR] [31m[ERROR]:[0m Analytics Services - Hermes: All Analytics URLs have failed @ https://scripts.converteai.net/lib/js/smartplayer-wc/v4/smartplayer.js:1
[49432485ms] [ERROR] Failed to load resource: net::ERR_INTERNET_DISCONNECTED @ https://sentry.io/api/4509130195468288/envelope/:0
[49432485ms] [ERROR] Failed to load resource: net::ERR_INTERNET_DISCONNECTED @ https://sentry.io/api/4509130195468288/envelope/:0
[49432798ms] [ERROR] Failed to load resource: net::ERR_INTERNET_DISCONNECTED @ https://vt-h-1.b-cdn.net/x:0
[49432799ms] [ERROR] [31m[ERROR]:[0m Analytics Services - Hermes: Failed to fetch @ https://scripts.converteai.net/lib/js/smartplayer-wc/v4/smartplayer.js:1
[49432799ms] [ERROR] Failed to load resource: net::ERR_INTERNET_DISCONNECTED @ https://vt-h-1.b-cdn.net/x:0
[49432800ms] [ERROR] [31m[ERROR]:[0m Analytics Services - Hermes: Failed to fetch @ https://scripts.converteai.net/lib/js/smartplayer-wc/v4/smartplayer.js:1
[49432803ms] [ERROR] Failed to load resource: net::ERR_INTERNET_DISCONNECTED @ https://sentry.io/api/4509130195468288/envelope/:0
[49432803ms] [ERROR] Failed to load resource: net::ERR_INTERNET_DISCONNECTED @ https://sentry.io/api/4509130195468288/envelope/:0
[49432882ms] [ERROR] Failed to load resource: net::ERR_INTERNET_DISCONNECTED @ https://vt-h-1.b-cdn.net/x:0
[49432883ms] [ERROR] Failed to load resource: net::ERR_INTERNET_DISCONNECTED @ https://vt-h-1.b-cdn.net/x:0
[49433290ms] [ERROR] Failed to load resource: net::ERR_INTERNET_DISCONNECTED @ https://a.vturb.com/x:0
[49433291ms] [ERROR] [31m[ERROR]:[0m Analytics Services - Hermes: All Analytics URLs have failed @ https://scripts.converteai.net/lib/js/smartplayer-wc/v4/smartplayer.js:1
[49433291ms] [ERROR] Failed to load resource: net::ERR_INTERNET_DISCONNECTED @ https://a.vturb.com/x:0
[49433292ms] [ERROR] [31m[ERROR]:[0m Analytics Services - Hermes: All Analytics URLs have failed @ https://scripts.converteai.net/lib/js/smartplayer-wc/v4/smartplayer.js:1
[49433292ms] [ERROR] Failed to load resource: net::ERR_INTERNET_DISCONNECTED @ https://vt-h-1.b-cdn.net/x:0
[49433292ms] [ERROR] Failed to load resource: net::ERR_INTERNET_DISCONNECTED @ https://vt-h-1.b-cdn.net/x:0
[49433294ms] [ERROR] Failed to load resource: net::ERR_INTERNET_DISCONNECTED @ https://sentry.io/api/4509130195468288/envelope/:0
[49433294ms] [ERROR] Failed to load resource: net::ERR_INTERNET_DISCONNECTED @ https://sentry.io/api/4509130195468288/envelope/:0
[49434100ms] [ERROR] Failed to load resource: net::ERR_INTERNET_DISCONNECTED @ https://vt-h-1.b-cdn.net/x:0
[49434101ms] [ERROR] Failed to load resource: net::ERR_INTERNET_DISCONNECTED @ https://vt-h-1.b-cdn.net/x:0
[49434902ms] [ERROR] Failed to load resource: net::ERR_INTERNET_DISCONNECTED @ https://a.vturb.com/x:0
[49434903ms] [ERROR] [31m[ERROR]:[0m Analytics Services - Hermes: All Analytics URLs have failed @ https://scripts.converteai.net/lib/js/smartplayer-wc/v4/smartplayer.js:1
[49434903ms] [ERROR] Failed to load resource: net::ERR_INTERNET_DISCONNECTED @ https://a.vturb.com/x:0
[49434904ms] [ERROR] [31m[ERROR]:[0m Analytics Services - Hermes: All Analytics URLs have failed @ https://scripts.converteai.net/lib/js/smartplayer-wc/v4/smartplayer.js:1
[49434906ms] [ERROR] Failed to load resource: net::ERR_INTERNET_DISCONNECTED @ https://sentry.io/api/4509130195468288/envelope/:0
[49434906ms] [ERROR] Failed to load resource: net::ERR_INTERNET_DISCONNECTED @ https://sentry.io/api/4509130195468288/envelope/:0
[49435708ms] [ERROR] Failed to load resource: net::ERR_INTERNET_DISCONNECTED @ https://a.vturb.com/x:0
[49435709ms] [ERROR] [31m[ERROR]:[0m Analytics Services - Hermes: All Analytics URLs have failed @ https://scripts.converteai.net/lib/js/smartplayer-wc/v4/smartplayer.js:1
[49435709ms] [ERROR] Failed to load resource: net::ERR_INTERNET_DISCONNECTED @ https://a.vturb.com/x:0
[49435710ms] [ERROR] [31m[ERROR]:[0m Analytics Services - Hermes: All Analytics URLs have failed @ https://scripts.converteai.net/lib/js/smartplayer-wc/v4/smartplayer.js:1
[49435714ms] [ERROR] Failed to load resource: net::ERR_INTERNET_DISCONNECTED @ https://sentry.io/api/4509130195468288/envelope/:0
[49435714ms] [ERROR] Failed to load resource: net::ERR_INTERNET_DISCONNECTED @ https://sentry.io/api/4509130195468288/envelope/:0
[49438112ms] [ERROR] Failed to load resource: net::ERR_INTERNET_DISCONNECTED @ https://vt-h-1.b-cdn.net/x:0
[49438113ms] [ERROR] Failed to load resource: net::ERR_INTERNET_DISCONNECTED @ https://vt-h-1.b-cdn.net/x:0
[49438916ms] [ERROR] Failed to load resource: net::ERR_INTERNET_DISCONNECTED @ https://vt-h-1.b-cdn.net/x:0
[49438917ms] [ERROR] Failed to load resource: net::ERR_INTERNET_DISCONNECTED @ https://vt-h-1.b-cdn.net/x:0
[49441918ms] [WARNING] The resource https://cdn.converteai.net/8961d838-aff2-4dce-9b39-e84022d332ce/6a52f890d71bd640bbb2a65d/main.m3u8 was preloaded using link preload but not used within a few seconds from the window's load event. Please make sure it has an appropriate `as` value and it is preloaded intentionally. @ http://localhost:8848/quiz2.html:0
[49441918ms] [WARNING] The resource https://cdn.converteai.net/8961d838-aff2-4dce-9b39-e84022d332ce/6a52fa0e3d8ea0afcdc8b377/main.m3u8 was preloaded using link preload but not used within a few seconds from the window's load event. Please make sure it has an appropriate `as` value and it is preloaded intentionally. @ http://localhost:8848/quiz2.html:0
[53057261ms] [ERROR] Failed to load resource: net::ERR_INTERNET_DISCONNECTED @ https://a.vturb.com/x:0
[53057262ms] [ERROR] [31m[ERROR]:[0m Analytics Services - Hermes: Failed to fetch @ https://scripts.converteai.net/lib/js/smartplayer-wc/v4/smartplayer.js:1
[53057263ms] [ERROR] Failed to load resource: net::ERR_INTERNET_DISCONNECTED @ https://a.vturb.com/x:0
[53057263ms] [ERROR] [31m[ERROR]:[0m Analytics Services - Hermes: Failed to fetch @ https://scripts.converteai.net/lib/js/smartplayer-wc/v4/smartplayer.js:1
[53057268ms] [ERROR] Failed to load resource: net::ERR_INTERNET_DISCONNECTED @ https://sentry.io/api/4509130195468288/envelope/:0
[53057268ms] [ERROR] Failed to load resource: net::ERR_INTERNET_DISCONNECTED @ https://sentry.io/api/4509130195468288/envelope/:0
[53057345ms] [ERROR] Failed to load resource: net::ERR_INTERNET_DISCONNECTED @ https://a.vturb.com/x:0
[53057346ms] [ERROR] [31m[ERROR]:[0m Analytics Services - Hermes: All Analytics URLs have failed @ https://scripts.converteai.net/lib/js/smartplayer-wc/v4/smartplayer.js:1
[53057346ms] [ERROR] Failed to load resource: net::ERR_INTERNET_DISCONNECTED @ https://a.vturb.com/x:0
[53057347ms] [ERROR] [31m[ERROR]:[0m Analytics Services - Hermes: All Analytics URLs have failed @ https://scripts.converteai.net/lib/js/smartplayer-wc/v4/smartplayer.js:1
[53057350ms] [ERROR] Failed to load resource: net::ERR_INTERNET_DISCONNECTED @ https://sentry.io/api/4509130195468288/envelope/:0
[53057350ms] [ERROR] Failed to load resource: net::ERR_INTERNET_DISCONNECTED @ https://sentry.io/api/4509130195468288/envelope/:0
[53057753ms] [ERROR] Failed to load resource: net::ERR_INTERNET_DISCONNECTED @ https://vt-h-1.b-cdn.net/x:0
[53057754ms] [ERROR] Failed to load resource: net::ERR_INTERNET_DISCONNECTED @ https://vt-h-1.b-cdn.net/x:0
[53058065ms] [ERROR] Failed to load resource: net::ERR_INTERNET_DISCONNECTED @ https://a.vturb.com/x:0
[53058066ms] [ERROR] [31m[ERROR]:[0m Analytics Services - Hermes: Failed to fetch @ https://scripts.converteai.net/lib/js/smartplayer-wc/v4/smartplayer.js:1
[53058066ms] [ERROR] Failed to load resource: net::ERR_INTERNET_DISCONNECTED @ https://a.vturb.com/x:0
[53058067ms] [ERROR] [31m[ERROR]:[0m Analytics Services - Hermes: Failed to fetch @ https://scripts.converteai.net/lib/js/smartplayer-wc/v4/smartplayer.js:1
[53058071ms] [ERROR] Failed to load resource: net::ERR_INTERNET_DISCONNECTED @ https://sentry.io/api/4509130195468288/envelope/:0
[53058071ms] [ERROR] Failed to load resource: net::ERR_INTERNET_DISCONNECTED @ https://sentry.io/api/4509130195468288/envelope/:0
[53058149ms] [ERROR] Failed to load resource: net::ERR_INTERNET_DISCONNECTED @ https://a.vturb.com/x:0
[53058150ms] [ERROR] [31m[ERROR]:[0m Analytics Services - Hermes: All Analytics URLs have failed @ https://scripts.converteai.net/lib/js/smartplayer-wc/v4/smartplayer.js:1
[53058150ms] [ERROR] Failed to load resource: net::ERR_INTERNET_DISCONNECTED @ https://a.vturb.com/x:0
[53058151ms] [ERROR] [31m[ERROR]:[0m Analytics Services - Hermes: All Analytics URLs have failed @ https://scripts.converteai.net/lib/js/smartplayer-wc/v4/smartplayer.js:1
[53058153ms] [ERROR] Failed to load resource: net::ERR_INTERNET_DISCONNECTED @ https://sentry.io/api/4509130195468288/envelope/:0
[53058154ms] [ERROR] Failed to load resource: net::ERR_INTERNET_DISCONNECTED @ https://sentry.io/api/4509130195468288/envelope/:0
[53058561ms] [ERROR] Failed to load resource: net::ERR_INTERNET_DISCONNECTED @ https://vt-h-1.b-cdn.net/x:0
[53058561ms] [ERROR] Failed to load resource: net::ERR_INTERNET_DISCONNECTED @ https://a.vturb.com/x:0
[53058562ms] [ERROR] [31m[ERROR]:[0m Analytics Services - Hermes: All Analytics URLs have failed @ https://scripts.converteai.net/lib/js/smartplayer-wc/v4/smartplayer.js:1
[53058562ms] [ERROR] Failed to load resource: net::ERR_INTERNET_DISCONNECTED @ https://a.vturb.com/x:0
[53058563ms] [ERROR] [31m[ERROR]:[0m Analytics Services - Hermes: All Analytics URLs have failed @ https://scripts.converteai.net/lib/js/smartplayer-wc/v4/smartplayer.js:1
[53058564ms] [ERROR] Failed to load resource: net::ERR_INTERNET_DISCONNECTED @ https://vt-h-1.b-cdn.net/x:0
[53058567ms] [ERROR] Failed to load resource: net::ERR_INTERNET_DISCONNECTED @ https://sentry.io/api/4509130195468288/envelope/:0
[53058567ms] [ERROR] Failed to load resource: net::ERR_INTERNET_DISCONNECTED @ https://sentry.io/api/4509130195468288/envelope/:0
[53059369ms] [ERROR] Failed to load resource: net::ERR_INTERNET_DISCONNECTED @ https://a.vturb.com/x:0
[53059370ms] [ERROR] [31m[ERROR]:[0m Analytics Services - Hermes: All Analytics URLs have failed @ https://scripts.converteai.net/lib/js/smartplayer-wc/v4/smartplayer.js:1
[53059370ms] [ERROR] Failed to load resource: net::ERR_INTERNET_DISCONNECTED @ https://a.vturb.com/x:0
[53059371ms] [ERROR] [31m[ERROR]:[0m Analytics Services - Hermes: All Analytics URLs have failed @ https://scripts.converteai.net/lib/js/smartplayer-wc/v4/smartplayer.js:1
[53059374ms] [ERROR] Failed to load resource: net::ERR_INTERNET_DISCONNECTED @ https://sentry.io/api/4509130195468288/envelope/:0
[53059374ms] [ERROR] Failed to load resource: net::ERR_INTERNET_DISCONNECTED @ https://sentry.io/api/4509130195468288/envelope/:0
[53060170ms] [ERROR] Failed to load resource: net::ERR_INTERNET_DISCONNECTED @ https://vt-h-1.b-cdn.net/x:0
[53060171ms] [ERROR] Failed to load resource: net::ERR_INTERNET_DISCONNECTED @ https://vt-h-1.b-cdn.net/x:0
[53060978ms] [ERROR] Failed to load resource: net::ERR_INTERNET_DISCONNECTED @ https://vt-h-1.b-cdn.net/x:0
[53060979ms] [ERROR] Failed to load resource: net::ERR_INTERNET_DISCONNECTED @ https://vt-h-1.b-cdn.net/x:0
[53063379ms] [ERROR] Failed to load resource: net::ERR_INTERNET_DISCONNECTED @ https://a.vturb.com/x:0
[53063380ms] [ERROR] [31m[ERROR]:[0m Analytics Services - Hermes: All Analytics URLs have failed @ https://scripts.converteai.net/lib/js/smartplayer-wc/v4/smartplayer.js:1
[53063380ms] [ERROR] Failed to load resource: net::ERR_INTERNET_DISCONNECTED @ https://a.vturb.com/x:0
[53063381ms] [ERROR] [31m[ERROR]:[0m Analytics Services - Hermes: All Analytics URLs have failed @ https://scripts.converteai.net/lib/js/smartplayer-wc/v4/smartplayer.js:1
[53063383ms] [ERROR] Failed to load resource: net::ERR_INTERNET_DISCONNECTED @ https://sentry.io/api/4509130195468288/envelope/:0
[53063383ms] [ERROR] Failed to load resource: net::ERR_INTERNET_DISCONNECTED @ https://sentry.io/api/4509130195468288/envelope/:0
[53064184ms] [ERROR] Failed to load resource: net::ERR_INTERNET_DISCONNECTED @ https://a.vturb.com/x:0
[53064185ms] [ERROR] [31m[ERROR]:[0m Analytics Services - Hermes: All Analytics URLs have failed @ https://scripts.converteai.net/lib/js/smartplayer-wc/v4/smartplayer.js:1
[53064185ms] [ERROR] Failed to load resource: net::ERR_INTERNET_DISCONNECTED @ https://a.vturb.com/x:0
[53064186ms] [ERROR] [31m[ERROR]:[0m Analytics Services - Hermes: All Analytics URLs have failed @ https://scripts.converteai.net/lib/js/smartplayer-wc/v4/smartplayer.js:1
[53064189ms] [ERROR] Failed to load resource: net::ERR_INTERNET_DISCONNECTED @ https://sentry.io/api/4509130195468288/envelope/:0
[53064189ms] [ERROR] Failed to load resource: net::ERR_INTERNET_DISCONNECTED @ https://sentry.io/api/4509130195468288/envelope/:0
[53067190ms] [WARNING] The resource https://cdn.converteai.net/8961d838-aff2-4dce-9b39-e84022d332ce/6a52f890d71bd640bbb2a65d/main.m3u8 was preloaded using link preload but not used within a few seconds from the window's load event. Please make sure it has an appropriate `as` value and it is preloaded intentionally. @ http://localhost:8848/quiz2.html:0
[53067190ms] [WARNING] The resource https://cdn.converteai.net/8961d838-aff2-4dce-9b39-e84022d332ce/6a52fa0e3d8ea0afcdc8b377/main.m3u8 was preloaded using link preload but not used within a few seconds from the window's load event. Please make sure it has an appropriate `as` value and it is preloaded intentionally. @ http://localhost:8848/quiz2.html:0
[53069789ms] [ERROR] Failed to load resource: net::ERR_INTERNET_DISCONNECTED @ https://vt-h-1.b-cdn.net/x:0
[53069790ms] [ERROR] [31m[ERROR]:[0m Analytics Services - Hermes: Failed to fetch @ https://scripts.converteai.net/lib/js/smartplayer-wc/v4/smartplayer.js:1
[53069791ms] [ERROR] Failed to load resource: net::ERR_INTERNET_DISCONNECTED @ https://vt-h-1.b-cdn.net/x:0
[53069791ms] [ERROR] [31m[ERROR]:[0m Analytics Services - Hermes: Failed to fetch @ https://scripts.converteai.net/lib/js/smartplayer-wc/v4/smartplayer.js:1
[53069794ms] [ERROR] Failed to load resource: net::ERR_INTERNET_DISCONNECTED @ https://sentry.io/api/4509130195468288/envelope/:0
[53069794ms] [ERROR] Failed to load resource: net::ERR_INTERNET_DISCONNECTED @ https://sentry.io/api/4509130195468288/envelope/:0
[53069875ms] [ERROR] Failed to load resource: net::ERR_INTERNET_DISCONNECTED @ https://vt-h-1.b-cdn.net/x:0
[53069876ms] [ERROR] Failed to load resource: net::ERR_INTERNET_DISCONNECTED @ https://vt-h-1.b-cdn.net/x:0
[53070282ms] [ERROR] Failed to load resource: net::ERR_INTERNET_DISCONNECTED @ https://a.vturb.com/x:0
[53070283ms] [ERROR] [31m[ERROR]:[0m Analytics Services - Hermes: All Analytics URLs have failed @ https://scripts.converteai.net/lib/js/smartplayer-wc/v4/smartplayer.js:1
[53070283ms] [ERROR] Failed to load resource: net::ERR_INTERNET_DISCONNECTED @ https://a.vturb.com/x:0
[53070284ms] [ERROR] [31m[ERROR]:[0m Analytics Services - Hermes: All Analytics URLs have failed @ https://scripts.converteai.net/lib/js/smartplayer-wc/v4/smartplayer.js:1
[53070286ms] [ERROR] Failed to load resource: net::ERR_INTERNET_DISCONNECTED @ https://sentry.io/api/4509130195468288/envelope/:0
[53070286ms] [ERROR] Failed to load resource: net::ERR_INTERNET_DISCONNECTED @ https://sentry.io/api/4509130195468288/envelope/:0
[53070595ms] [ERROR] Failed to load resource: net::ERR_INTERNET_DISCONNECTED @ https://vt-h-1.b-cdn.net/x:0
[53070596ms] [ERROR] [31m[ERROR]:[0m Analytics Services - Hermes: Failed to fetch @ https://scripts.converteai.net/lib/js/smartplayer-wc/v4/smartplayer.js:1
[53070596ms] [ERROR] Failed to load resource: net::ERR_INTERNET_DISCONNECTED @ https://vt-h-1.b-cdn.net/x:0
[53070597ms] [ERROR] [31m[ERROR]:[0m Analytics Services - Hermes: Failed to fetch @ https://scripts.converteai.net/lib/js/smartplayer-wc/v4/smartplayer.js:1
[53070599ms] [ERROR] Failed to load resource: net::ERR_INTERNET_DISCONNECTED @ https://sentry.io/api/4509130195468288/envelope/:0
[53070599ms] [ERROR] Failed to load resource: net::ERR_INTERNET_DISCONNECTED @ https://sentry.io/api/4509130195468288/envelope/:0
[53070678ms] [ERROR] Failed to load resource: net::ERR_INTERNET_DISCONNECTED @ https://vt-h-1.b-cdn.net/x:0
[53070679ms] [ERROR] Failed to load resource: net::ERR_INTERNET_DISCONNECTED @ https://vt-h-1.b-cdn.net/x:0
[53071090ms] [ERROR] Failed to load resource: net::ERR_INTERNET_DISCONNECTED @ https://vt-h-1.b-cdn.net/x:0
[53071090ms] [ERROR] Failed to load resource: net::ERR_INTERNET_DISCONNECTED @ https://a.vturb.com/x:0
[53071092ms] [ERROR] [31m[ERROR]:[0m Analytics Services - Hermes: All Analytics URLs have failed @ https://scripts.converteai.net/lib/js/smartplayer-wc/v4/smartplayer.js:1
[53071092ms] [ERROR] Failed to load resource: net::ERR_INTERNET_DISCONNECTED @ https://a.vturb.com/x:0
[53071092ms] [ERROR] [31m[ERROR]:[0m Analytics Services - Hermes: All Analytics URLs have failed @ https://scripts.converteai.net/lib/js/smartplayer-wc/v4/smartplayer.js:1
[53071094ms] [ERROR] Failed to load resource: net::ERR_INTERNET_DISCONNECTED @ https://vt-h-1.b-cdn.net/x:0
[53071095ms] [ERROR] Failed to load resource: net::ERR_INTERNET_DISCONNECTED @ https://sentry.io/api/4509130195468288/envelope/:0
[53071096ms] [ERROR] Failed to load resource: net::ERR_INTERNET_DISCONNECTED @ https://sentry.io/api/4509130195468288/envelope/:0
[53071900ms] [ERROR] Failed to load resource: net::ERR_INTERNET_DISCONNECTED @ https://vt-h-1.b-cdn.net/x:0
[53071901ms] [ERROR] Failed to load resource: net::ERR_INTERNET_DISCONNECTED @ https://vt-h-1.b-cdn.net/x:0
[53072698ms] [ERROR] Failed to load resource: net::ERR_INTERNET_DISCONNECTED @ https://a.vturb.com/x:0
[53072699ms] [ERROR] [31m[ERROR]:[0m Analytics Services - Hermes: All Analytics URLs have failed @ https://scripts.converteai.net/lib/js/smartplayer-wc/v4/smartplayer.js:1
[53072700ms] [ERROR] Failed to load resource: net::ERR_INTERNET_DISCONNECTED @ https://a.vturb.com/x:0
[53072700ms] [ERROR] [31m[ERROR]:[0m Analytics Services - Hermes: All Analytics URLs have failed @ https://scripts.converteai.net/lib/js/smartplayer-wc/v4/smartplayer.js:1
[53072705ms] [ERROR] Failed to load resource: net::ERR_INTERNET_DISCONNECTED @ https://sentry.io/api/4509130195468288/envelope/:0
[53072705ms] [ERROR] Failed to load resource: net::ERR_INTERNET_DISCONNECTED @ https://sentry.io/api/4509130195468288/envelope/:0
[53073507ms] [ERROR] Failed to load resource: net::ERR_INTERNET_DISCONNECTED @ https://a.vturb.com/x:0
[53073508ms] [ERROR] [31m[ERROR]:[0m Analytics Services - Hermes: All Analytics URLs have failed @ https://scripts.converteai.net/lib/js/smartplayer-wc/v4/smartplayer.js:1
[53073509ms] [ERROR] Failed to load resource: net::ERR_INTERNET_DISCONNECTED @ https://a.vturb.com/x:0
[53073509ms] [ERROR] [31m[ERROR]:[0m Analytics Services - Hermes: All Analytics URLs have failed @ https://scripts.converteai.net/lib/js/smartplayer-wc/v4/smartplayer.js:1
[53073512ms] [ERROR] Failed to load resource: net::ERR_INTERNET_DISCONNECTED @ https://sentry.io/api/4509130195468288/envelope/:0
[53073512ms] [ERROR] Failed to load resource: net::ERR_INTERNET_DISCONNECTED @ https://sentry.io/api/4509130195468288/envelope/:0
[53075908ms] [ERROR] Failed to load resource: net::ERR_INTERNET_DISCONNECTED @ https://vt-h-1.b-cdn.net/x:0
[53075909ms] [ERROR] Failed to load resource: net::ERR_INTERNET_DISCONNECTED @ https://vt-h-1.b-cdn.net/x:0
[53076729ms] [ERROR] Failed to load resource: net::ERR_INTERNET_DISCONNECTED @ https://vt-h-1.b-cdn.net/x:0
[53076729ms] [ERROR] Failed to load resource: net::ERR_INTERNET_DISCONNECTED @ https://vt-h-1.b-cdn.net/x:0
[53079731ms] [WARNING] The resource https://cdn.converteai.net/8961d838-aff2-4dce-9b39-e84022d332ce/6a52f890d71bd640bbb2a65d/main.m3u8 was preloaded using link preload but not used within a few seconds from the window's load event. Please make sure it has an appropriate `as` value and it is preloaded intentionally. @ http://localhost:8848/quiz2.html:0
[53079731ms] [WARNING] The resource https://cdn.converteai.net/8961d838-aff2-4dce-9b39-e84022d332ce/6a52fa0e3d8ea0afcdc8b377/main.m3u8 was preloaded using link preload but not used within a few seconds from the window's load event. Please make sure it has an appropriate `as` value and it is preloaded intentionally. @ http://localhost:8848/quiz2.html:0
[53082316ms] [ERROR] Failed to load resource: net::ERR_INTERNET_DISCONNECTED @ https://a.vturb.com/x:0
[53082317ms] [ERROR] [31m[ERROR]:[0m Analytics Services - Hermes: Failed to fetch @ https://scripts.converteai.net/lib/js/smartplayer-wc/v4/smartplayer.js:1
[53082317ms] [ERROR] Failed to load resource: net::ERR_INTERNET_DISCONNECTED @ https://a.vturb.com/x:0
[53082318ms] [ERROR] [31m[ERROR]:[0m Analytics Services - Hermes: Failed to fetch @ https://scripts.converteai.net/lib/js/smartplayer-wc/v4/smartplayer.js:1
[53082321ms] [ERROR] Failed to load resource: net::ERR_INTERNET_DISCONNECTED @ https://sentry.io/api/4509130195468288/envelope/:0
[53082321ms] [ERROR] Failed to load resource: net::ERR_INTERNET_DISCONNECTED @ https://sentry.io/api/4509130195468288/envelope/:0
[53082401ms] [ERROR] Failed to load resource: net::ERR_INTERNET_DISCONNECTED @ https://a.vturb.com/x:0
[53082402ms] [ERROR] [31m[ERROR]:[0m Analytics Services - Hermes: All Analytics URLs have failed @ https://scripts.converteai.net/lib/js/smartplayer-wc/v4/smartplayer.js:1
[53082403ms] [ERROR] Failed to load resource: net::ERR_INTERNET_DISCONNECTED @ https://a.vturb.com/x:0
[53082403ms] [ERROR] [31m[ERROR]:[0m Analytics Services - Hermes: All Analytics URLs have failed @ https://scripts.converteai.net/lib/js/smartplayer-wc/v4/smartplayer.js:1
[53082407ms] [ERROR] Failed to load resource: net::ERR_INTERNET_DISCONNECTED @ https://sentry.io/api/4509130195468288/envelope/:0
[53082407ms] [ERROR] Failed to load resource: net::ERR_INTERNET_DISCONNECTED @ https://sentry.io/api/4509130195468288/envelope/:0
[53082809ms] [ERROR] Failed to load resource: net::ERR_INTERNET_DISCONNECTED @ https://vt-h-1.b-cdn.net/x:0
[53082810ms] [ERROR] Failed to load resource: net::ERR_INTERNET_DISCONNECTED @ https://vt-h-1.b-cdn.net/x:0
[53083139ms] [ERROR] Failed to load resource: net::ERR_INTERNET_DISCONNECTED @ https://a.vturb.com/x:0
[53083140ms] [ERROR] [31m[ERROR]:[0m Analytics Services - Hermes: Failed to fetch @ https://scripts.converteai.net/lib/js/smartplayer-wc/v4/smartplayer.js:1
[53083140ms] [ERROR] Failed to load resource: net::ERR_INTERNET_DISCONNECTED @ https://a.vturb.com/x:0
[53083141ms] [ERROR] [31m[ERROR]:[0m Analytics Services - Hermes: Failed to fetch @ https://scripts.converteai.net/lib/js/smartplayer-wc/v4/smartplayer.js:1
[53083144ms] [ERROR] Failed to load resource: net::ERR_INTERNET_DISCONNECTED @ https://sentry.io/api/4509130195468288/envelope/:0
[53083144ms] [ERROR] Failed to load resource: net::ERR_INTERNET_DISCONNECTED @ https://sentry.io/api/4509130195468288/envelope/:0
[53083224ms] [ERROR] Failed to load resource: net::ERR_INTERNET_DISCONNECTED @ https://a.vturb.com/x:0
[53083225ms] [ERROR] [31m[ERROR]:[0m Analytics Services - Hermes: All Analytics URLs have failed @ https://scripts.converteai.net/lib/js/smartplayer-wc/v4/smartplayer.js:1
[53083225ms] [ERROR] Failed to load resource: net::ERR_INTERNET_DISCONNECTED @ https://a.vturb.com/x:0
[53083226ms] [ERROR] [31m[ERROR]:[0m Analytics Services - Hermes: All Analytics URLs have failed @ https://scripts.converteai.net/lib/js/smartplayer-wc/v4/smartplayer.js:1
[53083228ms] [ERROR] Failed to load resource: net::ERR_INTERNET_DISCONNECTED @ https://sentry.io/api/4509130195468288/envelope/:0
[53083228ms] [ERROR] Failed to load resource: net::ERR_INTERNET_DISCONNECTED @ https://sentry.io/api/4509130195468288/envelope/:0
[53083618ms] [ERROR] Failed to load resource: net::ERR_INTERNET_DISCONNECTED @ https://a.vturb.com/x:0
[53083619ms] [ERROR] [31m[ERROR]:[0m Analytics Services - Hermes: All Analytics URLs have failed @ https://scripts.converteai.net/lib/js/smartplayer-wc/v4/smartplayer.js:1
[53083619ms] [ERROR] Failed to load resource: net::ERR_INTERNET_DISCONNECTED @ https://a.vturb.com/x:0
[53083620ms] [ERROR] [31m[ERROR]:[0m Analytics Services - Hermes: All Analytics URLs have failed @ https://scripts.converteai.net/lib/js/smartplayer-wc/v4/smartplayer.js:1
[53083624ms] [ERROR] Failed to load resource: net::ERR_INTERNET_DISCONNECTED @ https://sentry.io/api/4509130195468288/envelope/:0
[53083624ms] [ERROR] Failed to load resource: net::ERR_INTERNET_DISCONNECTED @ https://sentry.io/api/4509130195468288/envelope/:0
[53083630ms] [ERROR] Failed to load resource: net::ERR_INTERNET_DISCONNECTED @ https://vt-h-1.b-cdn.net/x:0
[53083631ms] [ERROR] Failed to load resource: net::ERR_INTERNET_DISCONNECTED @ https://vt-h-1.b-cdn.net/x:0
[53084439ms] [ERROR] Failed to load resource: net::ERR_INTERNET_DISCONNECTED @ https://a.vturb.com/x:0
[53084440ms] [ERROR] [31m[ERROR]:[0m Analytics Services - Hermes: All Analytics URLs have failed @ https://scripts.converteai.net/lib/js/smartplayer-wc/v4/smartplayer.js:1
[53084440ms] [ERROR] Failed to load resource: net::ERR_INTERNET_DISCONNECTED @ https://a.vturb.com/x:0
[53084441ms] [ERROR] [31m[ERROR]:[0m Analytics Services - Hermes: All Analytics URLs have failed @ https://scripts.converteai.net/lib/js/smartplayer-wc/v4/smartplayer.js:1
[53084443ms] [ERROR] Failed to load resource: net::ERR_INTERNET_DISCONNECTED @ https://sentry.io/api/4509130195468288/envelope/:0
[53084443ms] [ERROR] Failed to load resource: net::ERR_INTERNET_DISCONNECTED @ https://sentry.io/api/4509130195468288/envelope/:0
[53085226ms] [ERROR] Failed to load resource: net::ERR_INTERNET_DISCONNECTED @ https://vt-h-1.b-cdn.net/x:0
[53085227ms] [ERROR] Failed to load resource: net::ERR_INTERNET_DISCONNECTED @ https://vt-h-1.b-cdn.net/x:0
[53086046ms] [ERROR] Failed to load resource: net::ERR_INTERNET_DISCONNECTED @ https://vt-h-1.b-cdn.net/x:0
[53086047ms] [ERROR] Failed to load resource: net::ERR_INTERNET_DISCONNECTED @ https://vt-h-1.b-cdn.net/x:0
[53088434ms] [ERROR] Failed to load resource: net::ERR_INTERNET_DISCONNECTED @ https://a.vturb.com/x:0
[53088435ms] [ERROR] [31m[ERROR]:[0m Analytics Services - Hermes: All Analytics URLs have failed @ https://scripts.converteai.net/lib/js/smartplayer-wc/v4/smartplayer.js:1
[53088436ms] [ERROR] Failed to load resource: net::ERR_INTERNET_DISCONNECTED @ https://a.vturb.com/x:0
[53088436ms] [ERROR] [31m[ERROR]:[0m Analytics Services - Hermes: All Analytics URLs have failed @ https://scripts.converteai.net/lib/js/smartplayer-wc/v4/smartplayer.js:1
[53088440ms] [ERROR] Failed to load resource: net::ERR_INTERNET_DISCONNECTED @ https://sentry.io/api/4509130195468288/envelope/:0
[53088440ms] [ERROR] Failed to load resource: net::ERR_INTERNET_DISCONNECTED @ https://sentry.io/api/4509130195468288/envelope/:0
[53089255ms] [ERROR] Failed to load resource: net::ERR_INTERNET_DISCONNECTED @ https://a.vturb.com/x:0
[53089256ms] [ERROR] [31m[ERROR]:[0m Analytics Services - Hermes: All Analytics URLs have failed @ https://scripts.converteai.net/lib/js/smartplayer-wc/v4/smartplayer.js:1
[53089257ms] [ERROR] Failed to load resource: net::ERR_INTERNET_DISCONNECTED @ https://a.vturb.com/x:0
[53089257ms] [ERROR] [31m[ERROR]:[0m Analytics Services - Hermes: All Analytics URLs have failed @ https://scripts.converteai.net/lib/js/smartplayer-wc/v4/smartplayer.js:1
[53089260ms] [ERROR] Failed to load resource: net::ERR_INTERNET_DISCONNECTED @ https://sentry.io/api/4509130195468288/envelope/:0
[53089260ms] [ERROR] Failed to load resource: net::ERR_INTERNET_DISCONNECTED @ https://sentry.io/api/4509130195468288/envelope/:0
[53092260ms] [WARNING] The resource https://cdn.converteai.net/8961d838-aff2-4dce-9b39-e84022d332ce/6a52f890d71bd640bbb2a65d/main.m3u8 was preloaded using link preload but not used within a few seconds from the window's load event. Please make sure it has an appropriate `as` value and it is preloaded intentionally. @ http://localhost:8848/quiz2.html:0
[53092261ms] [WARNING] The resource https://cdn.converteai.net/8961d838-aff2-4dce-9b39-e84022d332ce/6a52fa0e3d8ea0afcdc8b377/main.m3u8 was preloaded using link preload but not used within a few seconds from the window's load event. Please make sure it has an appropriate `as` value and it is preloaded intentionally. @ http://localhost:8848/quiz2.html:0
[53094282ms] [ERROR] Failed to load resource: net::ERR_INTERNET_DISCONNECTED @ https://vt-h-1.b-cdn.net/x:0
[53094283ms] [ERROR] Failed to load resource: net::ERR_INTERNET_DISCONNECTED @ https://vt-h-1.b-cdn.net/x:0
[53094689ms] [ERROR] Failed to load resource: net::ERR_INTERNET_DISCONNECTED @ https://a.vturb.com/x:0
[53094690ms] [ERROR] [31m[ERROR]:[0m Analytics Services - Hermes: All Analytics URLs have failed @ https://scripts.converteai.net/lib/js/smartplayer-wc/v4/smartplayer.js:1
[53094690ms] [ERROR] Failed to load resource: net::ERR_INTERNET_DISCONNECTED @ https://a.vturb.com/x:0
[53094691ms] [ERROR] [31m[ERROR]:[0m Analytics Services - Hermes: All Analytics URLs have failed @ https://scripts.converteai.net/lib/js/smartplayer-wc/v4/smartplayer.js:1
[53094693ms] [ERROR] Failed to load resource: net::ERR_INTERNET_DISCONNECTED @ https://sentry.io/api/4509130195468288/envelope/:0
[53094693ms] [ERROR] Failed to load resource: net::ERR_INTERNET_DISCONNECTED @ https://sentry.io/api/4509130195468288/envelope/:0
[53094844ms] [ERROR] Failed to load resource: net::ERR_INTERNET_DISCONNECTED @ https://vt-h-1.b-cdn.net/x:0
[53094845ms] [ERROR] [31m[ERROR]:[0m Analytics Services - Hermes: Failed to fetch @ https://scripts.converteai.net/lib/js/smartplayer-wc/v4/smartplayer.js:1
[53094846ms] [ERROR] Failed to load resource: net::ERR_INTERNET_DISCONNECTED @ https://vt-h-1.b-cdn.net/x:0
[53094846ms] [ERROR] [31m[ERROR]:[0m Analytics Services - Hermes: Failed to fetch @ https://scripts.converteai.net/lib/js/smartplayer-wc/v4/smartplayer.js:1
[53094849ms] [ERROR] Failed to load resource: net::ERR_INTERNET_DISCONNECTED @ https://sentry.io/api/4509130195468288/envelope/:0
[53094849ms] [ERROR] Failed to load resource: net::ERR_INTERNET_DISCONNECTED @ https://sentry.io/api/4509130195468288/envelope/:0
[53094927ms] [ERROR] Failed to load resource: net::ERR_INTERNET_DISCONNECTED @ https://vt-h-1.b-cdn.net/x:0
[53094928ms] [ERROR] Failed to load resource: net::ERR_INTERNET_DISCONNECTED @ https://vt-h-1.b-cdn.net/x:0
[53095336ms] [ERROR] Failed to load resource: net::ERR_INTERNET_DISCONNECTED @ https://a.vturb.com/x:0
[53095337ms] [ERROR] [31m[ERROR]:[0m Analytics Services - Hermes: All Analytics URLs have failed @ https://scripts.converteai.net/lib/js/smartplayer-wc/v4/smartplayer.js:1
[53095337ms] [ERROR] Failed to load resource: net::ERR_INTERNET_DISCONNECTED @ https://a.vturb.com/x:0
[53095338ms] [ERROR] [31m[ERROR]:[0m Analytics Services - Hermes: All Analytics URLs have failed @ https://scripts.converteai.net/lib/js/smartplayer-wc/v4/smartplayer.js:1
[53095340ms] [ERROR] Failed to load resource: net::ERR_INTERNET_DISCONNECTED @ https://sentry.io/api/4509130195468288/envelope/:0
[53095341ms] [ERROR] Failed to load resource: net::ERR_INTERNET_DISCONNECTED @ https://sentry.io/api/4509130195468288/envelope/:0
[53095497ms] [ERROR] Failed to load resource: net::ERR_INTERNET_DISCONNECTED @ https://vt-h-1.b-cdn.net/x:0
[53095498ms] [ERROR] Failed to load resource: net::ERR_INTERNET_DISCONNECTED @ https://vt-h-1.b-cdn.net/x:0
[53095663ms] [ERROR] Failed to load resource: net::ERR_INTERNET_DISCONNECTED @ https://vt-h-1.b-cdn.net/x:0
[53095664ms] [ERROR] [31m[ERROR]:[0m Analytics Services - Hermes: Failed to fetch @ https://scripts.converteai.net/lib/js/smartplayer-wc/v4/smartplayer.js:1
[53095665ms] [ERROR] Failed to load resource: net::ERR_INTERNET_DISCONNECTED @ https://vt-h-1.b-cdn.net/x:0
[53095665ms] [ERROR] [31m[ERROR]:[0m Analytics Services - Hermes: Failed to fetch @ https://scripts.converteai.net/lib/js/smartplayer-wc/v4/smartplayer.js:1
[53095667ms] [ERROR] Failed to load resource: net::ERR_INTERNET_DISCONNECTED @ https://sentry.io/api/4509130195468288/envelope/:0
[53095668ms] [ERROR] Failed to load resource: net::ERR_INTERNET_DISCONNECTED @ https://sentry.io/api/4509130195468288/envelope/:0
[53095747ms] [ERROR] Failed to load resource: net::ERR_INTERNET_DISCONNECTED @ https://a.vturb.com/x:0
[53095748ms] [ERROR] [31m[ERROR]:[0m Analytics Services - Hermes: All Analytics URLs have failed @ https://scripts.converteai.net/lib/js/smartplayer-wc/v4/smartplayer.js:1
[53095748ms] [ERROR] Failed to load resource: net::ERR_INTERNET_DISCONNECTED @ https://a.vturb.com/x:0
[53095748ms] [ERROR] [31m[ERROR]:[0m Analytics Services - Hermes: All Analytics URLs have failed @ https://scripts.converteai.net/lib/js/smartplayer-wc/v4/smartplayer.js:1
[53095751ms] [ERROR] Failed to load resource: net::ERR_INTERNET_DISCONNECTED @ https://sentry.io/api/4509130195468288/envelope/:0
[53095751ms] [ERROR] Failed to load resource: net::ERR_INTERNET_DISCONNECTED @ https://sentry.io/api/4509130195468288/envelope/:0
[53096145ms] [ERROR] Failed to load resource: net::ERR_INTERNET_DISCONNECTED @ https://vt-h-1.b-cdn.net/x:0
[53096145ms] [ERROR] Failed to load resource: net::ERR_INTERNET_DISCONNECTED @ https://vt-h-1.b-cdn.net/x:0
[53096153ms] [ERROR] Failed to load resource: net::ERR_INTERNET_DISCONNECTED @ https://vt-h-1.b-cdn.net/x:0
[53096154ms] [ERROR] Failed to load resource: net::ERR_INTERNET_DISCONNECTED @ https://vt-h-1.b-cdn.net/x:0
[53096961ms] [ERROR] Failed to load resource: net::ERR_INTERNET_DISCONNECTED @ https://a.vturb.com/x:0
[53096962ms] [ERROR] [31m[ERROR]:[0m Analytics Services - Hermes: All Analytics URLs have failed @ https://scripts.converteai.net/lib/js/smartplayer-wc/v4/smartplayer.js:1
[53096963ms] [ERROR] Failed to load resource: net::ERR_INTERNET_DISCONNECTED @ https://a.vturb.com/x:0
[53096963ms] [ERROR] [31m[ERROR]:[0m Analytics Services - Hermes: All Analytics URLs have failed @ https://scripts.converteai.net/lib/js/smartplayer-wc/v4/smartplayer.js:1
[53096966ms] [ERROR] Failed to load resource: net::ERR_INTERNET_DISCONNECTED @ https://sentry.io/api/4509130195468288/envelope/:0
[53096966ms] [ERROR] Failed to load resource: net::ERR_INTERNET_DISCONNECTED @ https://sentry.io/api/4509130195468288/envelope/:0
[53097104ms] [ERROR] Failed to load resource: net::ERR_INTERNET_DISCONNECTED @ https://a.vturb.com/x:0
[53097105ms] [ERROR] [31m[ERROR]:[0m Analytics Services - Hermes: All Analytics URLs have failed @ https://scripts.converteai.net/lib/js/smartplayer-wc/v4/smartplayer.js:1
[53097105ms] [ERROR] Failed to load resource: net::ERR_INTERNET_DISCONNECTED @ https://a.vturb.com/x:0
[53097106ms] [ERROR] [31m[ERROR]:[0m Analytics Services - Hermes: All Analytics URLs have failed @ https://scripts.converteai.net/lib/js/smartplayer-wc/v4/smartplayer.js:1
[53097108ms] [ERROR] Failed to load resource: net::ERR_INTERNET_DISCONNECTED @ https://sentry.io/api/4509130195468288/envelope/:0
[53097108ms] [ERROR] Failed to load resource: net::ERR_INTERNET_DISCONNECTED @ https://sentry.io/api/4509130195468288/envelope/:0
[53097754ms] [ERROR] Failed to load resource: net::ERR_INTERNET_DISCONNECTED @ https://a.vturb.com/x:0
[53097755ms] [ERROR] [31m[ERROR]:[0m Analytics Services - Hermes: All Analytics URLs have failed @ https://scripts.converteai.net/lib/js/smartplayer-wc/v4/smartplayer.js:1
[53097755ms] [ERROR] Failed to load resource: net::ERR_INTERNET_DISCONNECTED @ https://a.vturb.com/x:0
[53097756ms] [ERROR] [31m[ERROR]:[0m Analytics Services - Hermes: All Analytics URLs have failed @ https://scripts.converteai.net/lib/js/smartplayer-wc/v4/smartplayer.js:1
[53097758ms] [ERROR] Failed to load resource: net::ERR_INTERNET_DISCONNECTED @ https://sentry.io/api/4509130195468288/envelope/:0
[53097758ms] [ERROR] Failed to load resource: net::ERR_INTERNET_DISCONNECTED @ https://sentry.io/api/4509130195468288/envelope/:0
[53098571ms] [ERROR] Failed to load resource: net::ERR_INTERNET_DISCONNECTED @ https://vt-h-1.b-cdn.net/x:0
[53098573ms] [ERROR] Failed to load resource: net::ERR_INTERNET_DISCONNECTED @ https://vt-h-1.b-cdn.net/x:0
[53100312ms] [ERROR] Failed to load resource: net::ERR_INTERNET_DISCONNECTED @ https://vt-h-1.b-cdn.net/x:0
[53100313ms] [ERROR] Failed to load resource: net::ERR_INTERNET_DISCONNECTED @ https://vt-h-1.b-cdn.net/x:0
[53100962ms] [ERROR] Failed to load resource: net::ERR_INTERNET_DISCONNECTED @ https://vt-h-1.b-cdn.net/x:0
[53100962ms] [ERROR] Failed to load resource: net::ERR_INTERNET_DISCONNECTED @ https://vt-h-1.b-cdn.net/x:0
[53101778ms] [ERROR] Failed to load resource: net::ERR_INTERNET_DISCONNECTED @ https://a.vturb.com/x:0
[53101779ms] [ERROR] [31m[ERROR]:[0m Analytics Services - Hermes: All Analytics URLs have failed @ https://scripts.converteai.net/lib/js/smartplayer-wc/v4/smartplayer.js:1
[53101779ms] [ERROR] Failed to load resource: net::ERR_INTERNET_DISCONNECTED @ https://a.vturb.com/x:0
[53101779ms] [ERROR] [31m[ERROR]:[0m Analytics Services - Hermes: All Analytics URLs have failed @ https://scripts.converteai.net/lib/js/smartplayer-wc/v4/smartplayer.js:1
[53101782ms] [ERROR] Failed to load resource: net::ERR_INTERNET_DISCONNECTED @ https://sentry.io/api/4509130195468288/envelope/:0
[53101782ms] [ERROR] Failed to load resource: net::ERR_INTERNET_DISCONNECTED @ https://sentry.io/api/4509130195468288/envelope/:0
[56717335ms] [WARNING] The resource https://cdn.converteai.net/8961d838-aff2-4dce-9b39-e84022d332ce/6a52f890d71bd640bbb2a65d/main.m3u8 was preloaded using link preload but not used within a few seconds from the window's load event. Please make sure it has an appropriate `as` value and it is preloaded intentionally. @ http://localhost:8848/quiz2.html:0
[56717335ms] [WARNING] The resource https://cdn.converteai.net/8961d838-aff2-4dce-9b39-e84022d332ce/6a52fa0e3d8ea0afcdc8b377/main.m3u8 was preloaded using link preload but not used within a few seconds from the window's load event. Please make sure it has an appropriate `as` value and it is preloaded intentionally. @ http://localhost:8848/quiz2.html:0
[56719273ms] [ERROR] Failed to load resource: net::ERR_INTERNET_DISCONNECTED @ https://a.vturb.com/x:0
[56719274ms] [ERROR] [31m[ERROR]:[0m Analytics Services - Hermes: Failed to fetch @ https://scripts.converteai.net/lib/js/smartplayer-wc/v4/smartplayer.js:1
[56719274ms] [ERROR] Failed to load resource: net::ERR_INTERNET_DISCONNECTED @ https://a.vturb.com/x:0
[56719275ms] [ERROR] [31m[ERROR]:[0m Analytics Services - Hermes: Failed to fetch @ https://scripts.converteai.net/lib/js/smartplayer-wc/v4/smartplayer.js:1
[56719279ms] [ERROR] Failed to load resource: net::ERR_INTERNET_DISCONNECTED @ https://sentry.io/api/4509130195468288/envelope/:0
[56719279ms] [ERROR] Failed to load resource: net::ERR_INTERNET_DISCONNECTED @ https://sentry.io/api/4509130195468288/envelope/:0
[56719360ms] [ERROR] Failed to load resource: net::ERR_INTERNET_DISCONNECTED @ https://vt-h-1.b-cdn.net/x:0
[56719363ms] [ERROR] Failed to load resource: net::ERR_INTERNET_DISCONNECTED @ https://vt-h-1.b-cdn.net/x:0
[56719769ms] [ERROR] Failed to load resource: net::ERR_INTERNET_DISCONNECTED @ https://a.vturb.com/x:0
[56719770ms] [ERROR] [31m[ERROR]:[0m Analytics Services - Hermes: All Analytics URLs have failed @ https://scripts.converteai.net/lib/js/smartplayer-wc/v4/smartplayer.js:1
[56719770ms] [ERROR] Failed to load resource: net::ERR_INTERNET_DISCONNECTED @ https://a.vturb.com/x:0
[56719771ms] [ERROR] [31m[ERROR]:[0m Analytics Services - Hermes: All Analytics URLs have failed @ https://scripts.converteai.net/lib/js/smartplayer-wc/v4/smartplayer.js:1
[56719775ms] [ERROR] Failed to load resource: net::ERR_INTERNET_DISCONNECTED @ https://sentry.io/api/4509130195468288/envelope/:0
[56719776ms] [ERROR] Failed to load resource: net::ERR_INTERNET_DISCONNECTED @ https://sentry.io/api/4509130195468288/envelope/:0
[56719922ms] [ERROR] Failed to load resource: net::ERR_INTERNET_DISCONNECTED @ https://a.vturb.com/x:0
[56719923ms] [ERROR] [31m[ERROR]:[0m Analytics Services - Hermes: Failed to fetch @ https://scripts.converteai.net/lib/js/smartplayer-wc/v4/smartplayer.js:1
[56719923ms] [ERROR] Failed to load resource: net::ERR_INTERNET_DISCONNECTED @ https://a.vturb.com/x:0
[56719924ms] [ERROR] [31m[ERROR]:[0m Analytics Services - Hermes: Failed to fetch @ https://scripts.converteai.net/lib/js/smartplayer-wc/v4/smartplayer.js:1
[56719927ms] [ERROR] Failed to load resource: net::ERR_INTERNET_DISCONNECTED @ https://sentry.io/api/4509130195468288/envelope/:0
[56719927ms] [ERROR] Failed to load resource: net::ERR_INTERNET_DISCONNECTED @ https://sentry.io/api/4509130195468288/envelope/:0
[56720004ms] [ERROR] Failed to load resource: net::ERR_INTERNET_DISCONNECTED @ https://vt-h-1.b-cdn.net/x:0
[56720006ms] [ERROR] Failed to load resource: net::ERR_INTERNET_DISCONNECTED @ https://vt-h-1.b-cdn.net/x:0
[56720413ms] [ERROR] Failed to load resource: net::ERR_INTERNET_DISCONNECTED @ https://a.vturb.com/x:0
[56720414ms] [ERROR] [31m[ERROR]:[0m Analytics Services - Hermes: All Analytics URLs have failed @ https://scripts.converteai.net/lib/js/smartplayer-wc/v4/smartplayer.js:1
[56720414ms] [ERROR] Failed to load resource: net::ERR_INTERNET_DISCONNECTED @ https://a.vturb.com/x:0
[56720415ms] [ERROR] [31m[ERROR]:[0m Analytics Services - Hermes: All Analytics URLs have failed @ https://scripts.converteai.net/lib/js/smartplayer-wc/v4/smartplayer.js:1
[56720418ms] [ERROR] Failed to load resource: net::ERR_INTERNET_DISCONNECTED @ https://sentry.io/api/4509130195468288/envelope/:0
[56720418ms] [ERROR] Failed to load resource: net::ERR_INTERNET_DISCONNECTED @ https://sentry.io/api/4509130195468288/envelope/:0
[56720578ms] [ERROR] Failed to load resource: net::ERR_INTERNET_DISCONNECTED @ https://vt-h-1.b-cdn.net/x:0
[56720579ms] [ERROR] Failed to load resource: net::ERR_INTERNET_DISCONNECTED @ https://vt-h-1.b-cdn.net/x:0
[56720738ms] [ERROR] Failed to load resource: net::ERR_INTERNET_DISCONNECTED @ https://vt-h-1.b-cdn.net/x:0
[56720739ms] [ERROR] [31m[ERROR]:[0m Analytics Services - Hermes: Failed to fetch @ https://scripts.converteai.net/lib/js/smartplayer-wc/v4/smartplayer.js:1
[56720740ms] [ERROR] Failed to load resource: net::ERR_INTERNET_DISCONNECTED @ https://vt-h-1.b-cdn.net/x:0
[56720740ms] [ERROR] [31m[ERROR]:[0m Analytics Services - Hermes: Failed to fetch @ https://scripts.converteai.net/lib/js/smartplayer-wc/v4/smartplayer.js:1
[56720744ms] [ERROR] Failed to load resource: net::ERR_INTERNET_DISCONNECTED @ https://sentry.io/api/4509130195468288/envelope/:0
[56720744ms] [ERROR] Failed to load resource: net::ERR_INTERNET_DISCONNECTED @ https://sentry.io/api/4509130195468288/envelope/:0
[56720821ms] [ERROR] Failed to load resource: net::ERR_INTERNET_DISCONNECTED @ https://a.vturb.com/x:0
[56720822ms] [ERROR] [31m[ERROR]:[0m Analytics Services - Hermes: All Analytics URLs have failed @ https://scripts.converteai.net/lib/js/smartplayer-wc/v4/smartplayer.js:1
[56720822ms] [ERROR] Failed to load resource: net::ERR_INTERNET_DISCONNECTED @ https://a.vturb.com/x:0
[56720823ms] [ERROR] [31m[ERROR]:[0m Analytics Services - Hermes: All Analytics URLs have failed @ https://scripts.converteai.net/lib/js/smartplayer-wc/v4/smartplayer.js:1
[56720826ms] [ERROR] Failed to load resource: net::ERR_INTERNET_DISCONNECTED @ https://sentry.io/api/4509130195468288/envelope/:0
[56720826ms] [ERROR] Failed to load resource: net::ERR_INTERNET_DISCONNECTED @ https://sentry.io/api/4509130195468288/envelope/:0
[56721223ms] [ERROR] Failed to load resource: net::ERR_INTERNET_DISCONNECTED @ https://vt-h-1.b-cdn.net/x:0
[56721224ms] [ERROR] Failed to load resource: net::ERR_INTERNET_DISCONNECTED @ https://vt-h-1.b-cdn.net/x:0
[56721226ms] [ERROR] Failed to load resource: net::ERR_INTERNET_DISCONNECTED @ https://vt-h-1.b-cdn.net/x:0
[56721227ms] [ERROR] Failed to load resource: net::ERR_INTERNET_DISCONNECTED @ https://vt-h-1.b-cdn.net/x:0
[56722034ms] [ERROR] Failed to load resource: net::ERR_INTERNET_DISCONNECTED @ https://a.vturb.com/x:0
[56722035ms] [ERROR] [31m[ERROR]:[0m Analytics Services - Hermes: All Analytics URLs have failed @ https://scripts.converteai.net/lib/js/smartplayer-wc/v4/smartplayer.js:1
[56722035ms] [ERROR] Failed to load resource: net::ERR_INTERNET_DISCONNECTED @ https://a.vturb.com/x:0
[56722036ms] [ERROR] [31m[ERROR]:[0m Analytics Services - Hermes: All Analytics URLs have failed @ https://scripts.converteai.net/lib/js/smartplayer-wc/v4/smartplayer.js:1
[56722040ms] [ERROR] Failed to load resource: net::ERR_INTERNET_DISCONNECTED @ https://sentry.io/api/4509130195468288/envelope/:0
[56722040ms] [ERROR] Failed to load resource: net::ERR_INTERNET_DISCONNECTED @ https://sentry.io/api/4509130195468288/envelope/:0
[56722184ms] [ERROR] Failed to load resource: net::ERR_INTERNET_DISCONNECTED @ https://a.vturb.com/x:0
[56722184ms] [ERROR] [31m[ERROR]:[0m Analytics Services - Hermes: All Analytics URLs have failed @ https://scripts.converteai.net/lib/js/smartplayer-wc/v4/smartplayer.js:1
[56722185ms] [ERROR] Failed to load resource: net::ERR_INTERNET_DISCONNECTED @ https://a.vturb.com/x:0
[56722185ms] [ERROR] [31m[ERROR]:[0m Analytics Services - Hermes: All Analytics URLs have failed @ https://scripts.converteai.net/lib/js/smartplayer-wc/v4/smartplayer.js:1
[56722188ms] [ERROR] Failed to load resource: net::ERR_INTERNET_DISCONNECTED @ https://sentry.io/api/4509130195468288/envelope/:0
[56722188ms] [ERROR] Failed to load resource: net::ERR_INTERNET_DISCONNECTED @ https://sentry.io/api/4509130195468288/envelope/:0
[56722831ms] [ERROR] Failed to load resource: net::ERR_INTERNET_DISCONNECTED @ https://a.vturb.com/x:0
[56722832ms] [ERROR] [31m[ERROR]:[0m Analytics Services - Hermes: All Analytics URLs have failed @ https://scripts.converteai.net/lib/js/smartplayer-wc/v4/smartplayer.js:1
[56722833ms] [ERROR] Failed to load resource: net::ERR_INTERNET_DISCONNECTED @ https://a.vturb.com/x:0
[56722833ms] [ERROR] [31m[ERROR]:[0m Analytics Services - Hermes: All Analytics URLs have failed @ https://scripts.converteai.net/lib/js/smartplayer-wc/v4/smartplayer.js:1
[56722836ms] [ERROR] Failed to load resource: net::ERR_INTERNET_DISCONNECTED @ https://sentry.io/api/4509130195468288/envelope/:0
[56722836ms] [ERROR] Failed to load resource: net::ERR_INTERNET_DISCONNECTED @ https://sentry.io/api/4509130195468288/envelope/:0
[56723644ms] [ERROR] Failed to load resource: net::ERR_INTERNET_DISCONNECTED @ https://vt-h-1.b-cdn.net/x:0
[56723646ms] [ERROR] Failed to load resource: net::ERR_INTERNET_DISCONNECTED @ https://vt-h-1.b-cdn.net/x:0
[56725394ms] [ERROR] Failed to load resource: net::ERR_INTERNET_DISCONNECTED @ https://vt-h-1.b-cdn.net/x:0
[56725395ms] [ERROR] Failed to load resource: net::ERR_INTERNET_DISCONNECTED @ https://vt-h-1.b-cdn.net/x:0
[56726042ms] [ERROR] Failed to load resource: net::ERR_INTERNET_DISCONNECTED @ https://vt-h-1.b-cdn.net/x:0
[56726043ms] [ERROR] Failed to load resource: net::ERR_INTERNET_DISCONNECTED @ https://vt-h-1.b-cdn.net/x:0
[56726853ms] [ERROR] Failed to load resource: net::ERR_INTERNET_DISCONNECTED @ https://a.vturb.com/x:0
[56726854ms] [ERROR] [31m[ERROR]:[0m Analytics Services - Hermes: All Analytics URLs have failed @ https://scripts.converteai.net/lib/js/smartplayer-wc/v4/smartplayer.js:1
[56726854ms] [ERROR] Failed to load resource: net::ERR_INTERNET_DISCONNECTED @ https://a.vturb.com/x:0
[56726855ms] [ERROR] [31m[ERROR]:[0m Analytics Services - Hermes: All Analytics URLs have failed @ https://scripts.converteai.net/lib/js/smartplayer-wc/v4/smartplayer.js:1
[56726858ms] [ERROR] Failed to load resource: net::ERR_INTERNET_DISCONNECTED @ https://sentry.io/api/4509130195468288/envelope/:0
[56726859ms] [ERROR] Failed to load resource: net::ERR_INTERNET_DISCONNECTED @ https://sentry.io/api/4509130195468288/envelope/:0
[56729860ms] [WARNING] The resource https://cdn.converteai.net/8961d838-aff2-4dce-9b39-e84022d332ce/6a52f890d71bd640bbb2a65d/main.m3u8 was preloaded using link preload but not used within a few seconds from the window's load event. Please make sure it has an appropriate `as` value and it is preloaded intentionally. @ http://localhost:8848/quiz2.html:0
[56729860ms] [WARNING] The resource https://cdn.converteai.net/8961d838-aff2-4dce-9b39-e84022d332ce/6a52fa0e3d8ea0afcdc8b377/main.m3u8 was preloaded using link preload but not used within a few seconds from the window's load event. Please make sure it has an appropriate `as` value and it is preloaded intentionally. @ http://localhost:8848/quiz2.html:0
[56731804ms] [ERROR] Failed to load resource: net::ERR_INTERNET_DISCONNECTED @ https://a.vturb.com/x:0
[56731805ms] [ERROR] [31m[ERROR]:[0m Analytics Services - Hermes: Failed to fetch @ https://scripts.converteai.net/lib/js/smartplayer-wc/v4/smartplayer.js:1
[56731806ms] [ERROR] Failed to load resource: net::ERR_INTERNET_DISCONNECTED @ https://a.vturb.com/x:0
[56731806ms] [ERROR] [31m[ERROR]:[0m Analytics Services - Hermes: Failed to fetch @ https://scripts.converteai.net/lib/js/smartplayer-wc/v4/smartplayer.js:1
[56731809ms] [ERROR] Failed to load resource: net::ERR_INTERNET_DISCONNECTED @ https://sentry.io/api/4509130195468288/envelope/:0
[56731809ms] [ERROR] Failed to load resource: net::ERR_INTERNET_DISCONNECTED @ https://sentry.io/api/4509130195468288/envelope/:0
[56731888ms] [ERROR] Failed to load resource: net::ERR_INTERNET_DISCONNECTED @ https://vt-h-1.b-cdn.net/x:0
[56731889ms] [ERROR] Failed to load resource: net::ERR_INTERNET_DISCONNECTED @ https://vt-h-1.b-cdn.net/x:0
[56732295ms] [ERROR] Failed to load resource: net::ERR_INTERNET_DISCONNECTED @ https://a.vturb.com/x:0
[56732295ms] [ERROR] [31m[ERROR]:[0m Analytics Services - Hermes: All Analytics URLs have failed @ https://scripts.converteai.net/lib/js/smartplayer-wc/v4/smartplayer.js:1
[56732296ms] [ERROR] Failed to load resource: net::ERR_INTERNET_DISCONNECTED @ https://a.vturb.com/x:0
[56732296ms] [ERROR] [31m[ERROR]:[0m Analytics Services - Hermes: All Analytics URLs have failed @ https://scripts.converteai.net/lib/js/smartplayer-wc/v4/smartplayer.js:1
[56732299ms] [ERROR] Failed to load resource: net::ERR_INTERNET_DISCONNECTED @ https://sentry.io/api/4509130195468288/envelope/:0
[56732299ms] [ERROR] Failed to load resource: net::ERR_INTERNET_DISCONNECTED @ https://sentry.io/api/4509130195468288/envelope/:0
[56732451ms] [ERROR] Failed to load resource: net::ERR_INTERNET_DISCONNECTED @ https://a.vturb.com/x:0
[56732452ms] [ERROR] [31m[ERROR]:[0m Analytics Services - Hermes: Failed to fetch @ https://scripts.converteai.net/lib/js/smartplayer-wc/v4/smartplayer.js:1
[56732452ms] [ERROR] Failed to load resource: net::ERR_INTERNET_DISCONNECTED @ https://a.vturb.com/x:0
[56732453ms] [ERROR] [31m[ERROR]:[0m Analytics Services - Hermes: Failed to fetch @ https://scripts.converteai.net/lib/js/smartplayer-wc/v4/smartplayer.js:1
[56732456ms] [ERROR] Failed to load resource: net::ERR_INTERNET_DISCONNECTED @ https://sentry.io/api/4509130195468288/envelope/:0
[56732456ms] [ERROR] Failed to load resource: net::ERR_INTERNET_DISCONNECTED @ https://sentry.io/api/4509130195468288/envelope/:0
[56732535ms] [ERROR] Failed to load resource: net::ERR_INTERNET_DISCONNECTED @ https://vt-h-1.b-cdn.net/x:0
[56732536ms] [ERROR] Failed to load resource: net::ERR_INTERNET_DISCONNECTED @ https://vt-h-1.b-cdn.net/x:0
[56732945ms] [ERROR] Failed to load resource: net::ERR_INTERNET_DISCONNECTED @ https://a.vturb.com/x:0
[56732946ms] [ERROR] [31m[ERROR]:[0m Analytics Services - Hermes: All Analytics URLs have failed @ https://scripts.converteai.net/lib/js/smartplayer-wc/v4/smartplayer.js:1
[56732946ms] [ERROR] Failed to load resource: net::ERR_INTERNET_DISCONNECTED @ https://a.vturb.com/x:0
[56732947ms] [ERROR] [31m[ERROR]:[0m Analytics Services - Hermes: All Analytics URLs have failed @ https://scripts.converteai.net/lib/js/smartplayer-wc/v4/smartplayer.js:1
[56732949ms] [ERROR] Failed to load resource: net::ERR_INTERNET_DISCONNECTED @ https://sentry.io/api/4509130195468288/envelope/:0
[56732950ms] [ERROR] Failed to load resource: net::ERR_INTERNET_DISCONNECTED @ https://sentry.io/api/4509130195468288/envelope/:0
[56733106ms] [ERROR] Failed to load resource: net::ERR_INTERNET_DISCONNECTED @ https://vt-h-1.b-cdn.net/x:0
[56733107ms] [ERROR] Failed to load resource: net::ERR_INTERNET_DISCONNECTED @ https://vt-h-1.b-cdn.net/x:0
[56733263ms] [ERROR] Failed to load resource: net::ERR_INTERNET_DISCONNECTED @ https://vt-h-1.b-cdn.net/x:0
[56733264ms] [ERROR] [31m[ERROR]:[0m Analytics Services - Hermes: Failed to fetch @ https://scripts.converteai.net/lib/js/smartplayer-wc/v4/smartplayer.js:1
[56733265ms] [ERROR] Failed to load resource: net::ERR_INTERNET_DISCONNECTED @ https://vt-h-1.b-cdn.net/x:0
[56733266ms] [ERROR] [31m[ERROR]:[0m Analytics Services - Hermes: Failed to fetch @ https://scripts.converteai.net/lib/js/smartplayer-wc/v4/smartplayer.js:1
[56733269ms] [ERROR] Failed to load resource: net::ERR_INTERNET_DISCONNECTED @ https://sentry.io/api/4509130195468288/envelope/:0
[56733269ms] [ERROR] Failed to load resource: net::ERR_INTERNET_DISCONNECTED @ https://sentry.io/api/4509130195468288/envelope/:0
[56733348ms] [ERROR] Failed to load resource: net::ERR_INTERNET_DISCONNECTED @ https://a.vturb.com/x:0
[56733349ms] [ERROR] [31m[ERROR]:[0m Analytics Services - Hermes: All Analytics URLs have failed @ https://scripts.converteai.net/lib/js/smartplayer-wc/v4/smartplayer.js:1
[56733349ms] [ERROR] Failed to load resource: net::ERR_INTERNET_DISCONNECTED @ https://a.vturb.com/x:0
[56733350ms] [ERROR] [31m[ERROR]:[0m Analytics Services - Hermes: All Analytics URLs have failed @ https://scripts.converteai.net/lib/js/smartplayer-wc/v4/smartplayer.js:1
[56733352ms] [ERROR] Failed to load resource: net::ERR_INTERNET_DISCONNECTED @ https://sentry.io/api/4509130195468288/envelope/:0
[56733352ms] [ERROR] Failed to load resource: net::ERR_INTERNET_DISCONNECTED @ https://sentry.io/api/4509130195468288/envelope/:0
[56733756ms] [ERROR] Failed to load resource: net::ERR_INTERNET_DISCONNECTED @ https://vt-h-1.b-cdn.net/x:0
[56733757ms] [ERROR] Failed to load resource: net::ERR_INTERNET_DISCONNECTED @ https://vt-h-1.b-cdn.net/x:0
[56733757ms] [ERROR] Failed to load resource: net::ERR_INTERNET_DISCONNECTED @ https://vt-h-1.b-cdn.net/x:0
[56733757ms] [ERROR] Failed to load resource: net::ERR_INTERNET_DISCONNECTED @ https://vt-h-1.b-cdn.net/x:0
[56734565ms] [ERROR] Failed to load resource: net::ERR_INTERNET_DISCONNECTED @ https://a.vturb.com/x:0
[56734566ms] [ERROR] [31m[ERROR]:[0m Analytics Services - Hermes: All Analytics URLs have failed @ https://scripts.converteai.net/lib/js/smartplayer-wc/v4/smartplayer.js:1
[56734566ms] [ERROR] Failed to load resource: net::ERR_INTERNET_DISCONNECTED @ https://a.vturb.com/x:0
[56734567ms] [ERROR] [31m[ERROR]:[0m Analytics Services - Hermes: All Analytics URLs have failed @ https://scripts.converteai.net/lib/js/smartplayer-wc/v4/smartplayer.js:1
[56734570ms] [ERROR] Failed to load resource: net::ERR_INTERNET_DISCONNECTED @ https://sentry.io/api/4509130195468288/envelope/:0
[56734570ms] [ERROR] Failed to load resource: net::ERR_INTERNET_DISCONNECTED @ https://sentry.io/api/4509130195468288/envelope/:0
[56734714ms] [ERROR] Failed to load resource: net::ERR_INTERNET_DISCONNECTED @ https://a.vturb.com/x:0
[56734715ms] [ERROR] [31m[ERROR]:[0m Analytics Services - Hermes: All Analytics URLs have failed @ https://scripts.converteai.net/lib/js/smartplayer-wc/v4/smartplayer.js:1
[56734716ms] [ERROR] Failed to load resource: net::ERR_INTERNET_DISCONNECTED @ https://a.vturb.com/x:0
[56734716ms] [ERROR] [31m[ERROR]:[0m Analytics Services - Hermes: All Analytics URLs have failed @ https://scripts.converteai.net/lib/js/smartplayer-wc/v4/smartplayer.js:1
[56734719ms] [ERROR] Failed to load resource: net::ERR_INTERNET_DISCONNECTED @ https://sentry.io/api/4509130195468288/envelope/:0
[56734719ms] [ERROR] Failed to load resource: net::ERR_INTERNET_DISCONNECTED @ https://sentry.io/api/4509130195468288/envelope/:0
[56735364ms] [ERROR] Failed to load resource: net::ERR_INTERNET_DISCONNECTED @ https://a.vturb.com/x:0
[56735365ms] [ERROR] [31m[ERROR]:[0m Analytics Services - Hermes: All Analytics URLs have failed @ https://scripts.converteai.net/lib/js/smartplayer-wc/v4/smartplayer.js:1
[56735365ms] [ERROR] Failed to load resource: net::ERR_INTERNET_DISCONNECTED @ https://a.vturb.com/x:0
[56735366ms] [ERROR] [31m[ERROR]:[0m Analytics Services - Hermes: All Analytics URLs have failed @ https://scripts.converteai.net/lib/js/smartplayer-wc/v4/smartplayer.js:1
[56735368ms] [ERROR] Failed to load resource: net::ERR_INTERNET_DISCONNECTED @ https://sentry.io/api/4509130195468288/envelope/:0
[56735368ms] [ERROR] Failed to load resource: net::ERR_INTERNET_DISCONNECTED @ https://sentry.io/api/4509130195468288/envelope/:0
[56736175ms] [ERROR] Failed to load resource: net::ERR_INTERNET_DISCONNECTED @ https://vt-h-1.b-cdn.net/x:0
[56736175ms] [ERROR] Failed to load resource: net::ERR_INTERNET_DISCONNECTED @ https://vt-h-1.b-cdn.net/x:0
[56737925ms] [ERROR] Failed to load resource: net::ERR_INTERNET_DISCONNECTED @ https://vt-h-1.b-cdn.net/x:0
[56737926ms] [ERROR] Failed to load resource: net::ERR_INTERNET_DISCONNECTED @ https://vt-h-1.b-cdn.net/x:0
[56738573ms] [ERROR] Failed to load resource: net::ERR_INTERNET_DISCONNECTED @ https://vt-h-1.b-cdn.net/x:0
[56738573ms] [ERROR] Failed to load resource: net::ERR_INTERNET_DISCONNECTED @ https://vt-h-1.b-cdn.net/x:0
[56739383ms] [ERROR] Failed to load resource: net::ERR_INTERNET_DISCONNECTED @ https://a.vturb.com/x:0
[56739384ms] [ERROR] [31m[ERROR]:[0m Analytics Services - Hermes: All Analytics URLs have failed @ https://scripts.converteai.net/lib/js/smartplayer-wc/v4/smartplayer.js:1
[56739385ms] [ERROR] Failed to load resource: net::ERR_INTERNET_DISCONNECTED @ https://a.vturb.com/x:0
[56739385ms] [ERROR] [31m[ERROR]:[0m Analytics Services - Hermes: All Analytics URLs have failed @ https://scripts.converteai.net/lib/js/smartplayer-wc/v4/smartplayer.js:1
[56739388ms] [ERROR] Failed to load resource: net::ERR_INTERNET_DISCONNECTED @ https://sentry.io/api/4509130195468288/envelope/:0
[56739388ms] [ERROR] Failed to load resource: net::ERR_INTERNET_DISCONNECTED @ https://sentry.io/api/4509130195468288/envelope/:0
[56742388ms] [WARNING] The resource https://cdn.converteai.net/8961d838-aff2-4dce-9b39-e84022d332ce/6a52f890d71bd640bbb2a65d/main.m3u8 was preloaded using link preload but not used within a few seconds from the window's load event. Please make sure it has an appropriate `as` value and it is preloaded intentionally. @ http://localhost:8848/quiz2.html:0
[56742388ms] [WARNING] The resource https://cdn.converteai.net/8961d838-aff2-4dce-9b39-e84022d332ce/6a52fa0e3d8ea0afcdc8b377/main.m3u8 was preloaded using link preload but not used within a few seconds from the window's load event. Please make sure it has an appropriate `as` value and it is preloaded intentionally. @ http://localhost:8848/quiz2.html:0
[56744333ms] [ERROR] Failed to load resource: net::ERR_INTERNET_DISCONNECTED @ https://a.vturb.com/x:0
[56744334ms] [ERROR] [31m[ERROR]:[0m Analytics Services - Hermes: Failed to fetch @ https://scripts.converteai.net/lib/js/smartplayer-wc/v4/smartplayer.js:1
[56744335ms] [ERROR] Failed to load resource: net::ERR_INTERNET_DISCONNECTED @ https://a.vturb.com/x:0
[56744335ms] [ERROR] [31m[ERROR]:[0m Analytics Services - Hermes: Failed to fetch @ https://scripts.converteai.net/lib/js/smartplayer-wc/v4/smartplayer.js:1
[56744338ms] [ERROR] Failed to load resource: net::ERR_INTERNET_DISCONNECTED @ https://sentry.io/api/4509130195468288/envelope/:0
[56744338ms] [ERROR] Failed to load resource: net::ERR_INTERNET_DISCONNECTED @ https://sentry.io/api/4509130195468288/envelope/:0
[56744419ms] [ERROR] Failed to load resource: net::ERR_INTERNET_DISCONNECTED @ https://vt-h-1.b-cdn.net/x:0
[56744420ms] [ERROR] Failed to load resource: net::ERR_INTERNET_DISCONNECTED @ https://vt-h-1.b-cdn.net/x:0
[56744826ms] [ERROR] Failed to load resource: net::ERR_INTERNET_DISCONNECTED @ https://a.vturb.com/x:0
[56744827ms] [ERROR] [31m[ERROR]:[0m Analytics Services - Hermes: All Analytics URLs have failed @ https://scripts.converteai.net/lib/js/smartplayer-wc/v4/smartplayer.js:1
[56744827ms] [ERROR] Failed to load resource: net::ERR_INTERNET_DISCONNECTED @ https://a.vturb.com/x:0
[56744828ms] [ERROR] [31m[ERROR]:[0m Analytics Services - Hermes: All Analytics URLs have failed @ https://scripts.converteai.net/lib/js/smartplayer-wc/v4/smartplayer.js:1
[56744830ms] [ERROR] Failed to load resource: net::ERR_INTERNET_DISCONNECTED @ https://sentry.io/api/4509130195468288/envelope/:0
[56744830ms] [ERROR] Failed to load resource: net::ERR_INTERNET_DISCONNECTED @ https://sentry.io/api/4509130195468288/envelope/:0
[56744981ms] [ERROR] Failed to load resource: net::ERR_INTERNET_DISCONNECTED @ https://a.vturb.com/x:0
[56744981ms] [ERROR] [31m[ERROR]:[0m Analytics Services - Hermes: Failed to fetch @ https://scripts.converteai.net/lib/js/smartplayer-wc/v4/smartplayer.js:1
[56744982ms] [ERROR] Failed to load resource: net::ERR_INTERNET_DISCONNECTED @ https://a.vturb.com/x:0
[56744982ms] [ERROR] [31m[ERROR]:[0m Analytics Services - Hermes: Failed to fetch @ https://scripts.converteai.net/lib/js/smartplayer-wc/v4/smartplayer.js:1
[56744985ms] [ERROR] Failed to load resource: net::ERR_INTERNET_DISCONNECTED @ https://sentry.io/api/4509130195468288/envelope/:0
[56744985ms] [ERROR] Failed to load resource: net::ERR_INTERNET_DISCONNECTED @ https://sentry.io/api/4509130195468288/envelope/:0
[56745064ms] [ERROR] Failed to load resource: net::ERR_INTERNET_DISCONNECTED @ https://vt-h-1.b-cdn.net/x:0
[56745065ms] [ERROR] Failed to load resource: net::ERR_INTERNET_DISCONNECTED @ https://vt-h-1.b-cdn.net/x:0
[56745474ms] [ERROR] Failed to load resource: net::ERR_INTERNET_DISCONNECTED @ https://a.vturb.com/x:0
[56745475ms] [ERROR] [31m[ERROR]:[0m Analytics Services - Hermes: All Analytics URLs have failed @ https://scripts.converteai.net/lib/js/smartplayer-wc/v4/smartplayer.js:1
[56745475ms] [ERROR] Failed to load resource: net::ERR_INTERNET_DISCONNECTED @ https://a.vturb.com/x:0
[56745476ms] [ERROR] [31m[ERROR]:[0m Analytics Services - Hermes: All Analytics URLs have failed @ https://scripts.converteai.net/lib/js/smartplayer-wc/v4/smartplayer.js:1
[56745478ms] [ERROR] Failed to load resource: net::ERR_INTERNET_DISCONNECTED @ https://sentry.io/api/4509130195468288/envelope/:0
[56745478ms] [ERROR] Failed to load resource: net::ERR_INTERNET_DISCONNECTED @ https://sentry.io/api/4509130195468288/envelope/:0
[56745636ms] [ERROR] Failed to load resource: net::ERR_INTERNET_DISCONNECTED @ https://vt-h-1.b-cdn.net/x:0
[56745636ms] [ERROR] Failed to load resource: net::ERR_INTERNET_DISCONNECTED @ https://vt-h-1.b-cdn.net/x:0
[56745793ms] [ERROR] Failed to load resource: net::ERR_INTERNET_DISCONNECTED @ https://vt-h-1.b-cdn.net/x:0
[56745794ms] [ERROR] [31m[ERROR]:[0m Analytics Services - Hermes: Failed to fetch @ https://scripts.converteai.net/lib/js/smartplayer-wc/v4/smartplayer.js:1
[56745794ms] [ERROR] Failed to load resource: net::ERR_INTERNET_DISCONNECTED @ https://vt-h-1.b-cdn.net/x:0
[56745795ms] [ERROR] [31m[ERROR]:[0m Analytics Services - Hermes: Failed to fetch @ https://scripts.converteai.net/lib/js/smartplayer-wc/v4/smartplayer.js:1
[56745797ms] [ERROR] Failed to load resource: net::ERR_INTERNET_DISCONNECTED @ https://sentry.io/api/4509130195468288/envelope/:0
[56745797ms] [ERROR] Failed to load resource: net::ERR_INTERNET_DISCONNECTED @ https://sentry.io/api/4509130195468288/envelope/:0
[56745878ms] [ERROR] Failed to load resource: net::ERR_INTERNET_DISCONNECTED @ https://a.vturb.com/x:0
[56745878ms] [ERROR] [31m[ERROR]:[0m Analytics Services - Hermes: All Analytics URLs have failed @ https://scripts.converteai.net/lib/js/smartplayer-wc/v4/smartplayer.js:1
[56745879ms] [ERROR] Failed to load resource: net::ERR_INTERNET_DISCONNECTED @ https://a.vturb.com/x:0
[56745879ms] [ERROR] [31m[ERROR]:[0m Analytics Services - Hermes: All Analytics URLs have failed @ https://scripts.converteai.net/lib/js/smartplayer-wc/v4/smartplayer.js:1
[56745882ms] [ERROR] Failed to load resource: net::ERR_INTERNET_DISCONNECTED @ https://sentry.io/api/4509130195468288/envelope/:0
[56745882ms] [ERROR] Failed to load resource: net::ERR_INTERNET_DISCONNECTED @ https://sentry.io/api/4509130195468288/envelope/:0
[56746285ms] [ERROR] Failed to load resource: net::ERR_INTERNET_DISCONNECTED @ https://vt-h-1.b-cdn.net/x:0
[56746286ms] [ERROR] Failed to load resource: net::ERR_INTERNET_DISCONNECTED @ https://vt-h-1.b-cdn.net/x:0
[56746286ms] [ERROR] Failed to load resource: net::ERR_INTERNET_DISCONNECTED @ https://vt-h-1.b-cdn.net/x:0
[56746286ms] [ERROR] Failed to load resource: net::ERR_INTERNET_DISCONNECTED @ https://vt-h-1.b-cdn.net/x:0
[56747092ms] [ERROR] Failed to load resource: net::ERR_INTERNET_DISCONNECTED @ https://a.vturb.com/x:0
[56747093ms] [ERROR] [31m[ERROR]:[0m Analytics Services - Hermes: All Analytics URLs have failed @ https://scripts.converteai.net/lib/js/smartplayer-wc/v4/smartplayer.js:1
[56747093ms] [ERROR] Failed to load resource: net::ERR_INTERNET_DISCONNECTED @ https://a.vturb.com/x:0
[56747093ms] [ERROR] [31m[ERROR]:[0m Analytics Services - Hermes: All Analytics URLs have failed @ https://scripts.converteai.net/lib/js/smartplayer-wc/v4/smartplayer.js:1
[56747095ms] [ERROR] Failed to load resource: net::ERR_INTERNET_DISCONNECTED @ https://sentry.io/api/4509130195468288/envelope/:0
[56747095ms] [ERROR] Failed to load resource: net::ERR_INTERNET_DISCONNECTED @ https://sentry.io/api/4509130195468288/envelope/:0
[56747243ms] [ERROR] Failed to load resource: net::ERR_INTERNET_DISCONNECTED @ https://a.vturb.com/x:0
[56747243ms] [ERROR] [31m[ERROR]:[0m Analytics Services - Hermes: All Analytics URLs have failed @ https://scripts.converteai.net/lib/js/smartplayer-wc/v4/smartplayer.js:1
[56747244ms] [ERROR] Failed to load resource: net::ERR_INTERNET_DISCONNECTED @ https://a.vturb.com/x:0
[56747244ms] [ERROR] [31m[ERROR]:[0m Analytics Services - Hermes: All Analytics URLs have failed @ https://scripts.converteai.net/lib/js/smartplayer-wc/v4/smartplayer.js:1
[56747247ms] [ERROR] Failed to load resource: net::ERR_INTERNET_DISCONNECTED @ https://sentry.io/api/4509130195468288/envelope/:0
[56747247ms] [ERROR] Failed to load resource: net::ERR_INTERNET_DISCONNECTED @ https://sentry.io/api/4509130195468288/envelope/:0
[56747893ms] [ERROR] Failed to load resource: net::ERR_INTERNET_DISCONNECTED @ https://a.vturb.com/x:0
[56747894ms] [ERROR] [31m[ERROR]:[0m Analytics Services - Hermes: All Analytics URLs have failed @ https://scripts.converteai.net/lib/js/smartplayer-wc/v4/smartplayer.js:1
[56747894ms] [ERROR] Failed to load resource: net::ERR_INTERNET_DISCONNECTED @ https://a.vturb.com/x:0
[56747895ms] [ERROR] [31m[ERROR]:[0m Analytics Services - Hermes: All Analytics URLs have failed @ https://scripts.converteai.net/lib/js/smartplayer-wc/v4/smartplayer.js:1
[56747897ms] [ERROR] Failed to load resource: net::ERR_INTERNET_DISCONNECTED @ https://sentry.io/api/4509130195468288/envelope/:0
[56747897ms] [ERROR] Failed to load resource: net::ERR_INTERNET_DISCONNECTED @ https://sentry.io/api/4509130195468288/envelope/:0
[56748701ms] [ERROR] Failed to load resource: net::ERR_INTERNET_DISCONNECTED @ https://vt-h-1.b-cdn.net/x:0
[56748702ms] [ERROR] Failed to load resource: net::ERR_INTERNET_DISCONNECTED @ https://vt-h-1.b-cdn.net/x:0
[56750453ms] [ERROR] Failed to load resource: net::ERR_INTERNET_DISCONNECTED @ https://vt-h-1.b-cdn.net/x:0
[56750454ms] [ERROR] Failed to load resource: net::ERR_INTERNET_DISCONNECTED @ https://vt-h-1.b-cdn.net/x:0
[56751103ms] [ERROR] Failed to load resource: net::ERR_INTERNET_DISCONNECTED @ https://vt-h-1.b-cdn.net/x:0
[56751104ms] [ERROR] Failed to load resource: net::ERR_INTERNET_DISCONNECTED @ https://vt-h-1.b-cdn.net/x:0
[56751909ms] [ERROR] Failed to load resource: net::ERR_INTERNET_DISCONNECTED @ https://a.vturb.com/x:0
[56751910ms] [ERROR] [31m[ERROR]:[0m Analytics Services - Hermes: All Analytics URLs have failed @ https://scripts.converteai.net/lib/js/smartplayer-wc/v4/smartplayer.js:1
[56751911ms] [ERROR] Failed to load resource: net::ERR_INTERNET_DISCONNECTED @ https://a.vturb.com/x:0
[56751911ms] [ERROR] [31m[ERROR]:[0m Analytics Services - Hermes: All Analytics URLs have failed @ https://scripts.converteai.net/lib/js/smartplayer-wc/v4/smartplayer.js:1
[56751914ms] [ERROR] Failed to load resource: net::ERR_INTERNET_DISCONNECTED @ https://sentry.io/api/4509130195468288/envelope/:0
[56751914ms] [ERROR] Failed to load resource: net::ERR_INTERNET_DISCONNECTED @ https://sentry.io/api/4509130195468288/envelope/:0
[56754917ms] [WARNING] The resource https://cdn.converteai.net/8961d838-aff2-4dce-9b39-e84022d332ce/6a52f890d71bd640bbb2a65d/main.m3u8 was preloaded using link preload but not used within a few seconds from the window's load event. Please make sure it has an appropriate `as` value and it is preloaded intentionally. @ http://localhost:8848/quiz2.html:0
[56754917ms] [WARNING] The resource https://cdn.converteai.net/8961d838-aff2-4dce-9b39-e84022d332ce/6a52fa0e3d8ea0afcdc8b377/main.m3u8 was preloaded using link preload but not used within a few seconds from the window's load event. Please make sure it has an appropriate `as` value and it is preloaded intentionally. @ http://localhost:8848/quiz2.html:0
[56756861ms] [ERROR] Failed to load resource: net::ERR_INTERNET_DISCONNECTED @ https://a.vturb.com/x:0
[56756862ms] [ERROR] [31m[ERROR]:[0m Analytics Services - Hermes: Failed to fetch @ https://scripts.converteai.net/lib/js/smartplayer-wc/v4/smartplayer.js:1
[56756863ms] [ERROR] Failed to load resource: net::ERR_INTERNET_DISCONNECTED @ https://a.vturb.com/x:0
[56756863ms] [ERROR] [31m[ERROR]:[0m Analytics Services - Hermes: Failed to fetch @ https://scripts.converteai.net/lib/js/smartplayer-wc/v4/smartplayer.js:1
[56756866ms] [ERROR] Failed to load resource: net::ERR_INTERNET_DISCONNECTED @ https://sentry.io/api/4509130195468288/envelope/:0
[56756866ms] [ERROR] Failed to load resource: net::ERR_INTERNET_DISCONNECTED @ https://sentry.io/api/4509130195468288/envelope/:0
[56756944ms] [ERROR] Failed to load resource: net::ERR_INTERNET_DISCONNECTED @ https://vt-h-1.b-cdn.net/x:0
[56756945ms] [ERROR] Failed to load resource: net::ERR_INTERNET_DISCONNECTED @ https://vt-h-1.b-cdn.net/x:0
[56757354ms] [ERROR] Failed to load resource: net::ERR_INTERNET_DISCONNECTED @ https://a.vturb.com/x:0
[56757355ms] [ERROR] [31m[ERROR]:[0m Analytics Services - Hermes: All Analytics URLs have failed @ https://scripts.converteai.net/lib/js/smartplayer-wc/v4/smartplayer.js:1
[56757355ms] [ERROR] Failed to load resource: net::ERR_INTERNET_DISCONNECTED @ https://a.vturb.com/x:0
[56757356ms] [ERROR] [31m[ERROR]:[0m Analytics Services - Hermes: All Analytics URLs have failed @ https://scripts.converteai.net/lib/js/smartplayer-wc/v4/smartplayer.js:1
[56757359ms] [ERROR] Failed to load resource: net::ERR_INTERNET_DISCONNECTED @ https://sentry.io/api/4509130195468288/envelope/:0
[56757359ms] [ERROR] Failed to load resource: net::ERR_INTERNET_DISCONNECTED @ https://sentry.io/api/4509130195468288/envelope/:0
[56757511ms] [ERROR] Failed to load resource: net::ERR_INTERNET_DISCONNECTED @ https://a.vturb.com/x:0
[56757513ms] [ERROR] [31m[ERROR]:[0m Analytics Services - Hermes: Failed to fetch @ https://scripts.converteai.net/lib/js/smartplayer-wc/v4/smartplayer.js:1
[56757513ms] [ERROR] Failed to load resource: net::ERR_INTERNET_DISCONNECTED @ https://a.vturb.com/x:0
[56757513ms] [ERROR] [31m[ERROR]:[0m Analytics Services - Hermes: Failed to fetch @ https://scripts.converteai.net/lib/js/smartplayer-wc/v4/smartplayer.js:1
[56757517ms] [ERROR] Failed to load resource: net::ERR_INTERNET_DISCONNECTED @ https://sentry.io/api/4509130195468288/envelope/:0
[56757517ms] [ERROR] Failed to load resource: net::ERR_INTERNET_DISCONNECTED @ https://sentry.io/api/4509130195468288/envelope/:0
[56757594ms] [ERROR] Failed to load resource: net::ERR_INTERNET_DISCONNECTED @ https://vt-h-1.b-cdn.net/x:0
[56757595ms] [ERROR] Failed to load resource: net::ERR_INTERNET_DISCONNECTED @ https://vt-h-1.b-cdn.net/x:0
[56758002ms] [ERROR] Failed to load resource: net::ERR_INTERNET_DISCONNECTED @ https://a.vturb.com/x:0
[56758003ms] [ERROR] [31m[ERROR]:[0m Analytics Services - Hermes: All Analytics URLs have failed @ https://scripts.converteai.net/lib/js/smartplayer-wc/v4/smartplayer.js:1
[56758003ms] [ERROR] Failed to load resource: net::ERR_INTERNET_DISCONNECTED @ https://a.vturb.com/x:0
[56758004ms] [ERROR] [31m[ERROR]:[0m Analytics Services - Hermes: All Analytics URLs have failed @ https://scripts.converteai.net/lib/js/smartplayer-wc/v4/smartplayer.js:1
[56758007ms] [ERROR] Failed to load resource: net::ERR_INTERNET_DISCONNECTED @ https://sentry.io/api/4509130195468288/envelope/:0
[56758007ms] [ERROR] Failed to load resource: net::ERR_INTERNET_DISCONNECTED @ https://sentry.io/api/4509130195468288/envelope/:0
[56758163ms] [ERROR] Failed to load resource: net::ERR_INTERNET_DISCONNECTED @ https://vt-h-1.b-cdn.net/x:0
[56758164ms] [ERROR] Failed to load resource: net::ERR_INTERNET_DISCONNECTED @ https://vt-h-1.b-cdn.net/x:0
[56758320ms] [ERROR] Failed to load resource: net::ERR_INTERNET_DISCONNECTED @ https://vt-h-1.b-cdn.net/x:0
[56758321ms] [ERROR] [31m[ERROR]:[0m Analytics Services - Hermes: Failed to fetch @ https://scripts.converteai.net/lib/js/smartplayer-wc/v4/smartplayer.js:1
[56758321ms] [ERROR] Failed to load resource: net::ERR_INTERNET_DISCONNECTED @ https://vt-h-1.b-cdn.net/x:0
[56758322ms] [ERROR] [31m[ERROR]:[0m Analytics Services - Hermes: Failed to fetch @ https://scripts.converteai.net/lib/js/smartplayer-wc/v4/smartplayer.js:1
[56758324ms] [ERROR] Failed to load resource: net::ERR_INTERNET_DISCONNECTED @ https://sentry.io/api/4509130195468288/envelope/:0
[56758325ms] [ERROR] Failed to load resource: net::ERR_INTERNET_DISCONNECTED @ https://sentry.io/api/4509130195468288/envelope/:0
[56758404ms] [ERROR] Failed to load resource: net::ERR_INTERNET_DISCONNECTED @ https://a.vturb.com/x:0
[56758405ms] [ERROR] [31m[ERROR]:[0m Analytics Services - Hermes: All Analytics URLs have failed @ https://scripts.converteai.net/lib/js/smartplayer-wc/v4/smartplayer.js:1
[56758405ms] [ERROR] Failed to load resource: net::ERR_INTERNET_DISCONNECTED @ https://a.vturb.com/x:0
[56758406ms] [ERROR] [31m[ERROR]:[0m Analytics Services - Hermes: All Analytics URLs have failed @ https://scripts.converteai.net/lib/js/smartplayer-wc/v4/smartplayer.js:1
[56758409ms] [ERROR] Failed to load resource: net::ERR_INTERNET_DISCONNECTED @ https://sentry.io/api/4509130195468288/envelope/:0
[56758409ms] [ERROR] Failed to load resource: net::ERR_INTERNET_DISCONNECTED @ https://sentry.io/api/4509130195468288/envelope/:0
[56758811ms] [ERROR] Failed to load resource: net::ERR_INTERNET_DISCONNECTED @ https://vt-h-1.b-cdn.net/x:0
[56758812ms] [ERROR] Failed to load resource: net::ERR_INTERNET_DISCONNECTED @ https://vt-h-1.b-cdn.net/x:0
[56758812ms] [ERROR] Failed to load resource: net::ERR_INTERNET_DISCONNECTED @ https://vt-h-1.b-cdn.net/x:0
[56758812ms] [ERROR] Failed to load resource: net::ERR_INTERNET_DISCONNECTED @ https://vt-h-1.b-cdn.net/x:0
[56759619ms] [ERROR] Failed to load resource: net::ERR_INTERNET_DISCONNECTED @ https://a.vturb.com/x:0
[56759620ms] [ERROR] [31m[ERROR]:[0m Analytics Services - Hermes: All Analytics URLs have failed @ https://scripts.converteai.net/lib/js/smartplayer-wc/v4/smartplayer.js:1
[56759620ms] [ERROR] Failed to load resource: net::ERR_INTERNET_DISCONNECTED @ https://a.vturb.com/x:0
[56759621ms] [ERROR] [31m[ERROR]:[0m Analytics Services - Hermes: All Analytics URLs have failed @ https://scripts.converteai.net/lib/js/smartplayer-wc/v4/smartplayer.js:1
[56759624ms] [ERROR] Failed to load resource: net::ERR_INTERNET_DISCONNECTED @ https://sentry.io/api/4509130195468288/envelope/:0
[56759624ms] [ERROR] Failed to load resource: net::ERR_INTERNET_DISCONNECTED @ https://sentry.io/api/4509130195468288/envelope/:0
[56759771ms] [ERROR] Failed to load resource: net::ERR_INTERNET_DISCONNECTED @ https://a.vturb.com/x:0
[56759772ms] [ERROR] [31m[ERROR]:[0m Analytics Services - Hermes: All Analytics URLs have failed @ https://scripts.converteai.net/lib/js/smartplayer-wc/v4/smartplayer.js:1
[56759773ms] [ERROR] Failed to load resource: net::ERR_INTERNET_DISCONNECTED @ https://a.vturb.com/x:0
[56759773ms] [ERROR] [31m[ERROR]:[0m Analytics Services - Hermes: All Analytics URLs have failed @ https://scripts.converteai.net/lib/js/smartplayer-wc/v4/smartplayer.js:1
[56759776ms] [ERROR] Failed to load resource: net::ERR_INTERNET_DISCONNECTED @ https://sentry.io/api/4509130195468288/envelope/:0
[56759776ms] [ERROR] Failed to load resource: net::ERR_INTERNET_DISCONNECTED @ https://sentry.io/api/4509130195468288/envelope/:0
[56760420ms] [ERROR] Failed to load resource: net::ERR_INTERNET_DISCONNECTED @ https://a.vturb.com/x:0
[56760421ms] [ERROR] [31m[ERROR]:[0m Analytics Services - Hermes: All Analytics URLs have failed @ https://scripts.converteai.net/lib/js/smartplayer-wc/v4/smartplayer.js:1
[56760421ms] [ERROR] Failed to load resource: net::ERR_INTERNET_DISCONNECTED @ https://a.vturb.com/x:0
[56760422ms] [ERROR] [31m[ERROR]:[0m Analytics Services - Hermes: All Analytics URLs have failed @ https://scripts.converteai.net/lib/js/smartplayer-wc/v4/smartplayer.js:1
[56760425ms] [ERROR] Failed to load resource: net::ERR_INTERNET_DISCONNECTED @ https://sentry.io/api/4509130195468288/envelope/:0
[56760425ms] [ERROR] Failed to load resource: net::ERR_INTERNET_DISCONNECTED @ https://sentry.io/api/4509130195468288/envelope/:0
[56761228ms] [ERROR] Failed to load resource: net::ERR_INTERNET_DISCONNECTED @ https://vt-h-1.b-cdn.net/x:0
[56761229ms] [ERROR] Failed to load resource: net::ERR_INTERNET_DISCONNECTED @ https://vt-h-1.b-cdn.net/x:0
[56762981ms] [ERROR] Failed to load resource: net::ERR_INTERNET_DISCONNECTED @ https://vt-h-1.b-cdn.net/x:0
[56762981ms] [ERROR] Failed to load resource: net::ERR_INTERNET_DISCONNECTED @ https://vt-h-1.b-cdn.net/x:0
[56763628ms] [ERROR] Failed to load resource: net::ERR_INTERNET_DISCONNECTED @ https://vt-h-1.b-cdn.net/x:0
[56763629ms] [ERROR] Failed to load resource: net::ERR_INTERNET_DISCONNECTED @ https://vt-h-1.b-cdn.net/x:0
[60376999ms] [ERROR] Failed to load resource: net::ERR_INTERNET_DISCONNECTED @ https://a.vturb.com/x:0
[60377000ms] [ERROR] [31m[ERROR]:[0m Analytics Services - Hermes: All Analytics URLs have failed @ https://scripts.converteai.net/lib/js/smartplayer-wc/v4/smartplayer.js:1
[60377000ms] [ERROR] Failed to load resource: net::ERR_INTERNET_DISCONNECTED @ https://a.vturb.com/x:0
[60377000ms] [ERROR] [31m[ERROR]:[0m Analytics Services - Hermes: All Analytics URLs have failed @ https://scripts.converteai.net/lib/js/smartplayer-wc/v4/smartplayer.js:1
[60377002ms] [ERROR] Failed to load resource: net::ERR_INTERNET_DISCONNECTED @ https://sentry.io/api/4509130195468288/envelope/:0
[60377002ms] [ERROR] Failed to load resource: net::ERR_INTERNET_DISCONNECTED @ https://sentry.io/api/4509130195468288/envelope/:0
[60380003ms] [WARNING] The resource https://cdn.converteai.net/8961d838-aff2-4dce-9b39-e84022d332ce/6a52f890d71bd640bbb2a65d/main.m3u8 was preloaded using link preload but not used within a few seconds from the window's load event. Please make sure it has an appropriate `as` value and it is preloaded intentionally. @ http://localhost:8848/quiz2.html:0
[60380003ms] [WARNING] The resource https://cdn.converteai.net/8961d838-aff2-4dce-9b39-e84022d332ce/6a52fa0e3d8ea0afcdc8b377/main.m3u8 was preloaded using link preload but not used within a few seconds from the window's load event. Please make sure it has an appropriate `as` value and it is preloaded intentionally. @ http://localhost:8848/quiz2.html:0
[60381898ms] [ERROR] Failed to load resource: net::ERR_INTERNET_DISCONNECTED @ https://a.vturb.com/x:0
[60381899ms] [ERROR] [31m[ERROR]:[0m Analytics Services - Hermes: Failed to fetch @ https://scripts.converteai.net/lib/js/smartplayer-wc/v4/smartplayer.js:1
[60381899ms] [ERROR] Failed to load resource: net::ERR_INTERNET_DISCONNECTED @ https://a.vturb.com/x:0
[60381900ms] [ERROR] [31m[ERROR]:[0m Analytics Services - Hermes: Failed to fetch @ https://scripts.converteai.net/lib/js/smartplayer-wc/v4/smartplayer.js:1
[60381902ms] [ERROR] Failed to load resource: net::ERR_INTERNET_DISCONNECTED @ https://sentry.io/api/4509130195468288/envelope/:0
[60381902ms] [ERROR] Failed to load resource: net::ERR_INTERNET_DISCONNECTED @ https://sentry.io/api/4509130195468288/envelope/:0
[60381982ms] [ERROR] Failed to load resource: net::ERR_INTERNET_DISCONNECTED @ https://vt-h-1.b-cdn.net/x:0
[60381983ms] [ERROR] Failed to load resource: net::ERR_INTERNET_DISCONNECTED @ https://vt-h-1.b-cdn.net/x:0
[60382389ms] [ERROR] Failed to load resource: net::ERR_INTERNET_DISCONNECTED @ https://a.vturb.com/x:0
[60382390ms] [ERROR] [31m[ERROR]:[0m Analytics Services - Hermes: All Analytics URLs have failed @ https://scripts.converteai.net/lib/js/smartplayer-wc/v4/smartplayer.js:1
[60382390ms] [ERROR] Failed to load resource: net::ERR_INTERNET_DISCONNECTED @ https://a.vturb.com/x:0
[60382391ms] [ERROR] [31m[ERROR]:[0m Analytics Services - Hermes: All Analytics URLs have failed @ https://scripts.converteai.net/lib/js/smartplayer-wc/v4/smartplayer.js:1
[60382394ms] [ERROR] Failed to load resource: net::ERR_INTERNET_DISCONNECTED @ https://sentry.io/api/4509130195468288/envelope/:0
[60382394ms] [ERROR] Failed to load resource: net::ERR_INTERNET_DISCONNECTED @ https://sentry.io/api/4509130195468288/envelope/:0
[60382543ms] [ERROR] Failed to load resource: net::ERR_INTERNET_DISCONNECTED @ https://a.vturb.com/x:0
[60382544ms] [ERROR] [31m[ERROR]:[0m Analytics Services - Hermes: Failed to fetch @ https://scripts.converteai.net/lib/js/smartplayer-wc/v4/smartplayer.js:1
[60382544ms] [ERROR] Failed to load resource: net::ERR_INTERNET_DISCONNECTED @ https://a.vturb.com/x:0
[60382545ms] [ERROR] [31m[ERROR]:[0m Analytics Services - Hermes: Failed to fetch @ https://scripts.converteai.net/lib/js/smartplayer-wc/v4/smartplayer.js:1
[60382549ms] [ERROR] Failed to load resource: net::ERR_INTERNET_DISCONNECTED @ https://sentry.io/api/4509130195468288/envelope/:0
[60382549ms] [ERROR] Failed to load resource: net::ERR_INTERNET_DISCONNECTED @ https://sentry.io/api/4509130195468288/envelope/:0
[60382627ms] [ERROR] Failed to load resource: net::ERR_INTERNET_DISCONNECTED @ https://vt-h-1.b-cdn.net/x:0
[60382628ms] [ERROR] Failed to load resource: net::ERR_INTERNET_DISCONNECTED @ https://vt-h-1.b-cdn.net/x:0
[60383035ms] [ERROR] Failed to load resource: net::ERR_INTERNET_DISCONNECTED @ https://a.vturb.com/x:0
[60383036ms] [ERROR] [31m[ERROR]:[0m Analytics Services - Hermes: All Analytics URLs have failed @ https://scripts.converteai.net/lib/js/smartplayer-wc/v4/smartplayer.js:1
[60383037ms] [ERROR] Failed to load resource: net::ERR_INTERNET_DISCONNECTED @ https://a.vturb.com/x:0
[60383037ms] [ERROR] [31m[ERROR]:[0m Analytics Services - Hermes: All Analytics URLs have failed @ https://scripts.converteai.net/lib/js/smartplayer-wc/v4/smartplayer.js:1
[60383040ms] [ERROR] Failed to load resource: net::ERR_INTERNET_DISCONNECTED @ https://sentry.io/api/4509130195468288/envelope/:0
[60383040ms] [ERROR] Failed to load resource: net::ERR_INTERNET_DISCONNECTED @ https://sentry.io/api/4509130195468288/envelope/:0
[60383199ms] [ERROR] Failed to load resource: net::ERR_INTERNET_DISCONNECTED @ https://vt-h-1.b-cdn.net/x:0
[60383200ms] [ERROR] Failed to load resource: net::ERR_INTERNET_DISCONNECTED @ https://vt-h-1.b-cdn.net/x:0
[60383408ms] [ERROR] Failed to load resource: net::ERR_INTERNET_DISCONNECTED @ https://vt-h-1.b-cdn.net/x:0
[60383409ms] [ERROR] [31m[ERROR]:[0m Analytics Services - Hermes: Failed to fetch @ https://scripts.converteai.net/lib/js/smartplayer-wc/v4/smartplayer.js:1
[60383409ms] [ERROR] Failed to load resource: net::ERR_INTERNET_DISCONNECTED @ https://vt-h-1.b-cdn.net/x:0
[60383410ms] [ERROR] [31m[ERROR]:[0m Analytics Services - Hermes: Failed to fetch @ https://scripts.converteai.net/lib/js/smartplayer-wc/v4/smartplayer.js:1
[60383413ms] [ERROR] Failed to load resource: net::ERR_INTERNET_DISCONNECTED @ https://sentry.io/api/4509130195468288/envelope/:0
[60383413ms] [ERROR] Failed to load resource: net::ERR_INTERNET_DISCONNECTED @ https://sentry.io/api/4509130195468288/envelope/:0
[60383492ms] [ERROR] Failed to load resource: net::ERR_INTERNET_DISCONNECTED @ https://a.vturb.com/x:0
[60383493ms] [ERROR] [31m[ERROR]:[0m Analytics Services - Hermes: All Analytics URLs have failed @ https://scripts.converteai.net/lib/js/smartplayer-wc/v4/smartplayer.js:1
[60383494ms] [ERROR] Failed to load resource: net::ERR_INTERNET_DISCONNECTED @ https://a.vturb.com/x:0
[60383494ms] [ERROR] [31m[ERROR]:[0m Analytics Services - Hermes: All Analytics URLs have failed @ https://scripts.converteai.net/lib/js/smartplayer-wc/v4/smartplayer.js:1
[60383498ms] [ERROR] Failed to load resource: net::ERR_INTERNET_DISCONNECTED @ https://sentry.io/api/4509130195468288/envelope/:0
[60383498ms] [ERROR] Failed to load resource: net::ERR_INTERNET_DISCONNECTED @ https://sentry.io/api/4509130195468288/envelope/:0
[60383846ms] [ERROR] Failed to load resource: net::ERR_INTERNET_DISCONNECTED @ https://vt-h-1.b-cdn.net/x:0
[60383847ms] [ERROR] Failed to load resource: net::ERR_INTERNET_DISCONNECTED @ https://vt-h-1.b-cdn.net/x:0
[60383901ms] [ERROR] Failed to load resource: net::ERR_INTERNET_DISCONNECTED @ https://vt-h-1.b-cdn.net/x:0
[60383902ms] [ERROR] Failed to load resource: net::ERR_INTERNET_DISCONNECTED @ https://vt-h-1.b-cdn.net/x:0
[60384707ms] [ERROR] Failed to load resource: net::ERR_INTERNET_DISCONNECTED @ https://a.vturb.com/x:0
[60384708ms] [ERROR] [31m[ERROR]:[0m Analytics Services - Hermes: All Analytics URLs have failed @ https://scripts.converteai.net/lib/js/smartplayer-wc/v4/smartplayer.js:1
[60384708ms] [ERROR] Failed to load resource: net::ERR_INTERNET_DISCONNECTED @ https://a.vturb.com/x:0
[60384709ms] [ERROR] [31m[ERROR]:[0m Analytics Services - Hermes: All Analytics URLs have failed @ https://scripts.converteai.net/lib/js/smartplayer-wc/v4/smartplayer.js:1
[60384712ms] [ERROR] Failed to load resource: net::ERR_INTERNET_DISCONNECTED @ https://sentry.io/api/4509130195468288/envelope/:0
[60384712ms] [ERROR] Failed to load resource: net::ERR_INTERNET_DISCONNECTED @ https://sentry.io/api/4509130195468288/envelope/:0
[60384807ms] [ERROR] Failed to load resource: net::ERR_INTERNET_DISCONNECTED @ https://a.vturb.com/x:0
[60384808ms] [ERROR] [31m[ERROR]:[0m Analytics Services - Hermes: All Analytics URLs have failed @ https://scripts.converteai.net/lib/js/smartplayer-wc/v4/smartplayer.js:1
[60384809ms] [ERROR] Failed to load resource: net::ERR_INTERNET_DISCONNECTED @ https://a.vturb.com/x:0
[60384809ms] [ERROR] [31m[ERROR]:[0m Analytics Services - Hermes: All Analytics URLs have failed @ https://scripts.converteai.net/lib/js/smartplayer-wc/v4/smartplayer.js:1
[60384812ms] [ERROR] Failed to load resource: net::ERR_INTERNET_DISCONNECTED @ https://sentry.io/api/4509130195468288/envelope/:0
[60384812ms] [ERROR] Failed to load resource: net::ERR_INTERNET_DISCONNECTED @ https://sentry.io/api/4509130195468288/envelope/:0
[60385454ms] [ERROR] Failed to load resource: net::ERR_INTERNET_DISCONNECTED @ https://a.vturb.com/x:0
[60385454ms] [ERROR] [31m[ERROR]:[0m Analytics Services - Hermes: All Analytics URLs have failed @ https://scripts.converteai.net/lib/js/smartplayer-wc/v4/smartplayer.js:1
[60385455ms] [ERROR] Failed to load resource: net::ERR_INTERNET_DISCONNECTED @ https://a.vturb.com/x:0
[60385455ms] [ERROR] [31m[ERROR]:[0m Analytics Services - Hermes: All Analytics URLs have failed @ https://scripts.converteai.net/lib/js/smartplayer-wc/v4/smartplayer.js:1
[60385458ms] [ERROR] Failed to load resource: net::ERR_INTERNET_DISCONNECTED @ https://sentry.io/api/4509130195468288/envelope/:0
[60385458ms] [ERROR] Failed to load resource: net::ERR_INTERNET_DISCONNECTED @ https://sentry.io/api/4509130195468288/envelope/:0
[60386318ms] [ERROR] Failed to load resource: net::ERR_INTERNET_DISCONNECTED @ https://vt-h-1.b-cdn.net/x:0
[60386318ms] [ERROR] Failed to load resource: net::ERR_INTERNET_DISCONNECTED @ https://vt-h-1.b-cdn.net/x:0
[60388022ms] [ERROR] Failed to load resource: net::ERR_INTERNET_DISCONNECTED @ https://vt-h-1.b-cdn.net/x:0
[60388022ms] [ERROR] Failed to load resource: net::ERR_INTERNET_DISCONNECTED @ https://vt-h-1.b-cdn.net/x:0
[60388664ms] [ERROR] Failed to load resource: net::ERR_INTERNET_DISCONNECTED @ https://vt-h-1.b-cdn.net/x:0
[60388665ms] [ERROR] Failed to load resource: net::ERR_INTERNET_DISCONNECTED @ https://vt-h-1.b-cdn.net/x:0
[60389527ms] [ERROR] Failed to load resource: net::ERR_INTERNET_DISCONNECTED @ https://a.vturb.com/x:0
[60389528ms] [ERROR] [31m[ERROR]:[0m Analytics Services - Hermes: All Analytics URLs have failed @ https://scripts.converteai.net/lib/js/smartplayer-wc/v4/smartplayer.js:1
[60389528ms] [ERROR] Failed to load resource: net::ERR_INTERNET_DISCONNECTED @ https://a.vturb.com/x:0
[60389529ms] [ERROR] [31m[ERROR]:[0m Analytics Services - Hermes: All Analytics URLs have failed @ https://scripts.converteai.net/lib/js/smartplayer-wc/v4/smartplayer.js:1
[60389533ms] [ERROR] Failed to load resource: net::ERR_INTERNET_DISCONNECTED @ https://sentry.io/api/4509130195468288/envelope/:0
[60389533ms] [ERROR] Failed to load resource: net::ERR_INTERNET_DISCONNECTED @ https://sentry.io/api/4509130195468288/envelope/:0
[60392535ms] [WARNING] The resource https://cdn.converteai.net/8961d838-aff2-4dce-9b39-e84022d332ce/6a52f890d71bd640bbb2a65d/main.m3u8 was preloaded using link preload but not used within a few seconds from the window's load event. Please make sure it has an appropriate `as` value and it is preloaded intentionally. @ http://localhost:8848/quiz2.html:0
[60392535ms] [WARNING] The resource https://cdn.converteai.net/8961d838-aff2-4dce-9b39-e84022d332ce/6a52fa0e3d8ea0afcdc8b377/main.m3u8 was preloaded using link preload but not used within a few seconds from the window's load event. Please make sure it has an appropriate `as` value and it is preloaded intentionally. @ http://localhost:8848/quiz2.html:0
[60394431ms] [ERROR] Failed to load resource: net::ERR_INTERNET_DISCONNECTED @ https://a.vturb.com/x:0
[60394432ms] [ERROR] [31m[ERROR]:[0m Analytics Services - Hermes: Failed to fetch @ https://scripts.converteai.net/lib/js/smartplayer-wc/v4/smartplayer.js:1
[60394432ms] [ERROR] Failed to load resource: net::ERR_INTERNET_DISCONNECTED @ https://a.vturb.com/x:0
[60394433ms] [ERROR] [31m[ERROR]:[0m Analytics Services - Hermes: Failed to fetch @ https://scripts.converteai.net/lib/js/smartplayer-wc/v4/smartplayer.js:1
[60394435ms] [ERROR] Failed to load resource: net::ERR_INTERNET_DISCONNECTED @ https://sentry.io/api/4509130195468288/envelope/:0
[60394436ms] [ERROR] Failed to load resource: net::ERR_INTERNET_DISCONNECTED @ https://sentry.io/api/4509130195468288/envelope/:0
[60394515ms] [ERROR] Failed to load resource: net::ERR_INTERNET_DISCONNECTED @ https://vt-h-1.b-cdn.net/x:0
[60394516ms] [ERROR] Failed to load resource: net::ERR_INTERNET_DISCONNECTED @ https://vt-h-1.b-cdn.net/x:0
[60394927ms] [ERROR] Failed to load resource: net::ERR_INTERNET_DISCONNECTED @ https://a.vturb.com/x:0
[60394928ms] [ERROR] [31m[ERROR]:[0m Analytics Services - Hermes: All Analytics URLs have failed @ https://scripts.converteai.net/lib/js/smartplayer-wc/v4/smartplayer.js:1
[60394928ms] [ERROR] Failed to load resource: net::ERR_INTERNET_DISCONNECTED @ https://a.vturb.com/x:0
[60394928ms] [ERROR] [31m[ERROR]:[0m Analytics Services - Hermes: All Analytics URLs have failed @ https://scripts.converteai.net/lib/js/smartplayer-wc/v4/smartplayer.js:1
[60394930ms] [ERROR] Failed to load resource: net::ERR_INTERNET_DISCONNECTED @ https://sentry.io/api/4509130195468288/envelope/:0
[60394930ms] [ERROR] Failed to load resource: net::ERR_INTERNET_DISCONNECTED @ https://sentry.io/api/4509130195468288/envelope/:0
[60395073ms] [ERROR] Failed to load resource: net::ERR_INTERNET_DISCONNECTED @ https://a.vturb.com/x:0
[60395074ms] [ERROR] [31m[ERROR]:[0m Analytics Services - Hermes: Failed to fetch @ https://scripts.converteai.net/lib/js/smartplayer-wc/v4/smartplayer.js:1
[60395074ms] [ERROR] Failed to load resource: net::ERR_INTERNET_DISCONNECTED @ https://a.vturb.com/x:0
[60395075ms] [ERROR] [31m[ERROR]:[0m Analytics Services - Hermes: Failed to fetch @ https://scripts.converteai.net/lib/js/smartplayer-wc/v4/smartplayer.js:1
[60395078ms] [ERROR] Failed to load resource: net::ERR_INTERNET_DISCONNECTED @ https://sentry.io/api/4509130195468288/envelope/:0
[60395078ms] [ERROR] Failed to load resource: net::ERR_INTERNET_DISCONNECTED @ https://sentry.io/api/4509130195468288/envelope/:0
[60395156ms] [ERROR] Failed to load resource: net::ERR_INTERNET_DISCONNECTED @ https://vt-h-1.b-cdn.net/x:0
[60395157ms] [ERROR] Failed to load resource: net::ERR_INTERNET_DISCONNECTED @ https://vt-h-1.b-cdn.net/x:0
[60395564ms] [ERROR] Failed to load resource: net::ERR_INTERNET_DISCONNECTED @ https://a.vturb.com/x:0
[60395564ms] [ERROR] [31m[ERROR]:[0m Analytics Services - Hermes: All Analytics URLs have failed @ https://scripts.converteai.net/lib/js/smartplayer-wc/v4/smartplayer.js:1
[60395565ms] [ERROR] Failed to load resource: net::ERR_INTERNET_DISCONNECTED @ https://a.vturb.com/x:0
[60395565ms] [ERROR] [31m[ERROR]:[0m Analytics Services - Hermes: All Analytics URLs have failed @ https://scripts.converteai.net/lib/js/smartplayer-wc/v4/smartplayer.js:1
[60395568ms] [ERROR] Failed to load resource: net::ERR_INTERNET_DISCONNECTED @ https://sentry.io/api/4509130195468288/envelope/:0
[60395569ms] [ERROR] Failed to load resource: net::ERR_INTERNET_DISCONNECTED @ https://sentry.io/api/4509130195468288/envelope/:0
[60395734ms] [ERROR] Failed to load resource: net::ERR_INTERNET_DISCONNECTED @ https://vt-h-1.b-cdn.net/x:0
[60395735ms] [ERROR] Failed to load resource: net::ERR_INTERNET_DISCONNECTED @ https://vt-h-1.b-cdn.net/x:0
[60395934ms] [ERROR] Failed to load resource: net::ERR_INTERNET_DISCONNECTED @ https://vt-h-1.b-cdn.net/x:0
[60395935ms] [ERROR] [31m[ERROR]:[0m Analytics Services - Hermes: Failed to fetch @ https://scripts.converteai.net/lib/js/smartplayer-wc/v4/smartplayer.js:1
[60395936ms] [ERROR] Failed to load resource: net::ERR_INTERNET_DISCONNECTED @ https://vt-h-1.b-cdn.net/x:0
[60395936ms] [ERROR] [31m[ERROR]:[0m Analytics Services - Hermes: Failed to fetch @ https://scripts.converteai.net/lib/js/smartplayer-wc/v4/smartplayer.js:1
[60395939ms] [ERROR] Failed to load resource: net::ERR_INTERNET_DISCONNECTED @ https://sentry.io/api/4509130195468288/envelope/:0
[60395939ms] [ERROR] Failed to load resource: net::ERR_INTERNET_DISCONNECTED @ https://sentry.io/api/4509130195468288/envelope/:0
[60396017ms] [ERROR] Failed to load resource: net::ERR_INTERNET_DISCONNECTED @ https://a.vturb.com/x:0
[60396018ms] [ERROR] [31m[ERROR]:[0m Analytics Services - Hermes: All Analytics URLs have failed @ https://scripts.converteai.net/lib/js/smartplayer-wc/v4/smartplayer.js:1
[60396018ms] [ERROR] Failed to load resource: net::ERR_INTERNET_DISCONNECTED @ https://a.vturb.com/x:0
[60396019ms] [ERROR] [31m[ERROR]:[0m Analytics Services - Hermes: All Analytics URLs have failed @ https://scripts.converteai.net/lib/js/smartplayer-wc/v4/smartplayer.js:1
[60396021ms] [ERROR] Failed to load resource: net::ERR_INTERNET_DISCONNECTED @ https://sentry.io/api/4509130195468288/envelope/:0
[60396021ms] [ERROR] Failed to load resource: net::ERR_INTERNET_DISCONNECTED @ https://sentry.io/api/4509130195468288/envelope/:0
[60396372ms] [ERROR] Failed to load resource: net::ERR_INTERNET_DISCONNECTED @ https://vt-h-1.b-cdn.net/x:0
[60396373ms] [ERROR] Failed to load resource: net::ERR_INTERNET_DISCONNECTED @ https://vt-h-1.b-cdn.net/x:0
[60396426ms] [ERROR] Failed to load resource: net::ERR_INTERNET_DISCONNECTED @ https://vt-h-1.b-cdn.net/x:0
[60396427ms] [ERROR] Failed to load resource: net::ERR_INTERNET_DISCONNECTED @ https://vt-h-1.b-cdn.net/x:0
[60397232ms] [ERROR] Failed to load resource: net::ERR_INTERNET_DISCONNECTED @ https://a.vturb.com/x:0
[60397233ms] [ERROR] [31m[ERROR]:[0m Analytics Services - Hermes: All Analytics URLs have failed @ https://scripts.converteai.net/lib/js/smartplayer-wc/v4/smartplayer.js:1
[60397233ms] [ERROR] Failed to load resource: net::ERR_INTERNET_DISCONNECTED @ https://a.vturb.com/x:0
[60397234ms] [ERROR] [31m[ERROR]:[0m Analytics Services - Hermes: All Analytics URLs have failed @ https://scripts.converteai.net/lib/js/smartplayer-wc/v4/smartplayer.js:1
[60397236ms] [ERROR] Failed to load resource: net::ERR_INTERNET_DISCONNECTED @ https://sentry.io/api/4509130195468288/envelope/:0
[60397236ms] [ERROR] Failed to load resource: net::ERR_INTERNET_DISCONNECTED @ https://sentry.io/api/4509130195468288/envelope/:0
[60397341ms] [ERROR] Failed to load resource: net::ERR_INTERNET_DISCONNECTED @ https://a.vturb.com/x:0
[60397341ms] [ERROR] [31m[ERROR]:[0m Analytics Services - Hermes: All Analytics URLs have failed @ https://scripts.converteai.net/lib/js/smartplayer-wc/v4/smartplayer.js:1
[60397342ms] [ERROR] Failed to load resource: net::ERR_INTERNET_DISCONNECTED @ https://a.vturb.com/x:0
[60397342ms] [ERROR] [31m[ERROR]:[0m Analytics Services - Hermes: All Analytics URLs have failed @ https://scripts.converteai.net/lib/js/smartplayer-wc/v4/smartplayer.js:1
[60397345ms] [ERROR] Failed to load resource: net::ERR_INTERNET_DISCONNECTED @ https://sentry.io/api/4509130195468288/envelope/:0
[60397346ms] [ERROR] Failed to load resource: net::ERR_INTERNET_DISCONNECTED @ https://sentry.io/api/4509130195468288/envelope/:0
[60397980ms] [ERROR] Failed to load resource: net::ERR_INTERNET_DISCONNECTED @ https://a.vturb.com/x:0
[60397981ms] [ERROR] [31m[ERROR]:[0m Analytics Services - Hermes: All Analytics URLs have failed @ https://scripts.converteai.net/lib/js/smartplayer-wc/v4/smartplayer.js:1
[60397981ms] [ERROR] Failed to load resource: net::ERR_INTERNET_DISCONNECTED @ https://a.vturb.com/x:0
[60397981ms] [ERROR] [31m[ERROR]:[0m Analytics Services - Hermes: All Analytics URLs have failed @ https://scripts.converteai.net/lib/js/smartplayer-wc/v4/smartplayer.js:1
[60397983ms] [ERROR] Failed to load resource: net::ERR_INTERNET_DISCONNECTED @ https://sentry.io/api/4509130195468288/envelope/:0
[60397983ms] [ERROR] Failed to load resource: net::ERR_INTERNET_DISCONNECTED @ https://sentry.io/api/4509130195468288/envelope/:0
[60398841ms] [ERROR] Failed to load resource: net::ERR_INTERNET_DISCONNECTED @ https://vt-h-1.b-cdn.net/x:0
[60398842ms] [ERROR] Failed to load resource: net::ERR_INTERNET_DISCONNECTED @ https://vt-h-1.b-cdn.net/x:0
[60400551ms] [ERROR] Failed to load resource: net::ERR_INTERNET_DISCONNECTED @ https://vt-h-1.b-cdn.net/x:0
[60400553ms] [ERROR] Failed to load resource: net::ERR_INTERNET_DISCONNECTED @ https://vt-h-1.b-cdn.net/x:0
[60401188ms] [ERROR] Failed to load resource: net::ERR_INTERNET_DISCONNECTED @ https://vt-h-1.b-cdn.net/x:0
[60401189ms] [ERROR] Failed to load resource: net::ERR_INTERNET_DISCONNECTED @ https://vt-h-1.b-cdn.net/x:0
[60402050ms] [ERROR] Failed to load resource: net::ERR_INTERNET_DISCONNECTED @ https://a.vturb.com/x:0
[60402050ms] [ERROR] [31m[ERROR]:[0m Analytics Services - Hermes: All Analytics URLs have failed @ https://scripts.converteai.net/lib/js/smartplayer-wc/v4/smartplayer.js:1
[60402051ms] [ERROR] Failed to load resource: net::ERR_INTERNET_DISCONNECTED @ https://a.vturb.com/x:0
[60402051ms] [ERROR] [31m[ERROR]:[0m Analytics Services - Hermes: All Analytics URLs have failed @ https://scripts.converteai.net/lib/js/smartplayer-wc/v4/smartplayer.js:1
[60402054ms] [ERROR] Failed to load resource: net::ERR_INTERNET_DISCONNECTED @ https://sentry.io/api/4509130195468288/envelope/:0
[60402055ms] [ERROR] Failed to load resource: net::ERR_INTERNET_DISCONNECTED @ https://sentry.io/api/4509130195468288/envelope/:0
[60405057ms] [WARNING] The resource https://cdn.converteai.net/8961d838-aff2-4dce-9b39-e84022d332ce/6a52f890d71bd640bbb2a65d/main.m3u8 was preloaded using link preload but not used within a few seconds from the window's load event. Please make sure it has an appropriate `as` value and it is preloaded intentionally. @ http://localhost:8848/quiz2.html:0
[60405058ms] [WARNING] The resource https://cdn.converteai.net/8961d838-aff2-4dce-9b39-e84022d332ce/6a52fa0e3d8ea0afcdc8b377/main.m3u8 was preloaded using link preload but not used within a few seconds from the window's load event. Please make sure it has an appropriate `as` value and it is preloaded intentionally. @ http://localhost:8848/quiz2.html:0
[60406960ms] [ERROR] Failed to load resource: net::ERR_INTERNET_DISCONNECTED @ https://a.vturb.com/x:0
[60406961ms] [ERROR] [31m[ERROR]:[0m Analytics Services - Hermes: Failed to fetch @ https://scripts.converteai.net/lib/js/smartplayer-wc/v4/smartplayer.js:1
[60406961ms] [ERROR] Failed to load resource: net::ERR_INTERNET_DISCONNECTED @ https://a.vturb.com/x:0
[60406962ms] [ERROR] [31m[ERROR]:[0m Analytics Services - Hermes: Failed to fetch @ https://scripts.converteai.net/lib/js/smartplayer-wc/v4/smartplayer.js:1
[60406966ms] [ERROR] Failed to load resource: net::ERR_INTERNET_DISCONNECTED @ https://sentry.io/api/4509130195468288/envelope/:0
[60406966ms] [ERROR] Failed to load resource: net::ERR_INTERNET_DISCONNECTED @ https://sentry.io/api/4509130195468288/envelope/:0
[60407046ms] [ERROR] Failed to load resource: net::ERR_INTERNET_DISCONNECTED @ https://vt-h-1.b-cdn.net/x:0
[60407047ms] [ERROR] Failed to load resource: net::ERR_INTERNET_DISCONNECTED @ https://vt-h-1.b-cdn.net/x:0
[60407453ms] [ERROR] Failed to load resource: net::ERR_INTERNET_DISCONNECTED @ https://a.vturb.com/x:0
[60407454ms] [ERROR] [31m[ERROR]:[0m Analytics Services - Hermes: All Analytics URLs have failed @ https://scripts.converteai.net/lib/js/smartplayer-wc/v4/smartplayer.js:1
[60407455ms] [ERROR] Failed to load resource: net::ERR_INTERNET_DISCONNECTED @ https://a.vturb.com/x:0
[60407455ms] [ERROR] [31m[ERROR]:[0m Analytics Services - Hermes: All Analytics URLs have failed @ https://scripts.converteai.net/lib/js/smartplayer-wc/v4/smartplayer.js:1
[60407458ms] [ERROR] Failed to load resource: net::ERR_INTERNET_DISCONNECTED @ https://sentry.io/api/4509130195468288/envelope/:0
[60407458ms] [ERROR] Failed to load resource: net::ERR_INTERNET_DISCONNECTED @ https://sentry.io/api/4509130195468288/envelope/:0
[60407595ms] [ERROR] Failed to load resource: net::ERR_INTERNET_DISCONNECTED @ https://a.vturb.com/x:0
[60407596ms] [ERROR] [31m[ERROR]:[0m Analytics Services - Hermes: Failed to fetch @ https://scripts.converteai.net/lib/js/smartplayer-wc/v4/smartplayer.js:1
[60407597ms] [ERROR] Failed to load resource: net::ERR_INTERNET_DISCONNECTED @ https://a.vturb.com/x:0
[60407598ms] [ERROR] [31m[ERROR]:[0m Analytics Services - Hermes: Failed to fetch @ https://scripts.converteai.net/lib/js/smartplayer-wc/v4/smartplayer.js:1
[60407601ms] [ERROR] Failed to load resource: net::ERR_INTERNET_DISCONNECTED @ https://sentry.io/api/4509130195468288/envelope/:0
[60407601ms] [ERROR] Failed to load resource: net::ERR_INTERNET_DISCONNECTED @ https://sentry.io/api/4509130195468288/envelope/:0
[60407680ms] [ERROR] Failed to load resource: net::ERR_INTERNET_DISCONNECTED @ https://vt-h-1.b-cdn.net/x:0
[60407682ms] [ERROR] Failed to load resource: net::ERR_INTERNET_DISCONNECTED @ https://vt-h-1.b-cdn.net/x:0
[60408088ms] [ERROR] Failed to load resource: net::ERR_INTERNET_DISCONNECTED @ https://a.vturb.com/x:0
[60408089ms] [ERROR] [31m[ERROR]:[0m Analytics Services - Hermes: All Analytics URLs have failed @ https://scripts.converteai.net/lib/js/smartplayer-wc/v4/smartplayer.js:1
[60408089ms] [ERROR] Failed to load resource: net::ERR_INTERNET_DISCONNECTED @ https://a.vturb.com/x:0
[60408090ms] [ERROR] [31m[ERROR]:[0m Analytics Services - Hermes: All Analytics URLs have failed @ https://scripts.converteai.net/lib/js/smartplayer-wc/v4/smartplayer.js:1
[60408105ms] [ERROR] Failed to load resource: net::ERR_INTERNET_DISCONNECTED @ https://sentry.io/api/4509130195468288/envelope/:0
[60408105ms] [ERROR] Failed to load resource: net::ERR_INTERNET_DISCONNECTED @ https://sentry.io/api/4509130195468288/envelope/:0
[60408264ms] [ERROR] Failed to load resource: net::ERR_INTERNET_DISCONNECTED @ https://vt-h-1.b-cdn.net/x:0
[60408265ms] [ERROR] Failed to load resource: net::ERR_INTERNET_DISCONNECTED @ https://vt-h-1.b-cdn.net/x:0
[60408458ms] [ERROR] Failed to load resource: net::ERR_INTERNET_DISCONNECTED @ https://vt-h-1.b-cdn.net/x:0
[60408459ms] [ERROR] [31m[ERROR]:[0m Analytics Services - Hermes: Failed to fetch @ https://scripts.converteai.net/lib/js/smartplayer-wc/v4/smartplayer.js:1
[60408460ms] [ERROR] Failed to load resource: net::ERR_INTERNET_DISCONNECTED @ https://vt-h-1.b-cdn.net/x:0
[60408460ms] [ERROR] [31m[ERROR]:[0m Analytics Services - Hermes: Failed to fetch @ https://scripts.converteai.net/lib/js/smartplayer-wc/v4/smartplayer.js:1
[60408463ms] [ERROR] Failed to load resource: net::ERR_INTERNET_DISCONNECTED @ https://sentry.io/api/4509130195468288/envelope/:0
[60408464ms] [ERROR] Failed to load resource: net::ERR_INTERNET_DISCONNECTED @ https://sentry.io/api/4509130195468288/envelope/:0
[60408543ms] [ERROR] Failed to load resource: net::ERR_INTERNET_DISCONNECTED @ https://a.vturb.com/x:0
[60408544ms] [ERROR] [31m[ERROR]:[0m Analytics Services - Hermes: All Analytics URLs have failed @ https://scripts.converteai.net/lib/js/smartplayer-wc/v4/smartplayer.js:1
[60408544ms] [ERROR] Failed to load resource: net::ERR_INTERNET_DISCONNECTED @ https://a.vturb.com/x:0
[60408544ms] [ERROR] [31m[ERROR]:[0m Analytics Services - Hermes: All Analytics URLs have failed @ https://scripts.converteai.net/lib/js/smartplayer-wc/v4/smartplayer.js:1
[60408548ms] [ERROR] Failed to load resource: net::ERR_INTERNET_DISCONNECTED @ https://sentry.io/api/4509130195468288/envelope/:0
[60408548ms] [ERROR] Failed to load resource: net::ERR_INTERNET_DISCONNECTED @ https://sentry.io/api/4509130195468288/envelope/:0
[60408898ms] [ERROR] Failed to load resource: net::ERR_INTERNET_DISCONNECTED @ https://vt-h-1.b-cdn.net/x:0
[60408899ms] [ERROR] Failed to load resource: net::ERR_INTERNET_DISCONNECTED @ https://vt-h-1.b-cdn.net/x:0
[60408951ms] [ERROR] Failed to load resource: net::ERR_INTERNET_DISCONNECTED @ https://vt-h-1.b-cdn.net/x:0
[60408952ms] [ERROR] Failed to load resource: net::ERR_INTERNET_DISCONNECTED @ https://vt-h-1.b-cdn.net/x:0
[60409759ms] [ERROR] Failed to load resource: net::ERR_INTERNET_DISCONNECTED @ https://a.vturb.com/x:0
[60409760ms] [ERROR] [31m[ERROR]:[0m Analytics Services - Hermes: All Analytics URLs have failed @ https://scripts.converteai.net/lib/js/smartplayer-wc/v4/smartplayer.js:1
[60409761ms] [ERROR] Failed to load resource: net::ERR_INTERNET_DISCONNECTED @ https://a.vturb.com/x:0
[60409761ms] [ERROR] [31m[ERROR]:[0m Analytics Services - Hermes: All Analytics URLs have failed @ https://scripts.converteai.net/lib/js/smartplayer-wc/v4/smartplayer.js:1
[60409765ms] [ERROR] Failed to load resource: net::ERR_INTERNET_DISCONNECTED @ https://sentry.io/api/4509130195468288/envelope/:0
[60409765ms] [ERROR] Failed to load resource: net::ERR_INTERNET_DISCONNECTED @ https://sentry.io/api/4509130195468288/envelope/:0
[60409872ms] [ERROR] Failed to load resource: net::ERR_INTERNET_DISCONNECTED @ https://a.vturb.com/x:0
[60409872ms] [ERROR] [31m[ERROR]:[0m Analytics Services - Hermes: All Analytics URLs have failed @ https://scripts.converteai.net/lib/js/smartplayer-wc/v4/smartplayer.js:1
[60409873ms] [ERROR] Failed to load resource: net::ERR_INTERNET_DISCONNECTED @ https://a.vturb.com/x:0
[60409873ms] [ERROR] [31m[ERROR]:[0m Analytics Services - Hermes: All Analytics URLs have failed @ https://scripts.converteai.net/lib/js/smartplayer-wc/v4/smartplayer.js:1
[60409876ms] [ERROR] Failed to load resource: net::ERR_INTERNET_DISCONNECTED @ https://sentry.io/api/4509130195468288/envelope/:0
[60409876ms] [ERROR] Failed to load resource: net::ERR_INTERNET_DISCONNECTED @ https://sentry.io/api/4509130195468288/envelope/:0
[60410507ms] [ERROR] Failed to load resource: net::ERR_INTERNET_DISCONNECTED @ https://a.vturb.com/x:0
[60410507ms] [ERROR] [31m[ERROR]:[0m Analytics Services - Hermes: All Analytics URLs have failed @ https://scripts.converteai.net/lib/js/smartplayer-wc/v4/smartplayer.js:1
[60410508ms] [ERROR] Failed to load resource: net::ERR_INTERNET_DISCONNECTED @ https://a.vturb.com/x:0
[60410508ms] [ERROR] [31m[ERROR]:[0m Analytics Services - Hermes: All Analytics URLs have failed @ https://scripts.converteai.net/lib/js/smartplayer-wc/v4/smartplayer.js:1
[60410511ms] [ERROR] Failed to load resource: net::ERR_INTERNET_DISCONNECTED @ https://sentry.io/api/4509130195468288/envelope/:0
[60410511ms] [ERROR] Failed to load resource: net::ERR_INTERNET_DISCONNECTED @ https://sentry.io/api/4509130195468288/envelope/:0
[60411368ms] [ERROR] Failed to load resource: net::ERR_INTERNET_DISCONNECTED @ https://vt-h-1.b-cdn.net/x:0
[60411369ms] [ERROR] Failed to load resource: net::ERR_INTERNET_DISCONNECTED @ https://vt-h-1.b-cdn.net/x:0
[60413081ms] [ERROR] Failed to load resource: net::ERR_INTERNET_DISCONNECTED @ https://vt-h-1.b-cdn.net/x:0
[60413082ms] [ERROR] Failed to load resource: net::ERR_INTERNET_DISCONNECTED @ https://vt-h-1.b-cdn.net/x:0
[60413716ms] [ERROR] Failed to load resource: net::ERR_INTERNET_DISCONNECTED @ https://vt-h-1.b-cdn.net/x:0
[60413717ms] [ERROR] Failed to load resource: net::ERR_INTERNET_DISCONNECTED @ https://vt-h-1.b-cdn.net/x:0
[60414579ms] [ERROR] Failed to load resource: net::ERR_INTERNET_DISCONNECTED @ https://a.vturb.com/x:0
[60414580ms] [ERROR] [31m[ERROR]:[0m Analytics Services - Hermes: All Analytics URLs have failed @ https://scripts.converteai.net/lib/js/smartplayer-wc/v4/smartplayer.js:1
[60414580ms] [ERROR] Failed to load resource: net::ERR_INTERNET_DISCONNECTED @ https://a.vturb.com/x:0
[60414581ms] [ERROR] [31m[ERROR]:[0m Analytics Services - Hermes: All Analytics URLs have failed @ https://scripts.converteai.net/lib/js/smartplayer-wc/v4/smartplayer.js:1
[60414584ms] [ERROR] Failed to load resource: net::ERR_INTERNET_DISCONNECTED @ https://sentry.io/api/4509130195468288/envelope/:0
[60414584ms] [ERROR] Failed to load resource: net::ERR_INTERNET_DISCONNECTED @ https://sentry.io/api/4509130195468288/envelope/:0
[60417585ms] [WARNING] The resource https://cdn.converteai.net/8961d838-aff2-4dce-9b39-e84022d332ce/6a52f890d71bd640bbb2a65d/main.m3u8 was preloaded using link preload but not used within a few seconds from the window's load event. Please make sure it has an appropriate `as` value and it is preloaded intentionally. @ http://localhost:8848/quiz2.html:0
[60417585ms] [WARNING] The resource https://cdn.converteai.net/8961d838-aff2-4dce-9b39-e84022d332ce/6a52fa0e3d8ea0afcdc8b377/main.m3u8 was preloaded using link preload but not used within a few seconds from the window's load event. Please make sure it has an appropriate `as` value and it is preloaded intentionally. @ http://localhost:8848/quiz2.html:0
[60419488ms] [ERROR] Failed to load resource: net::ERR_INTERNET_DISCONNECTED @ https://a.vturb.com/x:0
[60419489ms] [ERROR] [31m[ERROR]:[0m Analytics Services - Hermes: Failed to fetch @ https://scripts.converteai.net/lib/js/smartplayer-wc/v4/smartplayer.js:1
[60419489ms] [ERROR] Failed to load resource: net::ERR_INTERNET_DISCONNECTED @ https://a.vturb.com/x:0
[60419490ms] [ERROR] [31m[ERROR]:[0m Analytics Services - Hermes: Failed to fetch @ https://scripts.converteai.net/lib/js/smartplayer-wc/v4/smartplayer.js:1
[60419493ms] [ERROR] Failed to load resource: net::ERR_INTERNET_DISCONNECTED @ https://sentry.io/api/4509130195468288/envelope/:0
[60419493ms] [ERROR] Failed to load resource: net::ERR_INTERNET_DISCONNECTED @ https://sentry.io/api/4509130195468288/envelope/:0
[60419571ms] [ERROR] Failed to load resource: net::ERR_INTERNET_DISCONNECTED @ https://vt-h-1.b-cdn.net/x:0
[60419572ms] [ERROR] Failed to load resource: net::ERR_INTERNET_DISCONNECTED @ https://vt-h-1.b-cdn.net/x:0
[60419981ms] [ERROR] Failed to load resource: net::ERR_INTERNET_DISCONNECTED @ https://a.vturb.com/x:0
[60419982ms] [ERROR] [31m[ERROR]:[0m Analytics Services - Hermes: All Analytics URLs have failed @ https://scripts.converteai.net/lib/js/smartplayer-wc/v4/smartplayer.js:1
[60419982ms] [ERROR] Failed to load resource: net::ERR_INTERNET_DISCONNECTED @ https://a.vturb.com/x:0
[60419982ms] [ERROR] [31m[ERROR]:[0m Analytics Services - Hermes: All Analytics URLs have failed @ https://scripts.converteai.net/lib/js/smartplayer-wc/v4/smartplayer.js:1
[60419985ms] [ERROR] Failed to load resource: net::ERR_INTERNET_DISCONNECTED @ https://sentry.io/api/4509130195468288/envelope/:0
[60419985ms] [ERROR] Failed to load resource: net::ERR_INTERNET_DISCONNECTED @ https://sentry.io/api/4509130195468288/envelope/:0
[60420124ms] [ERROR] Failed to load resource: net::ERR_INTERNET_DISCONNECTED @ https://a.vturb.com/x:0
[60420125ms] [ERROR] [31m[ERROR]:[0m Analytics Services - Hermes: Failed to fetch @ https://scripts.converteai.net/lib/js/smartplayer-wc/v4/smartplayer.js:1
[60420125ms] [ERROR] Failed to load resource: net::ERR_INTERNET_DISCONNECTED @ https://a.vturb.com/x:0
[60420126ms] [ERROR] [31m[ERROR]:[0m Analytics Services - Hermes: Failed to fetch @ https://scripts.converteai.net/lib/js/smartplayer-wc/v4/smartplayer.js:1
[60420129ms] [ERROR] Failed to load resource: net::ERR_INTERNET_DISCONNECTED @ https://sentry.io/api/4509130195468288/envelope/:0
[60420129ms] [ERROR] Failed to load resource: net::ERR_INTERNET_DISCONNECTED @ https://sentry.io/api/4509130195468288/envelope/:0
[60420209ms] [ERROR] Failed to load resource: net::ERR_INTERNET_DISCONNECTED @ https://vt-h-1.b-cdn.net/x:0
[60420210ms] [ERROR] Failed to load resource: net::ERR_INTERNET_DISCONNECTED @ https://vt-h-1.b-cdn.net/x:0
[60420618ms] [ERROR] Failed to load resource: net::ERR_INTERNET_DISCONNECTED @ https://a.vturb.com/x:0
[60420619ms] [ERROR] [31m[ERROR]:[0m Analytics Services - Hermes: All Analytics URLs have failed @ https://scripts.converteai.net/lib/js/smartplayer-wc/v4/smartplayer.js:1
[60420619ms] [ERROR] Failed to load resource: net::ERR_INTERNET_DISCONNECTED @ https://a.vturb.com/x:0
[60420619ms] [ERROR] [31m[ERROR]:[0m Analytics Services - Hermes: All Analytics URLs have failed @ https://scripts.converteai.net/lib/js/smartplayer-wc/v4/smartplayer.js:1
[60420622ms] [ERROR] Failed to load resource: net::ERR_INTERNET_DISCONNECTED @ https://sentry.io/api/4509130195468288/envelope/:0
[60420622ms] [ERROR] Failed to load resource: net::ERR_INTERNET_DISCONNECTED @ https://sentry.io/api/4509130195468288/envelope/:0
[60420789ms] [ERROR] Failed to load resource: net::ERR_INTERNET_DISCONNECTED @ https://vt-h-1.b-cdn.net/x:0
[60420790ms] [ERROR] Failed to load resource: net::ERR_INTERNET_DISCONNECTED @ https://vt-h-1.b-cdn.net/x:0
[60420988ms] [ERROR] Failed to load resource: net::ERR_INTERNET_DISCONNECTED @ https://vt-h-1.b-cdn.net/x:0
[60420988ms] [ERROR] [31m[ERROR]:[0m Analytics Services - Hermes: Failed to fetch @ https://scripts.converteai.net/lib/js/smartplayer-wc/v4/smartplayer.js:1
[60420989ms] [ERROR] Failed to load resource: net::ERR_INTERNET_DISCONNECTED @ https://vt-h-1.b-cdn.net/x:0
[60420989ms] [ERROR] [31m[ERROR]:[0m Analytics Services - Hermes: Failed to fetch @ https://scripts.converteai.net/lib/js/smartplayer-wc/v4/smartplayer.js:1
[60420992ms] [ERROR] Failed to load resource: net::ERR_INTERNET_DISCONNECTED @ https://sentry.io/api/4509130195468288/envelope/:0
[60420992ms] [ERROR] Failed to load resource: net::ERR_INTERNET_DISCONNECTED @ https://sentry.io/api/4509130195468288/envelope/:0
[60421071ms] [ERROR] Failed to load resource: net::ERR_INTERNET_DISCONNECTED @ https://a.vturb.com/x:0
[60421072ms] [ERROR] [31m[ERROR]:[0m Analytics Services - Hermes: All Analytics URLs have failed @ https://scripts.converteai.net/lib/js/smartplayer-wc/v4/smartplayer.js:1
[60421073ms] [ERROR] Failed to load resource: net::ERR_INTERNET_DISCONNECTED @ https://a.vturb.com/x:0
[60421073ms] [ERROR] [31m[ERROR]:[0m Analytics Services - Hermes: All Analytics URLs have failed @ https://scripts.converteai.net/lib/js/smartplayer-wc/v4/smartplayer.js:1
[60421076ms] [ERROR] Failed to load resource: net::ERR_INTERNET_DISCONNECTED @ https://sentry.io/api/4509130195468288/envelope/:0
[60421077ms] [ERROR] Failed to load resource: net::ERR_INTERNET_DISCONNECTED @ https://sentry.io/api/4509130195468288/envelope/:0
[60421428ms] [ERROR] Failed to load resource: net::ERR_INTERNET_DISCONNECTED @ https://vt-h-1.b-cdn.net/x:0
[60421429ms] [ERROR] Failed to load resource: net::ERR_INTERNET_DISCONNECTED @ https://vt-h-1.b-cdn.net/x:0
[60421480ms] [ERROR] Failed to load resource: net::ERR_INTERNET_DISCONNECTED @ https://vt-h-1.b-cdn.net/x:0
[60421480ms] [ERROR] Failed to load resource: net::ERR_INTERNET_DISCONNECTED @ https://vt-h-1.b-cdn.net/x:0
[60422288ms] [ERROR] Failed to load resource: net::ERR_INTERNET_DISCONNECTED @ https://a.vturb.com/x:0
[60422289ms] [ERROR] [31m[ERROR]:[0m Analytics Services - Hermes: All Analytics URLs have failed @ https://scripts.converteai.net/lib/js/smartplayer-wc/v4/smartplayer.js:1
[60422289ms] [ERROR] Failed to load resource: net::ERR_INTERNET_DISCONNECTED @ https://a.vturb.com/x:0
[60422290ms] [ERROR] [31m[ERROR]:[0m Analytics Services - Hermes: All Analytics URLs have failed @ https://scripts.converteai.net/lib/js/smartplayer-wc/v4/smartplayer.js:1
[60422293ms] [ERROR] Failed to load resource: net::ERR_INTERNET_DISCONNECTED @ https://sentry.io/api/4509130195468288/envelope/:0
[60422293ms] [ERROR] Failed to load resource: net::ERR_INTERNET_DISCONNECTED @ https://sentry.io/api/4509130195468288/envelope/:0
[60422399ms] [ERROR] Failed to load resource: net::ERR_INTERNET_DISCONNECTED @ https://a.vturb.com/x:0
[60422400ms] [ERROR] [31m[ERROR]:[0m Analytics Services - Hermes: All Analytics URLs have failed @ https://scripts.converteai.net/lib/js/smartplayer-wc/v4/smartplayer.js:1
[60422401ms] [ERROR] Failed to load resource: net::ERR_INTERNET_DISCONNECTED @ https://a.vturb.com/x:0
[60422401ms] [ERROR] [31m[ERROR]:[0m Analytics Services - Hermes: All Analytics URLs have failed @ https://scripts.converteai.net/lib/js/smartplayer-wc/v4/smartplayer.js:1
[60422404ms] [ERROR] Failed to load resource: net::ERR_INTERNET_DISCONNECTED @ https://sentry.io/api/4509130195468288/envelope/:0
[60422404ms] [ERROR] Failed to load resource: net::ERR_INTERNET_DISCONNECTED @ https://sentry.io/api/4509130195468288/envelope/:0
[60423035ms] [ERROR] Failed to load resource: net::ERR_INTERNET_DISCONNECTED @ https://a.vturb.com/x:0
[60423035ms] [ERROR] [31m[ERROR]:[0m Analytics Services - Hermes: All Analytics URLs have failed @ https://scripts.converteai.net/lib/js/smartplayer-wc/v4/smartplayer.js:1
[60423036ms] [ERROR] Failed to load resource: net::ERR_INTERNET_DISCONNECTED @ https://a.vturb.com/x:0
[60423036ms] [ERROR] [31m[ERROR]:[0m Analytics Services - Hermes: All Analytics URLs have failed @ https://scripts.converteai.net/lib/js/smartplayer-wc/v4/smartplayer.js:1
[60423039ms] [ERROR] Failed to load resource: net::ERR_INTERNET_DISCONNECTED @ https://sentry.io/api/4509130195468288/envelope/:0
[60423039ms] [ERROR] Failed to load resource: net::ERR_INTERNET_DISCONNECTED @ https://sentry.io/api/4509130195468288/envelope/:0
[60423898ms] [ERROR] Failed to load resource: net::ERR_INTERNET_DISCONNECTED @ https://vt-h-1.b-cdn.net/x:0
[60423899ms] [ERROR] Failed to load resource: net::ERR_INTERNET_DISCONNECTED @ https://vt-h-1.b-cdn.net/x:0
[63985845ms] [ERROR] Failed to load resource: net::ERR_INTERNET_DISCONNECTED @ https://vt-h-1.b-cdn.net/x:0
[63985845ms] [ERROR] Failed to load resource: net::ERR_INTERNET_DISCONNECTED @ https://vt-h-1.b-cdn.net/x:0
[63986484ms] [ERROR] Failed to load resource: net::ERR_INTERNET_DISCONNECTED @ https://vt-h-1.b-cdn.net/x:0
[63986485ms] [ERROR] Failed to load resource: net::ERR_INTERNET_DISCONNECTED @ https://vt-h-1.b-cdn.net/x:0
[63987342ms] [ERROR] Failed to load resource: net::ERR_INTERNET_DISCONNECTED @ https://a.vturb.com/x:0
[63987343ms] [ERROR] [31m[ERROR]:[0m Analytics Services - Hermes: All Analytics URLs have failed @ https://scripts.converteai.net/lib/js/smartplayer-wc/v4/smartplayer.js:1
[63987343ms] [ERROR] Failed to load resource: net::ERR_INTERNET_DISCONNECTED @ https://a.vturb.com/x:0
[63987344ms] [ERROR] [31m[ERROR]:[0m Analytics Services - Hermes: All Analytics URLs have failed @ https://scripts.converteai.net/lib/js/smartplayer-wc/v4/smartplayer.js:1
[63987347ms] [ERROR] Failed to load resource: net::ERR_INTERNET_DISCONNECTED @ https://sentry.io/api/4509130195468288/envelope/:0
[63987347ms] [ERROR] Failed to load resource: net::ERR_INTERNET_DISCONNECTED @ https://sentry.io/api/4509130195468288/envelope/:0
[63990347ms] [WARNING] The resource https://cdn.converteai.net/8961d838-aff2-4dce-9b39-e84022d332ce/6a52f890d71bd640bbb2a65d/main.m3u8 was preloaded using link preload but not used within a few seconds from the window's load event. Please make sure it has an appropriate `as` value and it is preloaded intentionally. @ http://localhost:8848/quiz2.html:0
[63990348ms] [WARNING] The resource https://cdn.converteai.net/8961d838-aff2-4dce-9b39-e84022d332ce/6a52fa0e3d8ea0afcdc8b377/main.m3u8 was preloaded using link preload but not used within a few seconds from the window's load event. Please make sure it has an appropriate `as` value and it is preloaded intentionally. @ http://localhost:8848/quiz2.html:0
[63992252ms] [ERROR] Failed to load resource: net::ERR_INTERNET_DISCONNECTED @ https://a.vturb.com/x:0
[63992253ms] [ERROR] [31m[ERROR]:[0m Analytics Services - Hermes: Failed to fetch @ https://scripts.converteai.net/lib/js/smartplayer-wc/v4/smartplayer.js:1
[63992254ms] [ERROR] Failed to load resource: net::ERR_INTERNET_DISCONNECTED @ https://a.vturb.com/x:0
[63992254ms] [ERROR] [31m[ERROR]:[0m Analytics Services - Hermes: Failed to fetch @ https://scripts.converteai.net/lib/js/smartplayer-wc/v4/smartplayer.js:1
[63992257ms] [ERROR] Failed to load resource: net::ERR_INTERNET_DISCONNECTED @ https://sentry.io/api/4509130195468288/envelope/:0
[63992257ms] [ERROR] Failed to load resource: net::ERR_INTERNET_DISCONNECTED @ https://sentry.io/api/4509130195468288/envelope/:0
[63992337ms] [ERROR] Failed to load resource: net::ERR_INTERNET_DISCONNECTED @ https://vt-h-1.b-cdn.net/x:0
[63992337ms] [ERROR] Failed to load resource: net::ERR_INTERNET_DISCONNECTED @ https://vt-h-1.b-cdn.net/x:0
[63992746ms] [ERROR] Failed to load resource: net::ERR_INTERNET_DISCONNECTED @ https://a.vturb.com/x:0
[63992747ms] [ERROR] [31m[ERROR]:[0m Analytics Services - Hermes: All Analytics URLs have failed @ https://scripts.converteai.net/lib/js/smartplayer-wc/v4/smartplayer.js:1
[63992748ms] [ERROR] Failed to load resource: net::ERR_INTERNET_DISCONNECTED @ https://a.vturb.com/x:0
[63992748ms] [ERROR] [31m[ERROR]:[0m Analytics Services - Hermes: All Analytics URLs have failed @ https://scripts.converteai.net/lib/js/smartplayer-wc/v4/smartplayer.js:1
[63992751ms] [ERROR] Failed to load resource: net::ERR_INTERNET_DISCONNECTED @ https://sentry.io/api/4509130195468288/envelope/:0
[63992751ms] [ERROR] Failed to load resource: net::ERR_INTERNET_DISCONNECTED @ https://sentry.io/api/4509130195468288/envelope/:0
[63992893ms] [ERROR] Failed to load resource: net::ERR_INTERNET_DISCONNECTED @ https://a.vturb.com/x:0
[63992893ms] [ERROR] [31m[ERROR]:[0m Analytics Services - Hermes: Failed to fetch @ https://scripts.converteai.net/lib/js/smartplayer-wc/v4/smartplayer.js:1
[63992894ms] [ERROR] Failed to load resource: net::ERR_INTERNET_DISCONNECTED @ https://a.vturb.com/x:0
[63992894ms] [ERROR] [31m[ERROR]:[0m Analytics Services - Hermes: Failed to fetch @ https://scripts.converteai.net/lib/js/smartplayer-wc/v4/smartplayer.js:1
[63992898ms] [ERROR] Failed to load resource: net::ERR_INTERNET_DISCONNECTED @ https://sentry.io/api/4509130195468288/envelope/:0
[63992898ms] [ERROR] Failed to load resource: net::ERR_INTERNET_DISCONNECTED @ https://sentry.io/api/4509130195468288/envelope/:0
[63992978ms] [ERROR] Failed to load resource: net::ERR_INTERNET_DISCONNECTED @ https://vt-h-1.b-cdn.net/x:0
[63992980ms] [ERROR] Failed to load resource: net::ERR_INTERNET_DISCONNECTED @ https://vt-h-1.b-cdn.net/x:0
[63993386ms] [ERROR] Failed to load resource: net::ERR_INTERNET_DISCONNECTED @ https://a.vturb.com/x:0
[63993387ms] [ERROR] [31m[ERROR]:[0m Analytics Services - Hermes: All Analytics URLs have failed @ https://scripts.converteai.net/lib/js/smartplayer-wc/v4/smartplayer.js:1
[63993387ms] [ERROR] Failed to load resource: net::ERR_INTERNET_DISCONNECTED @ https://a.vturb.com/x:0
[63993388ms] [ERROR] [31m[ERROR]:[0m Analytics Services - Hermes: All Analytics URLs have failed @ https://scripts.converteai.net/lib/js/smartplayer-wc/v4/smartplayer.js:1
[63993391ms] [ERROR] Failed to load resource: net::ERR_INTERNET_DISCONNECTED @ https://sentry.io/api/4509130195468288/envelope/:0
[63993391ms] [ERROR] Failed to load resource: net::ERR_INTERNET_DISCONNECTED @ https://sentry.io/api/4509130195468288/envelope/:0
[63993556ms] [ERROR] Failed to load resource: net::ERR_INTERNET_DISCONNECTED @ https://vt-h-1.b-cdn.net/x:0
[63993556ms] [ERROR] Failed to load resource: net::ERR_INTERNET_DISCONNECTED @ https://vt-h-1.b-cdn.net/x:0
[63993752ms] [ERROR] Failed to load resource: net::ERR_INTERNET_DISCONNECTED @ https://vt-h-1.b-cdn.net/x:0
[63993753ms] [ERROR] [31m[ERROR]:[0m Analytics Services - Hermes: Failed to fetch @ https://scripts.converteai.net/lib/js/smartplayer-wc/v4/smartplayer.js:1
[63993754ms] [ERROR] Failed to load resource: net::ERR_INTERNET_DISCONNECTED @ https://vt-h-1.b-cdn.net/x:0
[63993754ms] [ERROR] [31m[ERROR]:[0m Analytics Services - Hermes: Failed to fetch @ https://scripts.converteai.net/lib/js/smartplayer-wc/v4/smartplayer.js:1
[63993757ms] [ERROR] Failed to load resource: net::ERR_INTERNET_DISCONNECTED @ https://sentry.io/api/4509130195468288/envelope/:0
[63993757ms] [ERROR] Failed to load resource: net::ERR_INTERNET_DISCONNECTED @ https://sentry.io/api/4509130195468288/envelope/:0
[63993836ms] [ERROR] Failed to load resource: net::ERR_INTERNET_DISCONNECTED @ https://a.vturb.com/x:0
[63993837ms] [ERROR] [31m[ERROR]:[0m Analytics Services - Hermes: All Analytics URLs have failed @ https://scripts.converteai.net/lib/js/smartplayer-wc/v4/smartplayer.js:1
[63993837ms] [ERROR] Failed to load resource: net::ERR_INTERNET_DISCONNECTED @ https://a.vturb.com/x:0
[63993838ms] [ERROR] [31m[ERROR]:[0m Analytics Services - Hermes: All Analytics URLs have failed @ https://scripts.converteai.net/lib/js/smartplayer-wc/v4/smartplayer.js:1
[63993841ms] [ERROR] Failed to load resource: net::ERR_INTERNET_DISCONNECTED @ https://sentry.io/api/4509130195468288/envelope/:0
[63993841ms] [ERROR] Failed to load resource: net::ERR_INTERNET_DISCONNECTED @ https://sentry.io/api/4509130195468288/envelope/:0
[63994194ms] [ERROR] Failed to load resource: net::ERR_INTERNET_DISCONNECTED @ https://vt-h-1.b-cdn.net/x:0
[63994195ms] [ERROR] Failed to load resource: net::ERR_INTERNET_DISCONNECTED @ https://vt-h-1.b-cdn.net/x:0
[63994247ms] [ERROR] Failed to load resource: net::ERR_INTERNET_DISCONNECTED @ https://vt-h-1.b-cdn.net/x:0
[63994247ms] [ERROR] Failed to load resource: net::ERR_INTERNET_DISCONNECTED @ https://vt-h-1.b-cdn.net/x:0
[63995053ms] [ERROR] Failed to load resource: net::ERR_INTERNET_DISCONNECTED @ https://a.vturb.com/x:0
[63995054ms] [ERROR] [31m[ERROR]:[0m Analytics Services - Hermes: All Analytics URLs have failed @ https://scripts.converteai.net/lib/js/smartplayer-wc/v4/smartplayer.js:1
[63995055ms] [ERROR] Failed to load resource: net::ERR_INTERNET_DISCONNECTED @ https://a.vturb.com/x:0
[63995055ms] [ERROR] [31m[ERROR]:[0m Analytics Services - Hermes: All Analytics URLs have failed @ https://scripts.converteai.net/lib/js/smartplayer-wc/v4/smartplayer.js:1
[63995058ms] [ERROR] Failed to load resource: net::ERR_INTERNET_DISCONNECTED @ https://sentry.io/api/4509130195468288/envelope/:0
[63995058ms] [ERROR] Failed to load resource: net::ERR_INTERNET_DISCONNECTED @ https://sentry.io/api/4509130195468288/envelope/:0
[63995166ms] [ERROR] Failed to load resource: net::ERR_INTERNET_DISCONNECTED @ https://a.vturb.com/x:0
[63995167ms] [ERROR] [31m[ERROR]:[0m Analytics Services - Hermes: All Analytics URLs have failed @ https://scripts.converteai.net/lib/js/smartplayer-wc/v4/smartplayer.js:1
[63995167ms] [ERROR] Failed to load resource: net::ERR_INTERNET_DISCONNECTED @ https://a.vturb.com/x:0
[63995168ms] [ERROR] [31m[ERROR]:[0m Analytics Services - Hermes: All Analytics URLs have failed @ https://scripts.converteai.net/lib/js/smartplayer-wc/v4/smartplayer.js:1
[63995170ms] [ERROR] Failed to load resource: net::ERR_INTERNET_DISCONNECTED @ https://sentry.io/api/4509130195468288/envelope/:0
[63995170ms] [ERROR] Failed to load resource: net::ERR_INTERNET_DISCONNECTED @ https://sentry.io/api/4509130195468288/envelope/:0
[63995802ms] [ERROR] Failed to load resource: net::ERR_INTERNET_DISCONNECTED @ https://a.vturb.com/x:0
[63995803ms] [ERROR] [31m[ERROR]:[0m Analytics Services - Hermes: All Analytics URLs have failed @ https://scripts.converteai.net/lib/js/smartplayer-wc/v4/smartplayer.js:1
[63995803ms] [ERROR] Failed to load resource: net::ERR_INTERNET_DISCONNECTED @ https://a.vturb.com/x:0
[63995804ms] [ERROR] [31m[ERROR]:[0m Analytics Services - Hermes: All Analytics URLs have failed @ https://scripts.converteai.net/lib/js/smartplayer-wc/v4/smartplayer.js:1
[63995807ms] [ERROR] Failed to load resource: net::ERR_INTERNET_DISCONNECTED @ https://sentry.io/api/4509130195468288/envelope/:0
[63995807ms] [ERROR] Failed to load resource: net::ERR_INTERNET_DISCONNECTED @ https://sentry.io/api/4509130195468288/envelope/:0
[63996663ms] [ERROR] Failed to load resource: net::ERR_INTERNET_DISCONNECTED @ https://vt-h-1.b-cdn.net/x:0
[63996664ms] [ERROR] Failed to load resource: net::ERR_INTERNET_DISCONNECTED @ https://vt-h-1.b-cdn.net/x:0
[63998374ms] [ERROR] Failed to load resource: net::ERR_INTERNET_DISCONNECTED @ https://vt-h-1.b-cdn.net/x:0
[63998375ms] [ERROR] Failed to load resource: net::ERR_INTERNET_DISCONNECTED @ https://vt-h-1.b-cdn.net/x:0
[63999012ms] [ERROR] Failed to load resource: net::ERR_INTERNET_DISCONNECTED @ https://vt-h-1.b-cdn.net/x:0
[63999014ms] [ERROR] Failed to load resource: net::ERR_INTERNET_DISCONNECTED @ https://vt-h-1.b-cdn.net/x:0
[63999871ms] [ERROR] Failed to load resource: net::ERR_INTERNET_DISCONNECTED @ https://a.vturb.com/x:0
[63999872ms] [ERROR] [31m[ERROR]:[0m Analytics Services - Hermes: All Analytics URLs have failed @ https://scripts.converteai.net/lib/js/smartplayer-wc/v4/smartplayer.js:1
[63999872ms] [ERROR] Failed to load resource: net::ERR_INTERNET_DISCONNECTED @ https://a.vturb.com/x:0
[63999873ms] [ERROR] [31m[ERROR]:[0m Analytics Services - Hermes: All Analytics URLs have failed @ https://scripts.converteai.net/lib/js/smartplayer-wc/v4/smartplayer.js:1
[63999875ms] [ERROR] Failed to load resource: net::ERR_INTERNET_DISCONNECTED @ https://sentry.io/api/4509130195468288/envelope/:0
[63999876ms] [ERROR] Failed to load resource: net::ERR_INTERNET_DISCONNECTED @ https://sentry.io/api/4509130195468288/envelope/:0
[64002879ms] [WARNING] The resource https://cdn.converteai.net/8961d838-aff2-4dce-9b39-e84022d332ce/6a52f890d71bd640bbb2a65d/main.m3u8 was preloaded using link preload but not used within a few seconds from the window's load event. Please make sure it has an appropriate `as` value and it is preloaded intentionally. @ http://localhost:8848/quiz2.html:0
[64002879ms] [WARNING] The resource https://cdn.converteai.net/8961d838-aff2-4dce-9b39-e84022d332ce/6a52fa0e3d8ea0afcdc8b377/main.m3u8 was preloaded using link preload but not used within a few seconds from the window's load event. Please make sure it has an appropriate `as` value and it is preloaded intentionally. @ http://localhost:8848/quiz2.html:0
[64004783ms] [ERROR] Failed to load resource: net::ERR_INTERNET_DISCONNECTED @ https://a.vturb.com/x:0
[64004784ms] [ERROR] [31m[ERROR]:[0m Analytics Services - Hermes: Failed to fetch @ https://scripts.converteai.net/lib/js/smartplayer-wc/v4/smartplayer.js:1
[64004784ms] [ERROR] Failed to load resource: net::ERR_INTERNET_DISCONNECTED @ https://a.vturb.com/x:0
[64004785ms] [ERROR] [31m[ERROR]:[0m Analytics Services - Hermes: Failed to fetch @ https://scripts.converteai.net/lib/js/smartplayer-wc/v4/smartplayer.js:1
[64004787ms] [ERROR] Failed to load resource: net::ERR_INTERNET_DISCONNECTED @ https://sentry.io/api/4509130195468288/envelope/:0
[64004787ms] [ERROR] Failed to load resource: net::ERR_INTERNET_DISCONNECTED @ https://sentry.io/api/4509130195468288/envelope/:0
[64004868ms] [ERROR] Failed to load resource: net::ERR_INTERNET_DISCONNECTED @ https://vt-h-1.b-cdn.net/x:0
[64004868ms] [ERROR] Failed to load resource: net::ERR_INTERNET_DISCONNECTED @ https://vt-h-1.b-cdn.net/x:0
[64005277ms] [ERROR] Failed to load resource: net::ERR_INTERNET_DISCONNECTED @ https://a.vturb.com/x:0
[64005278ms] [ERROR] [31m[ERROR]:[0m Analytics Services - Hermes: All Analytics URLs have failed @ https://scripts.converteai.net/lib/js/smartplayer-wc/v4/smartplayer.js:1
[64005278ms] [ERROR] Failed to load resource: net::ERR_INTERNET_DISCONNECTED @ https://a.vturb.com/x:0
[64005279ms] [ERROR] [31m[ERROR]:[0m Analytics Services - Hermes: All Analytics URLs have failed @ https://scripts.converteai.net/lib/js/smartplayer-wc/v4/smartplayer.js:1
[64005283ms] [ERROR] Failed to load resource: net::ERR_INTERNET_DISCONNECTED @ https://sentry.io/api/4509130195468288/envelope/:0
[64005283ms] [ERROR] Failed to load resource: net::ERR_INTERNET_DISCONNECTED @ https://sentry.io/api/4509130195468288/envelope/:0
[64005419ms] [ERROR] Failed to load resource: net::ERR_INTERNET_DISCONNECTED @ https://a.vturb.com/x:0
[64005420ms] [ERROR] [31m[ERROR]:[0m Analytics Services - Hermes: Failed to fetch @ https://scripts.converteai.net/lib/js/smartplayer-wc/v4/smartplayer.js:1
[64005420ms] [ERROR] Failed to load resource: net::ERR_INTERNET_DISCONNECTED @ https://a.vturb.com/x:0
[64005421ms] [ERROR] [31m[ERROR]:[0m Analytics Services - Hermes: Failed to fetch @ https://scripts.converteai.net/lib/js/smartplayer-wc/v4/smartplayer.js:1
[64005423ms] [ERROR] Failed to load resource: net::ERR_INTERNET_DISCONNECTED @ https://sentry.io/api/4509130195468288/envelope/:0
[64005423ms] [ERROR] Failed to load resource: net::ERR_INTERNET_DISCONNECTED @ https://sentry.io/api/4509130195468288/envelope/:0
[64005502ms] [ERROR] Failed to load resource: net::ERR_INTERNET_DISCONNECTED @ https://vt-h-1.b-cdn.net/x:0
[64005503ms] [ERROR] Failed to load resource: net::ERR_INTERNET_DISCONNECTED @ https://vt-h-1.b-cdn.net/x:0
[64005910ms] [ERROR] Failed to load resource: net::ERR_INTERNET_DISCONNECTED @ https://a.vturb.com/x:0
[64005911ms] [ERROR] [31m[ERROR]:[0m Analytics Services - Hermes: All Analytics URLs have failed @ https://scripts.converteai.net/lib/js/smartplayer-wc/v4/smartplayer.js:1
[64005911ms] [ERROR] Failed to load resource: net::ERR_INTERNET_DISCONNECTED @ https://a.vturb.com/x:0
[64005912ms] [ERROR] [31m[ERROR]:[0m Analytics Services - Hermes: All Analytics URLs have failed @ https://scripts.converteai.net/lib/js/smartplayer-wc/v4/smartplayer.js:1
[64005916ms] [ERROR] Failed to load resource: net::ERR_INTERNET_DISCONNECTED @ https://sentry.io/api/4509130195468288/envelope/:0
[64005916ms] [ERROR] Failed to load resource: net::ERR_INTERNET_DISCONNECTED @ https://sentry.io/api/4509130195468288/envelope/:0
[64006085ms] [ERROR] Failed to load resource: net::ERR_INTERNET_DISCONNECTED @ https://vt-h-1.b-cdn.net/x:0
[64006086ms] [ERROR] Failed to load resource: net::ERR_INTERNET_DISCONNECTED @ https://vt-h-1.b-cdn.net/x:0
[64006281ms] [ERROR] Failed to load resource: net::ERR_INTERNET_DISCONNECTED @ https://vt-h-1.b-cdn.net/x:0
[64006282ms] [ERROR] [31m[ERROR]:[0m Analytics Services - Hermes: Failed to fetch @ https://scripts.converteai.net/lib/js/smartplayer-wc/v4/smartplayer.js:1
[64006283ms] [ERROR] Failed to load resource: net::ERR_INTERNET_DISCONNECTED @ https://vt-h-1.b-cdn.net/x:0
[64006283ms] [ERROR] [31m[ERROR]:[0m Analytics Services - Hermes: Failed to fetch @ https://scripts.converteai.net/lib/js/smartplayer-wc/v4/smartplayer.js:1
[64006286ms] [ERROR] Failed to load resource: net::ERR_INTERNET_DISCONNECTED @ https://sentry.io/api/4509130195468288/envelope/:0
[64006286ms] [ERROR] Failed to load resource: net::ERR_INTERNET_DISCONNECTED @ https://sentry.io/api/4509130195468288/envelope/:0
[64006365ms] [ERROR] Failed to load resource: net::ERR_INTERNET_DISCONNECTED @ https://a.vturb.com/x:0
[64006365ms] [ERROR] [31m[ERROR]:[0m Analytics Services - Hermes: All Analytics URLs have failed @ https://scripts.converteai.net/lib/js/smartplayer-wc/v4/smartplayer.js:1
[64006366ms] [ERROR] Failed to load resource: net::ERR_INTERNET_DISCONNECTED @ https://a.vturb.com/x:0
[64006367ms] [ERROR] [31m[ERROR]:[0m Analytics Services - Hermes: All Analytics URLs have failed @ https://scripts.converteai.net/lib/js/smartplayer-wc/v4/smartplayer.js:1
[64006369ms] [ERROR] Failed to load resource: net::ERR_INTERNET_DISCONNECTED @ https://sentry.io/api/4509130195468288/envelope/:0
[64006369ms] [ERROR] Failed to load resource: net::ERR_INTERNET_DISCONNECTED @ https://sentry.io/api/4509130195468288/envelope/:0
[64006718ms] [ERROR] Failed to load resource: net::ERR_INTERNET_DISCONNECTED @ https://vt-h-1.b-cdn.net/x:0
[64006718ms] [ERROR] Failed to load resource: net::ERR_INTERNET_DISCONNECTED @ https://vt-h-1.b-cdn.net/x:0
[64006773ms] [ERROR] Failed to load resource: net::ERR_INTERNET_DISCONNECTED @ https://vt-h-1.b-cdn.net/x:0
[64006774ms] [ERROR] Failed to load resource: net::ERR_INTERNET_DISCONNECTED @ https://vt-h-1.b-cdn.net/x:0
[64007583ms] [ERROR] Failed to load resource: net::ERR_INTERNET_DISCONNECTED @ https://a.vturb.com/x:0
[64007584ms] [ERROR] [31m[ERROR]:[0m Analytics Services - Hermes: All Analytics URLs have failed @ https://scripts.converteai.net/lib/js/smartplayer-wc/v4/smartplayer.js:1
[64007584ms] [ERROR] Failed to load resource: net::ERR_INTERNET_DISCONNECTED @ https://a.vturb.com/x:0
[64007585ms] [ERROR] [31m[ERROR]:[0m Analytics Services - Hermes: All Analytics URLs have failed @ https://scripts.converteai.net/lib/js/smartplayer-wc/v4/smartplayer.js:1
[64007587ms] [ERROR] Failed to load resource: net::ERR_INTERNET_DISCONNECTED @ https://sentry.io/api/4509130195468288/envelope/:0
[64007587ms] [ERROR] Failed to load resource: net::ERR_INTERNET_DISCONNECTED @ https://sentry.io/api/4509130195468288/envelope/:0
[64007694ms] [ERROR] Failed to load resource: net::ERR_INTERNET_DISCONNECTED @ https://a.vturb.com/x:0
[64007694ms] [ERROR] [31m[ERROR]:[0m Analytics Services - Hermes: All Analytics URLs have failed @ https://scripts.converteai.net/lib/js/smartplayer-wc/v4/smartplayer.js:1
[64007695ms] [ERROR] Failed to load resource: net::ERR_INTERNET_DISCONNECTED @ https://a.vturb.com/x:0
[64007695ms] [ERROR] [31m[ERROR]:[0m Analytics Services - Hermes: All Analytics URLs have failed @ https://scripts.converteai.net/lib/js/smartplayer-wc/v4/smartplayer.js:1
[64007699ms] [ERROR] Failed to load resource: net::ERR_INTERNET_DISCONNECTED @ https://sentry.io/api/4509130195468288/envelope/:0
[64007699ms] [ERROR] Failed to load resource: net::ERR_INTERNET_DISCONNECTED @ https://sentry.io/api/4509130195468288/envelope/:0
[64008326ms] [ERROR] Failed to load resource: net::ERR_INTERNET_DISCONNECTED @ https://a.vturb.com/x:0
[64008327ms] [ERROR] [31m[ERROR]:[0m Analytics Services - Hermes: All Analytics URLs have failed @ https://scripts.converteai.net/lib/js/smartplayer-wc/v4/smartplayer.js:1
[64008328ms] [ERROR] Failed to load resource: net::ERR_INTERNET_DISCONNECTED @ https://a.vturb.com/x:0
[64008328ms] [ERROR] [31m[ERROR]:[0m Analytics Services - Hermes: All Analytics URLs have failed @ https://scripts.converteai.net/lib/js/smartplayer-wc/v4/smartplayer.js:1
[64008332ms] [ERROR] Failed to load resource: net::ERR_INTERNET_DISCONNECTED @ https://sentry.io/api/4509130195468288/envelope/:0
[64008332ms] [ERROR] Failed to load resource: net::ERR_INTERNET_DISCONNECTED @ https://sentry.io/api/4509130195468288/envelope/:0
[64009192ms] [ERROR] Failed to load resource: net::ERR_INTERNET_DISCONNECTED @ https://vt-h-1.b-cdn.net/x:0
[64009193ms] [ERROR] Failed to load resource: net::ERR_INTERNET_DISCONNECTED @ https://vt-h-1.b-cdn.net/x:0
[64010902ms] [ERROR] Failed to load resource: net::ERR_INTERNET_DISCONNECTED @ https://vt-h-1.b-cdn.net/x:0
[64010903ms] [ERROR] Failed to load resource: net::ERR_INTERNET_DISCONNECTED @ https://vt-h-1.b-cdn.net/x:0
[64011534ms] [ERROR] Failed to load resource: net::ERR_INTERNET_DISCONNECTED @ https://vt-h-1.b-cdn.net/x:0
[64011534ms] [ERROR] Failed to load resource: net::ERR_INTERNET_DISCONNECTED @ https://vt-h-1.b-cdn.net/x:0
[64012399ms] [ERROR] Failed to load resource: net::ERR_INTERNET_DISCONNECTED @ https://a.vturb.com/x:0
[64012400ms] [ERROR] [31m[ERROR]:[0m Analytics Services - Hermes: All Analytics URLs have failed @ https://scripts.converteai.net/lib/js/smartplayer-wc/v4/smartplayer.js:1
[64012401ms] [ERROR] Failed to load resource: net::ERR_INTERNET_DISCONNECTED @ https://a.vturb.com/x:0
[64012401ms] [ERROR] [31m[ERROR]:[0m Analytics Services - Hermes: All Analytics URLs have failed @ https://scripts.converteai.net/lib/js/smartplayer-wc/v4/smartplayer.js:1
[64012404ms] [ERROR] Failed to load resource: net::ERR_INTERNET_DISCONNECTED @ https://sentry.io/api/4509130195468288/envelope/:0
[64012404ms] [ERROR] Failed to load resource: net::ERR_INTERNET_DISCONNECTED @ https://sentry.io/api/4509130195468288/envelope/:0
[64015407ms] [WARNING] The resource https://cdn.converteai.net/8961d838-aff2-4dce-9b39-e84022d332ce/6a52f890d71bd640bbb2a65d/main.m3u8 was preloaded using link preload but not used within a few seconds from the window's load event. Please make sure it has an appropriate `as` value and it is preloaded intentionally. @ http://localhost:8848/quiz2.html:0
[64015407ms] [WARNING] The resource https://cdn.converteai.net/8961d838-aff2-4dce-9b39-e84022d332ce/6a52fa0e3d8ea0afcdc8b377/main.m3u8 was preloaded using link preload but not used within a few seconds from the window's load event. Please make sure it has an appropriate `as` value and it is preloaded intentionally. @ http://localhost:8848/quiz2.html:0
[64017312ms] [ERROR] Failed to load resource: net::ERR_INTERNET_DISCONNECTED @ https://a.vturb.com/x:0
[64017313ms] [ERROR] [31m[ERROR]:[0m Analytics Services - Hermes: Failed to fetch @ https://scripts.converteai.net/lib/js/smartplayer-wc/v4/smartplayer.js:1
[64017313ms] [ERROR] Failed to load resource: net::ERR_INTERNET_DISCONNECTED @ https://a.vturb.com/x:0
[64017314ms] [ERROR] [31m[ERROR]:[0m Analytics Services - Hermes: Failed to fetch @ https://scripts.converteai.net/lib/js/smartplayer-wc/v4/smartplayer.js:1
[64017316ms] [ERROR] Failed to load resource: net::ERR_INTERNET_DISCONNECTED @ https://sentry.io/api/4509130195468288/envelope/:0
[64017316ms] [ERROR] Failed to load resource: net::ERR_INTERNET_DISCONNECTED @ https://sentry.io/api/4509130195468288/envelope/:0
[64017398ms] [ERROR] Failed to load resource: net::ERR_INTERNET_DISCONNECTED @ https://vt-h-1.b-cdn.net/x:0
[64017399ms] [ERROR] Failed to load resource: net::ERR_INTERNET_DISCONNECTED @ https://vt-h-1.b-cdn.net/x:0
[64017805ms] [ERROR] Failed to load resource: net::ERR_INTERNET_DISCONNECTED @ https://a.vturb.com/x:0
[64017806ms] [ERROR] [31m[ERROR]:[0m Analytics Services - Hermes: All Analytics URLs have failed @ https://scripts.converteai.net/lib/js/smartplayer-wc/v4/smartplayer.js:1
[64017806ms] [ERROR] Failed to load resource: net::ERR_INTERNET_DISCONNECTED @ https://a.vturb.com/x:0
[64017807ms] [ERROR] [31m[ERROR]:[0m Analytics Services - Hermes: All Analytics URLs have failed @ https://scripts.converteai.net/lib/js/smartplayer-wc/v4/smartplayer.js:1
[64017809ms] [ERROR] Failed to load resource: net::ERR_INTERNET_DISCONNECTED @ https://sentry.io/api/4509130195468288/envelope/:0
[64017810ms] [ERROR] Failed to load resource: net::ERR_INTERNET_DISCONNECTED @ https://sentry.io/api/4509130195468288/envelope/:0
[64017940ms] [ERROR] Failed to load resource: net::ERR_INTERNET_DISCONNECTED @ https://a.vturb.com/x:0
[64017941ms] [ERROR] [31m[ERROR]:[0m Analytics Services - Hermes: Failed to fetch @ https://scripts.converteai.net/lib/js/smartplayer-wc/v4/smartplayer.js:1
[64017941ms] [ERROR] Failed to load resource: net::ERR_INTERNET_DISCONNECTED @ https://a.vturb.com/x:0
[64017942ms] [ERROR] [31m[ERROR]:[0m Analytics Services - Hermes: Failed to fetch @ https://scripts.converteai.net/lib/js/smartplayer-wc/v4/smartplayer.js:1
[64017944ms] [ERROR] Failed to load resource: net::ERR_INTERNET_DISCONNECTED @ https://sentry.io/api/4509130195468288/envelope/:0
[64017944ms] [ERROR] Failed to load resource: net::ERR_INTERNET_DISCONNECTED @ https://sentry.io/api/4509130195468288/envelope/:0
[64018024ms] [ERROR] Failed to load resource: net::ERR_INTERNET_DISCONNECTED @ https://vt-h-1.b-cdn.net/x:0
[64018025ms] [ERROR] Failed to load resource: net::ERR_INTERNET_DISCONNECTED @ https://vt-h-1.b-cdn.net/x:0
[64018431ms] [ERROR] Failed to load resource: net::ERR_INTERNET_DISCONNECTED @ https://a.vturb.com/x:0
[64018432ms] [ERROR] [31m[ERROR]:[0m Analytics Services - Hermes: All Analytics URLs have failed @ https://scripts.converteai.net/lib/js/smartplayer-wc/v4/smartplayer.js:1
[64018432ms] [ERROR] Failed to load resource: net::ERR_INTERNET_DISCONNECTED @ https://a.vturb.com/x:0
[64018432ms] [ERROR] [31m[ERROR]:[0m Analytics Services - Hermes: All Analytics URLs have failed @ https://scripts.converteai.net/lib/js/smartplayer-wc/v4/smartplayer.js:1
[64018433ms] [ERROR] Failed to load resource: net::ERR_INTERNET_DISCONNECTED @ https://sentry.io/api/4509130195468288/envelope/:0
[64018434ms] [ERROR] Failed to load resource: net::ERR_INTERNET_DISCONNECTED @ https://sentry.io/api/4509130195468288/envelope/:0
[64018615ms] [ERROR] Failed to load resource: net::ERR_INTERNET_DISCONNECTED @ https://vt-h-1.b-cdn.net/x:0
[64018616ms] [ERROR] Failed to load resource: net::ERR_INTERNET_DISCONNECTED @ https://vt-h-1.b-cdn.net/x:0
[64018807ms] [ERROR] Failed to load resource: net::ERR_INTERNET_DISCONNECTED @ https://vt-h-1.b-cdn.net/x:0
[64018808ms] [ERROR] [31m[ERROR]:[0m Analytics Services - Hermes: Failed to fetch @ https://scripts.converteai.net/lib/js/smartplayer-wc/v4/smartplayer.js:1
[64018809ms] [ERROR] Failed to load resource: net::ERR_INTERNET_DISCONNECTED @ https://vt-h-1.b-cdn.net/x:0
[64018809ms] [ERROR] [31m[ERROR]:[0m Analytics Services - Hermes: Failed to fetch @ https://scripts.converteai.net/lib/js/smartplayer-wc/v4/smartplayer.js:1
[64018813ms] [ERROR] Failed to load resource: net::ERR_INTERNET_DISCONNECTED @ https://sentry.io/api/4509130195468288/envelope/:0
[64018813ms] [ERROR] Failed to load resource: net::ERR_INTERNET_DISCONNECTED @ https://sentry.io/api/4509130195468288/envelope/:0
[64018891ms] [ERROR] Failed to load resource: net::ERR_INTERNET_DISCONNECTED @ https://a.vturb.com/x:0
[64018892ms] [ERROR] [31m[ERROR]:[0m Analytics Services - Hermes: All Analytics URLs have failed @ https://scripts.converteai.net/lib/js/smartplayer-wc/v4/smartplayer.js:1
[64018892ms] [ERROR] Failed to load resource: net::ERR_INTERNET_DISCONNECTED @ https://a.vturb.com/x:0
[64018893ms] [ERROR] [31m[ERROR]:[0m Analytics Services - Hermes: All Analytics URLs have failed @ https://scripts.converteai.net/lib/js/smartplayer-wc/v4/smartplayer.js:1
[64018896ms] [ERROR] Failed to load resource: net::ERR_INTERNET_DISCONNECTED @ https://sentry.io/api/4509130195468288/envelope/:0
[64018896ms] [ERROR] Failed to load resource: net::ERR_INTERNET_DISCONNECTED @ https://sentry.io/api/4509130195468288/envelope/:0
[64019238ms] [ERROR] Failed to load resource: net::ERR_INTERNET_DISCONNECTED @ https://vt-h-1.b-cdn.net/x:0
[64019239ms] [ERROR] Failed to load resource: net::ERR_INTERNET_DISCONNECTED @ https://vt-h-1.b-cdn.net/x:0
[64019300ms] [ERROR] Failed to load resource: net::ERR_INTERNET_DISCONNECTED @ https://vt-h-1.b-cdn.net/x:0
[64019301ms] [ERROR] Failed to load resource: net::ERR_INTERNET_DISCONNECTED @ https://vt-h-1.b-cdn.net/x:0
[64020106ms] [ERROR] Failed to load resource: net::ERR_INTERNET_DISCONNECTED @ https://a.vturb.com/x:0
[64020107ms] [ERROR] [31m[ERROR]:[0m Analytics Services - Hermes: All Analytics URLs have failed @ https://scripts.converteai.net/lib/js/smartplayer-wc/v4/smartplayer.js:1
[64020107ms] [ERROR] Failed to load resource: net::ERR_INTERNET_DISCONNECTED @ https://a.vturb.com/x:0
[64020108ms] [ERROR] [31m[ERROR]:[0m Analytics Services - Hermes: All Analytics URLs have failed @ https://scripts.converteai.net/lib/js/smartplayer-wc/v4/smartplayer.js:1
[64020110ms] [ERROR] Failed to load resource: net::ERR_INTERNET_DISCONNECTED @ https://sentry.io/api/4509130195468288/envelope/:0
[64020110ms] [ERROR] Failed to load resource: net::ERR_INTERNET_DISCONNECTED @ https://sentry.io/api/4509130195468288/envelope/:0
[64020222ms] [ERROR] Failed to load resource: net::ERR_INTERNET_DISCONNECTED @ https://a.vturb.com/x:0
[64020223ms] [ERROR] [31m[ERROR]:[0m Analytics Services - Hermes: All Analytics URLs have failed @ https://scripts.converteai.net/lib/js/smartplayer-wc/v4/smartplayer.js:1
[64020223ms] [ERROR] Failed to load resource: net::ERR_INTERNET_DISCONNECTED @ https://a.vturb.com/x:0
[64020224ms] [ERROR] [31m[ERROR]:[0m Analytics Services - Hermes: All Analytics URLs have failed @ https://scripts.converteai.net/lib/js/smartplayer-wc/v4/smartplayer.js:1
[64020228ms] [ERROR] Failed to load resource: net::ERR_INTERNET_DISCONNECTED @ https://sentry.io/api/4509130195468288/envelope/:0
[64020228ms] [ERROR] Failed to load resource: net::ERR_INTERNET_DISCONNECTED @ https://sentry.io/api/4509130195468288/envelope/:0
[64020847ms] [ERROR] Failed to load resource: net::ERR_INTERNET_DISCONNECTED @ https://a.vturb.com/x:0
[64020848ms] [ERROR] [31m[ERROR]:[0m Analytics Services - Hermes: All Analytics URLs have failed @ https://scripts.converteai.net/lib/js/smartplayer-wc/v4/smartplayer.js:1
[64020848ms] [ERROR] Failed to load resource: net::ERR_INTERNET_DISCONNECTED @ https://a.vturb.com/x:0
[64020849ms] [ERROR] [31m[ERROR]:[0m Analytics Services - Hermes: All Analytics URLs have failed @ https://scripts.converteai.net/lib/js/smartplayer-wc/v4/smartplayer.js:1
[64020851ms] [ERROR] Failed to load resource: net::ERR_INTERNET_DISCONNECTED @ https://sentry.io/api/4509130195468288/envelope/:0
[64020851ms] [ERROR] Failed to load resource: net::ERR_INTERNET_DISCONNECTED @ https://sentry.io/api/4509130195468288/envelope/:0
[64021714ms] [ERROR] Failed to load resource: net::ERR_INTERNET_DISCONNECTED @ https://vt-h-1.b-cdn.net/x:0
[64021715ms] [ERROR] Failed to load resource: net::ERR_INTERNET_DISCONNECTED @ https://vt-h-1.b-cdn.net/x:0
[64023431ms] [ERROR] Failed to load resource: net::ERR_INTERNET_DISCONNECTED @ https://vt-h-1.b-cdn.net/x:0
[64023432ms] [ERROR] Failed to load resource: net::ERR_INTERNET_DISCONNECTED @ https://vt-h-1.b-cdn.net/x:0
[64024055ms] [ERROR] Failed to load resource: net::ERR_INTERNET_DISCONNECTED @ https://vt-h-1.b-cdn.net/x:0
[64024056ms] [ERROR] Failed to load resource: net::ERR_INTERNET_DISCONNECTED @ https://vt-h-1.b-cdn.net/x:0
[64024923ms] [ERROR] Failed to load resource: net::ERR_INTERNET_DISCONNECTED @ https://a.vturb.com/x:0
[64024923ms] [ERROR] [31m[ERROR]:[0m Analytics Services - Hermes: All Analytics URLs have failed @ https://scripts.converteai.net/lib/js/smartplayer-wc/v4/smartplayer.js:1
[64024923ms] [ERROR] Failed to load resource: net::ERR_INTERNET_DISCONNECTED @ https://a.vturb.com/x:0
[64024924ms] [ERROR] [31m[ERROR]:[0m Analytics Services - Hermes: All Analytics URLs have failed @ https://scripts.converteai.net/lib/js/smartplayer-wc/v4/smartplayer.js:1
[64024925ms] [ERROR] Failed to load resource: net::ERR_INTERNET_DISCONNECTED @ https://sentry.io/api/4509130195468288/envelope/:0
[64024925ms] [ERROR] Failed to load resource: net::ERR_INTERNET_DISCONNECTED @ https://sentry.io/api/4509130195468288/envelope/:0
[64027928ms] [WARNING] The resource https://cdn.converteai.net/8961d838-aff2-4dce-9b39-e84022d332ce/6a52f890d71bd640bbb2a65d/main.m3u8 was preloaded using link preload but not used within a few seconds from the window's load event. Please make sure it has an appropriate `as` value and it is preloaded intentionally. @ http://localhost:8848/quiz2.html:0
[64027929ms] [WARNING] The resource https://cdn.converteai.net/8961d838-aff2-4dce-9b39-e84022d332ce/6a52fa0e3d8ea0afcdc8b377/main.m3u8 was preloaded using link preload but not used within a few seconds from the window's load event. Please make sure it has an appropriate `as` value and it is preloaded intentionally. @ http://localhost:8848/quiz2.html:0
[64029839ms] [ERROR] Failed to load resource: net::ERR_INTERNET_DISCONNECTED @ https://a.vturb.com/x:0
[64029839ms] [ERROR] [31m[ERROR]:[0m Analytics Services - Hermes: Failed to fetch @ https://scripts.converteai.net/lib/js/smartplayer-wc/v4/smartplayer.js:1
[64029840ms] [ERROR] Failed to load resource: net::ERR_INTERNET_DISCONNECTED @ https://a.vturb.com/x:0
[64029840ms] [ERROR] [31m[ERROR]:[0m Analytics Services - Hermes: Failed to fetch @ https://scripts.converteai.net/lib/js/smartplayer-wc/v4/smartplayer.js:1
[64029843ms] [ERROR] Failed to load resource: net::ERR_INTERNET_DISCONNECTED @ https://sentry.io/api/4509130195468288/envelope/:0
[64029843ms] [ERROR] Failed to load resource: net::ERR_INTERNET_DISCONNECTED @ https://sentry.io/api/4509130195468288/envelope/:0
[64029921ms] [ERROR] Failed to load resource: net::ERR_INTERNET_DISCONNECTED @ https://vt-h-1.b-cdn.net/x:0
[64029922ms] [ERROR] Failed to load resource: net::ERR_INTERNET_DISCONNECTED @ https://vt-h-1.b-cdn.net/x:0
[64030328ms] [ERROR] Failed to load resource: net::ERR_INTERNET_DISCONNECTED @ https://a.vturb.com/x:0
[64030329ms] [ERROR] [31m[ERROR]:[0m Analytics Services - Hermes: All Analytics URLs have failed @ https://scripts.converteai.net/lib/js/smartplayer-wc/v4/smartplayer.js:1
[64030329ms] [ERROR] Failed to load resource: net::ERR_INTERNET_DISCONNECTED @ https://a.vturb.com/x:0
[64030329ms] [ERROR] [31m[ERROR]:[0m Analytics Services - Hermes: All Analytics URLs have failed @ https://scripts.converteai.net/lib/js/smartplayer-wc/v4/smartplayer.js:1
[64030332ms] [ERROR] Failed to load resource: net::ERR_INTERNET_DISCONNECTED @ https://sentry.io/api/4509130195468288/envelope/:0
[64030332ms] [ERROR] Failed to load resource: net::ERR_INTERNET_DISCONNECTED @ https://sentry.io/api/4509130195468288/envelope/:0
[64030464ms] [ERROR] Failed to load resource: net::ERR_INTERNET_DISCONNECTED @ https://a.vturb.com/x:0
[64030465ms] [ERROR] [31m[ERROR]:[0m Analytics Services - Hermes: Failed to fetch @ https://scripts.converteai.net/lib/js/smartplayer-wc/v4/smartplayer.js:1
[64030466ms] [ERROR] Failed to load resource: net::ERR_INTERNET_DISCONNECTED @ https://a.vturb.com/x:0
[64030466ms] [ERROR] [31m[ERROR]:[0m Analytics Services - Hermes: Failed to fetch @ https://scripts.converteai.net/lib/js/smartplayer-wc/v4/smartplayer.js:1
[64030469ms] [ERROR] Failed to load resource: net::ERR_INTERNET_DISCONNECTED @ https://sentry.io/api/4509130195468288/envelope/:0
[64030469ms] [ERROR] Failed to load resource: net::ERR_INTERNET_DISCONNECTED @ https://sentry.io/api/4509130195468288/envelope/:0
[64030550ms] [ERROR] Failed to load resource: net::ERR_INTERNET_DISCONNECTED @ https://vt-h-1.b-cdn.net/x:0
[64030551ms] [ERROR] Failed to load resource: net::ERR_INTERNET_DISCONNECTED @ https://vt-h-1.b-cdn.net/x:0
[64030959ms] [ERROR] Failed to load resource: net::ERR_INTERNET_DISCONNECTED @ https://a.vturb.com/x:0
[64030960ms] [ERROR] [31m[ERROR]:[0m Analytics Services - Hermes: All Analytics URLs have failed @ https://scripts.converteai.net/lib/js/smartplayer-wc/v4/smartplayer.js:1
[64030960ms] [ERROR] Failed to load resource: net::ERR_INTERNET_DISCONNECTED @ https://a.vturb.com/x:0
[64030961ms] [ERROR] [31m[ERROR]:[0m Analytics Services - Hermes: All Analytics URLs have failed @ https://scripts.converteai.net/lib/js/smartplayer-wc/v4/smartplayer.js:1
[64030965ms] [ERROR] Failed to load resource: net::ERR_INTERNET_DISCONNECTED @ https://sentry.io/api/4509130195468288/envelope/:0
[64030965ms] [ERROR] Failed to load resource: net::ERR_INTERNET_DISCONNECTED @ https://sentry.io/api/4509130195468288/envelope/:0
[64031135ms] [ERROR] Failed to load resource: net::ERR_INTERNET_DISCONNECTED @ https://vt-h-1.b-cdn.net/x:0
[64031136ms] [ERROR] Failed to load resource: net::ERR_INTERNET_DISCONNECTED @ https://vt-h-1.b-cdn.net/x:0
[64031332ms] [ERROR] Failed to load resource: net::ERR_INTERNET_DISCONNECTED @ https://vt-h-1.b-cdn.net/x:0
[64031333ms] [ERROR] [31m[ERROR]:[0m Analytics Services - Hermes: Failed to fetch @ https://scripts.converteai.net/lib/js/smartplayer-wc/v4/smartplayer.js:1
[64031334ms] [ERROR] Failed to load resource: net::ERR_INTERNET_DISCONNECTED @ https://vt-h-1.b-cdn.net/x:0
[64031334ms] [ERROR] [31m[ERROR]:[0m Analytics Services - Hermes: Failed to fetch @ https://scripts.converteai.net/lib/js/smartplayer-wc/v4/smartplayer.js:1
[64031337ms] [ERROR] Failed to load resource: net::ERR_INTERNET_DISCONNECTED @ https://sentry.io/api/4509130195468288/envelope/:0
[64031337ms] [ERROR] Failed to load resource: net::ERR_INTERNET_DISCONNECTED @ https://sentry.io/api/4509130195468288/envelope/:0
[64031418ms] [ERROR] Failed to load resource: net::ERR_INTERNET_DISCONNECTED @ https://a.vturb.com/x:0
[64031419ms] [ERROR] [31m[ERROR]:[0m Analytics Services - Hermes: All Analytics URLs have failed @ https://scripts.converteai.net/lib/js/smartplayer-wc/v4/smartplayer.js:1
[64031419ms] [ERROR] Failed to load resource: net::ERR_INTERNET_DISCONNECTED @ https://a.vturb.com/x:0
[64031420ms] [ERROR] [31m[ERROR]:[0m Analytics Services - Hermes: All Analytics URLs have failed @ https://scripts.converteai.net/lib/js/smartplayer-wc/v4/smartplayer.js:1
[64031423ms] [ERROR] Failed to load resource: net::ERR_INTERNET_DISCONNECTED @ https://sentry.io/api/4509130195468288/envelope/:0
[64031423ms] [ERROR] Failed to load resource: net::ERR_INTERNET_DISCONNECTED @ https://sentry.io/api/4509130195468288/envelope/:0
[64031769ms] [ERROR] Failed to load resource: net::ERR_INTERNET_DISCONNECTED @ https://vt-h-1.b-cdn.net/x:0
[64031772ms] [ERROR] Failed to load resource: net::ERR_INTERNET_DISCONNECTED @ https://vt-h-1.b-cdn.net/x:0
[64943990ms] [ERROR] Failed to load resource: net::ERR_INTERNET_DISCONNECTED @ https://vt-h-1.b-cdn.net/x:0
[64943991ms] [ERROR] Failed to load resource: net::ERR_INTERNET_DISCONNECTED @ https://vt-h-1.b-cdn.net/x:0
[64944783ms] [ERROR] Failed to load resource: net::ERR_INTERNET_DISCONNECTED @ https://a.vturb.com/x:0
[64944784ms] [ERROR] [31m[ERROR]:[0m Analytics Services - Hermes: All Analytics URLs have failed @ https://scripts.converteai.net/lib/js/smartplayer-wc/v4/smartplayer.js:1
[64944785ms] [ERROR] Failed to load resource: net::ERR_INTERNET_DISCONNECTED @ https://a.vturb.com/x:0
[64944785ms] [ERROR] [31m[ERROR]:[0m Analytics Services - Hermes: All Analytics URLs have failed @ https://scripts.converteai.net/lib/js/smartplayer-wc/v4/smartplayer.js:1
[64944790ms] [ERROR] Failed to load resource: net::ERR_INTERNET_DISCONNECTED @ https://sentry.io/api/4509130195468288/envelope/:0
[64944790ms] [ERROR] Failed to load resource: net::ERR_INTERNET_DISCONNECTED @ https://sentry.io/api/4509130195468288/envelope/:0
[64944794ms] [ERROR] Failed to load resource: net::ERR_INTERNET_DISCONNECTED @ https://a.vturb.com/x:0
[64944794ms] [ERROR] [31m[ERROR]:[0m Analytics Services - Hermes: All Analytics URLs have failed @ https://scripts.converteai.net/lib/js/smartplayer-wc/v4/smartplayer.js:1
[64944794ms] [ERROR] Failed to load resource: net::ERR_INTERNET_DISCONNECTED @ https://a.vturb.com/x:0
[64944794ms] [ERROR] [31m[ERROR]:[0m Analytics Services - Hermes: All Analytics URLs have failed @ https://scripts.converteai.net/lib/js/smartplayer-wc/v4/smartplayer.js:1
[64944796ms] [ERROR] Failed to load resource: net::ERR_INTERNET_DISCONNECTED @ https://sentry.io/api/4509130195468288/envelope/:0
[64944796ms] [ERROR] Failed to load resource: net::ERR_INTERNET_DISCONNECTED @ https://sentry.io/api/4509130195468288/envelope/:0
[64945418ms] [ERROR] Failed to load resource: net::ERR_INTERNET_DISCONNECTED @ https://a.vturb.com/x:0
[64945419ms] [ERROR] [31m[ERROR]:[0m Analytics Services - Hermes: All Analytics URLs have failed @ https://scripts.converteai.net/lib/js/smartplayer-wc/v4/smartplayer.js:1
[64945420ms] [ERROR] Failed to load resource: net::ERR_INTERNET_DISCONNECTED @ https://a.vturb.com/x:0
[64945420ms] [ERROR] [31m[ERROR]:[0m Analytics Services - Hermes: All Analytics URLs have failed @ https://scripts.converteai.net/lib/js/smartplayer-wc/v4/smartplayer.js:1
[64945423ms] [ERROR] Failed to load resource: net::ERR_INTERNET_DISCONNECTED @ https://sentry.io/api/4509130195468288/envelope/:0
[64945423ms] [ERROR] Failed to load resource: net::ERR_INTERNET_DISCONNECTED @ https://sentry.io/api/4509130195468288/envelope/:0
[64946399ms] [ERROR] Failed to load resource: net::ERR_INTERNET_DISCONNECTED @ https://vt-h-1.b-cdn.net/x:0
[64946400ms] [ERROR] Failed to load resource: net::ERR_INTERNET_DISCONNECTED @ https://vt-h-1.b-cdn.net/x:0
[64947993ms] [ERROR] Failed to load resource: net::ERR_INTERNET_DISCONNECTED @ https://vt-h-1.b-cdn.net/x:0
[64947994ms] [ERROR] Failed to load resource: net::ERR_INTERNET_DISCONNECTED @ https://vt-h-1.b-cdn.net/x:0
[64948626ms] [ERROR] Failed to load resource: net::ERR_INTERNET_DISCONNECTED @ https://vt-h-1.b-cdn.net/x:0
[64948627ms] [ERROR] Failed to load resource: net::ERR_INTERNET_DISCONNECTED @ https://vt-h-1.b-cdn.net/x:0
[64949608ms] [ERROR] Failed to load resource: net::ERR_INTERNET_DISCONNECTED @ https://a.vturb.com/x:0
[64949609ms] [ERROR] [31m[ERROR]:[0m Analytics Services - Hermes: All Analytics URLs have failed @ https://scripts.converteai.net/lib/js/smartplayer-wc/v4/smartplayer.js:1
[64949609ms] [ERROR] Failed to load resource: net::ERR_INTERNET_DISCONNECTED @ https://a.vturb.com/x:0
[64949610ms] [ERROR] [31m[ERROR]:[0m Analytics Services - Hermes: All Analytics URLs have failed @ https://scripts.converteai.net/lib/js/smartplayer-wc/v4/smartplayer.js:1
[64949613ms] [ERROR] Failed to load resource: net::ERR_INTERNET_DISCONNECTED @ https://sentry.io/api/4509130195468288/envelope/:0
[64949613ms] [ERROR] Failed to load resource: net::ERR_INTERNET_DISCONNECTED @ https://sentry.io/api/4509130195468288/envelope/:0
[64952615ms] [WARNING] The resource https://cdn.converteai.net/8961d838-aff2-4dce-9b39-e84022d332ce/6a52f890d71bd640bbb2a65d/main.m3u8 was preloaded using link preload but not used within a few seconds from the window's load event. Please make sure it has an appropriate `as` value and it is preloaded intentionally. @ http://localhost:8848/quiz2.html:0
[64952615ms] [WARNING] The resource https://cdn.converteai.net/8961d838-aff2-4dce-9b39-e84022d332ce/6a52fa0e3d8ea0afcdc8b377/main.m3u8 was preloaded using link preload but not used within a few seconds from the window's load event. Please make sure it has an appropriate `as` value and it is preloaded intentionally. @ http://localhost:8848/quiz2.html:0
[64954402ms] [ERROR] Failed to load resource: net::ERR_INTERNET_DISCONNECTED @ https://a.vturb.com/x:0
[64954403ms] [ERROR] [31m[ERROR]:[0m Analytics Services - Hermes: Failed to fetch @ https://scripts.converteai.net/lib/js/smartplayer-wc/v4/smartplayer.js:1
[64954403ms] [ERROR] Failed to load resource: net::ERR_INTERNET_DISCONNECTED @ https://a.vturb.com/x:0
[64954404ms] [ERROR] [31m[ERROR]:[0m Analytics Services - Hermes: Failed to fetch @ https://scripts.converteai.net/lib/js/smartplayer-wc/v4/smartplayer.js:1
[64954407ms] [ERROR] Failed to load resource: net::ERR_INTERNET_DISCONNECTED @ https://sentry.io/api/4509130195468288/envelope/:0
[64954407ms] [ERROR] Failed to load resource: net::ERR_INTERNET_DISCONNECTED @ https://sentry.io/api/4509130195468288/envelope/:0
[64954487ms] [ERROR] Failed to load resource: net::ERR_INTERNET_DISCONNECTED @ https://vt-h-1.b-cdn.net/x:0
[64954488ms] [ERROR] Failed to load resource: net::ERR_INTERNET_DISCONNECTED @ https://vt-h-1.b-cdn.net/x:0
[64954894ms] [ERROR] Failed to load resource: net::ERR_INTERNET_DISCONNECTED @ https://a.vturb.com/x:0
[64954895ms] [ERROR] [31m[ERROR]:[0m Analytics Services - Hermes: All Analytics URLs have failed @ https://scripts.converteai.net/lib/js/smartplayer-wc/v4/smartplayer.js:1
[64954895ms] [ERROR] Failed to load resource: net::ERR_INTERNET_DISCONNECTED @ https://a.vturb.com/x:0
[64954896ms] [ERROR] [31m[ERROR]:[0m Analytics Services - Hermes: All Analytics URLs have failed @ https://scripts.converteai.net/lib/js/smartplayer-wc/v4/smartplayer.js:1
[64954899ms] [ERROR] Failed to load resource: net::ERR_INTERNET_DISCONNECTED @ https://sentry.io/api/4509130195468288/envelope/:0
[64954899ms] [ERROR] Failed to load resource: net::ERR_INTERNET_DISCONNECTED @ https://sentry.io/api/4509130195468288/envelope/:0
[64955034ms] [ERROR] Failed to load resource: net::ERR_INTERNET_DISCONNECTED @ https://a.vturb.com/x:0
[64955035ms] [ERROR] [31m[ERROR]:[0m Analytics Services - Hermes: Failed to fetch @ https://scripts.converteai.net/lib/js/smartplayer-wc/v4/smartplayer.js:1
[64955035ms] [ERROR] Failed to load resource: net::ERR_INTERNET_DISCONNECTED @ https://a.vturb.com/x:0
[64955036ms] [ERROR] [31m[ERROR]:[0m Analytics Services - Hermes: Failed to fetch @ https://scripts.converteai.net/lib/js/smartplayer-wc/v4/smartplayer.js:1
[64955039ms] [ERROR] Failed to load resource: net::ERR_INTERNET_DISCONNECTED @ https://sentry.io/api/4509130195468288/envelope/:0
[64955039ms] [ERROR] Failed to load resource: net::ERR_INTERNET_DISCONNECTED @ https://sentry.io/api/4509130195468288/envelope/:0
[64955119ms] [ERROR] Failed to load resource: net::ERR_INTERNET_DISCONNECTED @ https://vt-h-1.b-cdn.net/x:0
[64955121ms] [ERROR] Failed to load resource: net::ERR_INTERNET_DISCONNECTED @ https://vt-h-1.b-cdn.net/x:0
[64955526ms] [ERROR] Failed to load resource: net::ERR_INTERNET_DISCONNECTED @ https://a.vturb.com/x:0
[64955527ms] [ERROR] [31m[ERROR]:[0m Analytics Services - Hermes: All Analytics URLs have failed @ https://scripts.converteai.net/lib/js/smartplayer-wc/v4/smartplayer.js:1
[64955528ms] [ERROR] Failed to load resource: net::ERR_INTERNET_DISCONNECTED @ https://a.vturb.com/x:0
[64955528ms] [ERROR] [31m[ERROR]:[0m Analytics Services - Hermes: All Analytics URLs have failed @ https://scripts.converteai.net/lib/js/smartplayer-wc/v4/smartplayer.js:1
[64955531ms] [ERROR] Failed to load resource: net::ERR_INTERNET_DISCONNECTED @ https://sentry.io/api/4509130195468288/envelope/:0
[64955531ms] [ERROR] Failed to load resource: net::ERR_INTERNET_DISCONNECTED @ https://sentry.io/api/4509130195468288/envelope/:0
[64955705ms] [ERROR] Failed to load resource: net::ERR_INTERNET_DISCONNECTED @ https://vt-h-1.b-cdn.net/x:0
[64955706ms] [ERROR] Failed to load resource: net::ERR_INTERNET_DISCONNECTED @ https://vt-h-1.b-cdn.net/x:0
[64956017ms] [ERROR] Failed to load resource: net::ERR_INTERNET_DISCONNECTED @ https://vt-h-1.b-cdn.net/x:0
[64956018ms] [ERROR] [31m[ERROR]:[0m Analytics Services - Hermes: Failed to fetch @ https://scripts.converteai.net/lib/js/smartplayer-wc/v4/smartplayer.js:1
[64956019ms] [ERROR] Failed to load resource: net::ERR_INTERNET_DISCONNECTED @ https://vt-h-1.b-cdn.net/x:0
[64956019ms] [ERROR] [31m[ERROR]:[0m Analytics Services - Hermes: Failed to fetch @ https://scripts.converteai.net/lib/js/smartplayer-wc/v4/smartplayer.js:1
[64956022ms] [ERROR] Failed to load resource: net::ERR_INTERNET_DISCONNECTED @ https://sentry.io/api/4509130195468288/envelope/:0
[64956022ms] [ERROR] Failed to load resource: net::ERR_INTERNET_DISCONNECTED @ https://sentry.io/api/4509130195468288/envelope/:0
[64956102ms] [ERROR] Failed to load resource: net::ERR_INTERNET_DISCONNECTED @ https://a.vturb.com/x:0
[64956103ms] [ERROR] [31m[ERROR]:[0m Analytics Services - Hermes: All Analytics URLs have failed @ https://scripts.converteai.net/lib/js/smartplayer-wc/v4/smartplayer.js:1
[64956103ms] [ERROR] Failed to load resource: net::ERR_INTERNET_DISCONNECTED @ https://a.vturb.com/x:0
[64956104ms] [ERROR] [31m[ERROR]:[0m Analytics Services - Hermes: All Analytics URLs have failed @ https://scripts.converteai.net/lib/js/smartplayer-wc/v4/smartplayer.js:1
[64956106ms] [ERROR] Failed to load resource: net::ERR_INTERNET_DISCONNECTED @ https://sentry.io/api/4509130195468288/envelope/:0
[64956107ms] [ERROR] Failed to load resource: net::ERR_INTERNET_DISCONNECTED @ https://sentry.io/api/4509130195468288/envelope/:0
[64956337ms] [ERROR] Failed to load resource: net::ERR_INTERNET_DISCONNECTED @ https://vt-h-1.b-cdn.net/x:0
[64956338ms] [ERROR] Failed to load resource: net::ERR_INTERNET_DISCONNECTED @ https://vt-h-1.b-cdn.net/x:0
[64956509ms] [ERROR] Failed to load resource: net::ERR_INTERNET_DISCONNECTED @ https://vt-h-1.b-cdn.net/x:0
[64956510ms] [ERROR] Failed to load resource: net::ERR_INTERNET_DISCONNECTED @ https://vt-h-1.b-cdn.net/x:0
[64957314ms] [ERROR] Failed to load resource: net::ERR_INTERNET_DISCONNECTED @ https://a.vturb.com/x:0
[64957315ms] [ERROR] [31m[ERROR]:[0m Analytics Services - Hermes: All Analytics URLs have failed @ https://scripts.converteai.net/lib/js/smartplayer-wc/v4/smartplayer.js:1
[64957315ms] [ERROR] Failed to load resource: net::ERR_INTERNET_DISCONNECTED @ https://a.vturb.com/x:0
[64957316ms] [ERROR] [31m[ERROR]:[0m Analytics Services - Hermes: All Analytics URLs have failed @ https://scripts.converteai.net/lib/js/smartplayer-wc/v4/smartplayer.js:1
[64957316ms] [ERROR] Failed to load resource: net::ERR_INTERNET_DISCONNECTED @ https://a.vturb.com/x:0
[64957317ms] [ERROR] [31m[ERROR]:[0m Analytics Services - Hermes: All Analytics URLs have failed @ https://scripts.converteai.net/lib/js/smartplayer-wc/v4/smartplayer.js:1
[64957317ms] [ERROR] Failed to load resource: net::ERR_INTERNET_DISCONNECTED @ https://a.vturb.com/x:0
[64957317ms] [ERROR] [31m[ERROR]:[0m Analytics Services - Hermes: All Analytics URLs have failed @ https://scripts.converteai.net/lib/js/smartplayer-wc/v4/smartplayer.js:1
[64957320ms] [ERROR] Failed to load resource: net::ERR_INTERNET_DISCONNECTED @ https://sentry.io/api/4509130195468288/envelope/:0
[64957320ms] [ERROR] Failed to load resource: net::ERR_INTERNET_DISCONNECTED @ https://sentry.io/api/4509130195468288/envelope/:0
[64957320ms] [ERROR] Failed to load resource: net::ERR_INTERNET_DISCONNECTED @ https://sentry.io/api/4509130195468288/envelope/:0
[64957320ms] [ERROR] Failed to load resource: net::ERR_INTERNET_DISCONNECTED @ https://sentry.io/api/4509130195468288/envelope/:0
[64957944ms] [ERROR] Failed to load resource: net::ERR_INTERNET_DISCONNECTED @ https://a.vturb.com/x:0
[64957945ms] [ERROR] [31m[ERROR]:[0m Analytics Services - Hermes: All Analytics URLs have failed @ https://scripts.converteai.net/lib/js/smartplayer-wc/v4/smartplayer.js:1
[64957946ms] [ERROR] Failed to load resource: net::ERR_INTERNET_DISCONNECTED @ https://a.vturb.com/x:0
[64957946ms] [ERROR] [31m[ERROR]:[0m Analytics Services - Hermes: All Analytics URLs have failed @ https://scripts.converteai.net/lib/js/smartplayer-wc/v4/smartplayer.js:1
[64957949ms] [ERROR] Failed to load resource: net::ERR_INTERNET_DISCONNECTED @ https://sentry.io/api/4509130195468288/envelope/:0
[64957949ms] [ERROR] Failed to load resource: net::ERR_INTERNET_DISCONNECTED @ https://sentry.io/api/4509130195468288/envelope/:0
[64958926ms] [ERROR] Failed to load resource: net::ERR_INTERNET_DISCONNECTED @ https://vt-h-1.b-cdn.net/x:0
[64958927ms] [ERROR] Failed to load resource: net::ERR_INTERNET_DISCONNECTED @ https://vt-h-1.b-cdn.net/x:0
[64960523ms] [ERROR] Failed to load resource: net::ERR_INTERNET_DISCONNECTED @ https://vt-h-1.b-cdn.net/x:0
[64960524ms] [ERROR] Failed to load resource: net::ERR_INTERNET_DISCONNECTED @ https://vt-h-1.b-cdn.net/x:0
[64961152ms] [ERROR] Failed to load resource: net::ERR_INTERNET_DISCONNECTED @ https://vt-h-1.b-cdn.net/x:0
[64961154ms] [ERROR] Failed to load resource: net::ERR_INTERNET_DISCONNECTED @ https://vt-h-1.b-cdn.net/x:0
[64962136ms] [ERROR] Failed to load resource: net::ERR_INTERNET_DISCONNECTED @ https://a.vturb.com/x:0
[64962136ms] [ERROR] [31m[ERROR]:[0m Analytics Services - Hermes: All Analytics URLs have failed @ https://scripts.converteai.net/lib/js/smartplayer-wc/v4/smartplayer.js:1
[64962137ms] [ERROR] Failed to load resource: net::ERR_INTERNET_DISCONNECTED @ https://a.vturb.com/x:0
[64962137ms] [ERROR] [31m[ERROR]:[0m Analytics Services - Hermes: All Analytics URLs have failed @ https://scripts.converteai.net/lib/js/smartplayer-wc/v4/smartplayer.js:1
[64962140ms] [ERROR] Failed to load resource: net::ERR_INTERNET_DISCONNECTED @ https://sentry.io/api/4509130195468288/envelope/:0
[64962141ms] [ERROR] Failed to load resource: net::ERR_INTERNET_DISCONNECTED @ https://sentry.io/api/4509130195468288/envelope/:0
[64965142ms] [WARNING] The resource https://cdn.converteai.net/8961d838-aff2-4dce-9b39-e84022d332ce/6a52f890d71bd640bbb2a65d/main.m3u8 was preloaded using link preload but not used within a few seconds from the window's load event. Please make sure it has an appropriate `as` value and it is preloaded intentionally. @ http://localhost:8848/quiz2.html:0
[64965143ms] [WARNING] The resource https://cdn.converteai.net/8961d838-aff2-4dce-9b39-e84022d332ce/6a52fa0e3d8ea0afcdc8b377/main.m3u8 was preloaded using link preload but not used within a few seconds from the window's load event. Please make sure it has an appropriate `as` value and it is preloaded intentionally. @ http://localhost:8848/quiz2.html:0
[64966930ms] [ERROR] Failed to load resource: net::ERR_INTERNET_DISCONNECTED @ https://a.vturb.com/x:0
[64966931ms] [ERROR] [31m[ERROR]:[0m Analytics Services - Hermes: Failed to fetch @ https://scripts.converteai.net/lib/js/smartplayer-wc/v4/smartplayer.js:1
[64966932ms] [ERROR] Failed to load resource: net::ERR_INTERNET_DISCONNECTED @ https://a.vturb.com/x:0
[64966932ms] [ERROR] [31m[ERROR]:[0m Analytics Services - Hermes: Failed to fetch @ https://scripts.converteai.net/lib/js/smartplayer-wc/v4/smartplayer.js:1
[64966935ms] [ERROR] Failed to load resource: net::ERR_INTERNET_DISCONNECTED @ https://sentry.io/api/4509130195468288/envelope/:0
[64966935ms] [ERROR] Failed to load resource: net::ERR_INTERNET_DISCONNECTED @ https://sentry.io/api/4509130195468288/envelope/:0
[64967014ms] [ERROR] Failed to load resource: net::ERR_INTERNET_DISCONNECTED @ https://vt-h-1.b-cdn.net/x:0
[64967015ms] [ERROR] Failed to load resource: net::ERR_INTERNET_DISCONNECTED @ https://vt-h-1.b-cdn.net/x:0
[64967422ms] [ERROR] Failed to load resource: net::ERR_INTERNET_DISCONNECTED @ https://a.vturb.com/x:0
[64967423ms] [ERROR] [31m[ERROR]:[0m Analytics Services - Hermes: All Analytics URLs have failed @ https://scripts.converteai.net/lib/js/smartplayer-wc/v4/smartplayer.js:1
[64967424ms] [ERROR] Failed to load resource: net::ERR_INTERNET_DISCONNECTED @ https://a.vturb.com/x:0
[64967424ms] [ERROR] [31m[ERROR]:[0m Analytics Services - Hermes: All Analytics URLs have failed @ https://scripts.converteai.net/lib/js/smartplayer-wc/v4/smartplayer.js:1
[64967427ms] [ERROR] Failed to load resource: net::ERR_INTERNET_DISCONNECTED @ https://sentry.io/api/4509130195468288/envelope/:0
[64967427ms] [ERROR] Failed to load resource: net::ERR_INTERNET_DISCONNECTED @ https://sentry.io/api/4509130195468288/envelope/:0
[64967559ms] [ERROR] Failed to load resource: net::ERR_INTERNET_DISCONNECTED @ https://a.vturb.com/x:0
[64967560ms] [ERROR] [31m[ERROR]:[0m Analytics Services - Hermes: Failed to fetch @ https://scripts.converteai.net/lib/js/smartplayer-wc/v4/smartplayer.js:1
[64967561ms] [ERROR] Failed to load resource: net::ERR_INTERNET_DISCONNECTED @ https://a.vturb.com/x:0
[64967561ms] [ERROR] [31m[ERROR]:[0m Analytics Services - Hermes: Failed to fetch @ https://scripts.converteai.net/lib/js/smartplayer-wc/v4/smartplayer.js:1
[64967563ms] [ERROR] Failed to load resource: net::ERR_INTERNET_DISCONNECTED @ https://sentry.io/api/4509130195468288/envelope/:0
[64967564ms] [ERROR] Failed to load resource: net::ERR_INTERNET_DISCONNECTED @ https://sentry.io/api/4509130195468288/envelope/:0
[64967643ms] [ERROR] Failed to load resource: net::ERR_INTERNET_DISCONNECTED @ https://vt-h-1.b-cdn.net/x:0
[64967644ms] [ERROR] Failed to load resource: net::ERR_INTERNET_DISCONNECTED @ https://vt-h-1.b-cdn.net/x:0
[64968051ms] [ERROR] Failed to load resource: net::ERR_INTERNET_DISCONNECTED @ https://a.vturb.com/x:0
[64968052ms] [ERROR] [31m[ERROR]:[0m Analytics Services - Hermes: All Analytics URLs have failed @ https://scripts.converteai.net/lib/js/smartplayer-wc/v4/smartplayer.js:1
[64968052ms] [ERROR] Failed to load resource: net::ERR_INTERNET_DISCONNECTED @ https://a.vturb.com/x:0
[64968053ms] [ERROR] [31m[ERROR]:[0m Analytics Services - Hermes: All Analytics URLs have failed @ https://scripts.converteai.net/lib/js/smartplayer-wc/v4/smartplayer.js:1
[64968056ms] [ERROR] Failed to load resource: net::ERR_INTERNET_DISCONNECTED @ https://sentry.io/api/4509130195468288/envelope/:0
[64968057ms] [ERROR] Failed to load resource: net::ERR_INTERNET_DISCONNECTED @ https://sentry.io/api/4509130195468288/envelope/:0
[64968231ms] [ERROR] Failed to load resource: net::ERR_INTERNET_DISCONNECTED @ https://vt-h-1.b-cdn.net/x:0
[64968232ms] [ERROR] Failed to load resource: net::ERR_INTERNET_DISCONNECTED @ https://vt-h-1.b-cdn.net/x:0
[64968544ms] [ERROR] Failed to load resource: net::ERR_INTERNET_DISCONNECTED @ https://vt-h-1.b-cdn.net/x:0
[64968545ms] [ERROR] [31m[ERROR]:[0m Analytics Services - Hermes: Failed to fetch @ https://scripts.converteai.net/lib/js/smartplayer-wc/v4/smartplayer.js:1
[64968545ms] [ERROR] Failed to load resource: net::ERR_INTERNET_DISCONNECTED @ https://vt-h-1.b-cdn.net/x:0
[64968546ms] [ERROR] [31m[ERROR]:[0m Analytics Services - Hermes: Failed to fetch @ https://scripts.converteai.net/lib/js/smartplayer-wc/v4/smartplayer.js:1
[64968549ms] [ERROR] Failed to load resource: net::ERR_INTERNET_DISCONNECTED @ https://sentry.io/api/4509130195468288/envelope/:0
[64968549ms] [ERROR] Failed to load resource: net::ERR_INTERNET_DISCONNECTED @ https://sentry.io/api/4509130195468288/envelope/:0
[64968627ms] [ERROR] Failed to load resource: net::ERR_INTERNET_DISCONNECTED @ https://a.vturb.com/x:0
[64968628ms] [ERROR] [31m[ERROR]:[0m Analytics Services - Hermes: All Analytics URLs have failed @ https://scripts.converteai.net/lib/js/smartplayer-wc/v4/smartplayer.js:1
[64968628ms] [ERROR] Failed to load resource: net::ERR_INTERNET_DISCONNECTED @ https://a.vturb.com/x:0
[64968629ms] [ERROR] [31m[ERROR]:[0m Analytics Services - Hermes: All Analytics URLs have failed @ https://scripts.converteai.net/lib/js/smartplayer-wc/v4/smartplayer.js:1
[64968631ms] [ERROR] Failed to load resource: net::ERR_INTERNET_DISCONNECTED @ https://sentry.io/api/4509130195468288/envelope/:0
[64968631ms] [ERROR] Failed to load resource: net::ERR_INTERNET_DISCONNECTED @ https://sentry.io/api/4509130195468288/envelope/:0
[64968858ms] [ERROR] Failed to load resource: net::ERR_INTERNET_DISCONNECTED @ https://vt-h-1.b-cdn.net/x:0
[64968859ms] [ERROR] Failed to load resource: net::ERR_INTERNET_DISCONNECTED @ https://vt-h-1.b-cdn.net/x:0
[64969037ms] [ERROR] Failed to load resource: net::ERR_INTERNET_DISCONNECTED @ https://vt-h-1.b-cdn.net/x:0
[64969038ms] [ERROR] Failed to load resource: net::ERR_INTERNET_DISCONNECTED @ https://vt-h-1.b-cdn.net/x:0
[64969841ms] [ERROR] Failed to load resource: net::ERR_INTERNET_DISCONNECTED @ https://a.vturb.com/x:0
[64969842ms] [ERROR] [31m[ERROR]:[0m Analytics Services - Hermes: All Analytics URLs have failed @ https://scripts.converteai.net/lib/js/smartplayer-wc/v4/smartplayer.js:1
[64969842ms] [ERROR] Failed to load resource: net::ERR_INTERNET_DISCONNECTED @ https://a.vturb.com/x:0
[64969843ms] [ERROR] [31m[ERROR]:[0m Analytics Services - Hermes: All Analytics URLs have failed @ https://scripts.converteai.net/lib/js/smartplayer-wc/v4/smartplayer.js:1
[64969843ms] [ERROR] Failed to load resource: net::ERR_INTERNET_DISCONNECTED @ https://a.vturb.com/x:0
[64969844ms] [ERROR] [31m[ERROR]:[0m Analytics Services - Hermes: All Analytics URLs have failed @ https://scripts.converteai.net/lib/js/smartplayer-wc/v4/smartplayer.js:1
[64969844ms] [ERROR] Failed to load resource: net::ERR_INTERNET_DISCONNECTED @ https://a.vturb.com/x:0
[64969844ms] [ERROR] [31m[ERROR]:[0m Analytics Services - Hermes: All Analytics URLs have failed @ https://scripts.converteai.net/lib/js/smartplayer-wc/v4/smartplayer.js:1
[64969846ms] [ERROR] Failed to load resource: net::ERR_INTERNET_DISCONNECTED @ https://sentry.io/api/4509130195468288/envelope/:0
[64969846ms] [ERROR] Failed to load resource: net::ERR_INTERNET_DISCONNECTED @ https://sentry.io/api/4509130195468288/envelope/:0
[64969847ms] [ERROR] Failed to load resource: net::ERR_INTERNET_DISCONNECTED @ https://sentry.io/api/4509130195468288/envelope/:0
[64969847ms] [ERROR] Failed to load resource: net::ERR_INTERNET_DISCONNECTED @ https://sentry.io/api/4509130195468288/envelope/:0
[64970466ms] [ERROR] Failed to load resource: net::ERR_INTERNET_DISCONNECTED @ https://a.vturb.com/x:0
[64970467ms] [ERROR] [31m[ERROR]:[0m Analytics Services - Hermes: All Analytics URLs have failed @ https://scripts.converteai.net/lib/js/smartplayer-wc/v4/smartplayer.js:1
[64970467ms] [ERROR] Failed to load resource: net::ERR_INTERNET_DISCONNECTED @ https://a.vturb.com/x:0
[64970468ms] [ERROR] [31m[ERROR]:[0m Analytics Services - Hermes: All Analytics URLs have failed @ https://scripts.converteai.net/lib/js/smartplayer-wc/v4/smartplayer.js:1
[64970471ms] [ERROR] Failed to load resource: net::ERR_INTERNET_DISCONNECTED @ https://sentry.io/api/4509130195468288/envelope/:0
[64970471ms] [ERROR] Failed to load resource: net::ERR_INTERNET_DISCONNECTED @ https://sentry.io/api/4509130195468288/envelope/:0
[64971453ms] [ERROR] Failed to load resource: net::ERR_INTERNET_DISCONNECTED @ https://vt-h-1.b-cdn.net/x:0
[64971456ms] [ERROR] Failed to load resource: net::ERR_INTERNET_DISCONNECTED @ https://vt-h-1.b-cdn.net/x:0
[64973050ms] [ERROR] Failed to load resource: net::ERR_INTERNET_DISCONNECTED @ https://vt-h-1.b-cdn.net/x:0
[64973051ms] [ERROR] Failed to load resource: net::ERR_INTERNET_DISCONNECTED @ https://vt-h-1.b-cdn.net/x:0
[64973675ms] [ERROR] Failed to load resource: net::ERR_INTERNET_DISCONNECTED @ https://vt-h-1.b-cdn.net/x:0
[64973676ms] [ERROR] Failed to load resource: net::ERR_INTERNET_DISCONNECTED @ https://vt-h-1.b-cdn.net/x:0
[64974660ms] [ERROR] Failed to load resource: net::ERR_INTERNET_DISCONNECTED @ https://a.vturb.com/x:0
[64974661ms] [ERROR] [31m[ERROR]:[0m Analytics Services - Hermes: All Analytics URLs have failed @ https://scripts.converteai.net/lib/js/smartplayer-wc/v4/smartplayer.js:1
[64974662ms] [ERROR] Failed to load resource: net::ERR_INTERNET_DISCONNECTED @ https://a.vturb.com/x:0
[64974662ms] [ERROR] [31m[ERROR]:[0m Analytics Services - Hermes: All Analytics URLs have failed @ https://scripts.converteai.net/lib/js/smartplayer-wc/v4/smartplayer.js:1
[64974664ms] [ERROR] Failed to load resource: net::ERR_INTERNET_DISCONNECTED @ https://sentry.io/api/4509130195468288/envelope/:0
[64974665ms] [ERROR] Failed to load resource: net::ERR_INTERNET_DISCONNECTED @ https://sentry.io/api/4509130195468288/envelope/:0
[64977667ms] [WARNING] The resource https://cdn.converteai.net/8961d838-aff2-4dce-9b39-e84022d332ce/6a52f890d71bd640bbb2a65d/main.m3u8 was preloaded using link preload but not used within a few seconds from the window's load event. Please make sure it has an appropriate `as` value and it is preloaded intentionally. @ http://localhost:8848/quiz2.html:0
[64977667ms] [WARNING] The resource https://cdn.converteai.net/8961d838-aff2-4dce-9b39-e84022d332ce/6a52fa0e3d8ea0afcdc8b377/main.m3u8 was preloaded using link preload but not used within a few seconds from the window's load event. Please make sure it has an appropriate `as` value and it is preloaded intentionally. @ http://localhost:8848/quiz2.html:0
[64979457ms] [ERROR] Failed to load resource: net::ERR_INTERNET_DISCONNECTED @ https://a.vturb.com/x:0
[64979458ms] [ERROR] [31m[ERROR]:[0m Analytics Services - Hermes: Failed to fetch @ https://scripts.converteai.net/lib/js/smartplayer-wc/v4/smartplayer.js:1
[64979458ms] [ERROR] Failed to load resource: net::ERR_INTERNET_DISCONNECTED @ https://a.vturb.com/x:0
[64979459ms] [ERROR] [31m[ERROR]:[0m Analytics Services - Hermes: Failed to fetch @ https://scripts.converteai.net/lib/js/smartplayer-wc/v4/smartplayer.js:1
[64979461ms] [ERROR] Failed to load resource: net::ERR_INTERNET_DISCONNECTED @ https://sentry.io/api/4509130195468288/envelope/:0
[64979461ms] [ERROR] Failed to load resource: net::ERR_INTERNET_DISCONNECTED @ https://sentry.io/api/4509130195468288/envelope/:0
[64979541ms] [ERROR] Failed to load resource: net::ERR_INTERNET_DISCONNECTED @ https://vt-h-1.b-cdn.net/x:0
[64979542ms] [ERROR] Failed to load resource: net::ERR_INTERNET_DISCONNECTED @ https://vt-h-1.b-cdn.net/x:0
[64979948ms] [ERROR] Failed to load resource: net::ERR_INTERNET_DISCONNECTED @ https://a.vturb.com/x:0
[64979949ms] [ERROR] [31m[ERROR]:[0m Analytics Services - Hermes: All Analytics URLs have failed @ https://scripts.converteai.net/lib/js/smartplayer-wc/v4/smartplayer.js:1
[64979949ms] [ERROR] Failed to load resource: net::ERR_INTERNET_DISCONNECTED @ https://a.vturb.com/x:0
[64979950ms] [ERROR] [31m[ERROR]:[0m Analytics Services - Hermes: All Analytics URLs have failed @ https://scripts.converteai.net/lib/js/smartplayer-wc/v4/smartplayer.js:1
[64979954ms] [ERROR] Failed to load resource: net::ERR_INTERNET_DISCONNECTED @ https://sentry.io/api/4509130195468288/envelope/:0
[64979954ms] [ERROR] Failed to load resource: net::ERR_INTERNET_DISCONNECTED @ https://sentry.io/api/4509130195468288/envelope/:0
[64980082ms] [ERROR] Failed to load resource: net::ERR_INTERNET_DISCONNECTED @ https://a.vturb.com/x:0
[64980083ms] [ERROR] [31m[ERROR]:[0m Analytics Services - Hermes: Failed to fetch @ https://scripts.converteai.net/lib/js/smartplayer-wc/v4/smartplayer.js:1
[64980084ms] [ERROR] Failed to load resource: net::ERR_INTERNET_DISCONNECTED @ https://a.vturb.com/x:0
[64980084ms] [ERROR] [31m[ERROR]:[0m Analytics Services - Hermes: Failed to fetch @ https://scripts.converteai.net/lib/js/smartplayer-wc/v4/smartplayer.js:1
[64980087ms] [ERROR] Failed to load resource: net::ERR_INTERNET_DISCONNECTED @ https://sentry.io/api/4509130195468288/envelope/:0
[64980088ms] [ERROR] Failed to load resource: net::ERR_INTERNET_DISCONNECTED @ https://sentry.io/api/4509130195468288/envelope/:0
[64980166ms] [ERROR] Failed to load resource: net::ERR_INTERNET_DISCONNECTED @ https://vt-h-1.b-cdn.net/x:0
[64980167ms] [ERROR] Failed to load resource: net::ERR_INTERNET_DISCONNECTED @ https://vt-h-1.b-cdn.net/x:0
[64980575ms] [ERROR] Failed to load resource: net::ERR_INTERNET_DISCONNECTED @ https://a.vturb.com/x:0
[64980576ms] [ERROR] [31m[ERROR]:[0m Analytics Services - Hermes: All Analytics URLs have failed @ https://scripts.converteai.net/lib/js/smartplayer-wc/v4/smartplayer.js:1
[64980576ms] [ERROR] Failed to load resource: net::ERR_INTERNET_DISCONNECTED @ https://a.vturb.com/x:0
[64980577ms] [ERROR] [31m[ERROR]:[0m Analytics Services - Hermes: All Analytics URLs have failed @ https://scripts.converteai.net/lib/js/smartplayer-wc/v4/smartplayer.js:1
[64980579ms] [ERROR] Failed to load resource: net::ERR_INTERNET_DISCONNECTED @ https://sentry.io/api/4509130195468288/envelope/:0
[64980579ms] [ERROR] Failed to load resource: net::ERR_INTERNET_DISCONNECTED @ https://sentry.io/api/4509130195468288/envelope/:0
[64980758ms] [ERROR] Failed to load resource: net::ERR_INTERNET_DISCONNECTED @ https://vt-h-1.b-cdn.net/x:0
[64980760ms] [ERROR] Failed to load resource: net::ERR_INTERNET_DISCONNECTED @ https://vt-h-1.b-cdn.net/x:0
[64981070ms] [ERROR] Failed to load resource: net::ERR_INTERNET_DISCONNECTED @ https://vt-h-1.b-cdn.net/x:0
[64981071ms] [ERROR] [31m[ERROR]:[0m Analytics Services - Hermes: Failed to fetch @ https://scripts.converteai.net/lib/js/smartplayer-wc/v4/smartplayer.js:1
[64981072ms] [ERROR] Failed to load resource: net::ERR_INTERNET_DISCONNECTED @ https://vt-h-1.b-cdn.net/x:0
[64981072ms] [ERROR] [31m[ERROR]:[0m Analytics Services - Hermes: Failed to fetch @ https://scripts.converteai.net/lib/js/smartplayer-wc/v4/smartplayer.js:1
[64981075ms] [ERROR] Failed to load resource: net::ERR_INTERNET_DISCONNECTED @ https://sentry.io/api/4509130195468288/envelope/:0
[64981075ms] [ERROR] Failed to load resource: net::ERR_INTERNET_DISCONNECTED @ https://sentry.io/api/4509130195468288/envelope/:0
[64981155ms] [ERROR] Failed to load resource: net::ERR_INTERNET_DISCONNECTED @ https://a.vturb.com/x:0
[64981156ms] [ERROR] [31m[ERROR]:[0m Analytics Services - Hermes: All Analytics URLs have failed @ https://scripts.converteai.net/lib/js/smartplayer-wc/v4/smartplayer.js:1
[64981156ms] [ERROR] Failed to load resource: net::ERR_INTERNET_DISCONNECTED @ https://a.vturb.com/x:0
[64981157ms] [ERROR] [31m[ERROR]:[0m Analytics Services - Hermes: All Analytics URLs have failed @ https://scripts.converteai.net/lib/js/smartplayer-wc/v4/smartplayer.js:1
[64981159ms] [ERROR] Failed to load resource: net::ERR_INTERNET_DISCONNECTED @ https://sentry.io/api/4509130195468288/envelope/:0
[64981159ms] [ERROR] Failed to load resource: net::ERR_INTERNET_DISCONNECTED @ https://sentry.io/api/4509130195468288/envelope/:0
[64981383ms] [ERROR] Failed to load resource: net::ERR_INTERNET_DISCONNECTED @ https://vt-h-1.b-cdn.net/x:0
[64981384ms] [ERROR] Failed to load resource: net::ERR_INTERNET_DISCONNECTED @ https://vt-h-1.b-cdn.net/x:0
[64981562ms] [ERROR] Failed to load resource: net::ERR_INTERNET_DISCONNECTED @ https://vt-h-1.b-cdn.net/x:0
[64981563ms] [ERROR] Failed to load resource: net::ERR_INTERNET_DISCONNECTED @ https://vt-h-1.b-cdn.net/x:0
[64982379ms] [ERROR] Failed to load resource: net::ERR_INTERNET_DISCONNECTED @ https://a.vturb.com/x:0
[64982379ms] [ERROR] [31m[ERROR]:[0m Analytics Services - Hermes: All Analytics URLs have failed @ https://scripts.converteai.net/lib/js/smartplayer-wc/v4/smartplayer.js:1
[64982379ms] [ERROR] Failed to load resource: net::ERR_INTERNET_DISCONNECTED @ https://a.vturb.com/x:0
[64982380ms] [ERROR] [31m[ERROR]:[0m Analytics Services - Hermes: All Analytics URLs have failed @ https://scripts.converteai.net/lib/js/smartplayer-wc/v4/smartplayer.js:1
[64982380ms] [ERROR] Failed to load resource: net::ERR_INTERNET_DISCONNECTED @ https://a.vturb.com/x:0
[64982380ms] [ERROR] [31m[ERROR]:[0m Analytics Services - Hermes: All Analytics URLs have failed @ https://scripts.converteai.net/lib/js/smartplayer-wc/v4/smartplayer.js:1
[64982380ms] [ERROR] Failed to load resource: net::ERR_INTERNET_DISCONNECTED @ https://a.vturb.com/x:0
[64982380ms] [ERROR] [31m[ERROR]:[0m Analytics Services - Hermes: All Analytics URLs have failed @ https://scripts.converteai.net/lib/js/smartplayer-wc/v4/smartplayer.js:1
[64982381ms] [ERROR] Failed to load resource: net::ERR_INTERNET_DISCONNECTED @ https://sentry.io/api/4509130195468288/envelope/:0
[64982381ms] [ERROR] Failed to load resource: net::ERR_INTERNET_DISCONNECTED @ https://sentry.io/api/4509130195468288/envelope/:0
[64982381ms] [ERROR] Failed to load resource: net::ERR_INTERNET_DISCONNECTED @ https://sentry.io/api/4509130195468288/envelope/:0
[64982385ms] [ERROR] Failed to load resource: net::ERR_INTERNET_DISCONNECTED @ https://sentry.io/api/4509130195468288/envelope/:0
[64982992ms] [ERROR] Failed to load resource: net::ERR_INTERNET_DISCONNECTED @ https://a.vturb.com/x:0
[64982992ms] [ERROR] [31m[ERROR]:[0m Analytics Services - Hermes: All Analytics URLs have failed @ https://scripts.converteai.net/lib/js/smartplayer-wc/v4/smartplayer.js:1
[64982993ms] [ERROR] Failed to load resource: net::ERR_INTERNET_DISCONNECTED @ https://a.vturb.com/x:0
[64982993ms] [ERROR] [31m[ERROR]:[0m Analytics Services - Hermes: All Analytics URLs have failed @ https://scripts.converteai.net/lib/js/smartplayer-wc/v4/smartplayer.js:1
[64982996ms] [ERROR] Failed to load resource: net::ERR_INTERNET_DISCONNECTED @ https://sentry.io/api/4509130195468288/envelope/:0
[64982996ms] [ERROR] Failed to load resource: net::ERR_INTERNET_DISCONNECTED @ https://sentry.io/api/4509130195468288/envelope/:0
[64983990ms] [ERROR] Failed to load resource: net::ERR_INTERNET_DISCONNECTED @ https://vt-h-1.b-cdn.net/x:0
[64983990ms] [ERROR] Failed to load resource: net::ERR_INTERNET_DISCONNECTED @ https://vt-h-1.b-cdn.net/x:0
[64985589ms] [ERROR] Failed to load resource: net::ERR_INTERNET_DISCONNECTED @ https://vt-h-1.b-cdn.net/x:0
[64985590ms] [ERROR] Failed to load resource: net::ERR_INTERNET_DISCONNECTED @ https://vt-h-1.b-cdn.net/x:0
[64986202ms] [ERROR] Failed to load resource: net::ERR_INTERNET_DISCONNECTED @ https://vt-h-1.b-cdn.net/x:0
[64986203ms] [ERROR] Failed to load resource: net::ERR_INTERNET_DISCONNECTED @ https://vt-h-1.b-cdn.net/x:0
[64987197ms] [ERROR] Failed to load resource: net::ERR_INTERNET_DISCONNECTED @ https://a.vturb.com/x:0
[64987198ms] [ERROR] [31m[ERROR]:[0m Analytics Services - Hermes: All Analytics URLs have failed @ https://scripts.converteai.net/lib/js/smartplayer-wc/v4/smartplayer.js:1
[64987198ms] [ERROR] Failed to load resource: net::ERR_INTERNET_DISCONNECTED @ https://a.vturb.com/x:0
[64987199ms] [ERROR] [31m[ERROR]:[0m Analytics Services - Hermes: All Analytics URLs have failed @ https://scripts.converteai.net/lib/js/smartplayer-wc/v4/smartplayer.js:1
[64987202ms] [ERROR] Failed to load resource: net::ERR_INTERNET_DISCONNECTED @ https://sentry.io/api/4509130195468288/envelope/:0
[64987202ms] [ERROR] Failed to load resource: net::ERR_INTERNET_DISCONNECTED @ https://sentry.io/api/4509130195468288/envelope/:0
[64990203ms] [WARNING] The resource https://cdn.converteai.net/8961d838-aff2-4dce-9b39-e84022d332ce/6a52f890d71bd640bbb2a65d/main.m3u8 was preloaded using link preload but not used within a few seconds from the window's load event. Please make sure it has an appropriate `as` value and it is preloaded intentionally. @ http://localhost:8848/quiz2.html:0
[64990203ms] [WARNING] The resource https://cdn.converteai.net/8961d838-aff2-4dce-9b39-e84022d332ce/6a52fa0e3d8ea0afcdc8b377/main.m3u8 was preloaded using link preload but not used within a few seconds from the window's load event. Please make sure it has an appropriate `as` value and it is preloaded intentionally. @ http://localhost:8848/quiz2.html:0
[67470517ms] [ERROR] Failed to load resource: net::ERR_INTERNET_DISCONNECTED @ https://a.vturb.com/x:0
[67470517ms] [ERROR] [31m[ERROR]:[0m Analytics Services - Hermes: Failed to fetch @ https://scripts.converteai.net/lib/js/smartplayer-wc/v4/smartplayer.js:1
[67470518ms] [ERROR] Failed to load resource: net::ERR_INTERNET_DISCONNECTED @ https://a.vturb.com/x:0
[67470518ms] [ERROR] [31m[ERROR]:[0m Analytics Services - Hermes: Failed to fetch @ https://scripts.converteai.net/lib/js/smartplayer-wc/v4/smartplayer.js:1
[67470523ms] [ERROR] Failed to load resource: net::ERR_INTERNET_DISCONNECTED @ https://sentry.io/api/4509130195468288/envelope/:0
[67470523ms] [ERROR] Failed to load resource: net::ERR_INTERNET_DISCONNECTED @ https://sentry.io/api/4509130195468288/envelope/:0
[67470598ms] [ERROR] Failed to load resource: net::ERR_INTERNET_DISCONNECTED @ https://vt-h-1.b-cdn.net/x:0
[67470599ms] [ERROR] Failed to load resource: net::ERR_INTERNET_DISCONNECTED @ https://vt-h-1.b-cdn.net/x:0
[67471005ms] [ERROR] Failed to load resource: net::ERR_INTERNET_DISCONNECTED @ https://a.vturb.com/x:0
[67471006ms] [ERROR] [31m[ERROR]:[0m Analytics Services - Hermes: All Analytics URLs have failed @ https://scripts.converteai.net/lib/js/smartplayer-wc/v4/smartplayer.js:1
[67471006ms] [ERROR] Failed to load resource: net::ERR_INTERNET_DISCONNECTED @ https://a.vturb.com/x:0
[67471006ms] [ERROR] [31m[ERROR]:[0m Analytics Services - Hermes: All Analytics URLs have failed @ https://scripts.converteai.net/lib/js/smartplayer-wc/v4/smartplayer.js:1
[67471010ms] [ERROR] Failed to load resource: net::ERR_INTERNET_DISCONNECTED @ https://sentry.io/api/4509130195468288/envelope/:0
[67471010ms] [ERROR] Failed to load resource: net::ERR_INTERNET_DISCONNECTED @ https://sentry.io/api/4509130195468288/envelope/:0
[67471128ms] [ERROR] Failed to load resource: net::ERR_INTERNET_DISCONNECTED @ https://a.vturb.com/x:0
[67471129ms] [ERROR] [31m[ERROR]:[0m Analytics Services - Hermes: Failed to fetch @ https://scripts.converteai.net/lib/js/smartplayer-wc/v4/smartplayer.js:1
[67471130ms] [ERROR] Failed to load resource: net::ERR_INTERNET_DISCONNECTED @ https://a.vturb.com/x:0
[67471130ms] [ERROR] [31m[ERROR]:[0m Analytics Services - Hermes: Failed to fetch @ https://scripts.converteai.net/lib/js/smartplayer-wc/v4/smartplayer.js:1
[67471133ms] [ERROR] Failed to load resource: net::ERR_INTERNET_DISCONNECTED @ https://sentry.io/api/4509130195468288/envelope/:0
[67471133ms] [ERROR] Failed to load resource: net::ERR_INTERNET_DISCONNECTED @ https://sentry.io/api/4509130195468288/envelope/:0
[67471214ms] [ERROR] Failed to load resource: net::ERR_INTERNET_DISCONNECTED @ https://vt-h-1.b-cdn.net/x:0
[67471215ms] [ERROR] Failed to load resource: net::ERR_INTERNET_DISCONNECTED @ https://vt-h-1.b-cdn.net/x:0
[67471625ms] [ERROR] Failed to load resource: net::ERR_INTERNET_DISCONNECTED @ https://a.vturb.com/x:0
[67471626ms] [ERROR] [31m[ERROR]:[0m Analytics Services - Hermes: All Analytics URLs have failed @ https://scripts.converteai.net/lib/js/smartplayer-wc/v4/smartplayer.js:1
[67471626ms] [ERROR] Failed to load resource: net::ERR_INTERNET_DISCONNECTED @ https://a.vturb.com/x:0
[67471627ms] [ERROR] [31m[ERROR]:[0m Analytics Services - Hermes: All Analytics URLs have failed @ https://scripts.converteai.net/lib/js/smartplayer-wc/v4/smartplayer.js:1
[67471630ms] [ERROR] Failed to load resource: net::ERR_INTERNET_DISCONNECTED @ https://sentry.io/api/4509130195468288/envelope/:0
[67471630ms] [ERROR] Failed to load resource: net::ERR_INTERNET_DISCONNECTED @ https://sentry.io/api/4509130195468288/envelope/:0
[67471814ms] [ERROR] Failed to load resource: net::ERR_INTERNET_DISCONNECTED @ https://vt-h-1.b-cdn.net/x:0
[67471815ms] [ERROR] Failed to load resource: net::ERR_INTERNET_DISCONNECTED @ https://vt-h-1.b-cdn.net/x:0
[67472127ms] [ERROR] Failed to load resource: net::ERR_INTERNET_DISCONNECTED @ https://vt-h-1.b-cdn.net/x:0
[67472128ms] [ERROR] [31m[ERROR]:[0m Analytics Services - Hermes: Failed to fetch @ https://scripts.converteai.net/lib/js/smartplayer-wc/v4/smartplayer.js:1
[67472129ms] [ERROR] Failed to load resource: net::ERR_INTERNET_DISCONNECTED @ https://vt-h-1.b-cdn.net/x:0
[67472129ms] [ERROR] [31m[ERROR]:[0m Analytics Services - Hermes: Failed to fetch @ https://scripts.converteai.net/lib/js/smartplayer-wc/v4/smartplayer.js:1
[67472132ms] [ERROR] Failed to load resource: net::ERR_INTERNET_DISCONNECTED @ https://sentry.io/api/4509130195468288/envelope/:0
[67472133ms] [ERROR] Failed to load resource: net::ERR_INTERNET_DISCONNECTED @ https://sentry.io/api/4509130195468288/envelope/:0
[67472214ms] [ERROR] Failed to load resource: net::ERR_INTERNET_DISCONNECTED @ https://a.vturb.com/x:0
[67472215ms] [ERROR] [31m[ERROR]:[0m Analytics Services - Hermes: All Analytics URLs have failed @ https://scripts.converteai.net/lib/js/smartplayer-wc/v4/smartplayer.js:1
[67472215ms] [ERROR] Failed to load resource: net::ERR_INTERNET_DISCONNECTED @ https://a.vturb.com/x:0
[67472216ms] [ERROR] [31m[ERROR]:[0m Analytics Services - Hermes: All Analytics URLs have failed @ https://scripts.converteai.net/lib/js/smartplayer-wc/v4/smartplayer.js:1
[67472219ms] [ERROR] Failed to load resource: net::ERR_INTERNET_DISCONNECTED @ https://sentry.io/api/4509130195468288/envelope/:0
[67472220ms] [ERROR] Failed to load resource: net::ERR_INTERNET_DISCONNECTED @ https://sentry.io/api/4509130195468288/envelope/:0
[67472434ms] [ERROR] Failed to load resource: net::ERR_INTERNET_DISCONNECTED @ https://vt-h-1.b-cdn.net/x:0
[67472436ms] [ERROR] Failed to load resource: net::ERR_INTERNET_DISCONNECTED @ https://vt-h-1.b-cdn.net/x:0
[67472625ms] [ERROR] Failed to load resource: net::ERR_INTERNET_DISCONNECTED @ https://vt-h-1.b-cdn.net/x:0
[67472626ms] [ERROR] Failed to load resource: net::ERR_INTERNET_DISCONNECTED @ https://vt-h-1.b-cdn.net/x:0
[67473424ms] [ERROR] Failed to load resource: net::ERR_INTERNET_DISCONNECTED @ https://a.vturb.com/x:0
[67473425ms] [ERROR] [31m[ERROR]:[0m Analytics Services - Hermes: All Analytics URLs have failed @ https://scripts.converteai.net/lib/js/smartplayer-wc/v4/smartplayer.js:1
[67473425ms] [ERROR] Failed to load resource: net::ERR_INTERNET_DISCONNECTED @ https://a.vturb.com/x:0
[67473426ms] [ERROR] [31m[ERROR]:[0m Analytics Services - Hermes: All Analytics URLs have failed @ https://scripts.converteai.net/lib/js/smartplayer-wc/v4/smartplayer.js:1
[67473430ms] [ERROR] Failed to load resource: net::ERR_INTERNET_DISCONNECTED @ https://a.vturb.com/x:0
[67473431ms] [ERROR] [31m[ERROR]:[0m Analytics Services - Hermes: All Analytics URLs have failed @ https://scripts.converteai.net/lib/js/smartplayer-wc/v4/smartplayer.js:1
[67473431ms] [ERROR] Failed to load resource: net::ERR_INTERNET_DISCONNECTED @ https://a.vturb.com/x:0
[67473431ms] [ERROR] [31m[ERROR]:[0m Analytics Services - Hermes: All Analytics URLs have failed @ https://scripts.converteai.net/lib/js/smartplayer-wc/v4/smartplayer.js:1
[67473432ms] [ERROR] Failed to load resource: net::ERR_INTERNET_DISCONNECTED @ https://sentry.io/api/4509130195468288/envelope/:0
[67473432ms] [ERROR] Failed to load resource: net::ERR_INTERNET_DISCONNECTED @ https://sentry.io/api/4509130195468288/envelope/:0
[67473434ms] [ERROR] Failed to load resource: net::ERR_INTERNET_DISCONNECTED @ https://sentry.io/api/4509130195468288/envelope/:0
[67473434ms] [ERROR] Failed to load resource: net::ERR_INTERNET_DISCONNECTED @ https://sentry.io/api/4509130195468288/envelope/:0
[67474045ms] [ERROR] Failed to load resource: net::ERR_INTERNET_DISCONNECTED @ https://a.vturb.com/x:0
[67474045ms] [ERROR] [31m[ERROR]:[0m Analytics Services - Hermes: All Analytics URLs have failed @ https://scripts.converteai.net/lib/js/smartplayer-wc/v4/smartplayer.js:1
[67474046ms] [ERROR] Failed to load resource: net::ERR_INTERNET_DISCONNECTED @ https://a.vturb.com/x:0
[67474046ms] [ERROR] [31m[ERROR]:[0m Analytics Services - Hermes: All Analytics URLs have failed @ https://scripts.converteai.net/lib/js/smartplayer-wc/v4/smartplayer.js:1
[67474049ms] [ERROR] Failed to load resource: net::ERR_INTERNET_DISCONNECTED @ https://sentry.io/api/4509130195468288/envelope/:0
[67474049ms] [ERROR] Failed to load resource: net::ERR_INTERNET_DISCONNECTED @ https://sentry.io/api/4509130195468288/envelope/:0
[67475037ms] [ERROR] Failed to load resource: net::ERR_INTERNET_DISCONNECTED @ https://vt-h-1.b-cdn.net/x:0
[67475039ms] [ERROR] Failed to load resource: net::ERR_INTERNET_DISCONNECTED @ https://vt-h-1.b-cdn.net/x:0
[67476633ms] [ERROR] Failed to load resource: net::ERR_INTERNET_DISCONNECTED @ https://vt-h-1.b-cdn.net/x:0
[67476634ms] [ERROR] Failed to load resource: net::ERR_INTERNET_DISCONNECTED @ https://vt-h-1.b-cdn.net/x:0
[67477255ms] [ERROR] Failed to load resource: net::ERR_INTERNET_DISCONNECTED @ https://vt-h-1.b-cdn.net/x:0
[67477257ms] [ERROR] Failed to load resource: net::ERR_INTERNET_DISCONNECTED @ https://vt-h-1.b-cdn.net/x:0
[67478246ms] [ERROR] Failed to load resource: net::ERR_INTERNET_DISCONNECTED @ https://a.vturb.com/x:0
[67478247ms] [ERROR] [31m[ERROR]:[0m Analytics Services - Hermes: All Analytics URLs have failed @ https://scripts.converteai.net/lib/js/smartplayer-wc/v4/smartplayer.js:1
[67478247ms] [ERROR] Failed to load resource: net::ERR_INTERNET_DISCONNECTED @ https://a.vturb.com/x:0
[67478248ms] [ERROR] [31m[ERROR]:[0m Analytics Services - Hermes: All Analytics URLs have failed @ https://scripts.converteai.net/lib/js/smartplayer-wc/v4/smartplayer.js:1
[67478250ms] [ERROR] Failed to load resource: net::ERR_INTERNET_DISCONNECTED @ https://sentry.io/api/4509130195468288/envelope/:0
[67478250ms] [ERROR] Failed to load resource: net::ERR_INTERNET_DISCONNECTED @ https://sentry.io/api/4509130195468288/envelope/:0
[67481253ms] [WARNING] The resource https://cdn.converteai.net/8961d838-aff2-4dce-9b39-e84022d332ce/6a52f890d71bd640bbb2a65d/main.m3u8 was preloaded using link preload but not used within a few seconds from the window's load event. Please make sure it has an appropriate `as` value and it is preloaded intentionally. @ http://localhost:8848/quiz2.html:0
[67481253ms] [WARNING] The resource https://cdn.converteai.net/8961d838-aff2-4dce-9b39-e84022d332ce/6a52fa0e3d8ea0afcdc8b377/main.m3u8 was preloaded using link preload but not used within a few seconds from the window's load event. Please make sure it has an appropriate `as` value and it is preloaded intentionally. @ http://localhost:8848/quiz2.html:0
[67483042ms] [ERROR] Failed to load resource: net::ERR_INTERNET_DISCONNECTED @ https://a.vturb.com/x:0
[67483043ms] [ERROR] [31m[ERROR]:[0m Analytics Services - Hermes: Failed to fetch @ https://scripts.converteai.net/lib/js/smartplayer-wc/v4/smartplayer.js:1
[67483043ms] [ERROR] Failed to load resource: net::ERR_INTERNET_DISCONNECTED @ https://a.vturb.com/x:0
[67483044ms] [ERROR] [31m[ERROR]:[0m Analytics Services - Hermes: Failed to fetch @ https://scripts.converteai.net/lib/js/smartplayer-wc/v4/smartplayer.js:1
[67483046ms] [ERROR] Failed to load resource: net::ERR_INTERNET_DISCONNECTED @ https://sentry.io/api/4509130195468288/envelope/:0
[67483047ms] [ERROR] Failed to load resource: net::ERR_INTERNET_DISCONNECTED @ https://sentry.io/api/4509130195468288/envelope/:0
[67483127ms] [ERROR] Failed to load resource: net::ERR_INTERNET_DISCONNECTED @ https://vt-h-1.b-cdn.net/x:0
[67483128ms] [ERROR] Failed to load resource: net::ERR_INTERNET_DISCONNECTED @ https://vt-h-1.b-cdn.net/x:0
[67483536ms] [ERROR] Failed to load resource: net::ERR_INTERNET_DISCONNECTED @ https://a.vturb.com/x:0
[67483537ms] [ERROR] [31m[ERROR]:[0m Analytics Services - Hermes: All Analytics URLs have failed @ https://scripts.converteai.net/lib/js/smartplayer-wc/v4/smartplayer.js:1
[67483537ms] [ERROR] Failed to load resource: net::ERR_INTERNET_DISCONNECTED @ https://a.vturb.com/x:0
[67483538ms] [ERROR] [31m[ERROR]:[0m Analytics Services - Hermes: All Analytics URLs have failed @ https://scripts.converteai.net/lib/js/smartplayer-wc/v4/smartplayer.js:1
[67483541ms] [ERROR] Failed to load resource: net::ERR_INTERNET_DISCONNECTED @ https://sentry.io/api/4509130195468288/envelope/:0
[67483541ms] [ERROR] Failed to load resource: net::ERR_INTERNET_DISCONNECTED @ https://sentry.io/api/4509130195468288/envelope/:0
[67483661ms] [ERROR] Failed to load resource: net::ERR_INTERNET_DISCONNECTED @ https://a.vturb.com/x:0
[67483662ms] [ERROR] [31m[ERROR]:[0m Analytics Services - Hermes: Failed to fetch @ https://scripts.converteai.net/lib/js/smartplayer-wc/v4/smartplayer.js:1
[67483662ms] [ERROR] Failed to load resource: net::ERR_INTERNET_DISCONNECTED @ https://a.vturb.com/x:0
[67483663ms] [ERROR] [31m[ERROR]:[0m Analytics Services - Hermes: Failed to fetch @ https://scripts.converteai.net/lib/js/smartplayer-wc/v4/smartplayer.js:1
[67483665ms] [ERROR] Failed to load resource: net::ERR_INTERNET_DISCONNECTED @ https://sentry.io/api/4509130195468288/envelope/:0
[67483665ms] [ERROR] Failed to load resource: net::ERR_INTERNET_DISCONNECTED @ https://sentry.io/api/4509130195468288/envelope/:0
[67483745ms] [ERROR] Failed to load resource: net::ERR_INTERNET_DISCONNECTED @ https://vt-h-1.b-cdn.net/x:0
[67483745ms] [ERROR] Failed to load resource: net::ERR_INTERNET_DISCONNECTED @ https://vt-h-1.b-cdn.net/x:0
[67484152ms] [ERROR] Failed to load resource: net::ERR_INTERNET_DISCONNECTED @ https://a.vturb.com/x:0
[67484153ms] [ERROR] [31m[ERROR]:[0m Analytics Services - Hermes: All Analytics URLs have failed @ https://scripts.converteai.net/lib/js/smartplayer-wc/v4/smartplayer.js:1
[67484153ms] [ERROR] Failed to load resource: net::ERR_INTERNET_DISCONNECTED @ https://a.vturb.com/x:0
[67484153ms] [ERROR] [31m[ERROR]:[0m Analytics Services - Hermes: All Analytics URLs have failed @ https://scripts.converteai.net/lib/js/smartplayer-wc/v4/smartplayer.js:1
[67484155ms] [ERROR] Failed to load resource: net::ERR_INTERNET_DISCONNECTED @ https://sentry.io/api/4509130195468288/envelope/:0
[67484155ms] [ERROR] Failed to load resource: net::ERR_INTERNET_DISCONNECTED @ https://sentry.io/api/4509130195468288/envelope/:0
[67484344ms] [ERROR] Failed to load resource: net::ERR_INTERNET_DISCONNECTED @ https://vt-h-1.b-cdn.net/x:0
[67484345ms] [ERROR] Failed to load resource: net::ERR_INTERNET_DISCONNECTED @ https://vt-h-1.b-cdn.net/x:0
[67484655ms] [ERROR] Failed to load resource: net::ERR_INTERNET_DISCONNECTED @ https://vt-h-1.b-cdn.net/x:0
[67484656ms] [ERROR] [31m[ERROR]:[0m Analytics Services - Hermes: Failed to fetch @ https://scripts.converteai.net/lib/js/smartplayer-wc/v4/smartplayer.js:1
[67484657ms] [ERROR] Failed to load resource: net::ERR_INTERNET_DISCONNECTED @ https://vt-h-1.b-cdn.net/x:0
[67484658ms] [ERROR] [31m[ERROR]:[0m Analytics Services - Hermes: Failed to fetch @ https://scripts.converteai.net/lib/js/smartplayer-wc/v4/smartplayer.js:1
[67484660ms] [ERROR] Failed to load resource: net::ERR_INTERNET_DISCONNECTED @ https://sentry.io/api/4509130195468288/envelope/:0
[67484660ms] [ERROR] Failed to load resource: net::ERR_INTERNET_DISCONNECTED @ https://sentry.io/api/4509130195468288/envelope/:0
[67484739ms] [ERROR] Failed to load resource: net::ERR_INTERNET_DISCONNECTED @ https://a.vturb.com/x:0
[67484739ms] [ERROR] [31m[ERROR]:[0m Analytics Services - Hermes: All Analytics URLs have failed @ https://scripts.converteai.net/lib/js/smartplayer-wc/v4/smartplayer.js:1
[67484740ms] [ERROR] Failed to load resource: net::ERR_INTERNET_DISCONNECTED @ https://a.vturb.com/x:0
[67484740ms] [ERROR] [31m[ERROR]:[0m Analytics Services - Hermes: All Analytics URLs have failed @ https://scripts.converteai.net/lib/js/smartplayer-wc/v4/smartplayer.js:1
[67484743ms] [ERROR] Failed to load resource: net::ERR_INTERNET_DISCONNECTED @ https://sentry.io/api/4509130195468288/envelope/:0
[67484743ms] [ERROR] Failed to load resource: net::ERR_INTERNET_DISCONNECTED @ https://sentry.io/api/4509130195468288/envelope/:0
[67484960ms] [ERROR] Failed to load resource: net::ERR_INTERNET_DISCONNECTED @ https://vt-h-1.b-cdn.net/x:0
[67484961ms] [ERROR] Failed to load resource: net::ERR_INTERNET_DISCONNECTED @ https://vt-h-1.b-cdn.net/x:0
[67485146ms] [ERROR] Failed to load resource: net::ERR_INTERNET_DISCONNECTED @ https://vt-h-1.b-cdn.net/x:0
[67485147ms] [ERROR] Failed to load resource: net::ERR_INTERNET_DISCONNECTED @ https://vt-h-1.b-cdn.net/x:0
[67485952ms] [ERROR] Failed to load resource: net::ERR_INTERNET_DISCONNECTED @ https://a.vturb.com/x:0
[67485952ms] [ERROR] [31m[ERROR]:[0m Analytics Services - Hermes: All Analytics URLs have failed @ https://scripts.converteai.net/lib/js/smartplayer-wc/v4/smartplayer.js:1
[67485953ms] [ERROR] Failed to load resource: net::ERR_INTERNET_DISCONNECTED @ https://a.vturb.com/x:0
[67485953ms] [ERROR] [31m[ERROR]:[0m Analytics Services - Hermes: All Analytics URLs have failed @ https://scripts.converteai.net/lib/js/smartplayer-wc/v4/smartplayer.js:1
[67485954ms] [ERROR] Failed to load resource: net::ERR_INTERNET_DISCONNECTED @ https://a.vturb.com/x:0
[67485954ms] [ERROR] [31m[ERROR]:[0m Analytics Services - Hermes: All Analytics URLs have failed @ https://scripts.converteai.net/lib/js/smartplayer-wc/v4/smartplayer.js:1
[67485954ms] [ERROR] Failed to load resource: net::ERR_INTERNET_DISCONNECTED @ https://a.vturb.com/x:0
[67485955ms] [ERROR] [31m[ERROR]:[0m Analytics Services - Hermes: All Analytics URLs have failed @ https://scripts.converteai.net/lib/js/smartplayer-wc/v4/smartplayer.js:1
[67485958ms] [ERROR] Failed to load resource: net::ERR_INTERNET_DISCONNECTED @ https://sentry.io/api/4509130195468288/envelope/:0
[67485958ms] [ERROR] Failed to load resource: net::ERR_INTERNET_DISCONNECTED @ https://sentry.io/api/4509130195468288/envelope/:0
[67485958ms] [ERROR] Failed to load resource: net::ERR_INTERNET_DISCONNECTED @ https://sentry.io/api/4509130195468288/envelope/:0
[67485958ms] [ERROR] Failed to load resource: net::ERR_INTERNET_DISCONNECTED @ https://sentry.io/api/4509130195468288/envelope/:0
[67486568ms] [ERROR] Failed to load resource: net::ERR_INTERNET_DISCONNECTED @ https://a.vturb.com/x:0
[67486569ms] [ERROR] [31m[ERROR]:[0m Analytics Services - Hermes: All Analytics URLs have failed @ https://scripts.converteai.net/lib/js/smartplayer-wc/v4/smartplayer.js:1
[67486569ms] [ERROR] Failed to load resource: net::ERR_INTERNET_DISCONNECTED @ https://a.vturb.com/x:0
[67486570ms] [ERROR] [31m[ERROR]:[0m Analytics Services - Hermes: All Analytics URLs have failed @ https://scripts.converteai.net/lib/js/smartplayer-wc/v4/smartplayer.js:1
[67486573ms] [ERROR] Failed to load resource: net::ERR_INTERNET_DISCONNECTED @ https://sentry.io/api/4509130195468288/envelope/:0
[67486573ms] [ERROR] Failed to load resource: net::ERR_INTERNET_DISCONNECTED @ https://sentry.io/api/4509130195468288/envelope/:0
[67487561ms] [ERROR] Failed to load resource: net::ERR_INTERNET_DISCONNECTED @ https://vt-h-1.b-cdn.net/x:0
[67487562ms] [ERROR] Failed to load resource: net::ERR_INTERNET_DISCONNECTED @ https://vt-h-1.b-cdn.net/x:0
[67489160ms] [ERROR] Failed to load resource: net::ERR_INTERNET_DISCONNECTED @ https://vt-h-1.b-cdn.net/x:0
[67489161ms] [ERROR] Failed to load resource: net::ERR_INTERNET_DISCONNECTED @ https://vt-h-1.b-cdn.net/x:0
[67489778ms] [ERROR] Failed to load resource: net::ERR_INTERNET_DISCONNECTED @ https://vt-h-1.b-cdn.net/x:0
[67489778ms] [ERROR] Failed to load resource: net::ERR_INTERNET_DISCONNECTED @ https://vt-h-1.b-cdn.net/x:0
[67490770ms] [ERROR] Failed to load resource: net::ERR_INTERNET_DISCONNECTED @ https://a.vturb.com/x:0
[67490771ms] [ERROR] [31m[ERROR]:[0m Analytics Services - Hermes: All Analytics URLs have failed @ https://scripts.converteai.net/lib/js/smartplayer-wc/v4/smartplayer.js:1
[67490771ms] [ERROR] Failed to load resource: net::ERR_INTERNET_DISCONNECTED @ https://a.vturb.com/x:0
[67490772ms] [ERROR] [31m[ERROR]:[0m Analytics Services - Hermes: All Analytics URLs have failed @ https://scripts.converteai.net/lib/js/smartplayer-wc/v4/smartplayer.js:1
[67490775ms] [ERROR] Failed to load resource: net::ERR_INTERNET_DISCONNECTED @ https://sentry.io/api/4509130195468288/envelope/:0
[67490776ms] [ERROR] Failed to load resource: net::ERR_INTERNET_DISCONNECTED @ https://sentry.io/api/4509130195468288/envelope/:0
[67493778ms] [WARNING] The resource https://cdn.converteai.net/8961d838-aff2-4dce-9b39-e84022d332ce/6a52f890d71bd640bbb2a65d/main.m3u8 was preloaded using link preload but not used within a few seconds from the window's load event. Please make sure it has an appropriate `as` value and it is preloaded intentionally. @ http://localhost:8848/quiz2.html:0
[67493778ms] [WARNING] The resource https://cdn.converteai.net/8961d838-aff2-4dce-9b39-e84022d332ce/6a52fa0e3d8ea0afcdc8b377/main.m3u8 was preloaded using link preload but not used within a few seconds from the window's load event. Please make sure it has an appropriate `as` value and it is preloaded intentionally. @ http://localhost:8848/quiz2.html:0
[67495568ms] [ERROR] Failed to load resource: net::ERR_INTERNET_DISCONNECTED @ https://a.vturb.com/x:0
[67495569ms] [ERROR] [31m[ERROR]:[0m Analytics Services - Hermes: Failed to fetch @ https://scripts.converteai.net/lib/js/smartplayer-wc/v4/smartplayer.js:1
[67495569ms] [ERROR] Failed to load resource: net::ERR_INTERNET_DISCONNECTED @ https://a.vturb.com/x:0
[67495570ms] [ERROR] [31m[ERROR]:[0m Analytics Services - Hermes: Failed to fetch @ https://scripts.converteai.net/lib/js/smartplayer-wc/v4/smartplayer.js:1
[67495573ms] [ERROR] Failed to load resource: net::ERR_INTERNET_DISCONNECTED @ https://sentry.io/api/4509130195468288/envelope/:0
[67495574ms] [ERROR] Failed to load resource: net::ERR_INTERNET_DISCONNECTED @ https://sentry.io/api/4509130195468288/envelope/:0
[67495653ms] [ERROR] Failed to load resource: net::ERR_INTERNET_DISCONNECTED @ https://vt-h-1.b-cdn.net/x:0
[67495654ms] [ERROR] Failed to load resource: net::ERR_INTERNET_DISCONNECTED @ https://vt-h-1.b-cdn.net/x:0
[67496061ms] [ERROR] Failed to load resource: net::ERR_INTERNET_DISCONNECTED @ https://a.vturb.com/x:0
[67496062ms] [ERROR] [31m[ERROR]:[0m Analytics Services - Hermes: All Analytics URLs have failed @ https://scripts.converteai.net/lib/js/smartplayer-wc/v4/smartplayer.js:1
[67496062ms] [ERROR] Failed to load resource: net::ERR_INTERNET_DISCONNECTED @ https://a.vturb.com/x:0
[67496063ms] [ERROR] [31m[ERROR]:[0m Analytics Services - Hermes: All Analytics URLs have failed @ https://scripts.converteai.net/lib/js/smartplayer-wc/v4/smartplayer.js:1
[67496066ms] [ERROR] Failed to load resource: net::ERR_INTERNET_DISCONNECTED @ https://sentry.io/api/4509130195468288/envelope/:0
[67496066ms] [ERROR] Failed to load resource: net::ERR_INTERNET_DISCONNECTED @ https://sentry.io/api/4509130195468288/envelope/:0
[67496185ms] [ERROR] Failed to load resource: net::ERR_INTERNET_DISCONNECTED @ https://a.vturb.com/x:0
[67496186ms] [ERROR] [31m[ERROR]:[0m Analytics Services - Hermes: Failed to fetch @ https://scripts.converteai.net/lib/js/smartplayer-wc/v4/smartplayer.js:1
[67496186ms] [ERROR] Failed to load resource: net::ERR_INTERNET_DISCONNECTED @ https://a.vturb.com/x:0
[67496187ms] [ERROR] [31m[ERROR]:[0m Analytics Services - Hermes: Failed to fetch @ https://scripts.converteai.net/lib/js/smartplayer-wc/v4/smartplayer.js:1
[67496191ms] [ERROR] Failed to load resource: net::ERR_INTERNET_DISCONNECTED @ https://sentry.io/api/4509130195468288/envelope/:0
[67496191ms] [ERROR] Failed to load resource: net::ERR_INTERNET_DISCONNECTED @ https://sentry.io/api/4509130195468288/envelope/:0
[67496271ms] [ERROR] Failed to load resource: net::ERR_INTERNET_DISCONNECTED @ https://vt-h-1.b-cdn.net/x:0
[67496272ms] [ERROR] Failed to load resource: net::ERR_INTERNET_DISCONNECTED @ https://vt-h-1.b-cdn.net/x:0
[67496678ms] [ERROR] Failed to load resource: net::ERR_INTERNET_DISCONNECTED @ https://a.vturb.com/x:0
[67496679ms] [ERROR] [31m[ERROR]:[0m Analytics Services - Hermes: All Analytics URLs have failed @ https://scripts.converteai.net/lib/js/smartplayer-wc/v4/smartplayer.js:1
[67496679ms] [ERROR] Failed to load resource: net::ERR_INTERNET_DISCONNECTED @ https://a.vturb.com/x:0
[67496680ms] [ERROR] [31m[ERROR]:[0m Analytics Services - Hermes: All Analytics URLs have failed @ https://scripts.converteai.net/lib/js/smartplayer-wc/v4/smartplayer.js:1
[67496682ms] [ERROR] Failed to load resource: net::ERR_INTERNET_DISCONNECTED @ https://sentry.io/api/4509130195468288/envelope/:0
[67496683ms] [ERROR] Failed to load resource: net::ERR_INTERNET_DISCONNECTED @ https://sentry.io/api/4509130195468288/envelope/:0
[67496871ms] [ERROR] Failed to load resource: net::ERR_INTERNET_DISCONNECTED @ https://vt-h-1.b-cdn.net/x:0
[67496872ms] [ERROR] Failed to load resource: net::ERR_INTERNET_DISCONNECTED @ https://vt-h-1.b-cdn.net/x:0
[67497178ms] [ERROR] Failed to load resource: net::ERR_INTERNET_DISCONNECTED @ https://vt-h-1.b-cdn.net/x:0
[67497179ms] [ERROR] [31m[ERROR]:[0m Analytics Services - Hermes: Failed to fetch @ https://scripts.converteai.net/lib/js/smartplayer-wc/v4/smartplayer.js:1
[67497179ms] [ERROR] Failed to load resource: net::ERR_INTERNET_DISCONNECTED @ https://vt-h-1.b-cdn.net/x:0
[67497179ms] [ERROR] [31m[ERROR]:[0m Analytics Services - Hermes: Failed to fetch @ https://scripts.converteai.net/lib/js/smartplayer-wc/v4/smartplayer.js:1
[67497182ms] [ERROR] Failed to load resource: net::ERR_INTERNET_DISCONNECTED @ https://sentry.io/api/4509130195468288/envelope/:0
[67497182ms] [ERROR] Failed to load resource: net::ERR_INTERNET_DISCONNECTED @ https://sentry.io/api/4509130195468288/envelope/:0
[67497262ms] [ERROR] Failed to load resource: net::ERR_INTERNET_DISCONNECTED @ https://a.vturb.com/x:0
[67497263ms] [ERROR] [31m[ERROR]:[0m Analytics Services - Hermes: All Analytics URLs have failed @ https://scripts.converteai.net/lib/js/smartplayer-wc/v4/smartplayer.js:1
[67497263ms] [ERROR] Failed to load resource: net::ERR_INTERNET_DISCONNECTED @ https://a.vturb.com/x:0
[67497264ms] [ERROR] [31m[ERROR]:[0m Analytics Services - Hermes: All Analytics URLs have failed @ https://scripts.converteai.net/lib/js/smartplayer-wc/v4/smartplayer.js:1
[67497267ms] [ERROR] Failed to load resource: net::ERR_INTERNET_DISCONNECTED @ https://sentry.io/api/4509130195468288/envelope/:0
[67497267ms] [ERROR] Failed to load resource: net::ERR_INTERNET_DISCONNECTED @ https://sentry.io/api/4509130195468288/envelope/:0
[67497486ms] [ERROR] Failed to load resource: net::ERR_INTERNET_DISCONNECTED @ https://vt-h-1.b-cdn.net/x:0
[67497487ms] [ERROR] Failed to load resource: net::ERR_INTERNET_DISCONNECTED @ https://vt-h-1.b-cdn.net/x:0
[67497672ms] [ERROR] Failed to load resource: net::ERR_INTERNET_DISCONNECTED @ https://vt-h-1.b-cdn.net/x:0
[67497673ms] [ERROR] Failed to load resource: net::ERR_INTERNET_DISCONNECTED @ https://vt-h-1.b-cdn.net/x:0
[67498480ms] [ERROR] Failed to load resource: net::ERR_INTERNET_DISCONNECTED @ https://a.vturb.com/x:0
[67498481ms] [ERROR] [31m[ERROR]:[0m Analytics Services - Hermes: All Analytics URLs have failed @ https://scripts.converteai.net/lib/js/smartplayer-wc/v4/smartplayer.js:1
[67498481ms] [ERROR] Failed to load resource: net::ERR_INTERNET_DISCONNECTED @ https://a.vturb.com/x:0
[67498482ms] [ERROR] [31m[ERROR]:[0m Analytics Services - Hermes: All Analytics URLs have failed @ https://scripts.converteai.net/lib/js/smartplayer-wc/v4/smartplayer.js:1
[67498482ms] [ERROR] Failed to load resource: net::ERR_INTERNET_DISCONNECTED @ https://a.vturb.com/x:0
[67498482ms] [ERROR] [31m[ERROR]:[0m Analytics Services - Hermes: All Analytics URLs have failed @ https://scripts.converteai.net/lib/js/smartplayer-wc/v4/smartplayer.js:1
[67498483ms] [ERROR] Failed to load resource: net::ERR_INTERNET_DISCONNECTED @ https://a.vturb.com/x:0
[67498483ms] [ERROR] [31m[ERROR]:[0m Analytics Services - Hermes: All Analytics URLs have failed @ https://scripts.converteai.net/lib/js/smartplayer-wc/v4/smartplayer.js:1
[67498485ms] [ERROR] Failed to load resource: net::ERR_INTERNET_DISCONNECTED @ https://sentry.io/api/4509130195468288/envelope/:0
[67498485ms] [ERROR] Failed to load resource: net::ERR_INTERNET_DISCONNECTED @ https://sentry.io/api/4509130195468288/envelope/:0
[67498485ms] [ERROR] Failed to load resource: net::ERR_INTERNET_DISCONNECTED @ https://sentry.io/api/4509130195468288/envelope/:0
[67498486ms] [ERROR] Failed to load resource: net::ERR_INTERNET_DISCONNECTED @ https://sentry.io/api/4509130195468288/envelope/:0
[67499095ms] [ERROR] Failed to load resource: net::ERR_INTERNET_DISCONNECTED @ https://a.vturb.com/x:0
[67499096ms] [ERROR] [31m[ERROR]:[0m Analytics Services - Hermes: All Analytics URLs have failed @ https://scripts.converteai.net/lib/js/smartplayer-wc/v4/smartplayer.js:1
[67499096ms] [ERROR] Failed to load resource: net::ERR_INTERNET_DISCONNECTED @ https://a.vturb.com/x:0
[67499097ms] [ERROR] [31m[ERROR]:[0m Analytics Services - Hermes: All Analytics URLs have failed @ https://scripts.converteai.net/lib/js/smartplayer-wc/v4/smartplayer.js:1
[67499099ms] [ERROR] Failed to load resource: net::ERR_INTERNET_DISCONNECTED @ https://sentry.io/api/4509130195468288/envelope/:0
[67499099ms] [ERROR] Failed to load resource: net::ERR_INTERNET_DISCONNECTED @ https://sentry.io/api/4509130195468288/envelope/:0
[67500088ms] [ERROR] Failed to load resource: net::ERR_INTERNET_DISCONNECTED @ https://vt-h-1.b-cdn.net/x:0
[67500088ms] [ERROR] Failed to load resource: net::ERR_INTERNET_DISCONNECTED @ https://vt-h-1.b-cdn.net/x:0
[67501691ms] [ERROR] Failed to load resource: net::ERR_INTERNET_DISCONNECTED @ https://vt-h-1.b-cdn.net/x:0
[67501692ms] [ERROR] Failed to load resource: net::ERR_INTERNET_DISCONNECTED @ https://vt-h-1.b-cdn.net/x:0
[67502306ms] [ERROR] Failed to load resource: net::ERR_INTERNET_DISCONNECTED @ https://vt-h-1.b-cdn.net/x:0
[67502307ms] [ERROR] Failed to load resource: net::ERR_INTERNET_DISCONNECTED @ https://vt-h-1.b-cdn.net/x:0
[67503296ms] [ERROR] Failed to load resource: net::ERR_INTERNET_DISCONNECTED @ https://a.vturb.com/x:0
[67503297ms] [ERROR] [31m[ERROR]:[0m Analytics Services - Hermes: All Analytics URLs have failed @ https://scripts.converteai.net/lib/js/smartplayer-wc/v4/smartplayer.js:1
[67503297ms] [ERROR] Failed to load resource: net::ERR_INTERNET_DISCONNECTED @ https://a.vturb.com/x:0
[67503298ms] [ERROR] [31m[ERROR]:[0m Analytics Services - Hermes: All Analytics URLs have failed @ https://scripts.converteai.net/lib/js/smartplayer-wc/v4/smartplayer.js:1
[67503300ms] [ERROR] Failed to load resource: net::ERR_INTERNET_DISCONNECTED @ https://sentry.io/api/4509130195468288/envelope/:0
[67503300ms] [ERROR] Failed to load resource: net::ERR_INTERNET_DISCONNECTED @ https://sentry.io/api/4509130195468288/envelope/:0
[67506302ms] [WARNING] The resource https://cdn.converteai.net/8961d838-aff2-4dce-9b39-e84022d332ce/6a52f890d71bd640bbb2a65d/main.m3u8 was preloaded using link preload but not used within a few seconds from the window's load event. Please make sure it has an appropriate `as` value and it is preloaded intentionally. @ http://localhost:8848/quiz2.html:0
[67506303ms] [WARNING] The resource https://cdn.converteai.net/8961d838-aff2-4dce-9b39-e84022d332ce/6a52fa0e3d8ea0afcdc8b377/main.m3u8 was preloaded using link preload but not used within a few seconds from the window's load event. Please make sure it has an appropriate `as` value and it is preloaded intentionally. @ http://localhost:8848/quiz2.html:0
[67508100ms] [ERROR] Failed to load resource: net::ERR_INTERNET_DISCONNECTED @ https://a.vturb.com/x:0
[67508101ms] [ERROR] [31m[ERROR]:[0m Analytics Services - Hermes: Failed to fetch @ https://scripts.converteai.net/lib/js/smartplayer-wc/v4/smartplayer.js:1
[67508102ms] [ERROR] Failed to load resource: net::ERR_INTERNET_DISCONNECTED @ https://a.vturb.com/x:0
[67508102ms] [ERROR] [31m[ERROR]:[0m Analytics Services - Hermes: Failed to fetch @ https://scripts.converteai.net/lib/js/smartplayer-wc/v4/smartplayer.js:1
[67508107ms] [ERROR] Failed to load resource: net::ERR_INTERNET_DISCONNECTED @ https://sentry.io/api/4509130195468288/envelope/:0
[67508108ms] [ERROR] Failed to load resource: net::ERR_INTERNET_DISCONNECTED @ https://sentry.io/api/4509130195468288/envelope/:0
[67508185ms] [ERROR] Failed to load resource: net::ERR_INTERNET_DISCONNECTED @ https://vt-h-1.b-cdn.net/x:0
[67508186ms] [ERROR] Failed to load resource: net::ERR_INTERNET_DISCONNECTED @ https://vt-h-1.b-cdn.net/x:0
[67508595ms] [ERROR] Failed to load resource: net::ERR_INTERNET_DISCONNECTED @ https://a.vturb.com/x:0
[67508596ms] [ERROR] [31m[ERROR]:[0m Analytics Services - Hermes: All Analytics URLs have failed @ https://scripts.converteai.net/lib/js/smartplayer-wc/v4/smartplayer.js:1
[67508596ms] [ERROR] Failed to load resource: net::ERR_INTERNET_DISCONNECTED @ https://a.vturb.com/x:0
[67508597ms] [ERROR] [31m[ERROR]:[0m Analytics Services - Hermes: All Analytics URLs have failed @ https://scripts.converteai.net/lib/js/smartplayer-wc/v4/smartplayer.js:1
[67508599ms] [ERROR] Failed to load resource: net::ERR_INTERNET_DISCONNECTED @ https://sentry.io/api/4509130195468288/envelope/:0
[67508600ms] [ERROR] Failed to load resource: net::ERR_INTERNET_DISCONNECTED @ https://sentry.io/api/4509130195468288/envelope/:0
[67508714ms] [ERROR] Failed to load resource: net::ERR_INTERNET_DISCONNECTED @ https://a.vturb.com/x:0
[67508715ms] [ERROR] [31m[ERROR]:[0m Analytics Services - Hermes: Failed to fetch @ https://scripts.converteai.net/lib/js/smartplayer-wc/v4/smartplayer.js:1
[67508715ms] [ERROR] Failed to load resource: net::ERR_INTERNET_DISCONNECTED @ https://a.vturb.com/x:0
[67508715ms] [ERROR] [31m[ERROR]:[0m Analytics Services - Hermes: Failed to fetch @ https://scripts.converteai.net/lib/js/smartplayer-wc/v4/smartplayer.js:1
[67508718ms] [ERROR] Failed to load resource: net::ERR_INTERNET_DISCONNECTED @ https://sentry.io/api/4509130195468288/envelope/:0
[67508718ms] [ERROR] Failed to load resource: net::ERR_INTERNET_DISCONNECTED @ https://sentry.io/api/4509130195468288/envelope/:0
[67508796ms] [ERROR] Failed to load resource: net::ERR_INTERNET_DISCONNECTED @ https://vt-h-1.b-cdn.net/x:0
[67508797ms] [ERROR] Failed to load resource: net::ERR_INTERNET_DISCONNECTED @ https://vt-h-1.b-cdn.net/x:0
[67509204ms] [ERROR] Failed to load resource: net::ERR_INTERNET_DISCONNECTED @ https://a.vturb.com/x:0
[67509205ms] [ERROR] [31m[ERROR]:[0m Analytics Services - Hermes: All Analytics URLs have failed @ https://scripts.converteai.net/lib/js/smartplayer-wc/v4/smartplayer.js:1
[67509206ms] [ERROR] Failed to load resource: net::ERR_INTERNET_DISCONNECTED @ https://a.vturb.com/x:0
[67509206ms] [ERROR] [31m[ERROR]:[0m Analytics Services - Hermes: All Analytics URLs have failed @ https://scripts.converteai.net/lib/js/smartplayer-wc/v4/smartplayer.js:1
[67509210ms] [ERROR] Failed to load resource: net::ERR_INTERNET_DISCONNECTED @ https://sentry.io/api/4509130195468288/envelope/:0
[67509210ms] [ERROR] Failed to load resource: net::ERR_INTERNET_DISCONNECTED @ https://sentry.io/api/4509130195468288/envelope/:0
[67509406ms] [ERROR] Failed to load resource: net::ERR_INTERNET_DISCONNECTED @ https://vt-h-1.b-cdn.net/x:0
[67509407ms] [ERROR] Failed to load resource: net::ERR_INTERNET_DISCONNECTED @ https://vt-h-1.b-cdn.net/x:0
[67509706ms] [ERROR] Failed to load resource: net::ERR_INTERNET_DISCONNECTED @ https://vt-h-1.b-cdn.net/x:0
[67509707ms] [ERROR] [31m[ERROR]:[0m Analytics Services - Hermes: Failed to fetch @ https://scripts.converteai.net/lib/js/smartplayer-wc/v4/smartplayer.js:1
[67509707ms] [ERROR] Failed to load resource: net::ERR_INTERNET_DISCONNECTED @ https://vt-h-1.b-cdn.net/x:0
[67509708ms] [ERROR] [31m[ERROR]:[0m Analytics Services - Hermes: Failed to fetch @ https://scripts.converteai.net/lib/js/smartplayer-wc/v4/smartplayer.js:1
[67509710ms] [ERROR] Failed to load resource: net::ERR_INTERNET_DISCONNECTED @ https://sentry.io/api/4509130195468288/envelope/:0
[67509710ms] [ERROR] Failed to load resource: net::ERR_INTERNET_DISCONNECTED @ https://sentry.io/api/4509130195468288/envelope/:0
[67509791ms] [ERROR] Failed to load resource: net::ERR_INTERNET_DISCONNECTED @ https://a.vturb.com/x:0
[67509792ms] [ERROR] [31m[ERROR]:[0m Analytics Services - Hermes: All Analytics URLs have failed @ https://scripts.converteai.net/lib/js/smartplayer-wc/v4/smartplayer.js:1
[67509792ms] [ERROR] Failed to load resource: net::ERR_INTERNET_DISCONNECTED @ https://a.vturb.com/x:0
[67509793ms] [ERROR] [31m[ERROR]:[0m Analytics Services - Hermes: All Analytics URLs have failed @ https://scripts.converteai.net/lib/js/smartplayer-wc/v4/smartplayer.js:1
[67509795ms] [ERROR] Failed to load resource: net::ERR_INTERNET_DISCONNECTED @ https://sentry.io/api/4509130195468288/envelope/:0
[67509796ms] [ERROR] Failed to load resource: net::ERR_INTERNET_DISCONNECTED @ https://sentry.io/api/4509130195468288/envelope/:0
[67510011ms] [ERROR] Failed to load resource: net::ERR_INTERNET_DISCONNECTED @ https://vt-h-1.b-cdn.net/x:0
[67510012ms] [ERROR] Failed to load resource: net::ERR_INTERNET_DISCONNECTED @ https://vt-h-1.b-cdn.net/x:0
[67510200ms] [ERROR] Failed to load resource: net::ERR_INTERNET_DISCONNECTED @ https://vt-h-1.b-cdn.net/x:0
[67510201ms] [ERROR] Failed to load resource: net::ERR_INTERNET_DISCONNECTED @ https://vt-h-1.b-cdn.net/x:0
[67511010ms] [ERROR] Failed to load resource: net::ERR_INTERNET_DISCONNECTED @ https://a.vturb.com/x:0
[67511011ms] [ERROR] [31m[ERROR]:[0m Analytics Services - Hermes: All Analytics URLs have failed @ https://scripts.converteai.net/lib/js/smartplayer-wc/v4/smartplayer.js:1
[67511011ms] [ERROR] Failed to load resource: net::ERR_INTERNET_DISCONNECTED @ https://a.vturb.com/x:0
[67511012ms] [ERROR] [31m[ERROR]:[0m Analytics Services - Hermes: All Analytics URLs have failed @ https://scripts.converteai.net/lib/js/smartplayer-wc/v4/smartplayer.js:1
[67511012ms] [ERROR] Failed to load resource: net::ERR_INTERNET_DISCONNECTED @ https://a.vturb.com/x:0
[67511012ms] [ERROR] [31m[ERROR]:[0m Analytics Services - Hermes: All Analytics URLs have failed @ https://scripts.converteai.net/lib/js/smartplayer-wc/v4/smartplayer.js:1
[67511013ms] [ERROR] Failed to load resource: net::ERR_INTERNET_DISCONNECTED @ https://a.vturb.com/x:0
[67511013ms] [ERROR] [31m[ERROR]:[0m Analytics Services - Hermes: All Analytics URLs have failed @ https://scripts.converteai.net/lib/js/smartplayer-wc/v4/smartplayer.js:1
[67511015ms] [ERROR] Failed to load resource: net::ERR_INTERNET_DISCONNECTED @ https://sentry.io/api/4509130195468288/envelope/:0
[67511015ms] [ERROR] Failed to load resource: net::ERR_INTERNET_DISCONNECTED @ https://sentry.io/api/4509130195468288/envelope/:0
[67511015ms] [ERROR] Failed to load resource: net::ERR_INTERNET_DISCONNECTED @ https://sentry.io/api/4509130195468288/envelope/:0
[67511016ms] [ERROR] Failed to load resource: net::ERR_INTERNET_DISCONNECTED @ https://sentry.io/api/4509130195468288/envelope/:0
[67511621ms] [ERROR] Failed to load resource: net::ERR_INTERNET_DISCONNECTED @ https://a.vturb.com/x:0
[67511622ms] [ERROR] [31m[ERROR]:[0m Analytics Services - Hermes: All Analytics URLs have failed @ https://scripts.converteai.net/lib/js/smartplayer-wc/v4/smartplayer.js:1
[67511623ms] [ERROR] Failed to load resource: net::ERR_INTERNET_DISCONNECTED @ https://a.vturb.com/x:0
[67511623ms] [ERROR] [31m[ERROR]:[0m Analytics Services - Hermes: All Analytics URLs have failed @ https://scripts.converteai.net/lib/js/smartplayer-wc/v4/smartplayer.js:1
[67511626ms] [ERROR] Failed to load resource: net::ERR_INTERNET_DISCONNECTED @ https://sentry.io/api/4509130195468288/envelope/:0
[67511627ms] [ERROR] Failed to load resource: net::ERR_INTERNET_DISCONNECTED @ https://sentry.io/api/4509130195468288/envelope/:0
[67512620ms] [ERROR] Failed to load resource: net::ERR_INTERNET_DISCONNECTED @ https://vt-h-1.b-cdn.net/x:0
[67512621ms] [ERROR] Failed to load resource: net::ERR_INTERNET_DISCONNECTED @ https://vt-h-1.b-cdn.net/x:0
[67514222ms] [ERROR] Failed to load resource: net::ERR_INTERNET_DISCONNECTED @ https://vt-h-1.b-cdn.net/x:0
[67514223ms] [ERROR] Failed to load resource: net::ERR_INTERNET_DISCONNECTED @ https://vt-h-1.b-cdn.net/x:0
[67514830ms] [ERROR] Failed to load resource: net::ERR_INTERNET_DISCONNECTED @ https://vt-h-1.b-cdn.net/x:0
[67514831ms] [ERROR] Failed to load resource: net::ERR_INTERNET_DISCONNECTED @ https://vt-h-1.b-cdn.net/x:0
[67515827ms] [ERROR] Failed to load resource: net::ERR_INTERNET_DISCONNECTED @ https://a.vturb.com/x:0
[67515828ms] [ERROR] [31m[ERROR]:[0m Analytics Services - Hermes: All Analytics URLs have failed @ https://scripts.converteai.net/lib/js/smartplayer-wc/v4/smartplayer.js:1
[67515829ms] [ERROR] Failed to load resource: net::ERR_INTERNET_DISCONNECTED @ https://a.vturb.com/x:0
[67515829ms] [ERROR] [31m[ERROR]:[0m Analytics Services - Hermes: All Analytics URLs have failed @ https://scripts.converteai.net/lib/js/smartplayer-wc/v4/smartplayer.js:1
[67515832ms] [ERROR] Failed to load resource: net::ERR_INTERNET_DISCONNECTED @ https://sentry.io/api/4509130195468288/envelope/:0
[67515832ms] [ERROR] Failed to load resource: net::ERR_INTERNET_DISCONNECTED @ https://sentry.io/api/4509130195468288/envelope/:0
[67646082ms] [WARNING] The resource https://cdn.converteai.net/8961d838-aff2-4dce-9b39-e84022d332ce/6a52f890d71bd640bbb2a65d/main.m3u8 was preloaded using link preload but not used within a few seconds from the window's load event. Please make sure it has an appropriate `as` value and it is preloaded intentionally. @ http://localhost:8848/quiz2.html:0
[67646082ms] [WARNING] The resource https://cdn.converteai.net/8961d838-aff2-4dce-9b39-e84022d332ce/6a52fa0e3d8ea0afcdc8b377/main.m3u8 was preloaded using link preload but not used within a few seconds from the window's load event. Please make sure it has an appropriate `as` value and it is preloaded intentionally. @ http://localhost:8848/quiz2.html:0
[67647878ms] [ERROR] Failed to load resource: net::ERR_INTERNET_DISCONNECTED @ https://a.vturb.com/x:0
[67647879ms] [ERROR] [31m[ERROR]:[0m Analytics Services - Hermes: Failed to fetch @ https://scripts.converteai.net/lib/js/smartplayer-wc/v4/smartplayer.js:1
[67647879ms] [ERROR] Failed to load resource: net::ERR_INTERNET_DISCONNECTED @ https://a.vturb.com/x:0
[67647880ms] [ERROR] [31m[ERROR]:[0m Analytics Services - Hermes: Failed to fetch @ https://scripts.converteai.net/lib/js/smartplayer-wc/v4/smartplayer.js:1
[67647883ms] [ERROR] Failed to load resource: net::ERR_INTERNET_DISCONNECTED @ https://sentry.io/api/4509130195468288/envelope/:0
[67647883ms] [ERROR] Failed to load resource: net::ERR_INTERNET_DISCONNECTED @ https://sentry.io/api/4509130195468288/envelope/:0
[67647962ms] [ERROR] Failed to load resource: net::ERR_INTERNET_DISCONNECTED @ https://vt-h-1.b-cdn.net/x:0
[67647964ms] [ERROR] Failed to load resource: net::ERR_INTERNET_DISCONNECTED @ https://vt-h-1.b-cdn.net/x:0
[67648370ms] [ERROR] Failed to load resource: net::ERR_INTERNET_DISCONNECTED @ https://a.vturb.com/x:0
[67648371ms] [ERROR] [31m[ERROR]:[0m Analytics Services - Hermes: All Analytics URLs have failed @ https://scripts.converteai.net/lib/js/smartplayer-wc/v4/smartplayer.js:1
[67648372ms] [ERROR] Failed to load resource: net::ERR_INTERNET_DISCONNECTED @ https://a.vturb.com/x:0
[67648372ms] [ERROR] [31m[ERROR]:[0m Analytics Services - Hermes: All Analytics URLs have failed @ https://scripts.converteai.net/lib/js/smartplayer-wc/v4/smartplayer.js:1
[67648375ms] [ERROR] Failed to load resource: net::ERR_INTERNET_DISCONNECTED @ https://sentry.io/api/4509130195468288/envelope/:0
[67648375ms] [ERROR] Failed to load resource: net::ERR_INTERNET_DISCONNECTED @ https://sentry.io/api/4509130195468288/envelope/:0
[67648487ms] [ERROR] Failed to load resource: net::ERR_INTERNET_DISCONNECTED @ https://a.vturb.com/x:0
[67648488ms] [ERROR] [31m[ERROR]:[0m Analytics Services - Hermes: Failed to fetch @ https://scripts.converteai.net/lib/js/smartplayer-wc/v4/smartplayer.js:1
[67648489ms] [ERROR] Failed to load resource: net::ERR_INTERNET_DISCONNECTED @ https://a.vturb.com/x:0
[67648489ms] [ERROR] [31m[ERROR]:[0m Analytics Services - Hermes: Failed to fetch @ https://scripts.converteai.net/lib/js/smartplayer-wc/v4/smartplayer.js:1
[67648492ms] [ERROR] Failed to load resource: net::ERR_INTERNET_DISCONNECTED @ https://sentry.io/api/4509130195468288/envelope/:0
[67648493ms] [ERROR] Failed to load resource: net::ERR_INTERNET_DISCONNECTED @ https://sentry.io/api/4509130195468288/envelope/:0
[67648573ms] [ERROR] Failed to load resource: net::ERR_INTERNET_DISCONNECTED @ https://vt-h-1.b-cdn.net/x:0
[67648573ms] [ERROR] Failed to load resource: net::ERR_INTERNET_DISCONNECTED @ https://vt-h-1.b-cdn.net/x:0
[67648981ms] [ERROR] Failed to load resource: net::ERR_INTERNET_DISCONNECTED @ https://a.vturb.com/x:0
[67648982ms] [ERROR] [31m[ERROR]:[0m Analytics Services - Hermes: All Analytics URLs have failed @ https://scripts.converteai.net/lib/js/smartplayer-wc/v4/smartplayer.js:1
[67648982ms] [ERROR] Failed to load resource: net::ERR_INTERNET_DISCONNECTED @ https://a.vturb.com/x:0
[67648983ms] [ERROR] [31m[ERROR]:[0m Analytics Services - Hermes: All Analytics URLs have failed @ https://scripts.converteai.net/lib/js/smartplayer-wc/v4/smartplayer.js:1
[67648987ms] [ERROR] Failed to load resource: net::ERR_INTERNET_DISCONNECTED @ https://sentry.io/api/4509130195468288/envelope/:0
[67648987ms] [ERROR] Failed to load resource: net::ERR_INTERNET_DISCONNECTED @ https://sentry.io/api/4509130195468288/envelope/:0
[67649178ms] [ERROR] Failed to load resource: net::ERR_INTERNET_DISCONNECTED @ https://vt-h-1.b-cdn.net/x:0
[67649180ms] [ERROR] Failed to load resource: net::ERR_INTERNET_DISCONNECTED @ https://vt-h-1.b-cdn.net/x:0
[67649485ms] [ERROR] Failed to load resource: net::ERR_INTERNET_DISCONNECTED @ https://vt-h-1.b-cdn.net/x:0
[67649486ms] [ERROR] [31m[ERROR]:[0m Analytics Services - Hermes: Failed to fetch @ https://scripts.converteai.net/lib/js/smartplayer-wc/v4/smartplayer.js:1
[67649487ms] [ERROR] Failed to load resource: net::ERR_INTERNET_DISCONNECTED @ https://vt-h-1.b-cdn.net/x:0
[67649487ms] [ERROR] [31m[ERROR]:[0m Analytics Services - Hermes: Failed to fetch @ https://scripts.converteai.net/lib/js/smartplayer-wc/v4/smartplayer.js:1
[67649490ms] [ERROR] Failed to load resource: net::ERR_INTERNET_DISCONNECTED @ https://sentry.io/api/4509130195468288/envelope/:0
[67649490ms] [ERROR] Failed to load resource: net::ERR_INTERNET_DISCONNECTED @ https://sentry.io/api/4509130195468288/envelope/:0
[67649571ms] [ERROR] Failed to load resource: net::ERR_INTERNET_DISCONNECTED @ https://a.vturb.com/x:0
[67649572ms] [ERROR] [31m[ERROR]:[0m Analytics Services - Hermes: All Analytics URLs have failed @ https://scripts.converteai.net/lib/js/smartplayer-wc/v4/smartplayer.js:1
[67649572ms] [ERROR] Failed to load resource: net::ERR_INTERNET_DISCONNECTED @ https://a.vturb.com/x:0
[67649573ms] [ERROR] [31m[ERROR]:[0m Analytics Services - Hermes: All Analytics URLs have failed @ https://scripts.converteai.net/lib/js/smartplayer-wc/v4/smartplayer.js:1
[67649575ms] [ERROR] Failed to load resource: net::ERR_INTERNET_DISCONNECTED @ https://sentry.io/api/4509130195468288/envelope/:0
[67649575ms] [ERROR] Failed to load resource: net::ERR_INTERNET_DISCONNECTED @ https://sentry.io/api/4509130195468288/envelope/:0
[67649791ms] [ERROR] Failed to load resource: net::ERR_INTERNET_DISCONNECTED @ https://vt-h-1.b-cdn.net/x:0
[67649791ms] [ERROR] Failed to load resource: net::ERR_INTERNET_DISCONNECTED @ https://vt-h-1.b-cdn.net/x:0
[67649980ms] [ERROR] Failed to load resource: net::ERR_INTERNET_DISCONNECTED @ https://vt-h-1.b-cdn.net/x:0
[67649981ms] [ERROR] Failed to load resource: net::ERR_INTERNET_DISCONNECTED @ https://vt-h-1.b-cdn.net/x:0
[67650788ms] [ERROR] Failed to load resource: net::ERR_INTERNET_DISCONNECTED @ https://a.vturb.com/x:0
[67650789ms] [ERROR] [31m[ERROR]:[0m Analytics Services - Hermes: All Analytics URLs have failed @ https://scripts.converteai.net/lib/js/smartplayer-wc/v4/smartplayer.js:1
[67650790ms] [ERROR] Failed to load resource: net::ERR_INTERNET_DISCONNECTED @ https://a.vturb.com/x:0
[67650790ms] [ERROR] [31m[ERROR]:[0m Analytics Services - Hermes: All Analytics URLs have failed @ https://scripts.converteai.net/lib/js/smartplayer-wc/v4/smartplayer.js:1
[67650791ms] [ERROR] Failed to load resource: net::ERR_INTERNET_DISCONNECTED @ https://a.vturb.com/x:0
[67650791ms] [ERROR] [31m[ERROR]:[0m Analytics Services - Hermes: All Analytics URLs have failed @ https://scripts.converteai.net/lib/js/smartplayer-wc/v4/smartplayer.js:1
[67650791ms] [ERROR] Failed to load resource: net::ERR_INTERNET_DISCONNECTED @ https://a.vturb.com/x:0
[67650792ms] [ERROR] [31m[ERROR]:[0m Analytics Services - Hermes: All Analytics URLs have failed @ https://scripts.converteai.net/lib/js/smartplayer-wc/v4/smartplayer.js:1
[67650794ms] [ERROR] Failed to load resource: net::ERR_INTERNET_DISCONNECTED @ https://sentry.io/api/4509130195468288/envelope/:0
[67650794ms] [ERROR] Failed to load resource: net::ERR_INTERNET_DISCONNECTED @ https://sentry.io/api/4509130195468288/envelope/:0
[67650794ms] [ERROR] Failed to load resource: net::ERR_INTERNET_DISCONNECTED @ https://sentry.io/api/4509130195468288/envelope/:0
[67650795ms] [ERROR] Failed to load resource: net::ERR_INTERNET_DISCONNECTED @ https://sentry.io/api/4509130195468288/envelope/:0
[67651399ms] [ERROR] Failed to load resource: net::ERR_INTERNET_DISCONNECTED @ https://a.vturb.com/x:0
[67651400ms] [ERROR] [31m[ERROR]:[0m Analytics Services - Hermes: All Analytics URLs have failed @ https://scripts.converteai.net/lib/js/smartplayer-wc/v4/smartplayer.js:1
[67651400ms] [ERROR] Failed to load resource: net::ERR_INTERNET_DISCONNECTED @ https://a.vturb.com/x:0
[67651401ms] [ERROR] [31m[ERROR]:[0m Analytics Services - Hermes: All Analytics URLs have failed @ https://scripts.converteai.net/lib/js/smartplayer-wc/v4/smartplayer.js:1
[67651404ms] [ERROR] Failed to load resource: net::ERR_INTERNET_DISCONNECTED @ https://sentry.io/api/4509130195468288/envelope/:0
[67651405ms] [ERROR] Failed to load resource: net::ERR_INTERNET_DISCONNECTED @ https://sentry.io/api/4509130195468288/envelope/:0
[67652399ms] [ERROR] Failed to load resource: net::ERR_INTERNET_DISCONNECTED @ https://vt-h-1.b-cdn.net/x:0
[67652400ms] [ERROR] Failed to load resource: net::ERR_INTERNET_DISCONNECTED @ https://vt-h-1.b-cdn.net/x:0
[67653998ms] [ERROR] Failed to load resource: net::ERR_INTERNET_DISCONNECTED @ https://vt-h-1.b-cdn.net/x:0
[67653999ms] [ERROR] Failed to load resource: net::ERR_INTERNET_DISCONNECTED @ https://vt-h-1.b-cdn.net/x:0
[67654609ms] [ERROR] Failed to load resource: net::ERR_INTERNET_DISCONNECTED @ https://vt-h-1.b-cdn.net/x:0
[67654609ms] [ERROR] Failed to load resource: net::ERR_INTERNET_DISCONNECTED @ https://vt-h-1.b-cdn.net/x:0
[67655608ms] [ERROR] Failed to load resource: net::ERR_INTERNET_DISCONNECTED @ https://a.vturb.com/x:0
[67655609ms] [ERROR] [31m[ERROR]:[0m Analytics Services - Hermes: All Analytics URLs have failed @ https://scripts.converteai.net/lib/js/smartplayer-wc/v4/smartplayer.js:1
[67655609ms] [ERROR] Failed to load resource: net::ERR_INTERNET_DISCONNECTED @ https://a.vturb.com/x:0
[67655610ms] [ERROR] [31m[ERROR]:[0m Analytics Services - Hermes: All Analytics URLs have failed @ https://scripts.converteai.net/lib/js/smartplayer-wc/v4/smartplayer.js:1
[67655620ms] [ERROR] Failed to load resource: net::ERR_INTERNET_DISCONNECTED @ https://sentry.io/api/4509130195468288/envelope/:0
[67655620ms] [ERROR] Failed to load resource: net::ERR_INTERNET_DISCONNECTED @ https://sentry.io/api/4509130195468288/envelope/:0
[67658621ms] [WARNING] The resource https://cdn.converteai.net/8961d838-aff2-4dce-9b39-e84022d332ce/6a52f890d71bd640bbb2a65d/main.m3u8 was preloaded using link preload but not used within a few seconds from the window's load event. Please make sure it has an appropriate `as` value and it is preloaded intentionally. @ http://localhost:8848/quiz2.html:0
[67658621ms] [WARNING] The resource https://cdn.converteai.net/8961d838-aff2-4dce-9b39-e84022d332ce/6a52fa0e3d8ea0afcdc8b377/main.m3u8 was preloaded using link preload but not used within a few seconds from the window's load event. Please make sure it has an appropriate `as` value and it is preloaded intentionally. @ http://localhost:8848/quiz2.html:0
[67660407ms] [ERROR] Failed to load resource: net::ERR_INTERNET_DISCONNECTED @ https://a.vturb.com/x:0
[67660408ms] [ERROR] [31m[ERROR]:[0m Analytics Services - Hermes: Failed to fetch @ https://scripts.converteai.net/lib/js/smartplayer-wc/v4/smartplayer.js:1
[67660408ms] [ERROR] Failed to load resource: net::ERR_INTERNET_DISCONNECTED @ https://a.vturb.com/x:0
[67660409ms] [ERROR] [31m[ERROR]:[0m Analytics Services - Hermes: Failed to fetch @ https://scripts.converteai.net/lib/js/smartplayer-wc/v4/smartplayer.js:1
[67660411ms] [ERROR] Failed to load resource: net::ERR_INTERNET_DISCONNECTED @ https://sentry.io/api/4509130195468288/envelope/:0
[67660411ms] [ERROR] Failed to load resource: net::ERR_INTERNET_DISCONNECTED @ https://sentry.io/api/4509130195468288/envelope/:0
[67660491ms] [ERROR] Failed to load resource: net::ERR_INTERNET_DISCONNECTED @ https://vt-h-1.b-cdn.net/x:0
[67660492ms] [ERROR] Failed to load resource: net::ERR_INTERNET_DISCONNECTED @ https://vt-h-1.b-cdn.net/x:0
[67660900ms] [ERROR] Failed to load resource: net::ERR_INTERNET_DISCONNECTED @ https://a.vturb.com/x:0
[67660901ms] [ERROR] [31m[ERROR]:[0m Analytics Services - Hermes: All Analytics URLs have failed @ https://scripts.converteai.net/lib/js/smartplayer-wc/v4/smartplayer.js:1
[67660901ms] [ERROR] Failed to load resource: net::ERR_INTERNET_DISCONNECTED @ https://a.vturb.com/x:0
[67660902ms] [ERROR] [31m[ERROR]:[0m Analytics Services - Hermes: All Analytics URLs have failed @ https://scripts.converteai.net/lib/js/smartplayer-wc/v4/smartplayer.js:1
[67660905ms] [ERROR] Failed to load resource: net::ERR_INTERNET_DISCONNECTED @ https://sentry.io/api/4509130195468288/envelope/:0
[67660905ms] [ERROR] Failed to load resource: net::ERR_INTERNET_DISCONNECTED @ https://sentry.io/api/4509130195468288/envelope/:0
[67661016ms] [ERROR] Failed to load resource: net::ERR_INTERNET_DISCONNECTED @ https://a.vturb.com/x:0
[67661017ms] [ERROR] [31m[ERROR]:[0m Analytics Services - Hermes: Failed to fetch @ https://scripts.converteai.net/lib/js/smartplayer-wc/v4/smartplayer.js:1
[67661018ms] [ERROR] Failed to load resource: net::ERR_INTERNET_DISCONNECTED @ https://a.vturb.com/x:0
[67661018ms] [ERROR] [31m[ERROR]:[0m Analytics Services - Hermes: Failed to fetch @ https://scripts.converteai.net/lib/js/smartplayer-wc/v4/smartplayer.js:1
[67661021ms] [ERROR] Failed to load resource: net::ERR_INTERNET_DISCONNECTED @ https://sentry.io/api/4509130195468288/envelope/:0
[67661021ms] [ERROR] Failed to load resource: net::ERR_INTERNET_DISCONNECTED @ https://sentry.io/api/4509130195468288/envelope/:0
[67661101ms] [ERROR] Failed to load resource: net::ERR_INTERNET_DISCONNECTED @ https://vt-h-1.b-cdn.net/x:0
[67661102ms] [ERROR] Failed to load resource: net::ERR_INTERNET_DISCONNECTED @ https://vt-h-1.b-cdn.net/x:0
[67661507ms] [ERROR] Failed to load resource: net::ERR_INTERNET_DISCONNECTED @ https://a.vturb.com/x:0
[67661508ms] [ERROR] [31m[ERROR]:[0m Analytics Services - Hermes: All Analytics URLs have failed @ https://scripts.converteai.net/lib/js/smartplayer-wc/v4/smartplayer.js:1
[67661509ms] [ERROR] Failed to load resource: net::ERR_INTERNET_DISCONNECTED @ https://a.vturb.com/x:0
[67661509ms] [ERROR] [31m[ERROR]:[0m Analytics Services - Hermes: All Analytics URLs have failed @ https://scripts.converteai.net/lib/js/smartplayer-wc/v4/smartplayer.js:1
[67661512ms] [ERROR] Failed to load resource: net::ERR_INTERNET_DISCONNECTED @ https://sentry.io/api/4509130195468288/envelope/:0
[67661512ms] [ERROR] Failed to load resource: net::ERR_INTERNET_DISCONNECTED @ https://sentry.io/api/4509130195468288/envelope/:0
[67661708ms] [ERROR] Failed to load resource: net::ERR_INTERNET_DISCONNECTED @ https://vt-h-1.b-cdn.net/x:0
[67661709ms] [ERROR] Failed to load resource: net::ERR_INTERNET_DISCONNECTED @ https://vt-h-1.b-cdn.net/x:0
[67662017ms] [ERROR] Failed to load resource: net::ERR_INTERNET_DISCONNECTED @ https://vt-h-1.b-cdn.net/x:0
[67662018ms] [ERROR] [31m[ERROR]:[0m Analytics Services - Hermes: Failed to fetch @ https://scripts.converteai.net/lib/js/smartplayer-wc/v4/smartplayer.js:1
[67662019ms] [ERROR] Failed to load resource: net::ERR_INTERNET_DISCONNECTED @ https://vt-h-1.b-cdn.net/x:0
[67662019ms] [ERROR] [31m[ERROR]:[0m Analytics Services - Hermes: Failed to fetch @ https://scripts.converteai.net/lib/js/smartplayer-wc/v4/smartplayer.js:1
[67662023ms] [ERROR] Failed to load resource: net::ERR_INTERNET_DISCONNECTED @ https://sentry.io/api/4509130195468288/envelope/:0
[67662023ms] [ERROR] Failed to load resource: net::ERR_INTERNET_DISCONNECTED @ https://sentry.io/api/4509130195468288/envelope/:0
[67662103ms] [ERROR] Failed to load resource: net::ERR_INTERNET_DISCONNECTED @ https://a.vturb.com/x:0
[67662104ms] [ERROR] [31m[ERROR]:[0m Analytics Services - Hermes: All Analytics URLs have failed @ https://scripts.converteai.net/lib/js/smartplayer-wc/v4/smartplayer.js:1
[67662104ms] [ERROR] Failed to load resource: net::ERR_INTERNET_DISCONNECTED @ https://a.vturb.com/x:0
[67662105ms] [ERROR] [31m[ERROR]:[0m Analytics Services - Hermes: All Analytics URLs have failed @ https://scripts.converteai.net/lib/js/smartplayer-wc/v4/smartplayer.js:1
[67662107ms] [ERROR] Failed to load resource: net::ERR_INTERNET_DISCONNECTED @ https://sentry.io/api/4509130195468288/envelope/:0
[67662107ms] [ERROR] Failed to load resource: net::ERR_INTERNET_DISCONNECTED @ https://sentry.io/api/4509130195468288/envelope/:0
[67662317ms] [ERROR] Failed to load resource: net::ERR_INTERNET_DISCONNECTED @ https://vt-h-1.b-cdn.net/x:0
[67662318ms] [ERROR] Failed to load resource: net::ERR_INTERNET_DISCONNECTED @ https://vt-h-1.b-cdn.net/x:0
[67662510ms] [ERROR] Failed to load resource: net::ERR_INTERNET_DISCONNECTED @ https://vt-h-1.b-cdn.net/x:0
[67662511ms] [ERROR] Failed to load resource: net::ERR_INTERNET_DISCONNECTED @ https://vt-h-1.b-cdn.net/x:0
[67663316ms] [ERROR] Failed to load resource: net::ERR_INTERNET_DISCONNECTED @ https://a.vturb.com/x:0
[67663316ms] [ERROR] [31m[ERROR]:[0m Analytics Services - Hermes: All Analytics URLs have failed @ https://scripts.converteai.net/lib/js/smartplayer-wc/v4/smartplayer.js:1
[67663317ms] [ERROR] Failed to load resource: net::ERR_INTERNET_DISCONNECTED @ https://a.vturb.com/x:0
[67663317ms] [ERROR] [31m[ERROR]:[0m Analytics Services - Hermes: All Analytics URLs have failed @ https://scripts.converteai.net/lib/js/smartplayer-wc/v4/smartplayer.js:1
[67663318ms] [ERROR] Failed to load resource: net::ERR_INTERNET_DISCONNECTED @ https://a.vturb.com/x:0
[67663318ms] [ERROR] [31m[ERROR]:[0m Analytics Services - Hermes: All Analytics URLs have failed @ https://scripts.converteai.net/lib/js/smartplayer-wc/v4/smartplayer.js:1
[67663318ms] [ERROR] Failed to load resource: net::ERR_INTERNET_DISCONNECTED @ https://a.vturb.com/x:0
[67663319ms] [ERROR] [31m[ERROR]:[0m Analytics Services - Hermes: All Analytics URLs have failed @ https://scripts.converteai.net/lib/js/smartplayer-wc/v4/smartplayer.js:1
[67663322ms] [ERROR] Failed to load resource: net::ERR_INTERNET_DISCONNECTED @ https://sentry.io/api/4509130195468288/envelope/:0
[67663322ms] [ERROR] Failed to load resource: net::ERR_INTERNET_DISCONNECTED @ https://sentry.io/api/4509130195468288/envelope/:0
[67663322ms] [ERROR] Failed to load resource: net::ERR_INTERNET_DISCONNECTED @ https://sentry.io/api/4509130195468288/envelope/:0
[67663322ms] [ERROR] Failed to load resource: net::ERR_INTERNET_DISCONNECTED @ https://sentry.io/api/4509130195468288/envelope/:0
[67663925ms] [ERROR] Failed to load resource: net::ERR_INTERNET_DISCONNECTED @ https://a.vturb.com/x:0
[67663926ms] [ERROR] [31m[ERROR]:[0m Analytics Services - Hermes: All Analytics URLs have failed @ https://scripts.converteai.net/lib/js/smartplayer-wc/v4/smartplayer.js:1
[67663927ms] [ERROR] Failed to load resource: net::ERR_INTERNET_DISCONNECTED @ https://a.vturb.com/x:0
[67663927ms] [ERROR] [31m[ERROR]:[0m Analytics Services - Hermes: All Analytics URLs have failed @ https://scripts.converteai.net/lib/js/smartplayer-wc/v4/smartplayer.js:1
[67663930ms] [ERROR] Failed to load resource: net::ERR_INTERNET_DISCONNECTED @ https://sentry.io/api/4509130195468288/envelope/:0
[67663930ms] [ERROR] Failed to load resource: net::ERR_INTERNET_DISCONNECTED @ https://sentry.io/api/4509130195468288/envelope/:0
[67664924ms] [ERROR] Failed to load resource: net::ERR_INTERNET_DISCONNECTED @ https://vt-h-1.b-cdn.net/x:0
[67664925ms] [ERROR] Failed to load resource: net::ERR_INTERNET_DISCONNECTED @ https://vt-h-1.b-cdn.net/x:0
[67666525ms] [ERROR] Failed to load resource: net::ERR_INTERNET_DISCONNECTED @ https://vt-h-1.b-cdn.net/x:0
[67666525ms] [ERROR] Failed to load resource: net::ERR_INTERNET_DISCONNECTED @ https://vt-h-1.b-cdn.net/x:0
[67667133ms] [ERROR] Failed to load resource: net::ERR_INTERNET_DISCONNECTED @ https://vt-h-1.b-cdn.net/x:0
[67667134ms] [ERROR] Failed to load resource: net::ERR_INTERNET_DISCONNECTED @ https://vt-h-1.b-cdn.net/x:0
[67668131ms] [ERROR] Failed to load resource: net::ERR_INTERNET_DISCONNECTED @ https://a.vturb.com/x:0
[67668132ms] [ERROR] [31m[ERROR]:[0m Analytics Services - Hermes: All Analytics URLs have failed @ https://scripts.converteai.net/lib/js/smartplayer-wc/v4/smartplayer.js:1
[67668133ms] [ERROR] Failed to load resource: net::ERR_INTERNET_DISCONNECTED @ https://a.vturb.com/x:0
[67668133ms] [ERROR] [31m[ERROR]:[0m Analytics Services - Hermes: All Analytics URLs have failed @ https://scripts.converteai.net/lib/js/smartplayer-wc/v4/smartplayer.js:1
[67668136ms] [ERROR] Failed to load resource: net::ERR_INTERNET_DISCONNECTED @ https://sentry.io/api/4509130195468288/envelope/:0
[67668136ms] [ERROR] Failed to load resource: net::ERR_INTERNET_DISCONNECTED @ https://sentry.io/api/4509130195468288/envelope/:0
[67671137ms] [WARNING] The resource https://cdn.converteai.net/8961d838-aff2-4dce-9b39-e84022d332ce/6a52f890d71bd640bbb2a65d/main.m3u8 was preloaded using link preload but not used within a few seconds from the window's load event. Please make sure it has an appropriate `as` value and it is preloaded intentionally. @ http://localhost:8848/quiz2.html:0
[67671137ms] [WARNING] The resource https://cdn.converteai.net/8961d838-aff2-4dce-9b39-e84022d332ce/6a52fa0e3d8ea0afcdc8b377/main.m3u8 was preloaded using link preload but not used within a few seconds from the window's load event. Please make sure it has an appropriate `as` value and it is preloaded intentionally. @ http://localhost:8848/quiz2.html:0
[67672933ms] [ERROR] Failed to load resource: net::ERR_INTERNET_DISCONNECTED @ https://a.vturb.com/x:0
[67672934ms] [ERROR] [31m[ERROR]:[0m Analytics Services - Hermes: Failed to fetch @ https://scripts.converteai.net/lib/js/smartplayer-wc/v4/smartplayer.js:1
[67672934ms] [ERROR] Failed to load resource: net::ERR_INTERNET_DISCONNECTED @ https://a.vturb.com/x:0
[67672935ms] [ERROR] [31m[ERROR]:[0m Analytics Services - Hermes: Failed to fetch @ https://scripts.converteai.net/lib/js/smartplayer-wc/v4/smartplayer.js:1
[67672938ms] [ERROR] Failed to load resource: net::ERR_INTERNET_DISCONNECTED @ https://sentry.io/api/4509130195468288/envelope/:0
[67672938ms] [ERROR] Failed to load resource: net::ERR_INTERNET_DISCONNECTED @ https://sentry.io/api/4509130195468288/envelope/:0
[67673018ms] [ERROR] Failed to load resource: net::ERR_INTERNET_DISCONNECTED @ https://vt-h-1.b-cdn.net/x:0
[67673020ms] [ERROR] Failed to load resource: net::ERR_INTERNET_DISCONNECTED @ https://vt-h-1.b-cdn.net/x:0
[67673426ms] [ERROR] Failed to load resource: net::ERR_INTERNET_DISCONNECTED @ https://a.vturb.com/x:0
[67673427ms] [ERROR] [31m[ERROR]:[0m Analytics Services - Hermes: All Analytics URLs have failed @ https://scripts.converteai.net/lib/js/smartplayer-wc/v4/smartplayer.js:1
[67673427ms] [ERROR] Failed to load resource: net::ERR_INTERNET_DISCONNECTED @ https://a.vturb.com/x:0
[67673428ms] [ERROR] [31m[ERROR]:[0m Analytics Services - Hermes: All Analytics URLs have failed @ https://scripts.converteai.net/lib/js/smartplayer-wc/v4/smartplayer.js:1
[67673430ms] [ERROR] Failed to load resource: net::ERR_INTERNET_DISCONNECTED @ https://sentry.io/api/4509130195468288/envelope/:0
[67673430ms] [ERROR] Failed to load resource: net::ERR_INTERNET_DISCONNECTED @ https://sentry.io/api/4509130195468288/envelope/:0
[67673541ms] [ERROR] Failed to load resource: net::ERR_INTERNET_DISCONNECTED @ https://a.vturb.com/x:0
[67673542ms] [ERROR] [31m[ERROR]:[0m Analytics Services - Hermes: Failed to fetch @ https://scripts.converteai.net/lib/js/smartplayer-wc/v4/smartplayer.js:1
[67673542ms] [ERROR] Failed to load resource: net::ERR_INTERNET_DISCONNECTED @ https://a.vturb.com/x:0
[67673543ms] [ERROR] [31m[ERROR]:[0m Analytics Services - Hermes: Failed to fetch @ https://scripts.converteai.net/lib/js/smartplayer-wc/v4/smartplayer.js:1
[67673546ms] [ERROR] Failed to load resource: net::ERR_INTERNET_DISCONNECTED @ https://sentry.io/api/4509130195468288/envelope/:0
[67673546ms] [ERROR] Failed to load resource: net::ERR_INTERNET_DISCONNECTED @ https://sentry.io/api/4509130195468288/envelope/:0
[67673625ms] [ERROR] Failed to load resource: net::ERR_INTERNET_DISCONNECTED @ https://vt-h-1.b-cdn.net/x:0
[67673626ms] [ERROR] Failed to load resource: net::ERR_INTERNET_DISCONNECTED @ https://vt-h-1.b-cdn.net/x:0
[67674035ms] [ERROR] Failed to load resource: net::ERR_INTERNET_DISCONNECTED @ https://a.vturb.com/x:0
[67674036ms] [ERROR] [31m[ERROR]:[0m Analytics Services - Hermes: All Analytics URLs have failed @ https://scripts.converteai.net/lib/js/smartplayer-wc/v4/smartplayer.js:1
[67674036ms] [ERROR] Failed to load resource: net::ERR_INTERNET_DISCONNECTED @ https://a.vturb.com/x:0
[67674037ms] [ERROR] [31m[ERROR]:[0m Analytics Services - Hermes: All Analytics URLs have failed @ https://scripts.converteai.net/lib/js/smartplayer-wc/v4/smartplayer.js:1
[67674040ms] [ERROR] Failed to load resource: net::ERR_INTERNET_DISCONNECTED @ https://sentry.io/api/4509130195468288/envelope/:0
[67674040ms] [ERROR] Failed to load resource: net::ERR_INTERNET_DISCONNECTED @ https://sentry.io/api/4509130195468288/envelope/:0
[67674235ms] [ERROR] Failed to load resource: net::ERR_INTERNET_DISCONNECTED @ https://vt-h-1.b-cdn.net/x:0
[67674236ms] [ERROR] Failed to load resource: net::ERR_INTERNET_DISCONNECTED @ https://vt-h-1.b-cdn.net/x:0
[67674542ms] [ERROR] Failed to load resource: net::ERR_INTERNET_DISCONNECTED @ https://vt-h-1.b-cdn.net/x:0
[67674543ms] [ERROR] [31m[ERROR]:[0m Analytics Services - Hermes: Failed to fetch @ https://scripts.converteai.net/lib/js/smartplayer-wc/v4/smartplayer.js:1
[67674543ms] [ERROR] Failed to load resource: net::ERR_INTERNET_DISCONNECTED @ https://vt-h-1.b-cdn.net/x:0
[67674544ms] [ERROR] [31m[ERROR]:[0m Analytics Services - Hermes: Failed to fetch @ https://scripts.converteai.net/lib/js/smartplayer-wc/v4/smartplayer.js:1
[67674546ms] [ERROR] Failed to load resource: net::ERR_INTERNET_DISCONNECTED @ https://sentry.io/api/4509130195468288/envelope/:0
[67674546ms] [ERROR] Failed to load resource: net::ERR_INTERNET_DISCONNECTED @ https://sentry.io/api/4509130195468288/envelope/:0
[67674624ms] [ERROR] Failed to load resource: net::ERR_INTERNET_DISCONNECTED @ https://a.vturb.com/x:0
[67674625ms] [ERROR] [31m[ERROR]:[0m Analytics Services - Hermes: All Analytics URLs have failed @ https://scripts.converteai.net/lib/js/smartplayer-wc/v4/smartplayer.js:1
[67674625ms] [ERROR] Failed to load resource: net::ERR_INTERNET_DISCONNECTED @ https://a.vturb.com/x:0
[67674626ms] [ERROR] [31m[ERROR]:[0m Analytics Services - Hermes: All Analytics URLs have failed @ https://scripts.converteai.net/lib/js/smartplayer-wc/v4/smartplayer.js:1
[67674628ms] [ERROR] Failed to load resource: net::ERR_INTERNET_DISCONNECTED @ https://sentry.io/api/4509130195468288/envelope/:0
[67674629ms] [ERROR] Failed to load resource: net::ERR_INTERNET_DISCONNECTED @ https://sentry.io/api/4509130195468288/envelope/:0
[67674844ms] [ERROR] Failed to load resource: net::ERR_INTERNET_DISCONNECTED @ https://vt-h-1.b-cdn.net/x:0
[67674845ms] [ERROR] Failed to load resource: net::ERR_INTERNET_DISCONNECTED @ https://vt-h-1.b-cdn.net/x:0
[67675032ms] [ERROR] Failed to load resource: net::ERR_INTERNET_DISCONNECTED @ https://vt-h-1.b-cdn.net/x:0
[67675033ms] [ERROR] Failed to load resource: net::ERR_INTERNET_DISCONNECTED @ https://vt-h-1.b-cdn.net/x:0
[67675841ms] [ERROR] Failed to load resource: net::ERR_INTERNET_DISCONNECTED @ https://a.vturb.com/x:0
[67675842ms] [ERROR] [31m[ERROR]:[0m Analytics Services - Hermes: All Analytics URLs have failed @ https://scripts.converteai.net/lib/js/smartplayer-wc/v4/smartplayer.js:1
[67675842ms] [ERROR] Failed to load resource: net::ERR_INTERNET_DISCONNECTED @ https://a.vturb.com/x:0
[67675843ms] [ERROR] [31m[ERROR]:[0m Analytics Services - Hermes: All Analytics URLs have failed @ https://scripts.converteai.net/lib/js/smartplayer-wc/v4/smartplayer.js:1
[67675843ms] [ERROR] Failed to load resource: net::ERR_INTERNET_DISCONNECTED @ https://a.vturb.com/x:0
[67675843ms] [ERROR] [31m[ERROR]:[0m Analytics Services - Hermes: All Analytics URLs have failed @ https://scripts.converteai.net/lib/js/smartplayer-wc/v4/smartplayer.js:1
[67675844ms] [ERROR] Failed to load resource: net::ERR_INTERNET_DISCONNECTED @ https://a.vturb.com/x:0
[67675844ms] [ERROR] [31m[ERROR]:[0m Analytics Services - Hermes: All Analytics URLs have failed @ https://scripts.converteai.net/lib/js/smartplayer-wc/v4/smartplayer.js:1
[67675846ms] [ERROR] Failed to load resource: net::ERR_INTERNET_DISCONNECTED @ https://sentry.io/api/4509130195468288/envelope/:0
[67675846ms] [ERROR] Failed to load resource: net::ERR_INTERNET_DISCONNECTED @ https://sentry.io/api/4509130195468288/envelope/:0
[67675846ms] [ERROR] Failed to load resource: net::ERR_INTERNET_DISCONNECTED @ https://sentry.io/api/4509130195468288/envelope/:0
[67675847ms] [ERROR] Failed to load resource: net::ERR_INTERNET_DISCONNECTED @ https://sentry.io/api/4509130195468288/envelope/:0
[67676449ms] [ERROR] Failed to load resource: net::ERR_INTERNET_DISCONNECTED @ https://a.vturb.com/x:0
[67676450ms] [ERROR] [31m[ERROR]:[0m Analytics Services - Hermes: All Analytics URLs have failed @ https://scripts.converteai.net/lib/js/smartplayer-wc/v4/smartplayer.js:1
[67676451ms] [ERROR] Failed to load resource: net::ERR_INTERNET_DISCONNECTED @ https://a.vturb.com/x:0
[67676451ms] [ERROR] [31m[ERROR]:[0m Analytics Services - Hermes: All Analytics URLs have failed @ https://scripts.converteai.net/lib/js/smartplayer-wc/v4/smartplayer.js:1
[67676454ms] [ERROR] Failed to load resource: net::ERR_INTERNET_DISCONNECTED @ https://sentry.io/api/4509130195468288/envelope/:0
[67676455ms] [ERROR] Failed to load resource: net::ERR_INTERNET_DISCONNECTED @ https://sentry.io/api/4509130195468288/envelope/:0
[67677450ms] [ERROR] Failed to load resource: net::ERR_INTERNET_DISCONNECTED @ https://vt-h-1.b-cdn.net/x:0
[67677451ms] [ERROR] Failed to load resource: net::ERR_INTERNET_DISCONNECTED @ https://vt-h-1.b-cdn.net/x:0
[67679051ms] [ERROR] Failed to load resource: net::ERR_INTERNET_DISCONNECTED @ https://vt-h-1.b-cdn.net/x:0
[67679053ms] [ERROR] Failed to load resource: net::ERR_INTERNET_DISCONNECTED @ https://vt-h-1.b-cdn.net/x:0
[67679659ms] [ERROR] Failed to load resource: net::ERR_INTERNET_DISCONNECTED @ https://vt-h-1.b-cdn.net/x:0
[67679659ms] [ERROR] Failed to load resource: net::ERR_INTERNET_DISCONNECTED @ https://vt-h-1.b-cdn.net/x:0
[67680657ms] [ERROR] Failed to load resource: net::ERR_INTERNET_DISCONNECTED @ https://a.vturb.com/x:0
[67680658ms] [ERROR] [31m[ERROR]:[0m Analytics Services - Hermes: All Analytics URLs have failed @ https://scripts.converteai.net/lib/js/smartplayer-wc/v4/smartplayer.js:1
[67680658ms] [ERROR] Failed to load resource: net::ERR_INTERNET_DISCONNECTED @ https://a.vturb.com/x:0
[67680659ms] [ERROR] [31m[ERROR]:[0m Analytics Services - Hermes: All Analytics URLs have failed @ https://scripts.converteai.net/lib/js/smartplayer-wc/v4/smartplayer.js:1
[67680661ms] [ERROR] Failed to load resource: net::ERR_INTERNET_DISCONNECTED @ https://sentry.io/api/4509130195468288/envelope/:0
[67680661ms] [ERROR] Failed to load resource: net::ERR_INTERNET_DISCONNECTED @ https://sentry.io/api/4509130195468288/envelope/:0
[67683664ms] [WARNING] The resource https://cdn.converteai.net/8961d838-aff2-4dce-9b39-e84022d332ce/6a52f890d71bd640bbb2a65d/main.m3u8 was preloaded using link preload but not used within a few seconds from the window's load event. Please make sure it has an appropriate `as` value and it is preloaded intentionally. @ http://localhost:8848/quiz2.html:0
[67683664ms] [WARNING] The resource https://cdn.converteai.net/8961d838-aff2-4dce-9b39-e84022d332ce/6a52fa0e3d8ea0afcdc8b377/main.m3u8 was preloaded using link preload but not used within a few seconds from the window's load event. Please make sure it has an appropriate `as` value and it is preloaded intentionally. @ http://localhost:8848/quiz2.html:0
[67685461ms] [ERROR] Failed to load resource: net::ERR_INTERNET_DISCONNECTED @ https://a.vturb.com/x:0
[67685462ms] [ERROR] [31m[ERROR]:[0m Analytics Services - Hermes: Failed to fetch @ https://scripts.converteai.net/lib/js/smartplayer-wc/v4/smartplayer.js:1
[67685463ms] [ERROR] Failed to load resource: net::ERR_INTERNET_DISCONNECTED @ https://a.vturb.com/x:0
[67685463ms] [ERROR] [31m[ERROR]:[0m Analytics Services - Hermes: Failed to fetch @ https://scripts.converteai.net/lib/js/smartplayer-wc/v4/smartplayer.js:1
[67685466ms] [ERROR] Failed to load resource: net::ERR_INTERNET_DISCONNECTED @ https://sentry.io/api/4509130195468288/envelope/:0
[67685466ms] [ERROR] Failed to load resource: net::ERR_INTERNET_DISCONNECTED @ https://sentry.io/api/4509130195468288/envelope/:0
[67685545ms] [ERROR] Failed to load resource: net::ERR_INTERNET_DISCONNECTED @ https://vt-h-1.b-cdn.net/x:0
[67685546ms] [ERROR] Failed to load resource: net::ERR_INTERNET_DISCONNECTED @ https://vt-h-1.b-cdn.net/x:0
[67685954ms] [ERROR] Failed to load resource: net::ERR_INTERNET_DISCONNECTED @ https://a.vturb.com/x:0
[67685955ms] [ERROR] [31m[ERROR]:[0m Analytics Services - Hermes: All Analytics URLs have failed @ https://scripts.converteai.net/lib/js/smartplayer-wc/v4/smartplayer.js:1
[67685956ms] [ERROR] Failed to load resource: net::ERR_INTERNET_DISCONNECTED @ https://a.vturb.com/x:0
[67685956ms] [ERROR] [31m[ERROR]:[0m Analytics Services - Hermes: All Analytics URLs have failed @ https://scripts.converteai.net/lib/js/smartplayer-wc/v4/smartplayer.js:1
[67685959ms] [ERROR] Failed to load resource: net::ERR_INTERNET_DISCONNECTED @ https://sentry.io/api/4509130195468288/envelope/:0
[67685959ms] [ERROR] Failed to load resource: net::ERR_INTERNET_DISCONNECTED @ https://sentry.io/api/4509130195468288/envelope/:0
[67686067ms] [ERROR] Failed to load resource: net::ERR_INTERNET_DISCONNECTED @ https://a.vturb.com/x:0
[67686068ms] [ERROR] [31m[ERROR]:[0m Analytics Services - Hermes: Failed to fetch @ https://scripts.converteai.net/lib/js/smartplayer-wc/v4/smartplayer.js:1
[67686068ms] [ERROR] Failed to load resource: net::ERR_INTERNET_DISCONNECTED @ https://a.vturb.com/x:0
[67686069ms] [ERROR] [31m[ERROR]:[0m Analytics Services - Hermes: Failed to fetch @ https://scripts.converteai.net/lib/js/smartplayer-wc/v4/smartplayer.js:1
[67686073ms] [ERROR] Failed to load resource: net::ERR_INTERNET_DISCONNECTED @ https://sentry.io/api/4509130195468288/envelope/:0
[67686073ms] [ERROR] Failed to load resource: net::ERR_INTERNET_DISCONNECTED @ https://sentry.io/api/4509130195468288/envelope/:0
[67686153ms] [ERROR] Failed to load resource: net::ERR_INTERNET_DISCONNECTED @ https://vt-h-1.b-cdn.net/x:0
[67686154ms] [ERROR] Failed to load resource: net::ERR_INTERNET_DISCONNECTED @ https://vt-h-1.b-cdn.net/x:0
[67686560ms] [ERROR] Failed to load resource: net::ERR_INTERNET_DISCONNECTED @ https://a.vturb.com/x:0
[67686561ms] [ERROR] [31m[ERROR]:[0m Analytics Services - Hermes: All Analytics URLs have failed @ https://scripts.converteai.net/lib/js/smartplayer-wc/v4/smartplayer.js:1
[67686562ms] [ERROR] Failed to load resource: net::ERR_INTERNET_DISCONNECTED @ https://a.vturb.com/x:0
[67686562ms] [ERROR] [31m[ERROR]:[0m Analytics Services - Hermes: All Analytics URLs have failed @ https://scripts.converteai.net/lib/js/smartplayer-wc/v4/smartplayer.js:1
[67686565ms] [ERROR] Failed to load resource: net::ERR_INTERNET_DISCONNECTED @ https://sentry.io/api/4509130195468288/envelope/:0
[67686565ms] [ERROR] Failed to load resource: net::ERR_INTERNET_DISCONNECTED @ https://sentry.io/api/4509130195468288/envelope/:0
[67686763ms] [ERROR] Failed to load resource: net::ERR_INTERNET_DISCONNECTED @ https://vt-h-1.b-cdn.net/x:0
[67686764ms] [ERROR] Failed to load resource: net::ERR_INTERNET_DISCONNECTED @ https://vt-h-1.b-cdn.net/x:0
[67687063ms] [ERROR] Failed to load resource: net::ERR_INTERNET_DISCONNECTED @ https://vt-h-1.b-cdn.net/x:0
[67687064ms] [ERROR] [31m[ERROR]:[0m Analytics Services - Hermes: Failed to fetch @ https://scripts.converteai.net/lib/js/smartplayer-wc/v4/smartplayer.js:1
[67687064ms] [ERROR] Failed to load resource: net::ERR_INTERNET_DISCONNECTED @ https://vt-h-1.b-cdn.net/x:0
[67687064ms] [ERROR] [31m[ERROR]:[0m Analytics Services - Hermes: Failed to fetch @ https://scripts.converteai.net/lib/js/smartplayer-wc/v4/smartplayer.js:1
[67687066ms] [ERROR] Failed to load resource: net::ERR_INTERNET_DISCONNECTED @ https://sentry.io/api/4509130195468288/envelope/:0
[67687066ms] [ERROR] Failed to load resource: net::ERR_INTERNET_DISCONNECTED @ https://sentry.io/api/4509130195468288/envelope/:0
[67687143ms] [ERROR] Failed to load resource: net::ERR_INTERNET_DISCONNECTED @ https://a.vturb.com/x:0
[67687143ms] [ERROR] [31m[ERROR]:[0m Analytics Services - Hermes: All Analytics URLs have failed @ https://scripts.converteai.net/lib/js/smartplayer-wc/v4/smartplayer.js:1
[67687143ms] [ERROR] Failed to load resource: net::ERR_INTERNET_DISCONNECTED @ https://a.vturb.com/x:0
[67687143ms] [ERROR] [31m[ERROR]:[0m Analytics Services - Hermes: All Analytics URLs have failed @ https://scripts.converteai.net/lib/js/smartplayer-wc/v4/smartplayer.js:1
[67687145ms] [ERROR] Failed to load resource: net::ERR_INTERNET_DISCONNECTED @ https://sentry.io/api/4509130195468288/envelope/:0
[67687145ms] [ERROR] Failed to load resource: net::ERR_INTERNET_DISCONNECTED @ https://sentry.io/api/4509130195468288/envelope/:0
[67687369ms] [ERROR] Failed to load resource: net::ERR_INTERNET_DISCONNECTED @ https://vt-h-1.b-cdn.net/x:0
[67687370ms] [ERROR] Failed to load resource: net::ERR_INTERNET_DISCONNECTED @ https://vt-h-1.b-cdn.net/x:0
[67687554ms] [ERROR] Failed to load resource: net::ERR_INTERNET_DISCONNECTED @ https://vt-h-1.b-cdn.net/x:0
[67687555ms] [ERROR] Failed to load resource: net::ERR_INTERNET_DISCONNECTED @ https://vt-h-1.b-cdn.net/x:0
[67688362ms] [ERROR] Failed to load resource: net::ERR_INTERNET_DISCONNECTED @ https://a.vturb.com/x:0
[67688363ms] [ERROR] [31m[ERROR]:[0m Analytics Services - Hermes: All Analytics URLs have failed @ https://scripts.converteai.net/lib/js/smartplayer-wc/v4/smartplayer.js:1
[67688363ms] [ERROR] Failed to load resource: net::ERR_INTERNET_DISCONNECTED @ https://a.vturb.com/x:0
[67688364ms] [ERROR] [31m[ERROR]:[0m Analytics Services - Hermes: All Analytics URLs have failed @ https://scripts.converteai.net/lib/js/smartplayer-wc/v4/smartplayer.js:1
[67688368ms] [ERROR] Failed to load resource: net::ERR_INTERNET_DISCONNECTED @ https://a.vturb.com/x:0
[67688369ms] [ERROR] [31m[ERROR]:[0m Analytics Services - Hermes: All Analytics URLs have failed @ https://scripts.converteai.net/lib/js/smartplayer-wc/v4/smartplayer.js:1
[67688369ms] [ERROR] Failed to load resource: net::ERR_INTERNET_DISCONNECTED @ https://a.vturb.com/x:0
[67688370ms] [ERROR] [31m[ERROR]:[0m Analytics Services - Hermes: All Analytics URLs have failed @ https://scripts.converteai.net/lib/js/smartplayer-wc/v4/smartplayer.js:1
[67688370ms] [ERROR] Failed to load resource: net::ERR_INTERNET_DISCONNECTED @ https://sentry.io/api/4509130195468288/envelope/:0
[67688371ms] [ERROR] Failed to load resource: net::ERR_INTERNET_DISCONNECTED @ https://sentry.io/api/4509130195468288/envelope/:0
[67688373ms] [ERROR] Failed to load resource: net::ERR_INTERNET_DISCONNECTED @ https://sentry.io/api/4509130195468288/envelope/:0
[67688373ms] [ERROR] Failed to load resource: net::ERR_INTERNET_DISCONNECTED @ https://sentry.io/api/4509130195468288/envelope/:0
[67688975ms] [ERROR] Failed to load resource: net::ERR_INTERNET_DISCONNECTED @ https://a.vturb.com/x:0
[67688976ms] [ERROR] [31m[ERROR]:[0m Analytics Services - Hermes: All Analytics URLs have failed @ https://scripts.converteai.net/lib/js/smartplayer-wc/v4/smartplayer.js:1
[67688976ms] [ERROR] Failed to load resource: net::ERR_INTERNET_DISCONNECTED @ https://a.vturb.com/x:0
[67688977ms] [ERROR] [31m[ERROR]:[0m Analytics Services - Hermes: All Analytics URLs have failed @ https://scripts.converteai.net/lib/js/smartplayer-wc/v4/smartplayer.js:1
[67688979ms] [ERROR] Failed to load resource: net::ERR_INTERNET_DISCONNECTED @ https://sentry.io/api/4509130195468288/envelope/:0
[67688979ms] [ERROR] Failed to load resource: net::ERR_INTERNET_DISCONNECTED @ https://sentry.io/api/4509130195468288/envelope/:0
[67689971ms] [ERROR] Failed to load resource: net::ERR_INTERNET_DISCONNECTED @ https://vt-h-1.b-cdn.net/x:0
[67689972ms] [ERROR] Failed to load resource: net::ERR_INTERNET_DISCONNECTED @ https://vt-h-1.b-cdn.net/x:0
[67691575ms] [ERROR] Failed to load resource: net::ERR_INTERNET_DISCONNECTED @ https://vt-h-1.b-cdn.net/x:0
[67691576ms] [ERROR] Failed to load resource: net::ERR_INTERNET_DISCONNECTED @ https://vt-h-1.b-cdn.net/x:0
[67692185ms] [ERROR] Failed to load resource: net::ERR_INTERNET_DISCONNECTED @ https://vt-h-1.b-cdn.net/x:0
[67692186ms] [ERROR] Failed to load resource: net::ERR_INTERNET_DISCONNECTED @ https://vt-h-1.b-cdn.net/x:0
[68156104ms] [ERROR] Failed to load resource: net::ERR_INTERNET_DISCONNECTED @ https://a.vturb.com/x:0
[68156105ms] [ERROR] [31m[ERROR]:[0m Analytics Services - Hermes: All Analytics URLs have failed @ https://scripts.converteai.net/lib/js/smartplayer-wc/v4/smartplayer.js:1
[68156105ms] [ERROR] Failed to load resource: net::ERR_INTERNET_DISCONNECTED @ https://a.vturb.com/x:0
[68156106ms] [ERROR] [31m[ERROR]:[0m Analytics Services - Hermes: All Analytics URLs have failed @ https://scripts.converteai.net/lib/js/smartplayer-wc/v4/smartplayer.js:1
[68156109ms] [ERROR] Failed to load resource: net::ERR_INTERNET_DISCONNECTED @ https://sentry.io/api/4509130195468288/envelope/:0
[68156109ms] [ERROR] Failed to load resource: net::ERR_INTERNET_DISCONNECTED @ https://sentry.io/api/4509130195468288/envelope/:0
[68159110ms] [WARNING] The resource https://cdn.converteai.net/8961d838-aff2-4dce-9b39-e84022d332ce/6a52f890d71bd640bbb2a65d/main.m3u8 was preloaded using link preload but not used within a few seconds from the window's load event. Please make sure it has an appropriate `as` value and it is preloaded intentionally. @ http://localhost:8848/quiz2.html:0
[68159110ms] [WARNING] The resource https://cdn.converteai.net/8961d838-aff2-4dce-9b39-e84022d332ce/6a52fa0e3d8ea0afcdc8b377/main.m3u8 was preloaded using link preload but not used within a few seconds from the window's load event. Please make sure it has an appropriate `as` value and it is preloaded intentionally. @ http://localhost:8848/quiz2.html:0
[68160312ms] [ERROR] Failed to load resource: net::ERR_INTERNET_DISCONNECTED @ https://vt-h-1.b-cdn.net/x:0
[68160313ms] [ERROR] Failed to load resource: net::ERR_INTERNET_DISCONNECTED @ https://vt-h-1.b-cdn.net/x:0
[68160720ms] [ERROR] Failed to load resource: net::ERR_INTERNET_DISCONNECTED @ https://a.vturb.com/x:0
[68160721ms] [ERROR] [31m[ERROR]:[0m Analytics Services - Hermes: All Analytics URLs have failed @ https://scripts.converteai.net/lib/js/smartplayer-wc/v4/smartplayer.js:1
[68160721ms] [ERROR] Failed to load resource: net::ERR_INTERNET_DISCONNECTED @ https://a.vturb.com/x:0
[68160722ms] [ERROR] [31m[ERROR]:[0m Analytics Services - Hermes: All Analytics URLs have failed @ https://scripts.converteai.net/lib/js/smartplayer-wc/v4/smartplayer.js:1
[68160724ms] [ERROR] Failed to load resource: net::ERR_INTERNET_DISCONNECTED @ https://sentry.io/api/4509130195468288/envelope/:0
[68160725ms] [ERROR] Failed to load resource: net::ERR_INTERNET_DISCONNECTED @ https://sentry.io/api/4509130195468288/envelope/:0
[68160907ms] [ERROR] Failed to load resource: net::ERR_INTERNET_DISCONNECTED @ https://a.vturb.com/x:0
[68160908ms] [ERROR] [31m[ERROR]:[0m Analytics Services - Hermes: Failed to fetch @ https://scripts.converteai.net/lib/js/smartplayer-wc/v4/smartplayer.js:1
[68160909ms] [ERROR] Failed to load resource: net::ERR_INTERNET_DISCONNECTED @ https://a.vturb.com/x:0
[68160909ms] [ERROR] [31m[ERROR]:[0m Analytics Services - Hermes: Failed to fetch @ https://scripts.converteai.net/lib/js/smartplayer-wc/v4/smartplayer.js:1
[68160913ms] [ERROR] Failed to load resource: net::ERR_INTERNET_DISCONNECTED @ https://sentry.io/api/4509130195468288/envelope/:0
[68160913ms] [ERROR] Failed to load resource: net::ERR_INTERNET_DISCONNECTED @ https://sentry.io/api/4509130195468288/envelope/:0
[68160992ms] [ERROR] Failed to load resource: net::ERR_INTERNET_DISCONNECTED @ https://vt-h-1.b-cdn.net/x:0
[68160992ms] [ERROR] Failed to load resource: net::ERR_INTERNET_DISCONNECTED @ https://vt-h-1.b-cdn.net/x:0
[68161399ms] [ERROR] Failed to load resource: net::ERR_INTERNET_DISCONNECTED @ https://a.vturb.com/x:0
[68161400ms] [ERROR] [31m[ERROR]:[0m Analytics Services - Hermes: All Analytics URLs have failed @ https://scripts.converteai.net/lib/js/smartplayer-wc/v4/smartplayer.js:1
[68161400ms] [ERROR] Failed to load resource: net::ERR_INTERNET_DISCONNECTED @ https://a.vturb.com/x:0
[68161401ms] [ERROR] [31m[ERROR]:[0m Analytics Services - Hermes: All Analytics URLs have failed @ https://scripts.converteai.net/lib/js/smartplayer-wc/v4/smartplayer.js:1
[68161404ms] [ERROR] Failed to load resource: net::ERR_INTERNET_DISCONNECTED @ https://sentry.io/api/4509130195468288/envelope/:0
[68161404ms] [ERROR] Failed to load resource: net::ERR_INTERNET_DISCONNECTED @ https://sentry.io/api/4509130195468288/envelope/:0
[68161516ms] [ERROR] Failed to load resource: net::ERR_INTERNET_DISCONNECTED @ https://a.vturb.com/x:0
[68161517ms] [ERROR] [31m[ERROR]:[0m Analytics Services - Hermes: Failed to fetch @ https://scripts.converteai.net/lib/js/smartplayer-wc/v4/smartplayer.js:1
[68161517ms] [ERROR] Failed to load resource: net::ERR_INTERNET_DISCONNECTED @ https://a.vturb.com/x:0
[68161518ms] [ERROR] [31m[ERROR]:[0m Analytics Services - Hermes: Failed to fetch @ https://scripts.converteai.net/lib/js/smartplayer-wc/v4/smartplayer.js:1
[68161521ms] [ERROR] Failed to load resource: net::ERR_INTERNET_DISCONNECTED @ https://sentry.io/api/4509130195468288/envelope/:0
[68161521ms] [ERROR] Failed to load resource: net::ERR_INTERNET_DISCONNECTED @ https://sentry.io/api/4509130195468288/envelope/:0
[68161526ms] [ERROR] Failed to load resource: net::ERR_INTERNET_DISCONNECTED @ https://vt-h-1.b-cdn.net/x:0
[68161526ms] [ERROR] Failed to load resource: net::ERR_INTERNET_DISCONNECTED @ https://vt-h-1.b-cdn.net/x:0
[68161599ms] [ERROR] Failed to load resource: net::ERR_INTERNET_DISCONNECTED @ https://a.vturb.com/x:0
[68161600ms] [ERROR] [31m[ERROR]:[0m Analytics Services - Hermes: All Analytics URLs have failed @ https://scripts.converteai.net/lib/js/smartplayer-wc/v4/smartplayer.js:1
[68161600ms] [ERROR] Failed to load resource: net::ERR_INTERNET_DISCONNECTED @ https://a.vturb.com/x:0
[68161601ms] [ERROR] [31m[ERROR]:[0m Analytics Services - Hermes: All Analytics URLs have failed @ https://scripts.converteai.net/lib/js/smartplayer-wc/v4/smartplayer.js:1
[68161604ms] [ERROR] Failed to load resource: net::ERR_INTERNET_DISCONNECTED @ https://sentry.io/api/4509130195468288/envelope/:0
[68161604ms] [ERROR] Failed to load resource: net::ERR_INTERNET_DISCONNECTED @ https://sentry.io/api/4509130195468288/envelope/:0
[68162007ms] [ERROR] Failed to load resource: net::ERR_INTERNET_DISCONNECTED @ https://vt-h-1.b-cdn.net/x:0
[68162008ms] [ERROR] Failed to load resource: net::ERR_INTERNET_DISCONNECTED @ https://vt-h-1.b-cdn.net/x:0
[68162206ms] [ERROR] Failed to load resource: net::ERR_INTERNET_DISCONNECTED @ https://vt-h-1.b-cdn.net/x:0
[68162207ms] [ERROR] Failed to load resource: net::ERR_INTERNET_DISCONNECTED @ https://vt-h-1.b-cdn.net/x:0
[68162515ms] [ERROR] Failed to load resource: net::ERR_INTERNET_DISCONNECTED @ https://vt-h-1.b-cdn.net/x:0
[68162516ms] [ERROR] [31m[ERROR]:[0m Analytics Services - Hermes: Failed to fetch @ https://scripts.converteai.net/lib/js/smartplayer-wc/v4/smartplayer.js:1
[68162516ms] [ERROR] Failed to load resource: net::ERR_INTERNET_DISCONNECTED @ https://vt-h-1.b-cdn.net/x:0
[68162517ms] [ERROR] [31m[ERROR]:[0m Analytics Services - Hermes: Failed to fetch @ https://scripts.converteai.net/lib/js/smartplayer-wc/v4/smartplayer.js:1
[68162520ms] [ERROR] Failed to load resource: net::ERR_INTERNET_DISCONNECTED @ https://sentry.io/api/4509130195468288/envelope/:0
[68162520ms] [ERROR] Failed to load resource: net::ERR_INTERNET_DISCONNECTED @ https://sentry.io/api/4509130195468288/envelope/:0
[68162599ms] [ERROR] Failed to load resource: net::ERR_INTERNET_DISCONNECTED @ https://a.vturb.com/x:0
[68162600ms] [ERROR] [31m[ERROR]:[0m Analytics Services - Hermes: All Analytics URLs have failed @ https://scripts.converteai.net/lib/js/smartplayer-wc/v4/smartplayer.js:1
[68162600ms] [ERROR] Failed to load resource: net::ERR_INTERNET_DISCONNECTED @ https://a.vturb.com/x:0
[68162601ms] [ERROR] [31m[ERROR]:[0m Analytics Services - Hermes: All Analytics URLs have failed @ https://scripts.converteai.net/lib/js/smartplayer-wc/v4/smartplayer.js:1
[68162604ms] [ERROR] Failed to load resource: net::ERR_INTERNET_DISCONNECTED @ https://sentry.io/api/4509130195468288/envelope/:0
[68162604ms] [ERROR] Failed to load resource: net::ERR_INTERNET_DISCONNECTED @ https://sentry.io/api/4509130195468288/envelope/:0
[68162817ms] [ERROR] Failed to load resource: net::ERR_INTERNET_DISCONNECTED @ https://a.vturb.com/x:0
[68162818ms] [ERROR] [31m[ERROR]:[0m Analytics Services - Hermes: All Analytics URLs have failed @ https://scripts.converteai.net/lib/js/smartplayer-wc/v4/smartplayer.js:1
[68162818ms] [ERROR] Failed to load resource: net::ERR_INTERNET_DISCONNECTED @ https://a.vturb.com/x:0
[68162819ms] [ERROR] [31m[ERROR]:[0m Analytics Services - Hermes: All Analytics URLs have failed @ https://scripts.converteai.net/lib/js/smartplayer-wc/v4/smartplayer.js:1
[68162821ms] [ERROR] Failed to load resource: net::ERR_INTERNET_DISCONNECTED @ https://sentry.io/api/4509130195468288/envelope/:0
[68162822ms] [ERROR] Failed to load resource: net::ERR_INTERNET_DISCONNECTED @ https://sentry.io/api/4509130195468288/envelope/:0
[68163008ms] [ERROR] Failed to load resource: net::ERR_INTERNET_DISCONNECTED @ https://vt-h-1.b-cdn.net/x:0
[68163009ms] [ERROR] Failed to load resource: net::ERR_INTERNET_DISCONNECTED @ https://vt-h-1.b-cdn.net/x:0
[68163133ms] [ERROR] Failed to load resource: net::ERR_INTERNET_DISCONNECTED @ https://a.vturb.com/x:0
[68163134ms] [ERROR] [31m[ERROR]:[0m Analytics Services - Hermes: All Analytics URLs have failed @ https://scripts.converteai.net/lib/js/smartplayer-wc/v4/smartplayer.js:1
[68163134ms] [ERROR] Failed to load resource: net::ERR_INTERNET_DISCONNECTED @ https://a.vturb.com/x:0
[68163135ms] [ERROR] [31m[ERROR]:[0m Analytics Services - Hermes: All Analytics URLs have failed @ https://scripts.converteai.net/lib/js/smartplayer-wc/v4/smartplayer.js:1
[68163137ms] [ERROR] Failed to load resource: net::ERR_INTERNET_DISCONNECTED @ https://sentry.io/api/4509130195468288/envelope/:0
[68163137ms] [ERROR] Failed to load resource: net::ERR_INTERNET_DISCONNECTED @ https://sentry.io/api/4509130195468288/envelope/:0
[68163817ms] [ERROR] Failed to load resource: net::ERR_INTERNET_DISCONNECTED @ https://a.vturb.com/x:0
[68163817ms] [ERROR] [31m[ERROR]:[0m Analytics Services - Hermes: All Analytics URLs have failed @ https://scripts.converteai.net/lib/js/smartplayer-wc/v4/smartplayer.js:1
[68163818ms] [ERROR] Failed to load resource: net::ERR_INTERNET_DISCONNECTED @ https://a.vturb.com/x:0
[68163818ms] [ERROR] [31m[ERROR]:[0m Analytics Services - Hermes: All Analytics URLs have failed @ https://scripts.converteai.net/lib/js/smartplayer-wc/v4/smartplayer.js:1
[68163819ms] [ERROR] Failed to load resource: net::ERR_INTERNET_DISCONNECTED @ https://a.vturb.com/x:0
[68163819ms] [ERROR] [31m[ERROR]:[0m Analytics Services - Hermes: All Analytics URLs have failed @ https://scripts.converteai.net/lib/js/smartplayer-wc/v4/smartplayer.js:1
[68163819ms] [ERROR] Failed to load resource: net::ERR_INTERNET_DISCONNECTED @ https://a.vturb.com/x:0
[68163820ms] [ERROR] [31m[ERROR]:[0m Analytics Services - Hermes: All Analytics URLs have failed @ https://scripts.converteai.net/lib/js/smartplayer-wc/v4/smartplayer.js:1
[68163822ms] [ERROR] Failed to load resource: net::ERR_INTERNET_DISCONNECTED @ https://sentry.io/api/4509130195468288/envelope/:0
[68163823ms] [ERROR] Failed to load resource: net::ERR_INTERNET_DISCONNECTED @ https://sentry.io/api/4509130195468288/envelope/:0
[68163823ms] [ERROR] Failed to load resource: net::ERR_INTERNET_DISCONNECTED @ https://sentry.io/api/4509130195468288/envelope/:0
[68163823ms] [ERROR] Failed to load resource: net::ERR_INTERNET_DISCONNECTED @ https://sentry.io/api/4509130195468288/envelope/:0
[68164427ms] [ERROR] Failed to load resource: net::ERR_INTERNET_DISCONNECTED @ https://vt-h-1.b-cdn.net/x:0
[68164428ms] [ERROR] Failed to load resource: net::ERR_INTERNET_DISCONNECTED @ https://vt-h-1.b-cdn.net/x:0
[68165429ms] [ERROR] Failed to load resource: net::ERR_INTERNET_DISCONNECTED @ https://vt-h-1.b-cdn.net/x:0
[68165430ms] [ERROR] Failed to load resource: net::ERR_INTERNET_DISCONNECTED @ https://vt-h-1.b-cdn.net/x:0
[68166343ms] [ERROR] Failed to load resource: net::ERR_INTERNET_DISCONNECTED @ https://vt-h-1.b-cdn.net/x:0
[68166345ms] [ERROR] Failed to load resource: net::ERR_INTERNET_DISCONNECTED @ https://vt-h-1.b-cdn.net/x:0
[68167028ms] [ERROR] Failed to load resource: net::ERR_INTERNET_DISCONNECTED @ https://vt-h-1.b-cdn.net/x:0
[68167028ms] [ERROR] Failed to load resource: net::ERR_INTERNET_DISCONNECTED @ https://vt-h-1.b-cdn.net/x:0
[68167635ms] [ERROR] Failed to load resource: net::ERR_INTERNET_DISCONNECTED @ https://a.vturb.com/x:0
[68167636ms] [ERROR] [31m[ERROR]:[0m Analytics Services - Hermes: All Analytics URLs have failed @ https://scripts.converteai.net/lib/js/smartplayer-wc/v4/smartplayer.js:1
[68167636ms] [ERROR] Failed to load resource: net::ERR_INTERNET_DISCONNECTED @ https://a.vturb.com/x:0
[68167637ms] [ERROR] [31m[ERROR]:[0m Analytics Services - Hermes: All Analytics URLs have failed @ https://scripts.converteai.net/lib/js/smartplayer-wc/v4/smartplayer.js:1
[68167639ms] [ERROR] Failed to load resource: net::ERR_INTERNET_DISCONNECTED @ https://sentry.io/api/4509130195468288/envelope/:0
[68167640ms] [ERROR] Failed to load resource: net::ERR_INTERNET_DISCONNECTED @ https://sentry.io/api/4509130195468288/envelope/:0
[68168637ms] [ERROR] Failed to load resource: net::ERR_INTERNET_DISCONNECTED @ https://a.vturb.com/x:0
[68168638ms] [ERROR] [31m[ERROR]:[0m Analytics Services - Hermes: All Analytics URLs have failed @ https://scripts.converteai.net/lib/js/smartplayer-wc/v4/smartplayer.js:1
[68168638ms] [ERROR] Failed to load resource: net::ERR_INTERNET_DISCONNECTED @ https://a.vturb.com/x:0
[68168639ms] [ERROR] [31m[ERROR]:[0m Analytics Services - Hermes: All Analytics URLs have failed @ https://scripts.converteai.net/lib/js/smartplayer-wc/v4/smartplayer.js:1
[68168643ms] [ERROR] Failed to load resource: net::ERR_INTERNET_DISCONNECTED @ https://sentry.io/api/4509130195468288/envelope/:0
[68168644ms] [ERROR] Failed to load resource: net::ERR_INTERNET_DISCONNECTED @ https://sentry.io/api/4509130195468288/envelope/:0
[68171644ms] [WARNING] The resource https://cdn.converteai.net/8961d838-aff2-4dce-9b39-e84022d332ce/6a52f890d71bd640bbb2a65d/main.m3u8 was preloaded using link preload but not used within a few seconds from the window's load event. Please make sure it has an appropriate `as` value and it is preloaded intentionally. @ http://localhost:8848/quiz2.html:0
[68171645ms] [WARNING] The resource https://cdn.converteai.net/8961d838-aff2-4dce-9b39-e84022d332ce/6a52fa0e3d8ea0afcdc8b377/main.m3u8 was preloaded using link preload but not used within a few seconds from the window's load event. Please make sure it has an appropriate `as` value and it is preloaded intentionally. @ http://localhost:8848/quiz2.html:0
[68172751ms] [ERROR] Failed to load resource: net::ERR_INTERNET_DISCONNECTED @ https://a.vturb.com/x:0
[68172752ms] [ERROR] [31m[ERROR]:[0m Analytics Services - Hermes: Failed to fetch @ https://scripts.converteai.net/lib/js/smartplayer-wc/v4/smartplayer.js:1
[68172753ms] [ERROR] Failed to load resource: net::ERR_INTERNET_DISCONNECTED @ https://a.vturb.com/x:0
[68172753ms] [ERROR] [31m[ERROR]:[0m Analytics Services - Hermes: Failed to fetch @ https://scripts.converteai.net/lib/js/smartplayer-wc/v4/smartplayer.js:1
[68172756ms] [ERROR] Failed to load resource: net::ERR_INTERNET_DISCONNECTED @ https://sentry.io/api/4509130195468288/envelope/:0
[68172756ms] [ERROR] Failed to load resource: net::ERR_INTERNET_DISCONNECTED @ https://sentry.io/api/4509130195468288/envelope/:0
[68172836ms] [ERROR] Failed to load resource: net::ERR_INTERNET_DISCONNECTED @ https://vt-h-1.b-cdn.net/x:0
[68172837ms] [ERROR] Failed to load resource: net::ERR_INTERNET_DISCONNECTED @ https://vt-h-1.b-cdn.net/x:0
[68173247ms] [ERROR] Failed to load resource: net::ERR_INTERNET_DISCONNECTED @ https://a.vturb.com/x:0
[68173248ms] [ERROR] [31m[ERROR]:[0m Analytics Services - Hermes: All Analytics URLs have failed @ https://scripts.converteai.net/lib/js/smartplayer-wc/v4/smartplayer.js:1
[68173248ms] [ERROR] Failed to load resource: net::ERR_INTERNET_DISCONNECTED @ https://a.vturb.com/x:0
[68173249ms] [ERROR] [31m[ERROR]:[0m Analytics Services - Hermes: All Analytics URLs have failed @ https://scripts.converteai.net/lib/js/smartplayer-wc/v4/smartplayer.js:1
[68173252ms] [ERROR] Failed to load resource: net::ERR_INTERNET_DISCONNECTED @ https://sentry.io/api/4509130195468288/envelope/:0
[68173252ms] [ERROR] Failed to load resource: net::ERR_INTERNET_DISCONNECTED @ https://sentry.io/api/4509130195468288/envelope/:0
[68173436ms] [ERROR] Failed to load resource: net::ERR_INTERNET_DISCONNECTED @ https://a.vturb.com/x:0
[68173436ms] [ERROR] [31m[ERROR]:[0m Analytics Services - Hermes: Failed to fetch @ https://scripts.converteai.net/lib/js/smartplayer-wc/v4/smartplayer.js:1
[68173437ms] [ERROR] Failed to load resource: net::ERR_INTERNET_DISCONNECTED @ https://a.vturb.com/x:0
[68173437ms] [ERROR] [31m[ERROR]:[0m Analytics Services - Hermes: Failed to fetch @ https://scripts.converteai.net/lib/js/smartplayer-wc/v4/smartplayer.js:1
[68173440ms] [ERROR] Failed to load resource: net::ERR_INTERNET_DISCONNECTED @ https://sentry.io/api/4509130195468288/envelope/:0
[68173440ms] [ERROR] Failed to load resource: net::ERR_INTERNET_DISCONNECTED @ https://sentry.io/api/4509130195468288/envelope/:0
[68173519ms] [ERROR] Failed to load resource: net::ERR_INTERNET_DISCONNECTED @ https://vt-h-1.b-cdn.net/x:0
[68173520ms] [ERROR] Failed to load resource: net::ERR_INTERNET_DISCONNECTED @ https://vt-h-1.b-cdn.net/x:0
[68173929ms] [ERROR] Failed to load resource: net::ERR_INTERNET_DISCONNECTED @ https://a.vturb.com/x:0
[68173930ms] [ERROR] [31m[ERROR]:[0m Analytics Services - Hermes: All Analytics URLs have failed @ https://scripts.converteai.net/lib/js/smartplayer-wc/v4/smartplayer.js:1
[68173931ms] [ERROR] Failed to load resource: net::ERR_INTERNET_DISCONNECTED @ https://a.vturb.com/x:0
[68173931ms] [ERROR] [31m[ERROR]:[0m Analytics Services - Hermes: All Analytics URLs have failed @ https://scripts.converteai.net/lib/js/smartplayer-wc/v4/smartplayer.js:1
[68173934ms] [ERROR] Failed to load resource: net::ERR_INTERNET_DISCONNECTED @ https://sentry.io/api/4509130195468288/envelope/:0
[68173934ms] [ERROR] Failed to load resource: net::ERR_INTERNET_DISCONNECTED @ https://sentry.io/api/4509130195468288/envelope/:0
[68174045ms] [ERROR] Failed to load resource: net::ERR_INTERNET_DISCONNECTED @ https://vt-h-1.b-cdn.net/x:0
[68174045ms] [ERROR] [31m[ERROR]:[0m Analytics Services - Hermes: Failed to fetch @ https://scripts.converteai.net/lib/js/smartplayer-wc/v4/smartplayer.js:1
[68174046ms] [ERROR] Failed to load resource: net::ERR_INTERNET_DISCONNECTED @ https://vt-h-1.b-cdn.net/x:0
[68174046ms] [ERROR] [31m[ERROR]:[0m Analytics Services - Hermes: Failed to fetch @ https://scripts.converteai.net/lib/js/smartplayer-wc/v4/smartplayer.js:1
[68174049ms] [ERROR] Failed to load resource: net::ERR_INTERNET_DISCONNECTED @ https://sentry.io/api/4509130195468288/envelope/:0
[68174050ms] [ERROR] Failed to load resource: net::ERR_INTERNET_DISCONNECTED @ https://sentry.io/api/4509130195468288/envelope/:0
[68174052ms] [ERROR] Failed to load resource: net::ERR_INTERNET_DISCONNECTED @ https://vt-h-1.b-cdn.net/x:0
[68174053ms] [ERROR] Failed to load resource: net::ERR_INTERNET_DISCONNECTED @ https://vt-h-1.b-cdn.net/x:0
[68174130ms] [ERROR] Failed to load resource: net::ERR_INTERNET_DISCONNECTED @ https://a.vturb.com/x:0
[68174130ms] [ERROR] [31m[ERROR]:[0m Analytics Services - Hermes: All Analytics URLs have failed @ https://scripts.converteai.net/lib/js/smartplayer-wc/v4/smartplayer.js:1
[68174131ms] [ERROR] Failed to load resource: net::ERR_INTERNET_DISCONNECTED @ https://a.vturb.com/x:0
[68174131ms] [ERROR] [31m[ERROR]:[0m Analytics Services - Hermes: All Analytics URLs have failed @ https://scripts.converteai.net/lib/js/smartplayer-wc/v4/smartplayer.js:1
[68174133ms] [ERROR] Failed to load resource: net::ERR_INTERNET_DISCONNECTED @ https://sentry.io/api/4509130195468288/envelope/:0
[68174134ms] [ERROR] Failed to load resource: net::ERR_INTERNET_DISCONNECTED @ https://sentry.io/api/4509130195468288/envelope/:0
[68174539ms] [ERROR] Failed to load resource: net::ERR_INTERNET_DISCONNECTED @ https://vt-h-1.b-cdn.net/x:0
[68174540ms] [ERROR] Failed to load resource: net::ERR_INTERNET_DISCONNECTED @ https://vt-h-1.b-cdn.net/x:0
[68174739ms] [ERROR] Failed to load resource: net::ERR_INTERNET_DISCONNECTED @ https://vt-h-1.b-cdn.net/x:0
[68174740ms] [ERROR] Failed to load resource: net::ERR_INTERNET_DISCONNECTED @ https://vt-h-1.b-cdn.net/x:0
[68175045ms] [ERROR] Failed to load resource: net::ERR_INTERNET_DISCONNECTED @ https://vt-h-1.b-cdn.net/x:0
[68175046ms] [ERROR] [31m[ERROR]:[0m Analytics Services - Hermes: Failed to fetch @ https://scripts.converteai.net/lib/js/smartplayer-wc/v4/smartplayer.js:1
[68175046ms] [ERROR] Failed to load resource: net::ERR_INTERNET_DISCONNECTED @ https://vt-h-1.b-cdn.net/x:0
[68175047ms] [ERROR] [31m[ERROR]:[0m Analytics Services - Hermes: Failed to fetch @ https://scripts.converteai.net/lib/js/smartplayer-wc/v4/smartplayer.js:1
[68175049ms] [ERROR] Failed to load resource: net::ERR_INTERNET_DISCONNECTED @ https://sentry.io/api/4509130195468288/envelope/:0
[68175049ms] [ERROR] Failed to load resource: net::ERR_INTERNET_DISCONNECTED @ https://sentry.io/api/4509130195468288/envelope/:0
[68175130ms] [ERROR] Failed to load resource: net::ERR_INTERNET_DISCONNECTED @ https://a.vturb.com/x:0
[68175131ms] [ERROR] [31m[ERROR]:[0m Analytics Services - Hermes: All Analytics URLs have failed @ https://scripts.converteai.net/lib/js/smartplayer-wc/v4/smartplayer.js:1
[68175131ms] [ERROR] Failed to load resource: net::ERR_INTERNET_DISCONNECTED @ https://a.vturb.com/x:0
[68175132ms] [ERROR] [31m[ERROR]:[0m Analytics Services - Hermes: All Analytics URLs have failed @ https://scripts.converteai.net/lib/js/smartplayer-wc/v4/smartplayer.js:1
[68175134ms] [ERROR] Failed to load resource: net::ERR_INTERNET_DISCONNECTED @ https://sentry.io/api/4509130195468288/envelope/:0
[68175135ms] [ERROR] Failed to load resource: net::ERR_INTERNET_DISCONNECTED @ https://sentry.io/api/4509130195468288/envelope/:0
[68175348ms] [ERROR] Failed to load resource: net::ERR_INTERNET_DISCONNECTED @ https://a.vturb.com/x:0
[68175348ms] [ERROR] [31m[ERROR]:[0m Analytics Services - Hermes: All Analytics URLs have failed @ https://scripts.converteai.net/lib/js/smartplayer-wc/v4/smartplayer.js:1
[68175349ms] [ERROR] Failed to load resource: net::ERR_INTERNET_DISCONNECTED @ https://a.vturb.com/x:0
[68175349ms] [ERROR] [31m[ERROR]:[0m Analytics Services - Hermes: All Analytics URLs have failed @ https://scripts.converteai.net/lib/js/smartplayer-wc/v4/smartplayer.js:1
[68175352ms] [ERROR] Failed to load resource: net::ERR_INTERNET_DISCONNECTED @ https://sentry.io/api/4509130195468288/envelope/:0
[68175352ms] [ERROR] Failed to load resource: net::ERR_INTERNET_DISCONNECTED @ https://sentry.io/api/4509130195468288/envelope/:0
[68175537ms] [ERROR] Failed to load resource: net::ERR_INTERNET_DISCONNECTED @ https://vt-h-1.b-cdn.net/x:0
[68175538ms] [ERROR] Failed to load resource: net::ERR_INTERNET_DISCONNECTED @ https://vt-h-1.b-cdn.net/x:0
[68175658ms] [ERROR] Failed to load resource: net::ERR_INTERNET_DISCONNECTED @ https://a.vturb.com/x:0
[68175659ms] [ERROR] [31m[ERROR]:[0m Analytics Services - Hermes: All Analytics URLs have failed @ https://scripts.converteai.net/lib/js/smartplayer-wc/v4/smartplayer.js:1
[68175661ms] [ERROR] Failed to load resource: net::ERR_INTERNET_DISCONNECTED @ https://a.vturb.com/x:0
[68175662ms] [ERROR] [31m[ERROR]:[0m Analytics Services - Hermes: All Analytics URLs have failed @ https://scripts.converteai.net/lib/js/smartplayer-wc/v4/smartplayer.js:1
[68175664ms] [ERROR] Failed to load resource: net::ERR_INTERNET_DISCONNECTED @ https://sentry.io/api/4509130195468288/envelope/:0
[68175664ms] [ERROR] Failed to load resource: net::ERR_INTERNET_DISCONNECTED @ https://sentry.io/api/4509130195468288/envelope/:0
[68176345ms] [ERROR] Failed to load resource: net::ERR_INTERNET_DISCONNECTED @ https://a.vturb.com/x:0
[68176346ms] [ERROR] [31m[ERROR]:[0m Analytics Services - Hermes: All Analytics URLs have failed @ https://scripts.converteai.net/lib/js/smartplayer-wc/v4/smartplayer.js:1
[68176347ms] [ERROR] Failed to load resource: net::ERR_INTERNET_DISCONNECTED @ https://a.vturb.com/x:0
[68176347ms] [ERROR] [31m[ERROR]:[0m Analytics Services - Hermes: All Analytics URLs have failed @ https://scripts.converteai.net/lib/js/smartplayer-wc/v4/smartplayer.js:1
[68176348ms] [ERROR] Failed to load resource: net::ERR_INTERNET_DISCONNECTED @ https://a.vturb.com/x:0
[68176348ms] [ERROR] [31m[ERROR]:[0m Analytics Services - Hermes: All Analytics URLs have failed @ https://scripts.converteai.net/lib/js/smartplayer-wc/v4/smartplayer.js:1
[68176348ms] [ERROR] Failed to load resource: net::ERR_INTERNET_DISCONNECTED @ https://a.vturb.com/x:0
[68176349ms] [ERROR] [31m[ERROR]:[0m Analytics Services - Hermes: All Analytics URLs have failed @ https://scripts.converteai.net/lib/js/smartplayer-wc/v4/smartplayer.js:1
[68176351ms] [ERROR] Failed to load resource: net::ERR_INTERNET_DISCONNECTED @ https://sentry.io/api/4509130195468288/envelope/:0
[68176351ms] [ERROR] Failed to load resource: net::ERR_INTERNET_DISCONNECTED @ https://sentry.io/api/4509130195468288/envelope/:0
[68176351ms] [ERROR] Failed to load resource: net::ERR_INTERNET_DISCONNECTED @ https://sentry.io/api/4509130195468288/envelope/:0
[68176351ms] [ERROR] Failed to load resource: net::ERR_INTERNET_DISCONNECTED @ https://sentry.io/api/4509130195468288/envelope/:0
[68176956ms] [ERROR] Failed to load resource: net::ERR_INTERNET_DISCONNECTED @ https://vt-h-1.b-cdn.net/x:0
[68176957ms] [ERROR] Failed to load resource: net::ERR_INTERNET_DISCONNECTED @ https://vt-h-1.b-cdn.net/x:0
[68177955ms] [ERROR] Failed to load resource: net::ERR_INTERNET_DISCONNECTED @ https://vt-h-1.b-cdn.net/x:0
[68177955ms] [ERROR] Failed to load resource: net::ERR_INTERNET_DISCONNECTED @ https://vt-h-1.b-cdn.net/x:0
[68178866ms] [ERROR] Failed to load resource: net::ERR_INTERNET_DISCONNECTED @ https://vt-h-1.b-cdn.net/x:0
[68178867ms] [ERROR] Failed to load resource: net::ERR_INTERNET_DISCONNECTED @ https://vt-h-1.b-cdn.net/x:0
[68179557ms] [ERROR] Failed to load resource: net::ERR_INTERNET_DISCONNECTED @ https://vt-h-1.b-cdn.net/x:0
[68179558ms] [ERROR] Failed to load resource: net::ERR_INTERNET_DISCONNECTED @ https://vt-h-1.b-cdn.net/x:0
[68180165ms] [ERROR] Failed to load resource: net::ERR_INTERNET_DISCONNECTED @ https://a.vturb.com/x:0
[68180165ms] [ERROR] [31m[ERROR]:[0m Analytics Services - Hermes: All Analytics URLs have failed @ https://scripts.converteai.net/lib/js/smartplayer-wc/v4/smartplayer.js:1
[68180166ms] [ERROR] Failed to load resource: net::ERR_INTERNET_DISCONNECTED @ https://a.vturb.com/x:0
[68180166ms] [ERROR] [31m[ERROR]:[0m Analytics Services - Hermes: All Analytics URLs have failed @ https://scripts.converteai.net/lib/js/smartplayer-wc/v4/smartplayer.js:1
[68180169ms] [ERROR] Failed to load resource: net::ERR_INTERNET_DISCONNECTED @ https://sentry.io/api/4509130195468288/envelope/:0
[68180169ms] [ERROR] Failed to load resource: net::ERR_INTERNET_DISCONNECTED @ https://sentry.io/api/4509130195468288/envelope/:0
[68181164ms] [ERROR] Failed to load resource: net::ERR_INTERNET_DISCONNECTED @ https://a.vturb.com/x:0
[68181165ms] [ERROR] [31m[ERROR]:[0m Analytics Services - Hermes: All Analytics URLs have failed @ https://scripts.converteai.net/lib/js/smartplayer-wc/v4/smartplayer.js:1
[68181166ms] [ERROR] Failed to load resource: net::ERR_INTERNET_DISCONNECTED @ https://a.vturb.com/x:0
[68181166ms] [ERROR] [31m[ERROR]:[0m Analytics Services - Hermes: All Analytics URLs have failed @ https://scripts.converteai.net/lib/js/smartplayer-wc/v4/smartplayer.js:1
[68181169ms] [ERROR] Failed to load resource: net::ERR_INTERNET_DISCONNECTED @ https://sentry.io/api/4509130195468288/envelope/:0
[68181169ms] [ERROR] Failed to load resource: net::ERR_INTERNET_DISCONNECTED @ https://sentry.io/api/4509130195468288/envelope/:0
[68184170ms] [WARNING] The resource https://cdn.converteai.net/8961d838-aff2-4dce-9b39-e84022d332ce/6a52f890d71bd640bbb2a65d/main.m3u8 was preloaded using link preload but not used within a few seconds from the window's load event. Please make sure it has an appropriate `as` value and it is preloaded intentionally. @ http://localhost:8848/quiz2.html:0
[68184170ms] [WARNING] The resource https://cdn.converteai.net/8961d838-aff2-4dce-9b39-e84022d332ce/6a52fa0e3d8ea0afcdc8b377/main.m3u8 was preloaded using link preload but not used within a few seconds from the window's load event. Please make sure it has an appropriate `as` value and it is preloaded intentionally. @ http://localhost:8848/quiz2.html:0
[68185276ms] [ERROR] Failed to load resource: net::ERR_INTERNET_DISCONNECTED @ https://a.vturb.com/x:0
[68185277ms] [ERROR] [31m[ERROR]:[0m Analytics Services - Hermes: Failed to fetch @ https://scripts.converteai.net/lib/js/smartplayer-wc/v4/smartplayer.js:1
[68185277ms] [ERROR] Failed to load resource: net::ERR_INTERNET_DISCONNECTED @ https://a.vturb.com/x:0
[68185278ms] [ERROR] [31m[ERROR]:[0m Analytics Services - Hermes: Failed to fetch @ https://scripts.converteai.net/lib/js/smartplayer-wc/v4/smartplayer.js:1
[68185281ms] [ERROR] Failed to load resource: net::ERR_INTERNET_DISCONNECTED @ https://sentry.io/api/4509130195468288/envelope/:0
[68185281ms] [ERROR] Failed to load resource: net::ERR_INTERNET_DISCONNECTED @ https://sentry.io/api/4509130195468288/envelope/:0
[68185362ms] [ERROR] Failed to load resource: net::ERR_INTERNET_DISCONNECTED @ https://vt-h-1.b-cdn.net/x:0
[68185363ms] [ERROR] Failed to load resource: net::ERR_INTERNET_DISCONNECTED @ https://vt-h-1.b-cdn.net/x:0
[68185770ms] [ERROR] Failed to load resource: net::ERR_INTERNET_DISCONNECTED @ https://a.vturb.com/x:0
[68185771ms] [ERROR] [31m[ERROR]:[0m Analytics Services - Hermes: All Analytics URLs have failed @ https://scripts.converteai.net/lib/js/smartplayer-wc/v4/smartplayer.js:1
[68185771ms] [ERROR] Failed to load resource: net::ERR_INTERNET_DISCONNECTED @ https://a.vturb.com/x:0
[68185772ms] [ERROR] [31m[ERROR]:[0m Analytics Services - Hermes: All Analytics URLs have failed @ https://scripts.converteai.net/lib/js/smartplayer-wc/v4/smartplayer.js:1
[68185774ms] [ERROR] Failed to load resource: net::ERR_INTERNET_DISCONNECTED @ https://sentry.io/api/4509130195468288/envelope/:0
[68185775ms] [ERROR] Failed to load resource: net::ERR_INTERNET_DISCONNECTED @ https://sentry.io/api/4509130195468288/envelope/:0
[68185966ms] [ERROR] Failed to load resource: net::ERR_INTERNET_DISCONNECTED @ https://a.vturb.com/x:0
[68185967ms] [ERROR] [31m[ERROR]:[0m Analytics Services - Hermes: Failed to fetch @ https://scripts.converteai.net/lib/js/smartplayer-wc/v4/smartplayer.js:1
[68185968ms] [ERROR] Failed to load resource: net::ERR_INTERNET_DISCONNECTED @ https://a.vturb.com/x:0
[68185968ms] [ERROR] [31m[ERROR]:[0m Analytics Services - Hermes: Failed to fetch @ https://scripts.converteai.net/lib/js/smartplayer-wc/v4/smartplayer.js:1
[68185971ms] [ERROR] Failed to load resource: net::ERR_INTERNET_DISCONNECTED @ https://sentry.io/api/4509130195468288/envelope/:0
[68185971ms] [ERROR] Failed to load resource: net::ERR_INTERNET_DISCONNECTED @ https://sentry.io/api/4509130195468288/envelope/:0
[68186050ms] [ERROR] Failed to load resource: net::ERR_INTERNET_DISCONNECTED @ https://vt-h-1.b-cdn.net/x:0
[68186051ms] [ERROR] Failed to load resource: net::ERR_INTERNET_DISCONNECTED @ https://vt-h-1.b-cdn.net/x:0
[68186458ms] [ERROR] Failed to load resource: net::ERR_INTERNET_DISCONNECTED @ https://a.vturb.com/x:0
[68186459ms] [ERROR] [31m[ERROR]:[0m Analytics Services - Hermes: All Analytics URLs have failed @ https://scripts.converteai.net/lib/js/smartplayer-wc/v4/smartplayer.js:1
[68186460ms] [ERROR] Failed to load resource: net::ERR_INTERNET_DISCONNECTED @ https://a.vturb.com/x:0
[68186460ms] [ERROR] [31m[ERROR]:[0m Analytics Services - Hermes: All Analytics URLs have failed @ https://scripts.converteai.net/lib/js/smartplayer-wc/v4/smartplayer.js:1
[68186463ms] [ERROR] Failed to load resource: net::ERR_INTERNET_DISCONNECTED @ https://sentry.io/api/4509130195468288/envelope/:0
[68186463ms] [ERROR] Failed to load resource: net::ERR_INTERNET_DISCONNECTED @ https://sentry.io/api/4509130195468288/envelope/:0
[68186573ms] [ERROR] Failed to load resource: net::ERR_INTERNET_DISCONNECTED @ https://vt-h-1.b-cdn.net/x:0
[68186574ms] [ERROR] [31m[ERROR]:[0m Analytics Services - Hermes: Failed to fetch @ https://scripts.converteai.net/lib/js/smartplayer-wc/v4/smartplayer.js:1
[68186577ms] [ERROR] Failed to load resource: net::ERR_INTERNET_DISCONNECTED @ https://vt-h-1.b-cdn.net/x:0
[68186578ms] [ERROR] [31m[ERROR]:[0m Analytics Services - Hermes: Failed to fetch @ https://scripts.converteai.net/lib/js/smartplayer-wc/v4/smartplayer.js:1
[68186578ms] [ERROR] Failed to load resource: net::ERR_INTERNET_DISCONNECTED @ https://vt-h-1.b-cdn.net/x:0
[68186579ms] [ERROR] Failed to load resource: net::ERR_INTERNET_DISCONNECTED @ https://sentry.io/api/4509130195468288/envelope/:0
[68186579ms] [ERROR] Failed to load resource: net::ERR_INTERNET_DISCONNECTED @ https://sentry.io/api/4509130195468288/envelope/:0
[68186580ms] [ERROR] Failed to load resource: net::ERR_INTERNET_DISCONNECTED @ https://vt-h-1.b-cdn.net/x:0
[68186656ms] [ERROR] Failed to load resource: net::ERR_INTERNET_DISCONNECTED @ https://a.vturb.com/x:0
[68186656ms] [ERROR] [31m[ERROR]:[0m Analytics Services - Hermes: All Analytics URLs have failed @ https://scripts.converteai.net/lib/js/smartplayer-wc/v4/smartplayer.js:1
[68186656ms] [ERROR] Failed to load resource: net::ERR_INTERNET_DISCONNECTED @ https://a.vturb.com/x:0
[68186657ms] [ERROR] [31m[ERROR]:[0m Analytics Services - Hermes: All Analytics URLs have failed @ https://scripts.converteai.net/lib/js/smartplayer-wc/v4/smartplayer.js:1
[68186659ms] [ERROR] Failed to load resource: net::ERR_INTERNET_DISCONNECTED @ https://sentry.io/api/4509130195468288/envelope/:0
[68186660ms] [ERROR] Failed to load resource: net::ERR_INTERNET_DISCONNECTED @ https://sentry.io/api/4509130195468288/envelope/:0
[68187065ms] [ERROR] Failed to load resource: net::ERR_INTERNET_DISCONNECTED @ https://vt-h-1.b-cdn.net/x:0
[68187066ms] [ERROR] Failed to load resource: net::ERR_INTERNET_DISCONNECTED @ https://vt-h-1.b-cdn.net/x:0
[68187267ms] [ERROR] Failed to load resource: net::ERR_INTERNET_DISCONNECTED @ https://vt-h-1.b-cdn.net/x:0
[68187268ms] [ERROR] Failed to load resource: net::ERR_INTERNET_DISCONNECTED @ https://vt-h-1.b-cdn.net/x:0
[68187573ms] [ERROR] Failed to load resource: net::ERR_INTERNET_DISCONNECTED @ https://vt-h-1.b-cdn.net/x:0
[68187573ms] [ERROR] [31m[ERROR]:[0m Analytics Services - Hermes: Failed to fetch @ https://scripts.converteai.net/lib/js/smartplayer-wc/v4/smartplayer.js:1
[68187574ms] [ERROR] Failed to load resource: net::ERR_INTERNET_DISCONNECTED @ https://vt-h-1.b-cdn.net/x:0
[68187574ms] [ERROR] [31m[ERROR]:[0m Analytics Services - Hermes: Failed to fetch @ https://scripts.converteai.net/lib/js/smartplayer-wc/v4/smartplayer.js:1
[68187578ms] [ERROR] Failed to load resource: net::ERR_INTERNET_DISCONNECTED @ https://sentry.io/api/4509130195468288/envelope/:0
[68187578ms] [ERROR] Failed to load resource: net::ERR_INTERNET_DISCONNECTED @ https://sentry.io/api/4509130195468288/envelope/:0
[68187660ms] [ERROR] Failed to load resource: net::ERR_INTERNET_DISCONNECTED @ https://a.vturb.com/x:0
[68187661ms] [ERROR] [31m[ERROR]:[0m Analytics Services - Hermes: All Analytics URLs have failed @ https://scripts.converteai.net/lib/js/smartplayer-wc/v4/smartplayer.js:1
[68187662ms] [ERROR] Failed to load resource: net::ERR_INTERNET_DISCONNECTED @ https://a.vturb.com/x:0
[68187663ms] [ERROR] [31m[ERROR]:[0m Analytics Services - Hermes: All Analytics URLs have failed @ https://scripts.converteai.net/lib/js/smartplayer-wc/v4/smartplayer.js:1
[68187665ms] [ERROR] Failed to load resource: net::ERR_INTERNET_DISCONNECTED @ https://sentry.io/api/4509130195468288/envelope/:0
[68187665ms] [ERROR] Failed to load resource: net::ERR_INTERNET_DISCONNECTED @ https://sentry.io/api/4509130195468288/envelope/:0
[68187873ms] [ERROR] Failed to load resource: net::ERR_INTERNET_DISCONNECTED @ https://a.vturb.com/x:0
[68187874ms] [ERROR] [31m[ERROR]:[0m Analytics Services - Hermes: All Analytics URLs have failed @ https://scripts.converteai.net/lib/js/smartplayer-wc/v4/smartplayer.js:1
[68187874ms] [ERROR] Failed to load resource: net::ERR_INTERNET_DISCONNECTED @ https://a.vturb.com/x:0
[68187874ms] [ERROR] [31m[ERROR]:[0m Analytics Services - Hermes: All Analytics URLs have failed @ https://scripts.converteai.net/lib/js/smartplayer-wc/v4/smartplayer.js:1
[68187878ms] [ERROR] Failed to load resource: net::ERR_INTERNET_DISCONNECTED @ https://sentry.io/api/4509130195468288/envelope/:0
[68187878ms] [ERROR] Failed to load resource: net::ERR_INTERNET_DISCONNECTED @ https://sentry.io/api/4509130195468288/envelope/:0
[68188068ms] [ERROR] Failed to load resource: net::ERR_INTERNET_DISCONNECTED @ https://vt-h-1.b-cdn.net/x:0
[68188069ms] [ERROR] Failed to load resource: net::ERR_INTERNET_DISCONNECTED @ https://vt-h-1.b-cdn.net/x:0
[68188185ms] [ERROR] Failed to load resource: net::ERR_INTERNET_DISCONNECTED @ https://a.vturb.com/x:0
[68188186ms] [ERROR] [31m[ERROR]:[0m Analytics Services - Hermes: All Analytics URLs have failed @ https://scripts.converteai.net/lib/js/smartplayer-wc/v4/smartplayer.js:1
[68188187ms] [ERROR] Failed to load resource: net::ERR_INTERNET_DISCONNECTED @ https://a.vturb.com/x:0
[68188187ms] [ERROR] [31m[ERROR]:[0m Analytics Services - Hermes: All Analytics URLs have failed @ https://scripts.converteai.net/lib/js/smartplayer-wc/v4/smartplayer.js:1
[68188190ms] [ERROR] Failed to load resource: net::ERR_INTERNET_DISCONNECTED @ https://sentry.io/api/4509130195468288/envelope/:0
[68188190ms] [ERROR] Failed to load resource: net::ERR_INTERNET_DISCONNECTED @ https://sentry.io/api/4509130195468288/envelope/:0
[68188876ms] [ERROR] Failed to load resource: net::ERR_INTERNET_DISCONNECTED @ https://a.vturb.com/x:0
[68188877ms] [ERROR] [31m[ERROR]:[0m Analytics Services - Hermes: All Analytics URLs have failed @ https://scripts.converteai.net/lib/js/smartplayer-wc/v4/smartplayer.js:1
[68188878ms] [ERROR] Failed to load resource: net::ERR_INTERNET_DISCONNECTED @ https://a.vturb.com/x:0
[68188878ms] [ERROR] [31m[ERROR]:[0m Analytics Services - Hermes: All Analytics URLs have failed @ https://scripts.converteai.net/lib/js/smartplayer-wc/v4/smartplayer.js:1
[68188878ms] [ERROR] Failed to load resource: net::ERR_INTERNET_DISCONNECTED @ https://a.vturb.com/x:0
[68188879ms] [ERROR] [31m[ERROR]:[0m Analytics Services - Hermes: All Analytics URLs have failed @ https://scripts.converteai.net/lib/js/smartplayer-wc/v4/smartplayer.js:1
[68188879ms] [ERROR] Failed to load resource: net::ERR_INTERNET_DISCONNECTED @ https://a.vturb.com/x:0
[68188880ms] [ERROR] [31m[ERROR]:[0m Analytics Services - Hermes: All Analytics URLs have failed @ https://scripts.converteai.net/lib/js/smartplayer-wc/v4/smartplayer.js:1
[68188882ms] [ERROR] Failed to load resource: net::ERR_INTERNET_DISCONNECTED @ https://sentry.io/api/4509130195468288/envelope/:0
[68188882ms] [ERROR] Failed to load resource: net::ERR_INTERNET_DISCONNECTED @ https://sentry.io/api/4509130195468288/envelope/:0
[68188882ms] [ERROR] Failed to load resource: net::ERR_INTERNET_DISCONNECTED @ https://sentry.io/api/4509130195468288/envelope/:0
[68188882ms] [ERROR] Failed to load resource: net::ERR_INTERNET_DISCONNECTED @ https://sentry.io/api/4509130195468288/envelope/:0
[68189482ms] [ERROR] Failed to load resource: net::ERR_INTERNET_DISCONNECTED @ https://vt-h-1.b-cdn.net/x:0
[68189483ms] [ERROR] Failed to load resource: net::ERR_INTERNET_DISCONNECTED @ https://vt-h-1.b-cdn.net/x:0
[68190487ms] [ERROR] Failed to load resource: net::ERR_INTERNET_DISCONNECTED @ https://vt-h-1.b-cdn.net/x:0
[68190489ms] [ERROR] Failed to load resource: net::ERR_INTERNET_DISCONNECTED @ https://vt-h-1.b-cdn.net/x:0
[68191395ms] [ERROR] Failed to load resource: net::ERR_INTERNET_DISCONNECTED @ https://vt-h-1.b-cdn.net/x:0
[68191396ms] [ERROR] Failed to load resource: net::ERR_INTERNET_DISCONNECTED @ https://vt-h-1.b-cdn.net/x:0
[68192086ms] [ERROR] Failed to load resource: net::ERR_INTERNET_DISCONNECTED @ https://vt-h-1.b-cdn.net/x:0
[68192086ms] [ERROR] Failed to load resource: net::ERR_INTERNET_DISCONNECTED @ https://vt-h-1.b-cdn.net/x:0
[68192690ms] [ERROR] Failed to load resource: net::ERR_INTERNET_DISCONNECTED @ https://a.vturb.com/x:0
[68192691ms] [ERROR] [31m[ERROR]:[0m Analytics Services - Hermes: All Analytics URLs have failed @ https://scripts.converteai.net/lib/js/smartplayer-wc/v4/smartplayer.js:1
[68192691ms] [ERROR] Failed to load resource: net::ERR_INTERNET_DISCONNECTED @ https://a.vturb.com/x:0
[68192692ms] [ERROR] [31m[ERROR]:[0m Analytics Services - Hermes: All Analytics URLs have failed @ https://scripts.converteai.net/lib/js/smartplayer-wc/v4/smartplayer.js:1
[68192695ms] [ERROR] Failed to load resource: net::ERR_INTERNET_DISCONNECTED @ https://sentry.io/api/4509130195468288/envelope/:0
[68192695ms] [ERROR] Failed to load resource: net::ERR_INTERNET_DISCONNECTED @ https://sentry.io/api/4509130195468288/envelope/:0
[68193699ms] [ERROR] Failed to load resource: net::ERR_INTERNET_DISCONNECTED @ https://a.vturb.com/x:0
[68193700ms] [ERROR] [31m[ERROR]:[0m Analytics Services - Hermes: All Analytics URLs have failed @ https://scripts.converteai.net/lib/js/smartplayer-wc/v4/smartplayer.js:1
[68193700ms] [ERROR] Failed to load resource: net::ERR_INTERNET_DISCONNECTED @ https://a.vturb.com/x:0
[68193701ms] [ERROR] [31m[ERROR]:[0m Analytics Services - Hermes: All Analytics URLs have failed @ https://scripts.converteai.net/lib/js/smartplayer-wc/v4/smartplayer.js:1
[68193703ms] [ERROR] Failed to load resource: net::ERR_INTERNET_DISCONNECTED @ https://sentry.io/api/4509130195468288/envelope/:0
[68193704ms] [ERROR] Failed to load resource: net::ERR_INTERNET_DISCONNECTED @ https://sentry.io/api/4509130195468288/envelope/:0
[68196706ms] [WARNING] The resource https://cdn.converteai.net/8961d838-aff2-4dce-9b39-e84022d332ce/6a52f890d71bd640bbb2a65d/main.m3u8 was preloaded using link preload but not used within a few seconds from the window's load event. Please make sure it has an appropriate `as` value and it is preloaded intentionally. @ http://localhost:8848/quiz2.html:0
[68196707ms] [WARNING] The resource https://cdn.converteai.net/8961d838-aff2-4dce-9b39-e84022d332ce/6a52fa0e3d8ea0afcdc8b377/main.m3u8 was preloaded using link preload but not used within a few seconds from the window's load event. Please make sure it has an appropriate `as` value and it is preloaded intentionally. @ http://localhost:8848/quiz2.html:0
[68197803ms] [ERROR] Failed to load resource: net::ERR_INTERNET_DISCONNECTED @ https://a.vturb.com/x:0
[68197804ms] [ERROR] [31m[ERROR]:[0m Analytics Services - Hermes: Failed to fetch @ https://scripts.converteai.net/lib/js/smartplayer-wc/v4/smartplayer.js:1
[68197804ms] [ERROR] Failed to load resource: net::ERR_INTERNET_DISCONNECTED @ https://a.vturb.com/x:0
[68197805ms] [ERROR] [31m[ERROR]:[0m Analytics Services - Hermes: Failed to fetch @ https://scripts.converteai.net/lib/js/smartplayer-wc/v4/smartplayer.js:1
[68197807ms] [ERROR] Failed to load resource: net::ERR_INTERNET_DISCONNECTED @ https://sentry.io/api/4509130195468288/envelope/:0
[68197807ms] [ERROR] Failed to load resource: net::ERR_INTERNET_DISCONNECTED @ https://sentry.io/api/4509130195468288/envelope/:0
[68197888ms] [ERROR] Failed to load resource: net::ERR_INTERNET_DISCONNECTED @ https://vt-h-1.b-cdn.net/x:0
[68197889ms] [ERROR] Failed to load resource: net::ERR_INTERNET_DISCONNECTED @ https://vt-h-1.b-cdn.net/x:0
[68198297ms] [ERROR] Failed to load resource: net::ERR_INTERNET_DISCONNECTED @ https://a.vturb.com/x:0
[68198298ms] [ERROR] [31m[ERROR]:[0m Analytics Services - Hermes: All Analytics URLs have failed @ https://scripts.converteai.net/lib/js/smartplayer-wc/v4/smartplayer.js:1
[68198299ms] [ERROR] Failed to load resource: net::ERR_INTERNET_DISCONNECTED @ https://a.vturb.com/x:0
[68198299ms] [ERROR] [31m[ERROR]:[0m Analytics Services - Hermes: All Analytics URLs have failed @ https://scripts.converteai.net/lib/js/smartplayer-wc/v4/smartplayer.js:1
[68198302ms] [ERROR] Failed to load resource: net::ERR_INTERNET_DISCONNECTED @ https://sentry.io/api/4509130195468288/envelope/:0
[68198302ms] [ERROR] Failed to load resource: net::ERR_INTERNET_DISCONNECTED @ https://sentry.io/api/4509130195468288/envelope/:0
[68198495ms] [ERROR] Failed to load resource: net::ERR_INTERNET_DISCONNECTED @ https://a.vturb.com/x:0
[68198496ms] [ERROR] [31m[ERROR]:[0m Analytics Services - Hermes: Failed to fetch @ https://scripts.converteai.net/lib/js/smartplayer-wc/v4/smartplayer.js:1
[68198496ms] [ERROR] Failed to load resource: net::ERR_INTERNET_DISCONNECTED @ https://a.vturb.com/x:0
[68198496ms] [ERROR] [31m[ERROR]:[0m Analytics Services - Hermes: Failed to fetch @ https://scripts.converteai.net/lib/js/smartplayer-wc/v4/smartplayer.js:1
[68198499ms] [ERROR] Failed to load resource: net::ERR_INTERNET_DISCONNECTED @ https://sentry.io/api/4509130195468288/envelope/:0
[68198499ms] [ERROR] Failed to load resource: net::ERR_INTERNET_DISCONNECTED @ https://sentry.io/api/4509130195468288/envelope/:0
[68198579ms] [ERROR] Failed to load resource: net::ERR_INTERNET_DISCONNECTED @ https://vt-h-1.b-cdn.net/x:0
[68198580ms] [ERROR] Failed to load resource: net::ERR_INTERNET_DISCONNECTED @ https://vt-h-1.b-cdn.net/x:0
[68198989ms] [ERROR] Failed to load resource: net::ERR_INTERNET_DISCONNECTED @ https://a.vturb.com/x:0
[68198990ms] [ERROR] [31m[ERROR]:[0m Analytics Services - Hermes: All Analytics URLs have failed @ https://scripts.converteai.net/lib/js/smartplayer-wc/v4/smartplayer.js:1
[68198990ms] [ERROR] Failed to load resource: net::ERR_INTERNET_DISCONNECTED @ https://a.vturb.com/x:0
[68198990ms] [ERROR] [31m[ERROR]:[0m Analytics Services - Hermes: All Analytics URLs have failed @ https://scripts.converteai.net/lib/js/smartplayer-wc/v4/smartplayer.js:1
[68198993ms] [ERROR] Failed to load resource: net::ERR_INTERNET_DISCONNECTED @ https://sentry.io/api/4509130195468288/envelope/:0
[68198993ms] [ERROR] Failed to load resource: net::ERR_INTERNET_DISCONNECTED @ https://sentry.io/api/4509130195468288/envelope/:0
[68199098ms] [ERROR] Failed to load resource: net::ERR_INTERNET_DISCONNECTED @ https://vt-h-1.b-cdn.net/x:0
[68199099ms] [ERROR] [31m[ERROR]:[0m Analytics Services - Hermes: Failed to fetch @ https://scripts.converteai.net/lib/js/smartplayer-wc/v4/smartplayer.js:1
[68199100ms] [ERROR] Failed to load resource: net::ERR_INTERNET_DISCONNECTED @ https://vt-h-1.b-cdn.net/x:0
[68199100ms] [ERROR] [31m[ERROR]:[0m Analytics Services - Hermes: Failed to fetch @ https://scripts.converteai.net/lib/js/smartplayer-wc/v4/smartplayer.js:1
[68199103ms] [ERROR] Failed to load resource: net::ERR_INTERNET_DISCONNECTED @ https://vt-h-1.b-cdn.net/x:0
[68199104ms] [ERROR] Failed to load resource: net::ERR_INTERNET_DISCONNECTED @ https://sentry.io/api/4509130195468288/envelope/:0
[68199104ms] [ERROR] Failed to load resource: net::ERR_INTERNET_DISCONNECTED @ https://vt-h-1.b-cdn.net/x:0
[68199105ms] [ERROR] Failed to load resource: net::ERR_INTERNET_DISCONNECTED @ https://sentry.io/api/4509130195468288/envelope/:0
[68199180ms] [ERROR] Failed to load resource: net::ERR_INTERNET_DISCONNECTED @ https://a.vturb.com/x:0
[68199180ms] [ERROR] [31m[ERROR]:[0m Analytics Services - Hermes: All Analytics URLs have failed @ https://scripts.converteai.net/lib/js/smartplayer-wc/v4/smartplayer.js:1
[68199180ms] [ERROR] Failed to load resource: net::ERR_INTERNET_DISCONNECTED @ https://a.vturb.com/x:0
[68199180ms] [ERROR] [31m[ERROR]:[0m Analytics Services - Hermes: All Analytics URLs have failed @ https://scripts.converteai.net/lib/js/smartplayer-wc/v4/smartplayer.js:1
[68199183ms] [ERROR] Failed to load resource: net::ERR_INTERNET_DISCONNECTED @ https://sentry.io/api/4509130195468288/envelope/:0
[68199183ms] [ERROR] Failed to load resource: net::ERR_INTERNET_DISCONNECTED @ https://sentry.io/api/4509130195468288/envelope/:0
[68199587ms] [ERROR] Failed to load resource: net::ERR_INTERNET_DISCONNECTED @ https://vt-h-1.b-cdn.net/x:0
[68199588ms] [ERROR] Failed to load resource: net::ERR_INTERNET_DISCONNECTED @ https://vt-h-1.b-cdn.net/x:0
[68199796ms] [ERROR] Failed to load resource: net::ERR_INTERNET_DISCONNECTED @ https://vt-h-1.b-cdn.net/x:0
[68199797ms] [ERROR] Failed to load resource: net::ERR_INTERNET_DISCONNECTED @ https://vt-h-1.b-cdn.net/x:0
[68200108ms] [ERROR] Failed to load resource: net::ERR_INTERNET_DISCONNECTED @ https://vt-h-1.b-cdn.net/x:0
[68200109ms] [ERROR] [31m[ERROR]:[0m Analytics Services - Hermes: Failed to fetch @ https://scripts.converteai.net/lib/js/smartplayer-wc/v4/smartplayer.js:1
[68200110ms] [ERROR] Failed to load resource: net::ERR_INTERNET_DISCONNECTED @ https://vt-h-1.b-cdn.net/x:0
[68200111ms] [ERROR] [31m[ERROR]:[0m Analytics Services - Hermes: Failed to fetch @ https://scripts.converteai.net/lib/js/smartplayer-wc/v4/smartplayer.js:1
[68200113ms] [ERROR] Failed to load resource: net::ERR_INTERNET_DISCONNECTED @ https://sentry.io/api/4509130195468288/envelope/:0
[68200113ms] [ERROR] Failed to load resource: net::ERR_INTERNET_DISCONNECTED @ https://sentry.io/api/4509130195468288/envelope/:0
[68200194ms] [ERROR] Failed to load resource: net::ERR_INTERNET_DISCONNECTED @ https://a.vturb.com/x:0
[68200195ms] [ERROR] [31m[ERROR]:[0m Analytics Services - Hermes: All Analytics URLs have failed @ https://scripts.converteai.net/lib/js/smartplayer-wc/v4/smartplayer.js:1
[68200195ms] [ERROR] Failed to load resource: net::ERR_INTERNET_DISCONNECTED @ https://a.vturb.com/x:0
[68200195ms] [ERROR] [31m[ERROR]:[0m Analytics Services - Hermes: All Analytics URLs have failed @ https://scripts.converteai.net/lib/js/smartplayer-wc/v4/smartplayer.js:1
[68200198ms] [ERROR] Failed to load resource: net::ERR_INTERNET_DISCONNECTED @ https://sentry.io/api/4509130195468288/envelope/:0
[68200198ms] [ERROR] Failed to load resource: net::ERR_INTERNET_DISCONNECTED @ https://sentry.io/api/4509130195468288/envelope/:0
[68200395ms] [ERROR] Failed to load resource: net::ERR_INTERNET_DISCONNECTED @ https://a.vturb.com/x:0
[68200396ms] [ERROR] [31m[ERROR]:[0m Analytics Services - Hermes: All Analytics URLs have failed @ https://scripts.converteai.net/lib/js/smartplayer-wc/v4/smartplayer.js:1
[68200396ms] [ERROR] Failed to load resource: net::ERR_INTERNET_DISCONNECTED @ https://a.vturb.com/x:0
[68200396ms] [ERROR] [31m[ERROR]:[0m Analytics Services - Hermes: All Analytics URLs have failed @ https://scripts.converteai.net/lib/js/smartplayer-wc/v4/smartplayer.js:1
[68200399ms] [ERROR] Failed to load resource: net::ERR_INTERNET_DISCONNECTED @ https://sentry.io/api/4509130195468288/envelope/:0
[68200399ms] [ERROR] Failed to load resource: net::ERR_INTERNET_DISCONNECTED @ https://sentry.io/api/4509130195468288/envelope/:0
[68200602ms] [ERROR] Failed to load resource: net::ERR_INTERNET_DISCONNECTED @ https://vt-h-1.b-cdn.net/x:0
[68200603ms] [ERROR] Failed to load resource: net::ERR_INTERNET_DISCONNECTED @ https://vt-h-1.b-cdn.net/x:0
[68200710ms] [ERROR] Failed to load resource: net::ERR_INTERNET_DISCONNECTED @ https://a.vturb.com/x:0
[68200711ms] [ERROR] [31m[ERROR]:[0m Analytics Services - Hermes: All Analytics URLs have failed @ https://scripts.converteai.net/lib/js/smartplayer-wc/v4/smartplayer.js:1
[68200711ms] [ERROR] Failed to load resource: net::ERR_INTERNET_DISCONNECTED @ https://a.vturb.com/x:0
[68200712ms] [ERROR] [31m[ERROR]:[0m Analytics Services - Hermes: All Analytics URLs have failed @ https://scripts.converteai.net/lib/js/smartplayer-wc/v4/smartplayer.js:1
[68200714ms] [ERROR] Failed to load resource: net::ERR_INTERNET_DISCONNECTED @ https://sentry.io/api/4509130195468288/envelope/:0
[68200714ms] [ERROR] Failed to load resource: net::ERR_INTERNET_DISCONNECTED @ https://sentry.io/api/4509130195468288/envelope/:0
[68201406ms] [ERROR] Failed to load resource: net::ERR_INTERNET_DISCONNECTED @ https://a.vturb.com/x:0
[68201406ms] [ERROR] [31m[ERROR]:[0m Analytics Services - Hermes: All Analytics URLs have failed @ https://scripts.converteai.net/lib/js/smartplayer-wc/v4/smartplayer.js:1
[68201407ms] [ERROR] Failed to load resource: net::ERR_INTERNET_DISCONNECTED @ https://a.vturb.com/x:0
[68201407ms] [ERROR] [31m[ERROR]:[0m Analytics Services - Hermes: All Analytics URLs have failed @ https://scripts.converteai.net/lib/js/smartplayer-wc/v4/smartplayer.js:1
[68201408ms] [ERROR] Failed to load resource: net::ERR_INTERNET_DISCONNECTED @ https://a.vturb.com/x:0
[68201408ms] [ERROR] [31m[ERROR]:[0m Analytics Services - Hermes: All Analytics URLs have failed @ https://scripts.converteai.net/lib/js/smartplayer-wc/v4/smartplayer.js:1
[68201408ms] [ERROR] Failed to load resource: net::ERR_INTERNET_DISCONNECTED @ https://a.vturb.com/x:0
[68201409ms] [ERROR] [31m[ERROR]:[0m Analytics Services - Hermes: All Analytics URLs have failed @ https://scripts.converteai.net/lib/js/smartplayer-wc/v4/smartplayer.js:1
[68201412ms] [ERROR] Failed to load resource: net::ERR_INTERNET_DISCONNECTED @ https://sentry.io/api/4509130195468288/envelope/:0
[68201412ms] [ERROR] Failed to load resource: net::ERR_INTERNET_DISCONNECTED @ https://sentry.io/api/4509130195468288/envelope/:0
[68201413ms] [ERROR] Failed to load resource: net::ERR_INTERNET_DISCONNECTED @ https://sentry.io/api/4509130195468288/envelope/:0
[68201413ms] [ERROR] Failed to load resource: net::ERR_INTERNET_DISCONNECTED @ https://sentry.io/api/4509130195468288/envelope/:0
[68202001ms] [ERROR] Failed to load resource: net::ERR_INTERNET_DISCONNECTED @ https://vt-h-1.b-cdn.net/x:0
[68202002ms] [ERROR] Failed to load resource: net::ERR_INTERNET_DISCONNECTED @ https://vt-h-1.b-cdn.net/x:0
[68203012ms] [ERROR] Failed to load resource: net::ERR_INTERNET_DISCONNECTED @ https://vt-h-1.b-cdn.net/x:0
[68203013ms] [ERROR] Failed to load resource: net::ERR_INTERNET_DISCONNECTED @ https://vt-h-1.b-cdn.net/x:0
[69109264ms] [ERROR] Failed to load resource: net::ERR_INTERNET_DISCONNECTED @ https://vt-h-1.b-cdn.net/x:0
[69109265ms] [ERROR] Failed to load resource: net::ERR_INTERNET_DISCONNECTED @ https://vt-h-1.b-cdn.net/x:0
[69109961ms] [ERROR] Failed to load resource: net::ERR_INTERNET_DISCONNECTED @ https://vt-h-1.b-cdn.net/x:0
[69109962ms] [ERROR] Failed to load resource: net::ERR_INTERNET_DISCONNECTED @ https://vt-h-1.b-cdn.net/x:0
[69110557ms] [ERROR] Failed to load resource: net::ERR_INTERNET_DISCONNECTED @ https://a.vturb.com/x:0
[69110559ms] [ERROR] [31m[ERROR]:[0m Analytics Services - Hermes: All Analytics URLs have failed @ https://scripts.converteai.net/lib/js/smartplayer-wc/v4/smartplayer.js:1
[69110559ms] [ERROR] Failed to load resource: net::ERR_INTERNET_DISCONNECTED @ https://a.vturb.com/x:0
[69110560ms] [ERROR] [31m[ERROR]:[0m Analytics Services - Hermes: All Analytics URLs have failed @ https://scripts.converteai.net/lib/js/smartplayer-wc/v4/smartplayer.js:1
[69110562ms] [ERROR] Failed to load resource: net::ERR_INTERNET_DISCONNECTED @ https://sentry.io/api/4509130195468288/envelope/:0
[69110562ms] [ERROR] Failed to load resource: net::ERR_INTERNET_DISCONNECTED @ https://sentry.io/api/4509130195468288/envelope/:0
[69111574ms] [ERROR] Failed to load resource: net::ERR_INTERNET_DISCONNECTED @ https://a.vturb.com/x:0
[69111575ms] [ERROR] [31m[ERROR]:[0m Analytics Services - Hermes: All Analytics URLs have failed @ https://scripts.converteai.net/lib/js/smartplayer-wc/v4/smartplayer.js:1
[69111575ms] [ERROR] Failed to load resource: net::ERR_INTERNET_DISCONNECTED @ https://a.vturb.com/x:0
[69111576ms] [ERROR] [31m[ERROR]:[0m Analytics Services - Hermes: All Analytics URLs have failed @ https://scripts.converteai.net/lib/js/smartplayer-wc/v4/smartplayer.js:1
[69111578ms] [ERROR] Failed to load resource: net::ERR_INTERNET_DISCONNECTED @ https://sentry.io/api/4509130195468288/envelope/:0
[69111578ms] [ERROR] Failed to load resource: net::ERR_INTERNET_DISCONNECTED @ https://sentry.io/api/4509130195468288/envelope/:0
[71305370ms] [WARNING] The resource https://cdn.converteai.net/8961d838-aff2-4dce-9b39-e84022d332ce/6a52f890d71bd640bbb2a65d/main.m3u8 was preloaded using link preload but not used within a few seconds from the window's load event. Please make sure it has an appropriate `as` value and it is preloaded intentionally. @ http://localhost:8848/quiz2.html:0
[71305370ms] [WARNING] The resource https://cdn.converteai.net/8961d838-aff2-4dce-9b39-e84022d332ce/6a52fa0e3d8ea0afcdc8b377/main.m3u8 was preloaded using link preload but not used within a few seconds from the window's load event. Please make sure it has an appropriate `as` value and it is preloaded intentionally. @ http://localhost:8848/quiz2.html:0
[71306466ms] [ERROR] Failed to load resource: net::ERR_INTERNET_DISCONNECTED @ https://a.vturb.com/x:0
[71306467ms] [ERROR] [31m[ERROR]:[0m Analytics Services - Hermes: Failed to fetch @ https://scripts.converteai.net/lib/js/smartplayer-wc/v4/smartplayer.js:1
[71306468ms] [ERROR] Failed to load resource: net::ERR_INTERNET_DISCONNECTED @ https://a.vturb.com/x:0
[71306468ms] [ERROR] [31m[ERROR]:[0m Analytics Services - Hermes: Failed to fetch @ https://scripts.converteai.net/lib/js/smartplayer-wc/v4/smartplayer.js:1
[71306473ms] [ERROR] Failed to load resource: net::ERR_INTERNET_DISCONNECTED @ https://sentry.io/api/4509130195468288/envelope/:0
[71306473ms] [ERROR] Failed to load resource: net::ERR_INTERNET_DISCONNECTED @ https://sentry.io/api/4509130195468288/envelope/:0
[71306553ms] [ERROR] Failed to load resource: net::ERR_INTERNET_DISCONNECTED @ https://vt-h-1.b-cdn.net/x:0
[71306554ms] [ERROR] Failed to load resource: net::ERR_INTERNET_DISCONNECTED @ https://vt-h-1.b-cdn.net/x:0
[71306964ms] [ERROR] Failed to load resource: net::ERR_INTERNET_DISCONNECTED @ https://a.vturb.com/x:0
[71306965ms] [ERROR] [31m[ERROR]:[0m Analytics Services - Hermes: All Analytics URLs have failed @ https://scripts.converteai.net/lib/js/smartplayer-wc/v4/smartplayer.js:1
[71306965ms] [ERROR] Failed to load resource: net::ERR_INTERNET_DISCONNECTED @ https://a.vturb.com/x:0
[71306966ms] [ERROR] [31m[ERROR]:[0m Analytics Services - Hermes: All Analytics URLs have failed @ https://scripts.converteai.net/lib/js/smartplayer-wc/v4/smartplayer.js:1
[71306969ms] [ERROR] Failed to load resource: net::ERR_INTERNET_DISCONNECTED @ https://sentry.io/api/4509130195468288/envelope/:0
[71306969ms] [ERROR] Failed to load resource: net::ERR_INTERNET_DISCONNECTED @ https://sentry.io/api/4509130195468288/envelope/:0
[71307157ms] [ERROR] Failed to load resource: net::ERR_INTERNET_DISCONNECTED @ https://a.vturb.com/x:0
[71307158ms] [ERROR] [31m[ERROR]:[0m Analytics Services - Hermes: Failed to fetch @ https://scripts.converteai.net/lib/js/smartplayer-wc/v4/smartplayer.js:1
[71307158ms] [ERROR] Failed to load resource: net::ERR_INTERNET_DISCONNECTED @ https://a.vturb.com/x:0
[71307158ms] [ERROR] [31m[ERROR]:[0m Analytics Services - Hermes: Failed to fetch @ https://scripts.converteai.net/lib/js/smartplayer-wc/v4/smartplayer.js:1
[71307160ms] [ERROR] Failed to load resource: net::ERR_INTERNET_DISCONNECTED @ https://sentry.io/api/4509130195468288/envelope/:0
[71307160ms] [ERROR] Failed to load resource: net::ERR_INTERNET_DISCONNECTED @ https://sentry.io/api/4509130195468288/envelope/:0
[71307242ms] [ERROR] Failed to load resource: net::ERR_INTERNET_DISCONNECTED @ https://vt-h-1.b-cdn.net/x:0
[71307243ms] [ERROR] Failed to load resource: net::ERR_INTERNET_DISCONNECTED @ https://vt-h-1.b-cdn.net/x:0
[71307650ms] [ERROR] Failed to load resource: net::ERR_INTERNET_DISCONNECTED @ https://a.vturb.com/x:0
[71307651ms] [ERROR] [31m[ERROR]:[0m Analytics Services - Hermes: All Analytics URLs have failed @ https://scripts.converteai.net/lib/js/smartplayer-wc/v4/smartplayer.js:1
[71307652ms] [ERROR] Failed to load resource: net::ERR_INTERNET_DISCONNECTED @ https://a.vturb.com/x:0
[71307652ms] [ERROR] [31m[ERROR]:[0m Analytics Services - Hermes: All Analytics URLs have failed @ https://scripts.converteai.net/lib/js/smartplayer-wc/v4/smartplayer.js:1
[71307655ms] [ERROR] Failed to load resource: net::ERR_INTERNET_DISCONNECTED @ https://sentry.io/api/4509130195468288/envelope/:0
[71307655ms] [ERROR] Failed to load resource: net::ERR_INTERNET_DISCONNECTED @ https://sentry.io/api/4509130195468288/envelope/:0
[71307757ms] [ERROR] Failed to load resource: net::ERR_INTERNET_DISCONNECTED @ https://vt-h-1.b-cdn.net/x:0
[71307758ms] [ERROR] [31m[ERROR]:[0m Analytics Services - Hermes: Failed to fetch @ https://scripts.converteai.net/lib/js/smartplayer-wc/v4/smartplayer.js:1
[71307758ms] [ERROR] Failed to load resource: net::ERR_INTERNET_DISCONNECTED @ https://vt-h-1.b-cdn.net/x:0
[71307759ms] [ERROR] [31m[ERROR]:[0m Analytics Services - Hermes: Failed to fetch @ https://scripts.converteai.net/lib/js/smartplayer-wc/v4/smartplayer.js:1
[71307763ms] [ERROR] Failed to load resource: net::ERR_INTERNET_DISCONNECTED @ https://sentry.io/api/4509130195468288/envelope/:0
[71307763ms] [ERROR] Failed to load resource: net::ERR_INTERNET_DISCONNECTED @ https://sentry.io/api/4509130195468288/envelope/:0
[71307771ms] [ERROR] Failed to load resource: net::ERR_INTERNET_DISCONNECTED @ https://vt-h-1.b-cdn.net/x:0
[71307772ms] [ERROR] Failed to load resource: net::ERR_INTERNET_DISCONNECTED @ https://vt-h-1.b-cdn.net/x:0
[71307841ms] [ERROR] Failed to load resource: net::ERR_INTERNET_DISCONNECTED @ https://a.vturb.com/x:0
[71307842ms] [ERROR] [31m[ERROR]:[0m Analytics Services - Hermes: All Analytics URLs have failed @ https://scripts.converteai.net/lib/js/smartplayer-wc/v4/smartplayer.js:1
[71307843ms] [ERROR] Failed to load resource: net::ERR_INTERNET_DISCONNECTED @ https://a.vturb.com/x:0
[71307843ms] [ERROR] [31m[ERROR]:[0m Analytics Services - Hermes: All Analytics URLs have failed @ https://scripts.converteai.net/lib/js/smartplayer-wc/v4/smartplayer.js:1
[71307847ms] [ERROR] Failed to load resource: net::ERR_INTERNET_DISCONNECTED @ https://sentry.io/api/4509130195468288/envelope/:0
[71307847ms] [ERROR] Failed to load resource: net::ERR_INTERNET_DISCONNECTED @ https://sentry.io/api/4509130195468288/envelope/:0
[71308252ms] [ERROR] Failed to load resource: net::ERR_INTERNET_DISCONNECTED @ https://vt-h-1.b-cdn.net/x:0
[71308254ms] [ERROR] Failed to load resource: net::ERR_INTERNET_DISCONNECTED @ https://vt-h-1.b-cdn.net/x:0
[71308460ms] [ERROR] Failed to load resource: net::ERR_INTERNET_DISCONNECTED @ https://vt-h-1.b-cdn.net/x:0
[71308462ms] [ERROR] Failed to load resource: net::ERR_INTERNET_DISCONNECTED @ https://vt-h-1.b-cdn.net/x:0
[71308772ms] [ERROR] Failed to load resource: net::ERR_INTERNET_DISCONNECTED @ https://vt-h-1.b-cdn.net/x:0
[71308773ms] [ERROR] [31m[ERROR]:[0m Analytics Services - Hermes: Failed to fetch @ https://scripts.converteai.net/lib/js/smartplayer-wc/v4/smartplayer.js:1
[71308773ms] [ERROR] Failed to load resource: net::ERR_INTERNET_DISCONNECTED @ https://vt-h-1.b-cdn.net/x:0
[71308774ms] [ERROR] [31m[ERROR]:[0m Analytics Services - Hermes: Failed to fetch @ https://scripts.converteai.net/lib/js/smartplayer-wc/v4/smartplayer.js:1
[71308776ms] [ERROR] Failed to load resource: net::ERR_INTERNET_DISCONNECTED @ https://sentry.io/api/4509130195468288/envelope/:0
[71308777ms] [ERROR] Failed to load resource: net::ERR_INTERNET_DISCONNECTED @ https://sentry.io/api/4509130195468288/envelope/:0
[71308856ms] [ERROR] Failed to load resource: net::ERR_INTERNET_DISCONNECTED @ https://a.vturb.com/x:0
[71308857ms] [ERROR] [31m[ERROR]:[0m Analytics Services - Hermes: All Analytics URLs have failed @ https://scripts.converteai.net/lib/js/smartplayer-wc/v4/smartplayer.js:1
[71308857ms] [ERROR] Failed to load resource: net::ERR_INTERNET_DISCONNECTED @ https://a.vturb.com/x:0
[71308858ms] [ERROR] [31m[ERROR]:[0m Analytics Services - Hermes: All Analytics URLs have failed @ https://scripts.converteai.net/lib/js/smartplayer-wc/v4/smartplayer.js:1
[71308860ms] [ERROR] Failed to load resource: net::ERR_INTERNET_DISCONNECTED @ https://sentry.io/api/4509130195468288/envelope/:0
[71308861ms] [ERROR] Failed to load resource: net::ERR_INTERNET_DISCONNECTED @ https://sentry.io/api/4509130195468288/envelope/:0
[71309060ms] [ERROR] Failed to load resource: net::ERR_INTERNET_DISCONNECTED @ https://a.vturb.com/x:0
[71309061ms] [ERROR] [31m[ERROR]:[0m Analytics Services - Hermes: All Analytics URLs have failed @ https://scripts.converteai.net/lib/js/smartplayer-wc/v4/smartplayer.js:1
[71309062ms] [ERROR] Failed to load resource: net::ERR_INTERNET_DISCONNECTED @ https://a.vturb.com/x:0
[71309062ms] [ERROR] [31m[ERROR]:[0m Analytics Services - Hermes: All Analytics URLs have failed @ https://scripts.converteai.net/lib/js/smartplayer-wc/v4/smartplayer.js:1
[71309068ms] [ERROR] Failed to load resource: net::ERR_INTERNET_DISCONNECTED @ https://sentry.io/api/4509130195468288/envelope/:0
[71309069ms] [ERROR] Failed to load resource: net::ERR_INTERNET_DISCONNECTED @ https://sentry.io/api/4509130195468288/envelope/:0
[71309267ms] [ERROR] Failed to load resource: net::ERR_INTERNET_DISCONNECTED @ https://vt-h-1.b-cdn.net/x:0
[71309268ms] [ERROR] Failed to load resource: net::ERR_INTERNET_DISCONNECTED @ https://vt-h-1.b-cdn.net/x:0
[71309377ms] [ERROR] Failed to load resource: net::ERR_INTERNET_DISCONNECTED @ https://a.vturb.com/x:0
[71309378ms] [ERROR] [31m[ERROR]:[0m Analytics Services - Hermes: All Analytics URLs have failed @ https://scripts.converteai.net/lib/js/smartplayer-wc/v4/smartplayer.js:1
[71309378ms] [ERROR] Failed to load resource: net::ERR_INTERNET_DISCONNECTED @ https://a.vturb.com/x:0
[71309379ms] [ERROR] [31m[ERROR]:[0m Analytics Services - Hermes: All Analytics URLs have failed @ https://scripts.converteai.net/lib/js/smartplayer-wc/v4/smartplayer.js:1
[71309381ms] [ERROR] Failed to load resource: net::ERR_INTERNET_DISCONNECTED @ https://sentry.io/api/4509130195468288/envelope/:0
[71309381ms] [ERROR] Failed to load resource: net::ERR_INTERNET_DISCONNECTED @ https://sentry.io/api/4509130195468288/envelope/:0
[71310067ms] [ERROR] Failed to load resource: net::ERR_INTERNET_DISCONNECTED @ https://a.vturb.com/x:0
[71310067ms] [ERROR] [31m[ERROR]:[0m Analytics Services - Hermes: All Analytics URLs have failed @ https://scripts.converteai.net/lib/js/smartplayer-wc/v4/smartplayer.js:1
[71310068ms] [ERROR] Failed to load resource: net::ERR_INTERNET_DISCONNECTED @ https://a.vturb.com/x:0
[71310068ms] [ERROR] [31m[ERROR]:[0m Analytics Services - Hermes: All Analytics URLs have failed @ https://scripts.converteai.net/lib/js/smartplayer-wc/v4/smartplayer.js:1
[71310072ms] [ERROR] Failed to load resource: net::ERR_INTERNET_DISCONNECTED @ https://a.vturb.com/x:0
[71310073ms] [ERROR] [31m[ERROR]:[0m Analytics Services - Hermes: All Analytics URLs have failed @ https://scripts.converteai.net/lib/js/smartplayer-wc/v4/smartplayer.js:1
[71310073ms] [ERROR] Failed to load resource: net::ERR_INTERNET_DISCONNECTED @ https://a.vturb.com/x:0
[71310073ms] [ERROR] [31m[ERROR]:[0m Analytics Services - Hermes: All Analytics URLs have failed @ https://scripts.converteai.net/lib/js/smartplayer-wc/v4/smartplayer.js:1
[71310074ms] [ERROR] Failed to load resource: net::ERR_INTERNET_DISCONNECTED @ https://sentry.io/api/4509130195468288/envelope/:0
[71310074ms] [ERROR] Failed to load resource: net::ERR_INTERNET_DISCONNECTED @ https://sentry.io/api/4509130195468288/envelope/:0
[71310076ms] [ERROR] Failed to load resource: net::ERR_INTERNET_DISCONNECTED @ https://sentry.io/api/4509130195468288/envelope/:0
[71310076ms] [ERROR] Failed to load resource: net::ERR_INTERNET_DISCONNECTED @ https://sentry.io/api/4509130195468288/envelope/:0
[71310666ms] [ERROR] Failed to load resource: net::ERR_INTERNET_DISCONNECTED @ https://vt-h-1.b-cdn.net/x:0
[71310666ms] [ERROR] Failed to load resource: net::ERR_INTERNET_DISCONNECTED @ https://vt-h-1.b-cdn.net/x:0
[71311682ms] [ERROR] Failed to load resource: net::ERR_INTERNET_DISCONNECTED @ https://vt-h-1.b-cdn.net/x:0
[71311683ms] [ERROR] Failed to load resource: net::ERR_INTERNET_DISCONNECTED @ https://vt-h-1.b-cdn.net/x:0
[71312585ms] [ERROR] Failed to load resource: net::ERR_INTERNET_DISCONNECTED @ https://vt-h-1.b-cdn.net/x:0
[71312586ms] [ERROR] Failed to load resource: net::ERR_INTERNET_DISCONNECTED @ https://vt-h-1.b-cdn.net/x:0
[71313275ms] [ERROR] Failed to load resource: net::ERR_INTERNET_DISCONNECTED @ https://vt-h-1.b-cdn.net/x:0
[71313276ms] [ERROR] Failed to load resource: net::ERR_INTERNET_DISCONNECTED @ https://vt-h-1.b-cdn.net/x:0
[71313874ms] [ERROR] Failed to load resource: net::ERR_INTERNET_DISCONNECTED @ https://a.vturb.com/x:0
[71313875ms] [ERROR] [31m[ERROR]:[0m Analytics Services - Hermes: All Analytics URLs have failed @ https://scripts.converteai.net/lib/js/smartplayer-wc/v4/smartplayer.js:1
[71313875ms] [ERROR] Failed to load resource: net::ERR_INTERNET_DISCONNECTED @ https://a.vturb.com/x:0
[71313876ms] [ERROR] [31m[ERROR]:[0m Analytics Services - Hermes: All Analytics URLs have failed @ https://scripts.converteai.net/lib/js/smartplayer-wc/v4/smartplayer.js:1
[71313879ms] [ERROR] Failed to load resource: net::ERR_INTERNET_DISCONNECTED @ https://sentry.io/api/4509130195468288/envelope/:0
[71313879ms] [ERROR] Failed to load resource: net::ERR_INTERNET_DISCONNECTED @ https://sentry.io/api/4509130195468288/envelope/:0
[71314891ms] [ERROR] Failed to load resource: net::ERR_INTERNET_DISCONNECTED @ https://a.vturb.com/x:0
[71314892ms] [ERROR] [31m[ERROR]:[0m Analytics Services - Hermes: All Analytics URLs have failed @ https://scripts.converteai.net/lib/js/smartplayer-wc/v4/smartplayer.js:1
[71314892ms] [ERROR] Failed to load resource: net::ERR_INTERNET_DISCONNECTED @ https://a.vturb.com/x:0
[71314892ms] [ERROR] [31m[ERROR]:[0m Analytics Services - Hermes: All Analytics URLs have failed @ https://scripts.converteai.net/lib/js/smartplayer-wc/v4/smartplayer.js:1
[71314896ms] [ERROR] Failed to load resource: net::ERR_INTERNET_DISCONNECTED @ https://sentry.io/api/4509130195468288/envelope/:0
[71314896ms] [ERROR] Failed to load resource: net::ERR_INTERNET_DISCONNECTED @ https://sentry.io/api/4509130195468288/envelope/:0
[71317898ms] [WARNING] The resource https://cdn.converteai.net/8961d838-aff2-4dce-9b39-e84022d332ce/6a52f890d71bd640bbb2a65d/main.m3u8 was preloaded using link preload but not used within a few seconds from the window's load event. Please make sure it has an appropriate `as` value and it is preloaded intentionally. @ http://localhost:8848/quiz2.html:0
[71317898ms] [WARNING] The resource https://cdn.converteai.net/8961d838-aff2-4dce-9b39-e84022d332ce/6a52fa0e3d8ea0afcdc8b377/main.m3u8 was preloaded using link preload but not used within a few seconds from the window's load event. Please make sure it has an appropriate `as` value and it is preloaded intentionally. @ http://localhost:8848/quiz2.html:0
[71318994ms] [ERROR] Failed to load resource: net::ERR_INTERNET_DISCONNECTED @ https://a.vturb.com/x:0
[71318995ms] [ERROR] [31m[ERROR]:[0m Analytics Services - Hermes: Failed to fetch @ https://scripts.converteai.net/lib/js/smartplayer-wc/v4/smartplayer.js:1
[71318995ms] [ERROR] Failed to load resource: net::ERR_INTERNET_DISCONNECTED @ https://a.vturb.com/x:0
[71318996ms] [ERROR] [31m[ERROR]:[0m Analytics Services - Hermes: Failed to fetch @ https://scripts.converteai.net/lib/js/smartplayer-wc/v4/smartplayer.js:1
[71318999ms] [ERROR] Failed to load resource: net::ERR_INTERNET_DISCONNECTED @ https://sentry.io/api/4509130195468288/envelope/:0
[71318999ms] [ERROR] Failed to load resource: net::ERR_INTERNET_DISCONNECTED @ https://sentry.io/api/4509130195468288/envelope/:0
[71319078ms] [ERROR] Failed to load resource: net::ERR_INTERNET_DISCONNECTED @ https://vt-h-1.b-cdn.net/x:0
[71319078ms] [ERROR] Failed to load resource: net::ERR_INTERNET_DISCONNECTED @ https://vt-h-1.b-cdn.net/x:0
[71319484ms] [ERROR] Failed to load resource: net::ERR_INTERNET_DISCONNECTED @ https://a.vturb.com/x:0
[71319485ms] [ERROR] [31m[ERROR]:[0m Analytics Services - Hermes: All Analytics URLs have failed @ https://scripts.converteai.net/lib/js/smartplayer-wc/v4/smartplayer.js:1
[71319486ms] [ERROR] Failed to load resource: net::ERR_INTERNET_DISCONNECTED @ https://a.vturb.com/x:0
[71319486ms] [ERROR] [31m[ERROR]:[0m Analytics Services - Hermes: All Analytics URLs have failed @ https://scripts.converteai.net/lib/js/smartplayer-wc/v4/smartplayer.js:1
[71319489ms] [ERROR] Failed to load resource: net::ERR_INTERNET_DISCONNECTED @ https://sentry.io/api/4509130195468288/envelope/:0
[71319489ms] [ERROR] Failed to load resource: net::ERR_INTERNET_DISCONNECTED @ https://sentry.io/api/4509130195468288/envelope/:0
[71319683ms] [ERROR] Failed to load resource: net::ERR_INTERNET_DISCONNECTED @ https://a.vturb.com/x:0
[71319684ms] [ERROR] [31m[ERROR]:[0m Analytics Services - Hermes: Failed to fetch @ https://scripts.converteai.net/lib/js/smartplayer-wc/v4/smartplayer.js:1
[71319684ms] [ERROR] Failed to load resource: net::ERR_INTERNET_DISCONNECTED @ https://a.vturb.com/x:0
[71319684ms] [ERROR] [31m[ERROR]:[0m Analytics Services - Hermes: Failed to fetch @ https://scripts.converteai.net/lib/js/smartplayer-wc/v4/smartplayer.js:1
[71319686ms] [ERROR] Failed to load resource: net::ERR_INTERNET_DISCONNECTED @ https://sentry.io/api/4509130195468288/envelope/:0
[71319686ms] [ERROR] Failed to load resource: net::ERR_INTERNET_DISCONNECTED @ https://sentry.io/api/4509130195468288/envelope/:0
[71319767ms] [ERROR] Failed to load resource: net::ERR_INTERNET_DISCONNECTED @ https://vt-h-1.b-cdn.net/x:0
[71319768ms] [ERROR] Failed to load resource: net::ERR_INTERNET_DISCONNECTED @ https://vt-h-1.b-cdn.net/x:0
[71320174ms] [ERROR] Failed to load resource: net::ERR_INTERNET_DISCONNECTED @ https://a.vturb.com/x:0
[71320175ms] [ERROR] [31m[ERROR]:[0m Analytics Services - Hermes: All Analytics URLs have failed @ https://scripts.converteai.net/lib/js/smartplayer-wc/v4/smartplayer.js:1
[71320175ms] [ERROR] Failed to load resource: net::ERR_INTERNET_DISCONNECTED @ https://a.vturb.com/x:0
[71320176ms] [ERROR] [31m[ERROR]:[0m Analytics Services - Hermes: All Analytics URLs have failed @ https://scripts.converteai.net/lib/js/smartplayer-wc/v4/smartplayer.js:1
[71320179ms] [ERROR] Failed to load resource: net::ERR_INTERNET_DISCONNECTED @ https://sentry.io/api/4509130195468288/envelope/:0
[71320179ms] [ERROR] Failed to load resource: net::ERR_INTERNET_DISCONNECTED @ https://sentry.io/api/4509130195468288/envelope/:0
[71320283ms] [ERROR] Failed to load resource: net::ERR_INTERNET_DISCONNECTED @ https://vt-h-1.b-cdn.net/x:0
[71320284ms] [ERROR] [31m[ERROR]:[0m Analytics Services - Hermes: Failed to fetch @ https://scripts.converteai.net/lib/js/smartplayer-wc/v4/smartplayer.js:1
[71320285ms] [ERROR] Failed to load resource: net::ERR_INTERNET_DISCONNECTED @ https://vt-h-1.b-cdn.net/x:0
[71320286ms] [ERROR] [31m[ERROR]:[0m Analytics Services - Hermes: Failed to fetch @ https://scripts.converteai.net/lib/js/smartplayer-wc/v4/smartplayer.js:1
[71320291ms] [ERROR] Failed to load resource: net::ERR_INTERNET_DISCONNECTED @ https://sentry.io/api/4509130195468288/envelope/:0
[71320291ms] [ERROR] Failed to load resource: net::ERR_INTERNET_DISCONNECTED @ https://sentry.io/api/4509130195468288/envelope/:0
[71320293ms] [ERROR] Failed to load resource: net::ERR_INTERNET_DISCONNECTED @ https://vt-h-1.b-cdn.net/x:0
[71320295ms] [ERROR] Failed to load resource: net::ERR_INTERNET_DISCONNECTED @ https://vt-h-1.b-cdn.net/x:0
[71320367ms] [ERROR] Failed to load resource: net::ERR_INTERNET_DISCONNECTED @ https://a.vturb.com/x:0
[71320368ms] [ERROR] [31m[ERROR]:[0m Analytics Services - Hermes: All Analytics URLs have failed @ https://scripts.converteai.net/lib/js/smartplayer-wc/v4/smartplayer.js:1
[71320369ms] [ERROR] Failed to load resource: net::ERR_INTERNET_DISCONNECTED @ https://a.vturb.com/x:0
[71320369ms] [ERROR] [31m[ERROR]:[0m Analytics Services - Hermes: All Analytics URLs have failed @ https://scripts.converteai.net/lib/js/smartplayer-wc/v4/smartplayer.js:1
[71320372ms] [ERROR] Failed to load resource: net::ERR_INTERNET_DISCONNECTED @ https://sentry.io/api/4509130195468288/envelope/:0
[71320372ms] [ERROR] Failed to load resource: net::ERR_INTERNET_DISCONNECTED @ https://sentry.io/api/4509130195468288/envelope/:0
[71320777ms] [ERROR] Failed to load resource: net::ERR_INTERNET_DISCONNECTED @ https://vt-h-1.b-cdn.net/x:0
[71320778ms] [ERROR] Failed to load resource: net::ERR_INTERNET_DISCONNECTED @ https://vt-h-1.b-cdn.net/x:0
[71320986ms] [ERROR] Failed to load resource: net::ERR_INTERNET_DISCONNECTED @ https://vt-h-1.b-cdn.net/x:0
[71320988ms] [ERROR] Failed to load resource: net::ERR_INTERNET_DISCONNECTED @ https://vt-h-1.b-cdn.net/x:0
[71321301ms] [ERROR] Failed to load resource: net::ERR_INTERNET_DISCONNECTED @ https://vt-h-1.b-cdn.net/x:0
[71321302ms] [ERROR] [31m[ERROR]:[0m Analytics Services - Hermes: Failed to fetch @ https://scripts.converteai.net/lib/js/smartplayer-wc/v4/smartplayer.js:1
[71321302ms] [ERROR] Failed to load resource: net::ERR_INTERNET_DISCONNECTED @ https://vt-h-1.b-cdn.net/x:0
[71321303ms] [ERROR] [31m[ERROR]:[0m Analytics Services - Hermes: Failed to fetch @ https://scripts.converteai.net/lib/js/smartplayer-wc/v4/smartplayer.js:1
[71321306ms] [ERROR] Failed to load resource: net::ERR_INTERNET_DISCONNECTED @ https://sentry.io/api/4509130195468288/envelope/:0
[71321306ms] [ERROR] Failed to load resource: net::ERR_INTERNET_DISCONNECTED @ https://sentry.io/api/4509130195468288/envelope/:0
[71321383ms] [ERROR] Failed to load resource: net::ERR_INTERNET_DISCONNECTED @ https://a.vturb.com/x:0
[71321384ms] [ERROR] [31m[ERROR]:[0m Analytics Services - Hermes: All Analytics URLs have failed @ https://scripts.converteai.net/lib/js/smartplayer-wc/v4/smartplayer.js:1
[71321384ms] [ERROR] Failed to load resource: net::ERR_INTERNET_DISCONNECTED @ https://a.vturb.com/x:0
[71321385ms] [ERROR] [31m[ERROR]:[0m Analytics Services - Hermes: All Analytics URLs have failed @ https://scripts.converteai.net/lib/js/smartplayer-wc/v4/smartplayer.js:1
[71321387ms] [ERROR] Failed to load resource: net::ERR_INTERNET_DISCONNECTED @ https://sentry.io/api/4509130195468288/envelope/:0
[71321388ms] [ERROR] Failed to load resource: net::ERR_INTERNET_DISCONNECTED @ https://sentry.io/api/4509130195468288/envelope/:0
[71321582ms] [ERROR] Failed to load resource: net::ERR_INTERNET_DISCONNECTED @ https://a.vturb.com/x:0
[71321583ms] [ERROR] [31m[ERROR]:[0m Analytics Services - Hermes: All Analytics URLs have failed @ https://scripts.converteai.net/lib/js/smartplayer-wc/v4/smartplayer.js:1
[71321583ms] [ERROR] Failed to load resource: net::ERR_INTERNET_DISCONNECTED @ https://a.vturb.com/x:0
[71321584ms] [ERROR] [31m[ERROR]:[0m Analytics Services - Hermes: All Analytics URLs have failed @ https://scripts.converteai.net/lib/js/smartplayer-wc/v4/smartplayer.js:1
[71321587ms] [ERROR] Failed to load resource: net::ERR_INTERNET_DISCONNECTED @ https://sentry.io/api/4509130195468288/envelope/:0
[71321587ms] [ERROR] Failed to load resource: net::ERR_INTERNET_DISCONNECTED @ https://sentry.io/api/4509130195468288/envelope/:0
[71321793ms] [ERROR] Failed to load resource: net::ERR_INTERNET_DISCONNECTED @ https://vt-h-1.b-cdn.net/x:0
[71321795ms] [ERROR] Failed to load resource: net::ERR_INTERNET_DISCONNECTED @ https://vt-h-1.b-cdn.net/x:0
[71321901ms] [ERROR] Failed to load resource: net::ERR_INTERNET_DISCONNECTED @ https://a.vturb.com/x:0
[71321901ms] [ERROR] [31m[ERROR]:[0m Analytics Services - Hermes: All Analytics URLs have failed @ https://scripts.converteai.net/lib/js/smartplayer-wc/v4/smartplayer.js:1
[71321902ms] [ERROR] Failed to load resource: net::ERR_INTERNET_DISCONNECTED @ https://a.vturb.com/x:0
[71321902ms] [ERROR] [31m[ERROR]:[0m Analytics Services - Hermes: All Analytics URLs have failed @ https://scripts.converteai.net/lib/js/smartplayer-wc/v4/smartplayer.js:1
[71321905ms] [ERROR] Failed to load resource: net::ERR_INTERNET_DISCONNECTED @ https://sentry.io/api/4509130195468288/envelope/:0
[71321905ms] [ERROR] Failed to load resource: net::ERR_INTERNET_DISCONNECTED @ https://sentry.io/api/4509130195468288/envelope/:0
[71322596ms] [ERROR] Failed to load resource: net::ERR_INTERNET_DISCONNECTED @ https://a.vturb.com/x:0
[71322597ms] [ERROR] [31m[ERROR]:[0m Analytics Services - Hermes: All Analytics URLs have failed @ https://scripts.converteai.net/lib/js/smartplayer-wc/v4/smartplayer.js:1
[71322598ms] [ERROR] Failed to load resource: net::ERR_INTERNET_DISCONNECTED @ https://a.vturb.com/x:0
[71322598ms] [ERROR] [31m[ERROR]:[0m Analytics Services - Hermes: All Analytics URLs have failed @ https://scripts.converteai.net/lib/js/smartplayer-wc/v4/smartplayer.js:1
[71322602ms] [ERROR] Failed to load resource: net::ERR_INTERNET_DISCONNECTED @ https://a.vturb.com/x:0
[71322603ms] [ERROR] [31m[ERROR]:[0m Analytics Services - Hermes: All Analytics URLs have failed @ https://scripts.converteai.net/lib/js/smartplayer-wc/v4/smartplayer.js:1
[71322603ms] [ERROR] Failed to load resource: net::ERR_INTERNET_DISCONNECTED @ https://sentry.io/api/4509130195468288/envelope/:0
[71322603ms] [ERROR] Failed to load resource: net::ERR_INTERNET_DISCONNECTED @ https://a.vturb.com/x:0
[71322603ms] [ERROR] [31m[ERROR]:[0m Analytics Services - Hermes: All Analytics URLs have failed @ https://scripts.converteai.net/lib/js/smartplayer-wc/v4/smartplayer.js:1
[71322604ms] [ERROR] Failed to load resource: net::ERR_INTERNET_DISCONNECTED @ https://sentry.io/api/4509130195468288/envelope/:0
[71322606ms] [ERROR] Failed to load resource: net::ERR_INTERNET_DISCONNECTED @ https://sentry.io/api/4509130195468288/envelope/:0
[71322606ms] [ERROR] Failed to load resource: net::ERR_INTERNET_DISCONNECTED @ https://sentry.io/api/4509130195468288/envelope/:0
[71323191ms] [ERROR] Failed to load resource: net::ERR_INTERNET_DISCONNECTED @ https://vt-h-1.b-cdn.net/x:0
[71323192ms] [ERROR] Failed to load resource: net::ERR_INTERNET_DISCONNECTED @ https://vt-h-1.b-cdn.net/x:0
[71324212ms] [ERROR] Failed to load resource: net::ERR_INTERNET_DISCONNECTED @ https://vt-h-1.b-cdn.net/x:0
[71324213ms] [ERROR] Failed to load resource: net::ERR_INTERNET_DISCONNECTED @ https://vt-h-1.b-cdn.net/x:0
[71325110ms] [ERROR] Failed to load resource: net::ERR_INTERNET_DISCONNECTED @ https://vt-h-1.b-cdn.net/x:0
[71325111ms] [ERROR] Failed to load resource: net::ERR_INTERNET_DISCONNECTED @ https://vt-h-1.b-cdn.net/x:0
[71325803ms] [ERROR] Failed to load resource: net::ERR_INTERNET_DISCONNECTED @ https://vt-h-1.b-cdn.net/x:0
[71325804ms] [ERROR] Failed to load resource: net::ERR_INTERNET_DISCONNECTED @ https://vt-h-1.b-cdn.net/x:0
[71326399ms] [ERROR] Failed to load resource: net::ERR_INTERNET_DISCONNECTED @ https://a.vturb.com/x:0
[71326399ms] [ERROR] [31m[ERROR]:[0m Analytics Services - Hermes: All Analytics URLs have failed @ https://scripts.converteai.net/lib/js/smartplayer-wc/v4/smartplayer.js:1
[71326400ms] [ERROR] Failed to load resource: net::ERR_INTERNET_DISCONNECTED @ https://a.vturb.com/x:0
[71326400ms] [ERROR] [31m[ERROR]:[0m Analytics Services - Hermes: All Analytics URLs have failed @ https://scripts.converteai.net/lib/js/smartplayer-wc/v4/smartplayer.js:1
[71326403ms] [ERROR] Failed to load resource: net::ERR_INTERNET_DISCONNECTED @ https://sentry.io/api/4509130195468288/envelope/:0
[71326403ms] [ERROR] Failed to load resource: net::ERR_INTERNET_DISCONNECTED @ https://sentry.io/api/4509130195468288/envelope/:0
[71327419ms] [ERROR] Failed to load resource: net::ERR_INTERNET_DISCONNECTED @ https://a.vturb.com/x:0
[71327420ms] [ERROR] [31m[ERROR]:[0m Analytics Services - Hermes: All Analytics URLs have failed @ https://scripts.converteai.net/lib/js/smartplayer-wc/v4/smartplayer.js:1
[71327421ms] [ERROR] Failed to load resource: net::ERR_INTERNET_DISCONNECTED @ https://a.vturb.com/x:0
[71327421ms] [ERROR] [31m[ERROR]:[0m Analytics Services - Hermes: All Analytics URLs have failed @ https://scripts.converteai.net/lib/js/smartplayer-wc/v4/smartplayer.js:1
[71327424ms] [ERROR] Failed to load resource: net::ERR_INTERNET_DISCONNECTED @ https://sentry.io/api/4509130195468288/envelope/:0
[71327424ms] [ERROR] Failed to load resource: net::ERR_INTERNET_DISCONNECTED @ https://sentry.io/api/4509130195468288/envelope/:0
[71330427ms] [WARNING] The resource https://cdn.converteai.net/8961d838-aff2-4dce-9b39-e84022d332ce/6a52f890d71bd640bbb2a65d/main.m3u8 was preloaded using link preload but not used within a few seconds from the window's load event. Please make sure it has an appropriate `as` value and it is preloaded intentionally. @ http://localhost:8848/quiz2.html:0
[71330427ms] [WARNING] The resource https://cdn.converteai.net/8961d838-aff2-4dce-9b39-e84022d332ce/6a52fa0e3d8ea0afcdc8b377/main.m3u8 was preloaded using link preload but not used within a few seconds from the window's load event. Please make sure it has an appropriate `as` value and it is preloaded intentionally. @ http://localhost:8848/quiz2.html:0
[71331518ms] [ERROR] Failed to load resource: net::ERR_INTERNET_DISCONNECTED @ https://a.vturb.com/x:0
[71331519ms] [ERROR] [31m[ERROR]:[0m Analytics Services - Hermes: Failed to fetch @ https://scripts.converteai.net/lib/js/smartplayer-wc/v4/smartplayer.js:1
[71331520ms] [ERROR] Failed to load resource: net::ERR_INTERNET_DISCONNECTED @ https://a.vturb.com/x:0
[71331521ms] [ERROR] [31m[ERROR]:[0m Analytics Services - Hermes: Failed to fetch @ https://scripts.converteai.net/lib/js/smartplayer-wc/v4/smartplayer.js:1
[71331524ms] [ERROR] Failed to load resource: net::ERR_INTERNET_DISCONNECTED @ https://sentry.io/api/4509130195468288/envelope/:0
[71331524ms] [ERROR] Failed to load resource: net::ERR_INTERNET_DISCONNECTED @ https://sentry.io/api/4509130195468288/envelope/:0
[71331601ms] [ERROR] Failed to load resource: net::ERR_INTERNET_DISCONNECTED @ https://vt-h-1.b-cdn.net/x:0
[71331602ms] [ERROR] Failed to load resource: net::ERR_INTERNET_DISCONNECTED @ https://vt-h-1.b-cdn.net/x:0
[71332009ms] [ERROR] Failed to load resource: net::ERR_INTERNET_DISCONNECTED @ https://a.vturb.com/x:0
[71332010ms] [ERROR] [31m[ERROR]:[0m Analytics Services - Hermes: All Analytics URLs have failed @ https://scripts.converteai.net/lib/js/smartplayer-wc/v4/smartplayer.js:1
[71332010ms] [ERROR] Failed to load resource: net::ERR_INTERNET_DISCONNECTED @ https://a.vturb.com/x:0
[71332011ms] [ERROR] [31m[ERROR]:[0m Analytics Services - Hermes: All Analytics URLs have failed @ https://scripts.converteai.net/lib/js/smartplayer-wc/v4/smartplayer.js:1
[71332014ms] [ERROR] Failed to load resource: net::ERR_INTERNET_DISCONNECTED @ https://sentry.io/api/4509130195468288/envelope/:0
[71332014ms] [ERROR] Failed to load resource: net::ERR_INTERNET_DISCONNECTED @ https://sentry.io/api/4509130195468288/envelope/:0
[71332212ms] [ERROR] Failed to load resource: net::ERR_INTERNET_DISCONNECTED @ https://a.vturb.com/x:0
[71332213ms] [ERROR] [31m[ERROR]:[0m Analytics Services - Hermes: Failed to fetch @ https://scripts.converteai.net/lib/js/smartplayer-wc/v4/smartplayer.js:1
[71332214ms] [ERROR] Failed to load resource: net::ERR_INTERNET_DISCONNECTED @ https://a.vturb.com/x:0
[71332214ms] [ERROR] [31m[ERROR]:[0m Analytics Services - Hermes: Failed to fetch @ https://scripts.converteai.net/lib/js/smartplayer-wc/v4/smartplayer.js:1
[71332217ms] [ERROR] Failed to load resource: net::ERR_INTERNET_DISCONNECTED @ https://sentry.io/api/4509130195468288/envelope/:0
[71332217ms] [ERROR] Failed to load resource: net::ERR_INTERNET_DISCONNECTED @ https://sentry.io/api/4509130195468288/envelope/:0
[71332298ms] [ERROR] Failed to load resource: net::ERR_INTERNET_DISCONNECTED @ https://vt-h-1.b-cdn.net/x:0
[71332300ms] [ERROR] Failed to load resource: net::ERR_INTERNET_DISCONNECTED @ https://vt-h-1.b-cdn.net/x:0
[71332707ms] [ERROR] Failed to load resource: net::ERR_INTERNET_DISCONNECTED @ https://a.vturb.com/x:0
[71332708ms] [ERROR] [31m[ERROR]:[0m Analytics Services - Hermes: All Analytics URLs have failed @ https://scripts.converteai.net/lib/js/smartplayer-wc/v4/smartplayer.js:1
[71332708ms] [ERROR] Failed to load resource: net::ERR_INTERNET_DISCONNECTED @ https://a.vturb.com/x:0
[71332708ms] [ERROR] [31m[ERROR]:[0m Analytics Services - Hermes: All Analytics URLs have failed @ https://scripts.converteai.net/lib/js/smartplayer-wc/v4/smartplayer.js:1
[71332711ms] [ERROR] Failed to load resource: net::ERR_INTERNET_DISCONNECTED @ https://sentry.io/api/4509130195468288/envelope/:0
[71332712ms] [ERROR] Failed to load resource: net::ERR_INTERNET_DISCONNECTED @ https://sentry.io/api/4509130195468288/envelope/:0
[71332807ms] [ERROR] Failed to load resource: net::ERR_INTERNET_DISCONNECTED @ https://vt-h-1.b-cdn.net/x:0
[71332808ms] [ERROR] [31m[ERROR]:[0m Analytics Services - Hermes: Failed to fetch @ https://scripts.converteai.net/lib/js/smartplayer-wc/v4/smartplayer.js:1
[71332809ms] [ERROR] Failed to load resource: net::ERR_INTERNET_DISCONNECTED @ https://vt-h-1.b-cdn.net/x:0
[71332810ms] [ERROR] [31m[ERROR]:[0m Analytics Services - Hermes: Failed to fetch @ https://scripts.converteai.net/lib/js/smartplayer-wc/v4/smartplayer.js:1
[71332814ms] [ERROR] Failed to load resource: net::ERR_INTERNET_DISCONNECTED @ https://sentry.io/api/4509130195468288/envelope/:0
[71332814ms] [ERROR] Failed to load resource: net::ERR_INTERNET_DISCONNECTED @ https://sentry.io/api/4509130195468288/envelope/:0
[71332815ms] [ERROR] Failed to load resource: net::ERR_INTERNET_DISCONNECTED @ https://vt-h-1.b-cdn.net/x:0
[71332816ms] [ERROR] Failed to load resource: net::ERR_INTERNET_DISCONNECTED @ https://vt-h-1.b-cdn.net/x:0
[71332892ms] [ERROR] Failed to load resource: net::ERR_INTERNET_DISCONNECTED @ https://a.vturb.com/x:0
[71332893ms] [ERROR] [31m[ERROR]:[0m Analytics Services - Hermes: All Analytics URLs have failed @ https://scripts.converteai.net/lib/js/smartplayer-wc/v4/smartplayer.js:1
[71332893ms] [ERROR] Failed to load resource: net::ERR_INTERNET_DISCONNECTED @ https://a.vturb.com/x:0
[71332894ms] [ERROR] [31m[ERROR]:[0m Analytics Services - Hermes: All Analytics URLs have failed @ https://scripts.converteai.net/lib/js/smartplayer-wc/v4/smartplayer.js:1
[71332897ms] [ERROR] Failed to load resource: net::ERR_INTERNET_DISCONNECTED @ https://sentry.io/api/4509130195468288/envelope/:0
[71332897ms] [ERROR] Failed to load resource: net::ERR_INTERNET_DISCONNECTED @ https://sentry.io/api/4509130195468288/envelope/:0
[71333301ms] [ERROR] Failed to load resource: net::ERR_INTERNET_DISCONNECTED @ https://vt-h-1.b-cdn.net/x:0
[71333302ms] [ERROR] Failed to load resource: net::ERR_INTERNET_DISCONNECTED @ https://vt-h-1.b-cdn.net/x:0
[71333519ms] [ERROR] Failed to load resource: net::ERR_INTERNET_DISCONNECTED @ https://vt-h-1.b-cdn.net/x:0
[71333521ms] [ERROR] Failed to load resource: net::ERR_INTERNET_DISCONNECTED @ https://vt-h-1.b-cdn.net/x:0
[71333827ms] [ERROR] Failed to load resource: net::ERR_INTERNET_DISCONNECTED @ https://vt-h-1.b-cdn.net/x:0
[71333828ms] [ERROR] [31m[ERROR]:[0m Analytics Services - Hermes: Failed to fetch @ https://scripts.converteai.net/lib/js/smartplayer-wc/v4/smartplayer.js:1
[71333830ms] [ERROR] Failed to load resource: net::ERR_INTERNET_DISCONNECTED @ https://vt-h-1.b-cdn.net/x:0
[71333830ms] [ERROR] [31m[ERROR]:[0m Analytics Services - Hermes: Failed to fetch @ https://scripts.converteai.net/lib/js/smartplayer-wc/v4/smartplayer.js:1
[71333832ms] [ERROR] Failed to load resource: net::ERR_INTERNET_DISCONNECTED @ https://sentry.io/api/4509130195468288/envelope/:0
[71333833ms] [ERROR] Failed to load resource: net::ERR_INTERNET_DISCONNECTED @ https://sentry.io/api/4509130195468288/envelope/:0
[71333912ms] [ERROR] Failed to load resource: net::ERR_INTERNET_DISCONNECTED @ https://a.vturb.com/x:0
[71333913ms] [ERROR] [31m[ERROR]:[0m Analytics Services - Hermes: All Analytics URLs have failed @ https://scripts.converteai.net/lib/js/smartplayer-wc/v4/smartplayer.js:1
[71333913ms] [ERROR] Failed to load resource: net::ERR_INTERNET_DISCONNECTED @ https://a.vturb.com/x:0
[71333914ms] [ERROR] [31m[ERROR]:[0m Analytics Services - Hermes: All Analytics URLs have failed @ https://scripts.converteai.net/lib/js/smartplayer-wc/v4/smartplayer.js:1
[71333916ms] [ERROR] Failed to load resource: net::ERR_INTERNET_DISCONNECTED @ https://sentry.io/api/4509130195468288/envelope/:0
[71333917ms] [ERROR] Failed to load resource: net::ERR_INTERNET_DISCONNECTED @ https://sentry.io/api/4509130195468288/envelope/:0
[71334108ms] [ERROR] Failed to load resource: net::ERR_INTERNET_DISCONNECTED @ https://a.vturb.com/x:0
[71334109ms] [ERROR] [31m[ERROR]:[0m Analytics Services - Hermes: All Analytics URLs have failed @ https://scripts.converteai.net/lib/js/smartplayer-wc/v4/smartplayer.js:1
[71334109ms] [ERROR] Failed to load resource: net::ERR_INTERNET_DISCONNECTED @ https://a.vturb.com/x:0
[71334110ms] [ERROR] [31m[ERROR]:[0m Analytics Services - Hermes: All Analytics URLs have failed @ https://scripts.converteai.net/lib/js/smartplayer-wc/v4/smartplayer.js:1
[71334113ms] [ERROR] Failed to load resource: net::ERR_INTERNET_DISCONNECTED @ https://sentry.io/api/4509130195468288/envelope/:0
[71334113ms] [ERROR] Failed to load resource: net::ERR_INTERNET_DISCONNECTED @ https://sentry.io/api/4509130195468288/envelope/:0
[71334321ms] [ERROR] Failed to load resource: net::ERR_INTERNET_DISCONNECTED @ https://vt-h-1.b-cdn.net/x:0
[71334322ms] [ERROR] Failed to load resource: net::ERR_INTERNET_DISCONNECTED @ https://vt-h-1.b-cdn.net/x:0
[71334422ms] [ERROR] Failed to load resource: net::ERR_INTERNET_DISCONNECTED @ https://a.vturb.com/x:0
[71334423ms] [ERROR] [31m[ERROR]:[0m Analytics Services - Hermes: All Analytics URLs have failed @ https://scripts.converteai.net/lib/js/smartplayer-wc/v4/smartplayer.js:1
[71334424ms] [ERROR] Failed to load resource: net::ERR_INTERNET_DISCONNECTED @ https://a.vturb.com/x:0
[71334424ms] [ERROR] [31m[ERROR]:[0m Analytics Services - Hermes: All Analytics URLs have failed @ https://scripts.converteai.net/lib/js/smartplayer-wc/v4/smartplayer.js:1
[71334427ms] [ERROR] Failed to load resource: net::ERR_INTERNET_DISCONNECTED @ https://sentry.io/api/4509130195468288/envelope/:0
[71334427ms] [ERROR] Failed to load resource: net::ERR_INTERNET_DISCONNECTED @ https://sentry.io/api/4509130195468288/envelope/:0
[71335130ms] [ERROR] Failed to load resource: net::ERR_INTERNET_DISCONNECTED @ https://a.vturb.com/x:0
[71335131ms] [ERROR] [31m[ERROR]:[0m Analytics Services - Hermes: All Analytics URLs have failed @ https://scripts.converteai.net/lib/js/smartplayer-wc/v4/smartplayer.js:1
[71335131ms] [ERROR] Failed to load resource: net::ERR_INTERNET_DISCONNECTED @ https://a.vturb.com/x:0
[71335132ms] [ERROR] [31m[ERROR]:[0m Analytics Services - Hermes: All Analytics URLs have failed @ https://scripts.converteai.net/lib/js/smartplayer-wc/v4/smartplayer.js:1
[71335132ms] [ERROR] Failed to load resource: net::ERR_INTERNET_DISCONNECTED @ https://a.vturb.com/x:0
[71335133ms] [ERROR] [31m[ERROR]:[0m Analytics Services - Hermes: All Analytics URLs have failed @ https://scripts.converteai.net/lib/js/smartplayer-wc/v4/smartplayer.js:1
[71335133ms] [ERROR] Failed to load resource: net::ERR_INTERNET_DISCONNECTED @ https://a.vturb.com/x:0
[71335133ms] [ERROR] [31m[ERROR]:[0m Analytics Services - Hermes: All Analytics URLs have failed @ https://scripts.converteai.net/lib/js/smartplayer-wc/v4/smartplayer.js:1
[71335136ms] [ERROR] Failed to load resource: net::ERR_INTERNET_DISCONNECTED @ https://sentry.io/api/4509130195468288/envelope/:0
[71335136ms] [ERROR] Failed to load resource: net::ERR_INTERNET_DISCONNECTED @ https://sentry.io/api/4509130195468288/envelope/:0
[71335136ms] [ERROR] Failed to load resource: net::ERR_INTERNET_DISCONNECTED @ https://sentry.io/api/4509130195468288/envelope/:0
[71335136ms] [ERROR] Failed to load resource: net::ERR_INTERNET_DISCONNECTED @ https://sentry.io/api/4509130195468288/envelope/:0
[71335718ms] [ERROR] Failed to load resource: net::ERR_INTERNET_DISCONNECTED @ https://vt-h-1.b-cdn.net/x:0
[71335719ms] [ERROR] Failed to load resource: net::ERR_INTERNET_DISCONNECTED @ https://vt-h-1.b-cdn.net/x:0
[71336740ms] [ERROR] Failed to load resource: net::ERR_INTERNET_DISCONNECTED @ https://vt-h-1.b-cdn.net/x:0
[71336741ms] [ERROR] Failed to load resource: net::ERR_INTERNET_DISCONNECTED @ https://vt-h-1.b-cdn.net/x:0
[71337632ms] [ERROR] Failed to load resource: net::ERR_INTERNET_DISCONNECTED @ https://vt-h-1.b-cdn.net/x:0
[71337633ms] [ERROR] Failed to load resource: net::ERR_INTERNET_DISCONNECTED @ https://vt-h-1.b-cdn.net/x:0
[71338340ms] [ERROR] Failed to load resource: net::ERR_INTERNET_DISCONNECTED @ https://vt-h-1.b-cdn.net/x:0
[71338342ms] [ERROR] Failed to load resource: net::ERR_INTERNET_DISCONNECTED @ https://vt-h-1.b-cdn.net/x:0
[71338926ms] [ERROR] Failed to load resource: net::ERR_INTERNET_DISCONNECTED @ https://a.vturb.com/x:0
[71338927ms] [ERROR] [31m[ERROR]:[0m Analytics Services - Hermes: All Analytics URLs have failed @ https://scripts.converteai.net/lib/js/smartplayer-wc/v4/smartplayer.js:1
[71338928ms] [ERROR] Failed to load resource: net::ERR_INTERNET_DISCONNECTED @ https://a.vturb.com/x:0
[71338928ms] [ERROR] [31m[ERROR]:[0m Analytics Services - Hermes: All Analytics URLs have failed @ https://scripts.converteai.net/lib/js/smartplayer-wc/v4/smartplayer.js:1
[71338932ms] [ERROR] Failed to load resource: net::ERR_INTERNET_DISCONNECTED @ https://sentry.io/api/4509130195468288/envelope/:0
[71338932ms] [ERROR] Failed to load resource: net::ERR_INTERNET_DISCONNECTED @ https://sentry.io/api/4509130195468288/envelope/:0
[71339950ms] [ERROR] Failed to load resource: net::ERR_INTERNET_DISCONNECTED @ https://a.vturb.com/x:0
[71339951ms] [ERROR] [31m[ERROR]:[0m Analytics Services - Hermes: All Analytics URLs have failed @ https://scripts.converteai.net/lib/js/smartplayer-wc/v4/smartplayer.js:1
[71339951ms] [ERROR] Failed to load resource: net::ERR_INTERNET_DISCONNECTED @ https://a.vturb.com/x:0
[71339952ms] [ERROR] [31m[ERROR]:[0m Analytics Services - Hermes: All Analytics URLs have failed @ https://scripts.converteai.net/lib/js/smartplayer-wc/v4/smartplayer.js:1
[71339954ms] [ERROR] Failed to load resource: net::ERR_INTERNET_DISCONNECTED @ https://sentry.io/api/4509130195468288/envelope/:0
[71339955ms] [ERROR] Failed to load resource: net::ERR_INTERNET_DISCONNECTED @ https://sentry.io/api/4509130195468288/envelope/:0
[71342957ms] [WARNING] The resource https://cdn.converteai.net/8961d838-aff2-4dce-9b39-e84022d332ce/6a52f890d71bd640bbb2a65d/main.m3u8 was preloaded using link preload but not used within a few seconds from the window's load event. Please make sure it has an appropriate `as` value and it is preloaded intentionally. @ http://localhost:8848/quiz2.html:0
[71342957ms] [WARNING] The resource https://cdn.converteai.net/8961d838-aff2-4dce-9b39-e84022d332ce/6a52fa0e3d8ea0afcdc8b377/main.m3u8 was preloaded using link preload but not used within a few seconds from the window's load event. Please make sure it has an appropriate `as` value and it is preloaded intentionally. @ http://localhost:8848/quiz2.html:0
[71344041ms] [ERROR] Failed to load resource: net::ERR_INTERNET_DISCONNECTED @ https://a.vturb.com/x:0
[71344042ms] [ERROR] [31m[ERROR]:[0m Analytics Services - Hermes: Failed to fetch @ https://scripts.converteai.net/lib/js/smartplayer-wc/v4/smartplayer.js:1
[71344042ms] [ERROR] Failed to load resource: net::ERR_INTERNET_DISCONNECTED @ https://a.vturb.com/x:0
[71344043ms] [ERROR] [31m[ERROR]:[0m Analytics Services - Hermes: Failed to fetch @ https://scripts.converteai.net/lib/js/smartplayer-wc/v4/smartplayer.js:1
[71344045ms] [ERROR] Failed to load resource: net::ERR_INTERNET_DISCONNECTED @ https://sentry.io/api/4509130195468288/envelope/:0
[71344045ms] [ERROR] Failed to load resource: net::ERR_INTERNET_DISCONNECTED @ https://sentry.io/api/4509130195468288/envelope/:0
[71344126ms] [ERROR] Failed to load resource: net::ERR_INTERNET_DISCONNECTED @ https://vt-h-1.b-cdn.net/x:0
[71344127ms] [ERROR] Failed to load resource: net::ERR_INTERNET_DISCONNECTED @ https://vt-h-1.b-cdn.net/x:0
[71344533ms] [ERROR] Failed to load resource: net::ERR_INTERNET_DISCONNECTED @ https://a.vturb.com/x:0
[71344534ms] [ERROR] [31m[ERROR]:[0m Analytics Services - Hermes: All Analytics URLs have failed @ https://scripts.converteai.net/lib/js/smartplayer-wc/v4/smartplayer.js:1
[71344535ms] [ERROR] Failed to load resource: net::ERR_INTERNET_DISCONNECTED @ https://a.vturb.com/x:0
[71344535ms] [ERROR] [31m[ERROR]:[0m Analytics Services - Hermes: All Analytics URLs have failed @ https://scripts.converteai.net/lib/js/smartplayer-wc/v4/smartplayer.js:1
[71344538ms] [ERROR] Failed to load resource: net::ERR_INTERNET_DISCONNECTED @ https://sentry.io/api/4509130195468288/envelope/:0
[71344538ms] [ERROR] Failed to load resource: net::ERR_INTERNET_DISCONNECTED @ https://sentry.io/api/4509130195468288/envelope/:0
[71344750ms] [ERROR] Failed to load resource: net::ERR_INTERNET_DISCONNECTED @ https://a.vturb.com/x:0
[71344751ms] [ERROR] [31m[ERROR]:[0m Analytics Services - Hermes: Failed to fetch @ https://scripts.converteai.net/lib/js/smartplayer-wc/v4/smartplayer.js:1
[71344751ms] [ERROR] Failed to load resource: net::ERR_INTERNET_DISCONNECTED @ https://a.vturb.com/x:0
[71344752ms] [ERROR] [31m[ERROR]:[0m Analytics Services - Hermes: Failed to fetch @ https://scripts.converteai.net/lib/js/smartplayer-wc/v4/smartplayer.js:1
[71344754ms] [ERROR] Failed to load resource: net::ERR_INTERNET_DISCONNECTED @ https://sentry.io/api/4509130195468288/envelope/:0
[71344755ms] [ERROR] Failed to load resource: net::ERR_INTERNET_DISCONNECTED @ https://sentry.io/api/4509130195468288/envelope/:0
[71344834ms] [ERROR] Failed to load resource: net::ERR_INTERNET_DISCONNECTED @ https://vt-h-1.b-cdn.net/x:0
[71344835ms] [ERROR] Failed to load resource: net::ERR_INTERNET_DISCONNECTED @ https://vt-h-1.b-cdn.net/x:0
[71345241ms] [ERROR] Failed to load resource: net::ERR_INTERNET_DISCONNECTED @ https://a.vturb.com/x:0
[71345242ms] [ERROR] [31m[ERROR]:[0m Analytics Services - Hermes: All Analytics URLs have failed @ https://scripts.converteai.net/lib/js/smartplayer-wc/v4/smartplayer.js:1
[71345242ms] [ERROR] Failed to load resource: net::ERR_INTERNET_DISCONNECTED @ https://a.vturb.com/x:0
[71345243ms] [ERROR] [31m[ERROR]:[0m Analytics Services - Hermes: All Analytics URLs have failed @ https://scripts.converteai.net/lib/js/smartplayer-wc/v4/smartplayer.js:1
[71345246ms] [ERROR] Failed to load resource: net::ERR_INTERNET_DISCONNECTED @ https://sentry.io/api/4509130195468288/envelope/:0
[71345246ms] [ERROR] Failed to load resource: net::ERR_INTERNET_DISCONNECTED @ https://sentry.io/api/4509130195468288/envelope/:0
[71345334ms] [ERROR] Failed to load resource: net::ERR_INTERNET_DISCONNECTED @ https://vt-h-1.b-cdn.net/x:0
[71345335ms] [ERROR] [31m[ERROR]:[0m Analytics Services - Hermes: Failed to fetch @ https://scripts.converteai.net/lib/js/smartplayer-wc/v4/smartplayer.js:1
[71345335ms] [ERROR] Failed to load resource: net::ERR_INTERNET_DISCONNECTED @ https://vt-h-1.b-cdn.net/x:0
[71345336ms] [ERROR] [31m[ERROR]:[0m Analytics Services - Hermes: Failed to fetch @ https://scripts.converteai.net/lib/js/smartplayer-wc/v4/smartplayer.js:1
[71345339ms] [ERROR] Failed to load resource: net::ERR_INTERNET_DISCONNECTED @ https://sentry.io/api/4509130195468288/envelope/:0
[71345339ms] [ERROR] Failed to load resource: net::ERR_INTERNET_DISCONNECTED @ https://sentry.io/api/4509130195468288/envelope/:0
[71345340ms] [ERROR] Failed to load resource: net::ERR_INTERNET_DISCONNECTED @ https://vt-h-1.b-cdn.net/x:0
[71345341ms] [ERROR] Failed to load resource: net::ERR_INTERNET_DISCONNECTED @ https://vt-h-1.b-cdn.net/x:0
[71345417ms] [ERROR] Failed to load resource: net::ERR_INTERNET_DISCONNECTED @ https://a.vturb.com/x:0
[71345418ms] [ERROR] [31m[ERROR]:[0m Analytics Services - Hermes: All Analytics URLs have failed @ https://scripts.converteai.net/lib/js/smartplayer-wc/v4/smartplayer.js:1
[71345419ms] [ERROR] Failed to load resource: net::ERR_INTERNET_DISCONNECTED @ https://a.vturb.com/x:0
[71345419ms] [ERROR] [31m[ERROR]:[0m Analytics Services - Hermes: All Analytics URLs have failed @ https://scripts.converteai.net/lib/js/smartplayer-wc/v4/smartplayer.js:1
[71345422ms] [ERROR] Failed to load resource: net::ERR_INTERNET_DISCONNECTED @ https://sentry.io/api/4509130195468288/envelope/:0
[71345422ms] [ERROR] Failed to load resource: net::ERR_INTERNET_DISCONNECTED @ https://sentry.io/api/4509130195468288/envelope/:0
[71345824ms] [ERROR] Failed to load resource: net::ERR_INTERNET_DISCONNECTED @ https://vt-h-1.b-cdn.net/x:0
[71345825ms] [ERROR] Failed to load resource: net::ERR_INTERNET_DISCONNECTED @ https://vt-h-1.b-cdn.net/x:0
[71346049ms] [ERROR] Failed to load resource: net::ERR_INTERNET_DISCONNECTED @ https://vt-h-1.b-cdn.net/x:0
[71346050ms] [ERROR] Failed to load resource: net::ERR_INTERNET_DISCONNECTED @ https://vt-h-1.b-cdn.net/x:0
[71346357ms] [ERROR] Failed to load resource: net::ERR_INTERNET_DISCONNECTED @ https://vt-h-1.b-cdn.net/x:0
[71346357ms] [ERROR] [31m[ERROR]:[0m Analytics Services - Hermes: Failed to fetch @ https://scripts.converteai.net/lib/js/smartplayer-wc/v4/smartplayer.js:1
[71346358ms] [ERROR] Failed to load resource: net::ERR_INTERNET_DISCONNECTED @ https://vt-h-1.b-cdn.net/x:0
[71346358ms] [ERROR] [31m[ERROR]:[0m Analytics Services - Hermes: Failed to fetch @ https://scripts.converteai.net/lib/js/smartplayer-wc/v4/smartplayer.js:1
[71346359ms] [ERROR] Failed to load resource: net::ERR_INTERNET_DISCONNECTED @ https://sentry.io/api/4509130195468288/envelope/:0
[71346359ms] [ERROR] Failed to load resource: net::ERR_INTERNET_DISCONNECTED @ https://sentry.io/api/4509130195468288/envelope/:0
[71346438ms] [ERROR] Failed to load resource: net::ERR_INTERNET_DISCONNECTED @ https://a.vturb.com/x:0
[71346438ms] [ERROR] [31m[ERROR]:[0m Analytics Services - Hermes: All Analytics URLs have failed @ https://scripts.converteai.net/lib/js/smartplayer-wc/v4/smartplayer.js:1
[71346438ms] [ERROR] Failed to load resource: net::ERR_INTERNET_DISCONNECTED @ https://a.vturb.com/x:0
[71346439ms] [ERROR] [31m[ERROR]:[0m Analytics Services - Hermes: All Analytics URLs have failed @ https://scripts.converteai.net/lib/js/smartplayer-wc/v4/smartplayer.js:1
[71346440ms] [ERROR] Failed to load resource: net::ERR_INTERNET_DISCONNECTED @ https://sentry.io/api/4509130195468288/envelope/:0
[71346440ms] [ERROR] Failed to load resource: net::ERR_INTERNET_DISCONNECTED @ https://sentry.io/api/4509130195468288/envelope/:0
[71346632ms] [ERROR] Failed to load resource: net::ERR_INTERNET_DISCONNECTED @ https://a.vturb.com/x:0
[71346632ms] [ERROR] [31m[ERROR]:[0m Analytics Services - Hermes: All Analytics URLs have failed @ https://scripts.converteai.net/lib/js/smartplayer-wc/v4/smartplayer.js:1
[71346633ms] [ERROR] Failed to load resource: net::ERR_INTERNET_DISCONNECTED @ https://a.vturb.com/x:0
[71346633ms] [ERROR] [31m[ERROR]:[0m Analytics Services - Hermes: All Analytics URLs have failed @ https://scripts.converteai.net/lib/js/smartplayer-wc/v4/smartplayer.js:1
[71346636ms] [ERROR] Failed to load resource: net::ERR_INTERNET_DISCONNECTED @ https://sentry.io/api/4509130195468288/envelope/:0
[71346636ms] [ERROR] Failed to load resource: net::ERR_INTERNET_DISCONNECTED @ https://sentry.io/api/4509130195468288/envelope/:0
[71346847ms] [ERROR] Failed to load resource: net::ERR_INTERNET_DISCONNECTED @ https://vt-h-1.b-cdn.net/x:0
[71346848ms] [ERROR] Failed to load resource: net::ERR_INTERNET_DISCONNECTED @ https://vt-h-1.b-cdn.net/x:0
[71346948ms] [ERROR] Failed to load resource: net::ERR_INTERNET_DISCONNECTED @ https://a.vturb.com/x:0
[71346949ms] [ERROR] [31m[ERROR]:[0m Analytics Services - Hermes: All Analytics URLs have failed @ https://scripts.converteai.net/lib/js/smartplayer-wc/v4/smartplayer.js:1
[71346949ms] [ERROR] Failed to load resource: net::ERR_INTERNET_DISCONNECTED @ https://a.vturb.com/x:0
[71346949ms] [ERROR] [31m[ERROR]:[0m Analytics Services - Hermes: All Analytics URLs have failed @ https://scripts.converteai.net/lib/js/smartplayer-wc/v4/smartplayer.js:1
[71346952ms] [ERROR] Failed to load resource: net::ERR_INTERNET_DISCONNECTED @ https://sentry.io/api/4509130195468288/envelope/:0
[71346952ms] [ERROR] Failed to load resource: net::ERR_INTERNET_DISCONNECTED @ https://sentry.io/api/4509130195468288/envelope/:0
[71347655ms] [ERROR] Failed to load resource: net::ERR_INTERNET_DISCONNECTED @ https://a.vturb.com/x:0
[71347656ms] [ERROR] [31m[ERROR]:[0m Analytics Services - Hermes: All Analytics URLs have failed @ https://scripts.converteai.net/lib/js/smartplayer-wc/v4/smartplayer.js:1
[71347656ms] [ERROR] Failed to load resource: net::ERR_INTERNET_DISCONNECTED @ https://a.vturb.com/x:0
[71347656ms] [ERROR] [31m[ERROR]:[0m Analytics Services - Hermes: All Analytics URLs have failed @ https://scripts.converteai.net/lib/js/smartplayer-wc/v4/smartplayer.js:1
[71347657ms] [ERROR] Failed to load resource: net::ERR_INTERNET_DISCONNECTED @ https://a.vturb.com/x:0
[71347657ms] [ERROR] [31m[ERROR]:[0m Analytics Services - Hermes: All Analytics URLs have failed @ https://scripts.converteai.net/lib/js/smartplayer-wc/v4/smartplayer.js:1
[71347657ms] [ERROR] Failed to load resource: net::ERR_INTERNET_DISCONNECTED @ https://a.vturb.com/x:0
[71347658ms] [ERROR] [31m[ERROR]:[0m Analytics Services - Hermes: All Analytics URLs have failed @ https://scripts.converteai.net/lib/js/smartplayer-wc/v4/smartplayer.js:1
[71347660ms] [ERROR] Failed to load resource: net::ERR_INTERNET_DISCONNECTED @ https://sentry.io/api/4509130195468288/envelope/:0
[71347661ms] [ERROR] Failed to load resource: net::ERR_INTERNET_DISCONNECTED @ https://sentry.io/api/4509130195468288/envelope/:0
[71347662ms] [ERROR] Failed to load resource: net::ERR_INTERNET_DISCONNECTED @ https://sentry.io/api/4509130195468288/envelope/:0
[71347662ms] [ERROR] Failed to load resource: net::ERR_INTERNET_DISCONNECTED @ https://sentry.io/api/4509130195468288/envelope/:0
[71348239ms] [ERROR] Failed to load resource: net::ERR_INTERNET_DISCONNECTED @ https://vt-h-1.b-cdn.net/x:0
[71348240ms] [ERROR] Failed to load resource: net::ERR_INTERNET_DISCONNECTED @ https://vt-h-1.b-cdn.net/x:0
[71349266ms] [ERROR] Failed to load resource: net::ERR_INTERNET_DISCONNECTED @ https://vt-h-1.b-cdn.net/x:0
[71349267ms] [ERROR] Failed to load resource: net::ERR_INTERNET_DISCONNECTED @ https://vt-h-1.b-cdn.net/x:0
[71350156ms] [ERROR] Failed to load resource: net::ERR_INTERNET_DISCONNECTED @ https://vt-h-1.b-cdn.net/x:0
[71350157ms] [ERROR] Failed to load resource: net::ERR_INTERNET_DISCONNECTED @ https://vt-h-1.b-cdn.net/x:0
[71350863ms] [ERROR] Failed to load resource: net::ERR_INTERNET_DISCONNECTED @ https://vt-h-1.b-cdn.net/x:0
[71350864ms] [ERROR] Failed to load resource: net::ERR_INTERNET_DISCONNECTED @ https://vt-h-1.b-cdn.net/x:0
[71351447ms] [ERROR] Failed to load resource: net::ERR_INTERNET_DISCONNECTED @ https://a.vturb.com/x:0
[71351448ms] [ERROR] [31m[ERROR]:[0m Analytics Services - Hermes: All Analytics URLs have failed @ https://scripts.converteai.net/lib/js/smartplayer-wc/v4/smartplayer.js:1
[71351449ms] [ERROR] Failed to load resource: net::ERR_INTERNET_DISCONNECTED @ https://a.vturb.com/x:0
[71351449ms] [ERROR] [31m[ERROR]:[0m Analytics Services - Hermes: All Analytics URLs have failed @ https://scripts.converteai.net/lib/js/smartplayer-wc/v4/smartplayer.js:1
[71351451ms] [ERROR] Failed to load resource: net::ERR_INTERNET_DISCONNECTED @ https://sentry.io/api/4509130195468288/envelope/:0
[71351452ms] [ERROR] Failed to load resource: net::ERR_INTERNET_DISCONNECTED @ https://sentry.io/api/4509130195468288/envelope/:0
[71668006ms] [ERROR] Failed to load resource: net::ERR_INTERNET_DISCONNECTED @ https://a.vturb.com/x:0
[71668007ms] [ERROR] [31m[ERROR]:[0m Analytics Services - Hermes: All Analytics URLs have failed @ https://scripts.converteai.net/lib/js/smartplayer-wc/v4/smartplayer.js:1
[71668007ms] [ERROR] Failed to load resource: net::ERR_INTERNET_DISCONNECTED @ https://a.vturb.com/x:0
[71668007ms] [ERROR] [31m[ERROR]:[0m Analytics Services - Hermes: All Analytics URLs have failed @ https://scripts.converteai.net/lib/js/smartplayer-wc/v4/smartplayer.js:1
[71668010ms] [ERROR] Failed to load resource: net::ERR_INTERNET_DISCONNECTED @ https://sentry.io/api/4509130195468288/envelope/:0
[71668010ms] [ERROR] Failed to load resource: net::ERR_INTERNET_DISCONNECTED @ https://sentry.io/api/4509130195468288/envelope/:0
[71671012ms] [WARNING] The resource https://cdn.converteai.net/8961d838-aff2-4dce-9b39-e84022d332ce/6a52f890d71bd640bbb2a65d/main.m3u8 was preloaded using link preload but not used within a few seconds from the window's load event. Please make sure it has an appropriate `as` value and it is preloaded intentionally. @ http://localhost:8848/quiz2.html:0
[71671013ms] [WARNING] The resource https://cdn.converteai.net/8961d838-aff2-4dce-9b39-e84022d332ce/6a52fa0e3d8ea0afcdc8b377/main.m3u8 was preloaded using link preload but not used within a few seconds from the window's load event. Please make sure it has an appropriate `as` value and it is preloaded intentionally. @ http://localhost:8848/quiz2.html:0
[71672053ms] [ERROR] Failed to load resource: net::ERR_INTERNET_DISCONNECTED @ https://a.vturb.com/x:0
[71672054ms] [ERROR] [31m[ERROR]:[0m Analytics Services - Hermes: Failed to fetch @ https://scripts.converteai.net/lib/js/smartplayer-wc/v4/smartplayer.js:1
[71672054ms] [ERROR] Failed to load resource: net::ERR_INTERNET_DISCONNECTED @ https://a.vturb.com/x:0
[71672055ms] [ERROR] [31m[ERROR]:[0m Analytics Services - Hermes: Failed to fetch @ https://scripts.converteai.net/lib/js/smartplayer-wc/v4/smartplayer.js:1
[71672057ms] [ERROR] Failed to load resource: net::ERR_INTERNET_DISCONNECTED @ https://sentry.io/api/4509130195468288/envelope/:0
[71672057ms] [ERROR] Failed to load resource: net::ERR_INTERNET_DISCONNECTED @ https://sentry.io/api/4509130195468288/envelope/:0
[71672133ms] [ERROR] Failed to load resource: net::ERR_INTERNET_DISCONNECTED @ https://vt-h-1.b-cdn.net/x:0
[71672134ms] [ERROR] Failed to load resource: net::ERR_INTERNET_DISCONNECTED @ https://vt-h-1.b-cdn.net/x:0
[71672540ms] [ERROR] Failed to load resource: net::ERR_INTERNET_DISCONNECTED @ https://a.vturb.com/x:0
[71672541ms] [ERROR] [31m[ERROR]:[0m Analytics Services - Hermes: All Analytics URLs have failed @ https://scripts.converteai.net/lib/js/smartplayer-wc/v4/smartplayer.js:1
[71672541ms] [ERROR] Failed to load resource: net::ERR_INTERNET_DISCONNECTED @ https://a.vturb.com/x:0
[71672542ms] [ERROR] [31m[ERROR]:[0m Analytics Services - Hermes: All Analytics URLs have failed @ https://scripts.converteai.net/lib/js/smartplayer-wc/v4/smartplayer.js:1
[71672544ms] [ERROR] Failed to load resource: net::ERR_INTERNET_DISCONNECTED @ https://sentry.io/api/4509130195468288/envelope/:0
[71672544ms] [ERROR] Failed to load resource: net::ERR_INTERNET_DISCONNECTED @ https://sentry.io/api/4509130195468288/envelope/:0
[71672754ms] [ERROR] Failed to load resource: net::ERR_INTERNET_DISCONNECTED @ https://a.vturb.com/x:0
[71672755ms] [ERROR] [31m[ERROR]:[0m Analytics Services - Hermes: Failed to fetch @ https://scripts.converteai.net/lib/js/smartplayer-wc/v4/smartplayer.js:1
[71672755ms] [ERROR] Failed to load resource: net::ERR_INTERNET_DISCONNECTED @ https://a.vturb.com/x:0
[71672755ms] [ERROR] [31m[ERROR]:[0m Analytics Services - Hermes: Failed to fetch @ https://scripts.converteai.net/lib/js/smartplayer-wc/v4/smartplayer.js:1
[71672759ms] [ERROR] Failed to load resource: net::ERR_INTERNET_DISCONNECTED @ https://sentry.io/api/4509130195468288/envelope/:0
[71672760ms] [ERROR] Failed to load resource: net::ERR_INTERNET_DISCONNECTED @ https://sentry.io/api/4509130195468288/envelope/:0
[71672835ms] [ERROR] Failed to load resource: net::ERR_INTERNET_DISCONNECTED @ https://vt-h-1.b-cdn.net/x:0
[71672836ms] [ERROR] Failed to load resource: net::ERR_INTERNET_DISCONNECTED @ https://vt-h-1.b-cdn.net/x:0
[71673397ms] [ERROR] Failed to load resource: net::ERR_ADDRESS_UNREACHABLE @ https://vt-h-1.b-cdn.net/x:0
[71673398ms] [ERROR] [31m[ERROR]:[0m Analytics Services - Hermes: Failed to fetch @ https://scripts.converteai.net/lib/js/smartplayer-wc/v4/smartplayer.js:1
[71673398ms] [ERROR] Failed to load resource: net::ERR_ADDRESS_UNREACHABLE @ https://vt-h-1.b-cdn.net/x:0
[71673398ms] [ERROR] [31m[ERROR]:[0m Analytics Services - Hermes: Failed to fetch @ https://scripts.converteai.net/lib/js/smartplayer-wc/v4/smartplayer.js:1
[71673398ms] [ERROR] Failed to load resource: net::ERR_ADDRESS_UNREACHABLE @ https://vt-h-1.b-cdn.net/x:0
[71673398ms] [ERROR] Failed to load resource: net::ERR_ADDRESS_UNREACHABLE @ https://vt-h-1.b-cdn.net/x:0
[71673424ms] [ERROR] Failed to load resource: net::ERR_ADDRESS_UNREACHABLE @ https://sentry.io/api/4509130195468288/envelope/:0
[71673425ms] [ERROR] Failed to load resource: net::ERR_ADDRESS_UNREACHABLE @ https://sentry.io/api/4509130195468288/envelope/:0
[71674442ms] [ERROR] Failed to load resource: net::ERR_ADDRESS_UNREACHABLE @ https://vt-h-1.b-cdn.net/x:0
[71674443ms] [ERROR] [31m[ERROR]:[0m Analytics Services - Hermes: Failed to fetch @ https://scripts.converteai.net/lib/js/smartplayer-wc/v4/smartplayer.js:1
[71674444ms] [ERROR] Failed to load resource: net::ERR_ADDRESS_UNREACHABLE @ https://vt-h-1.b-cdn.net/x:0
[71674444ms] [ERROR] [31m[ERROR]:[0m Analytics Services - Hermes: Failed to fetch @ https://scripts.converteai.net/lib/js/smartplayer-wc/v4/smartplayer.js:1
[71674465ms] [ERROR] Failed to load resource: net::ERR_ADDRESS_UNREACHABLE @ https://sentry.io/api/4509130195468288/envelope/:0
[71674465ms] [ERROR] Failed to load resource: net::ERR_ADDRESS_UNREACHABLE @ https://sentry.io/api/4509130195468288/envelope/:0
[71678160ms] [WARNING] The resource https://cdn.converteai.net/8961d838-aff2-4dce-9b39-e84022d332ce/6a52f890d71bd640bbb2a65d/main.m3u8 was preloaded using link preload but not used within a few seconds from the window's load event. Please make sure it has an appropriate `as` value and it is preloaded intentionally. @ http://localhost:8848/quiz2.html:0
[71678160ms] [WARNING] The resource https://cdn.converteai.net/8961d838-aff2-4dce-9b39-e84022d332ce/6a52fa0e3d8ea0afcdc8b377/main.m3u8 was preloaded using link preload but not used within a few seconds from the window's load event. Please make sure it has an appropriate `as` value and it is preloaded intentionally. @ http://localhost:8848/quiz2.html:0
[73338095ms] [WARNING] The resource https://cdn.converteai.net/8961d838-aff2-4dce-9b39-e84022d332ce/6a52f890d71bd640bbb2a65d/main.m3u8 was preloaded using link preload but not used within a few seconds from the window's load event. Please make sure it has an appropriate `as` value and it is preloaded intentionally. @ http://localhost:8848/quiz2.html:0
[73338096ms] [WARNING] The resource https://cdn.converteai.net/8961d838-aff2-4dce-9b39-e84022d332ce/6a52fa0e3d8ea0afcdc8b377/main.m3u8 was preloaded using link preload but not used within a few seconds from the window's load event. Please make sure it has an appropriate `as` value and it is preloaded intentionally. @ http://localhost:8848/quiz2.html:0
[73359663ms] [WARNING] The resource https://cdn.converteai.net/8961d838-aff2-4dce-9b39-e84022d332ce/6a52f890d71bd640bbb2a65d/main.m3u8 was preloaded using link preload but not used within a few seconds from the window's load event. Please make sure it has an appropriate `as` value and it is preloaded intentionally. @ http://localhost:8848/quiz2.html:0
[73359663ms] [WARNING] The resource https://cdn.converteai.net/8961d838-aff2-4dce-9b39-e84022d332ce/6a52fa0e3d8ea0afcdc8b377/main.m3u8 was preloaded using link preload but not used within a few seconds from the window's load event. Please make sure it has an appropriate `as` value and it is preloaded intentionally. @ http://localhost:8848/quiz2.html:0
[74127107ms] [WARNING] The resource https://cdn.converteai.net/8961d838-aff2-4dce-9b39-e84022d332ce/6a52f890d71bd640bbb2a65d/main.m3u8 was preloaded using link preload but not used within a few seconds from the window's load event. Please make sure it has an appropriate `as` value and it is preloaded intentionally. @ http://localhost:8848/quiz2.html:0
[74127107ms] [WARNING] The resource https://cdn.converteai.net/8961d838-aff2-4dce-9b39-e84022d332ce/6a52fa0e3d8ea0afcdc8b377/main.m3u8 was preloaded using link preload but not used within a few seconds from the window's load event. Please make sure it has an appropriate `as` value and it is preloaded intentionally. @ http://localhost:8848/quiz2.html:0
[75189662ms] [WARNING] The resource https://cdn.converteai.net/8961d838-aff2-4dce-9b39-e84022d332ce/6a52f890d71bd640bbb2a65d/main.m3u8 was preloaded using link preload but not used within a few seconds from the window's load event. Please make sure it has an appropriate `as` value and it is preloaded intentionally. @ http://localhost:8848/quiz2.html:0
[75189662ms] [WARNING] The resource https://cdn.converteai.net/8961d838-aff2-4dce-9b39-e84022d332ce/6a52fa0e3d8ea0afcdc8b377/main.m3u8 was preloaded using link preload but not used within a few seconds from the window's load event. Please make sure it has an appropriate `as` value and it is preloaded intentionally. @ http://localhost:8848/quiz2.html:0
[76001012ms] [WARNING] The resource https://cdn.converteai.net/8961d838-aff2-4dce-9b39-e84022d332ce/6a52f890d71bd640bbb2a65d/main.m3u8 was preloaded using link preload but not used within a few seconds from the window's load event. Please make sure it has an appropriate `as` value and it is preloaded intentionally. @ http://localhost:8848/quiz2.html:0
[76001012ms] [WARNING] The resource https://cdn.converteai.net/8961d838-aff2-4dce-9b39-e84022d332ce/6a52fa0e3d8ea0afcdc8b377/main.m3u8 was preloaded using link preload but not used within a few seconds from the window's load event. Please make sure it has an appropriate `as` value and it is preloaded intentionally. @ http://localhost:8848/quiz2.html:0
[76300861ms] [WARNING] The resource https://cdn.converteai.net/8961d838-aff2-4dce-9b39-e84022d332ce/6a52f890d71bd640bbb2a65d/main.m3u8 was preloaded using link preload but not used within a few seconds from the window's load event. Please make sure it has an appropriate `as` value and it is preloaded intentionally. @ http://localhost:8848/quiz2.html:0
[76300861ms] [WARNING] The resource https://cdn.converteai.net/8961d838-aff2-4dce-9b39-e84022d332ce/6a52fa0e3d8ea0afcdc8b377/main.m3u8 was preloaded using link preload but not used within a few seconds from the window's load event. Please make sure it has an appropriate `as` value and it is preloaded intentionally. @ http://localhost:8848/quiz2.html:0
[76600904ms] [WARNING] The resource https://cdn.converteai.net/8961d838-aff2-4dce-9b39-e84022d332ce/6a52f890d71bd640bbb2a65d/main.m3u8 was preloaded using link preload but not used within a few seconds from the window's load event. Please make sure it has an appropriate `as` value and it is preloaded intentionally. @ http://localhost:8848/quiz2.html:0
[76600904ms] [WARNING] The resource https://cdn.converteai.net/8961d838-aff2-4dce-9b39-e84022d332ce/6a52fa0e3d8ea0afcdc8b377/main.m3u8 was preloaded using link preload but not used within a few seconds from the window's load event. Please make sure it has an appropriate `as` value and it is preloaded intentionally. @ http://localhost:8848/quiz2.html:0
[76900997ms] [WARNING] The resource https://cdn.converteai.net/8961d838-aff2-4dce-9b39-e84022d332ce/6a52f890d71bd640bbb2a65d/main.m3u8 was preloaded using link preload but not used within a few seconds from the window's load event. Please make sure it has an appropriate `as` value and it is preloaded intentionally. @ http://localhost:8848/quiz2.html:0
[76900997ms] [WARNING] The resource https://cdn.converteai.net/8961d838-aff2-4dce-9b39-e84022d332ce/6a52fa0e3d8ea0afcdc8b377/main.m3u8 was preloaded using link preload but not used within a few seconds from the window's load event. Please make sure it has an appropriate `as` value and it is preloaded intentionally. @ http://localhost:8848/quiz2.html:0
