[      95ms] [LOG] Tracker Meta version 1.6.1 @ https://cdn.utmify.com.br/scripts/pixel/pixel.js:0
[      95ms] [LOG] Tracker.inited?: false @ https://cdn.utmify.com.br/scripts/pixel/pixel.js:0
[     252ms] [LOG] VTurb :: v4.19.0 JSHandle@node @ https://scripts.converteai.net/lib/js/smartplayer-wc/v4/smartplayer.js:1000
[     266ms] [WARNING] A preload for 'https://cdn.converteai.net/8961d838-aff2-4dce-9b39-e84022d332ce/6a54557c2686ede7e9543197/main.m3u8' is found, but is not used because the request credentials mode does not match. Consider taking a look at crossorigin attribute. @ https://scripts.converteai.net/lib/js/smartplayer-wc/v4/smartplayer.js:775
[     769ms] [LOG] buttons [button#modalClose.modal-close] @ https://cdn.utmify.com.br/scripts/pixel/pixel.js:0
[     782ms] [ERROR] Failed to load resource: net::ERR_CONNECTION_REFUSED @ http://localhost:3001/tracking/v1/events:0
[     795ms] Uncaught (in promise) TypeError: Failed to fetch
    at <anonymous> (https://cdn.utmify.com.br/scripts/pixel/pixel.js:0:20157)
    at <anonymous> (https://cdn.utmify.com.br/scripts/pixel/pixel.js:0:17787)
    at l (https://cdn.utmify.com.br/scripts/pixel/pixel.js:0:17532)
    at event (https://cdn.utmify.com.br/scripts/pixel/pixel.js:0:20081)
    at <anonymous> (https://cdn.utmify.com.br/scripts/pixel/pixel.js:0:30589)
    at <anonymous> (https://cdn.utmify.com.br/scripts/pixel/pixel.js:0:29166)
    at l (https://cdn.utmify.com.br/scripts/pixel/pixel.js:0:28911)
    at track (https://cdn.utmify.com.br/scripts/pixel/pixel.js:0:30436)
    at <anonymous> (https://cdn.utmify.com.br/scripts/pixel/pixel.js:0:30025)
    at r (https://cdn.utmify.com.br/scripts/pixel/pixel.js:0:28968)
[     802ms] [LOG] ApiCompat: loaded @ https://scripts.converteai.net/lib/js/smartplayer-wc/v4/smartplayer.js:1
[     812ms] [ERROR] Failed to load resource: the server responded with a status of 404 (File not found) @ http://localhost:8850/favicon.ico:0
[    2770ms] [LOG] buttons [button#modalClose.modal-close] @ https://cdn.utmify.com.br/scripts/pixel/pixel.js:0
[    4770ms] [LOG] buttons [button#modalClose.modal-close] @ https://cdn.utmify.com.br/scripts/pixel/pixel.js:0
[    6769ms] [LOG] buttons [button#modalClose.modal-close] @ https://cdn.utmify.com.br/scripts/pixel/pixel.js:0
[    8770ms] [LOG] buttons [button#modalClose.modal-close] @ https://cdn.utmify.com.br/scripts/pixel/pixel.js:0
[    8775ms] [ERROR] Failed to load resource: net::ERR_CONNECTION_REFUSED @ http://localhost:3001/tracking/v1/events:0
[    8775ms] Uncaught (in promise) TypeError: Failed to fetch
    at <anonymous> (https://cdn.utmify.com.br/scripts/pixel/pixel.js:0:20157)
    at <anonymous> (https://cdn.utmify.com.br/scripts/pixel/pixel.js:0:17787)
    at l (https://cdn.utmify.com.br/scripts/pixel/pixel.js:0:17532)
    at event (https://cdn.utmify.com.br/scripts/pixel/pixel.js:0:20081)
    at <anonymous> (https://cdn.utmify.com.br/scripts/pixel/pixel.js:0:30589)
    at <anonymous> (https://cdn.utmify.com.br/scripts/pixel/pixel.js:0:29166)
    at l (https://cdn.utmify.com.br/scripts/pixel/pixel.js:0:28911)
    at track (https://cdn.utmify.com.br/scripts/pixel/pixel.js:0:30436)
    at <anonymous> (https://cdn.utmify.com.br/scripts/pixel/pixel.js:0:38439)
    at r (https://cdn.utmify.com.br/scripts/pixel/pixel.js:0:37966)
[   10770ms] [LOG] buttons [button#modalClose.modal-close] @ https://cdn.utmify.com.br/scripts/pixel/pixel.js:0
[   11775ms] [WARNING] The resource https://cdn.converteai.net/8961d838-aff2-4dce-9b39-e84022d332ce/6a54557c2686ede7e9543197/main.m3u8 was preloaded using link preload but not used within a few seconds from the window's load event. Please make sure it has an appropriate `as` value and it is preloaded intentionally. @ http://localhost:8850/upsell-account-shield.html:0
[   12769ms] [LOG] buttons [button#modalClose.modal-close] @ https://cdn.utmify.com.br/scripts/pixel/pixel.js:0
[   14769ms] [LOG] buttons [button#modalClose.modal-close] @ https://cdn.utmify.com.br/scripts/pixel/pixel.js:0
[   16770ms] [LOG] buttons [button#modalClose.modal-close] @ https://cdn.utmify.com.br/scripts/pixel/pixel.js:0
[   18770ms] [LOG] buttons [button#modalClose.modal-close] @ https://cdn.utmify.com.br/scripts/pixel/pixel.js:0
[   20770ms] [LOG] buttons [button#modalClose.modal-close] @ https://cdn.utmify.com.br/scripts/pixel/pixel.js:0
[   22770ms] [LOG] buttons [button#modalClose.modal-close] @ https://cdn.utmify.com.br/scripts/pixel/pixel.js:0
[   24770ms] [LOG] buttons [button#modalClose.modal-close] @ https://cdn.utmify.com.br/scripts/pixel/pixel.js:0
[   26770ms] [LOG] buttons [button#modalClose.modal-close] @ https://cdn.utmify.com.br/scripts/pixel/pixel.js:0
[   28770ms] [LOG] buttons [button#modalClose.modal-close] @ https://cdn.utmify.com.br/scripts/pixel/pixel.js:0
[   30770ms] [LOG] buttons [button#modalClose.modal-close] @ https://cdn.utmify.com.br/scripts/pixel/pixel.js:0
[   32770ms] [LOG] buttons [button#modalClose.modal-close] @ https://cdn.utmify.com.br/scripts/pixel/pixel.js:0
[   33477ms] [WARNING] The resource https://cdn.converteai.net/8961d838-aff2-4dce-9b39-e84022d332ce/6a54557c2686ede7e9543197/main.m3u8 was preloaded using link preload but not used within a few seconds from the window's load event. Please make sure it has an appropriate `as` value and it is preloaded intentionally. @ http://localhost:8850/upsell-account-shield.html:0
[   34770ms] [LOG] buttons [button#modalClose.modal-close] @ https://cdn.utmify.com.br/scripts/pixel/pixel.js:0
[   36770ms] [LOG] buttons [button#modalClose.modal-close] @ https://cdn.utmify.com.br/scripts/pixel/pixel.js:0
[   38769ms] [LOG] buttons [button#modalClose.modal-close] @ https://cdn.utmify.com.br/scripts/pixel/pixel.js:0
[   40769ms] [LOG] buttons [button#modalClose.modal-close] @ https://cdn.utmify.com.br/scripts/pixel/pixel.js:0
[   42770ms] [LOG] buttons [button#modalClose.modal-close] @ https://cdn.utmify.com.br/scripts/pixel/pixel.js:0
[   44770ms] [LOG] buttons [button#modalClose.modal-close] @ https://cdn.utmify.com.br/scripts/pixel/pixel.js:0
[   45015ms] [LOG] scrolling 1 @ https://cdn.utmify.com.br/scripts/pixel/pixel.js:0
[   45032ms] [LOG] scrolling 5 @ https://cdn.utmify.com.br/scripts/pixel/pixel.js:0
[   45048ms] [LOG] scrolling 10.5 @ https://cdn.utmify.com.br/scripts/pixel/pixel.js:0
[   45065ms] [LOG] scrolling 20.5 @ https://cdn.utmify.com.br/scripts/pixel/pixel.js:0
[   45082ms] [LOG] scrolling 33.5 @ https://cdn.utmify.com.br/scripts/pixel/pixel.js:0
[   45098ms] [LOG] scrolling 51 @ https://cdn.utmify.com.br/scripts/pixel/pixel.js:0
[   45115ms] [LOG] scrolling 73.5 @ https://cdn.utmify.com.br/scripts/pixel/pixel.js:0
[   45132ms] [LOG] scrolling 102 @ https://cdn.utmify.com.br/scripts/pixel/pixel.js:0
[   45149ms] [LOG] scrolling 138 @ https://cdn.utmify.com.br/scripts/pixel/pixel.js:0
[   45165ms] [LOG] scrolling 183 @ https://cdn.utmify.com.br/scripts/pixel/pixel.js:0
[   45182ms] [LOG] scrolling 240 @ https://cdn.utmify.com.br/scripts/pixel/pixel.js:0
[   45197ms] [LOG] scrolling 308 @ https://cdn.utmify.com.br/scripts/pixel/pixel.js:0
[   45215ms] [LOG] scrolling 402 @ https://cdn.utmify.com.br/scripts/pixel/pixel.js:0
[   45232ms] [LOG] scrolling 513 @ https://cdn.utmify.com.br/scripts/pixel/pixel.js:0
[   45248ms] [LOG] scrolling 645.5 @ https://cdn.utmify.com.br/scripts/pixel/pixel.js:0
[   45265ms] [LOG] scrolling 791.5 @ https://cdn.utmify.com.br/scripts/pixel/pixel.js:0
[   45282ms] [LOG] scrolling 939.5 @ https://cdn.utmify.com.br/scripts/pixel/pixel.js:0
[   45298ms] [LOG] scrolling 1077.5 @ https://cdn.utmify.com.br/scripts/pixel/pixel.js:0
[   45315ms] [LOG] scrolling 1201 @ https://cdn.utmify.com.br/scripts/pixel/pixel.js:0
[   45332ms] [LOG] scrolling 1309.5 @ https://cdn.utmify.com.br/scripts/pixel/pixel.js:0
[   45348ms] [LOG] scrolling 1405.5 @ https://cdn.utmify.com.br/scripts/pixel/pixel.js:0
[   45365ms] [LOG] scrolling 1490 @ https://cdn.utmify.com.br/scripts/pixel/pixel.js:0
[   45576ms] [LOG] scrolling 2056.5 @ https://cdn.utmify.com.br/scripts/pixel/pixel.js:0
[   45582ms] [LOG] scrolling 2083.5 @ https://cdn.utmify.com.br/scripts/pixel/pixel.js:0
[   45598ms] [LOG] scrolling 2108.5 @ https://cdn.utmify.com.br/scripts/pixel/pixel.js:0
[   45615ms] [LOG] scrolling 2132 @ https://cdn.utmify.com.br/scripts/pixel/pixel.js:0
[   45632ms] [LOG] scrolling 2154 @ https://cdn.utmify.com.br/scripts/pixel/pixel.js:0
[   45648ms] [LOG] scrolling 2174.5 @ https://cdn.utmify.com.br/scripts/pixel/pixel.js:0
[   45665ms] [LOG] scrolling 2193.5 @ https://cdn.utmify.com.br/scripts/pixel/pixel.js:0
[   45682ms] [LOG] scrolling 2211.5 @ https://cdn.utmify.com.br/scripts/pixel/pixel.js:0
[   45698ms] [LOG] scrolling 2228 @ https://cdn.utmify.com.br/scripts/pixel/pixel.js:0
[   45715ms] [LOG] scrolling 2244 @ https://cdn.utmify.com.br/scripts/pixel/pixel.js:0
[   45732ms] [LOG] scrolling 2258.5 @ https://cdn.utmify.com.br/scripts/pixel/pixel.js:0
[   45748ms] [LOG] scrolling 2272.5 @ https://cdn.utmify.com.br/scripts/pixel/pixel.js:0
[   45765ms] [LOG] scrolling 2285 @ https://cdn.utmify.com.br/scripts/pixel/pixel.js:0
[   45782ms] [LOG] scrolling 2297 @ https://cdn.utmify.com.br/scripts/pixel/pixel.js:0
[   45798ms] [LOG] scrolling 2308 @ https://cdn.utmify.com.br/scripts/pixel/pixel.js:0
[   45815ms] [LOG] scrolling 2318.5 @ https://cdn.utmify.com.br/scripts/pixel/pixel.js:0
[   45832ms] [LOG] scrolling 2328 @ https://cdn.utmify.com.br/scripts/pixel/pixel.js:0
[   45848ms] [LOG] scrolling 2337 @ https://cdn.utmify.com.br/scripts/pixel/pixel.js:0
[   45865ms] [LOG] scrolling 2345.5 @ https://cdn.utmify.com.br/scripts/pixel/pixel.js:0
[   45882ms] [LOG] scrolling 2353 @ https://cdn.utmify.com.br/scripts/pixel/pixel.js:0
[   45898ms] [LOG] scrolling 2360 @ https://cdn.utmify.com.br/scripts/pixel/pixel.js:0
[   45915ms] [LOG] scrolling 2366.5 @ https://cdn.utmify.com.br/scripts/pixel/pixel.js:0
[   45932ms] [LOG] scrolling 2372.5 @ https://cdn.utmify.com.br/scripts/pixel/pixel.js:0
[   45948ms] [LOG] scrolling 2377.5 @ https://cdn.utmify.com.br/scripts/pixel/pixel.js:0
[   45964ms] [LOG] scrolling 2382.5 @ https://cdn.utmify.com.br/scripts/pixel/pixel.js:0
[   45982ms] [LOG] scrolling 2387 @ https://cdn.utmify.com.br/scripts/pixel/pixel.js:0
[   45998ms] [LOG] scrolling 2391 @ https://cdn.utmify.com.br/scripts/pixel/pixel.js:0
[   46014ms] [LOG] scrolling 2394 @ https://cdn.utmify.com.br/scripts/pixel/pixel.js:0
[   46031ms] [LOG] scrolling 2397 @ https://cdn.utmify.com.br/scripts/pixel/pixel.js:0
[   46048ms] [LOG] scrolling 2399.5 @ https://cdn.utmify.com.br/scripts/pixel/pixel.js:0
[   46065ms] [LOG] scrolling 2402 @ https://cdn.utmify.com.br/scripts/pixel/pixel.js:0
[   46081ms] [LOG] scrolling 2403.5 @ https://cdn.utmify.com.br/scripts/pixel/pixel.js:0
[   46098ms] [LOG] scrolling 2405 @ https://cdn.utmify.com.br/scripts/pixel/pixel.js:0
[   46115ms] [LOG] scrolling 2406 @ https://cdn.utmify.com.br/scripts/pixel/pixel.js:0
[   46132ms] [LOG] scrolling 2406.5 @ https://cdn.utmify.com.br/scripts/pixel/pixel.js:0
[   46148ms] [LOG] scrolling 2407 @ https://cdn.utmify.com.br/scripts/pixel/pixel.js:0
[   46770ms] [LOG] buttons [button#modalClose.modal-close] @ https://cdn.utmify.com.br/scripts/pixel/pixel.js:0
[   48770ms] [LOG] buttons [button#modalClose.modal-close] @ https://cdn.utmify.com.br/scripts/pixel/pixel.js:0
[   50770ms] [LOG] buttons [button#modalClose.modal-close] @ https://cdn.utmify.com.br/scripts/pixel/pixel.js:0
[   52770ms] [LOG] buttons [button#modalClose.modal-close] @ https://cdn.utmify.com.br/scripts/pixel/pixel.js:0
[   54770ms] [LOG] buttons [button#modalClose.modal-close] @ https://cdn.utmify.com.br/scripts/pixel/pixel.js:0
[   56770ms] [LOG] buttons [button#modalClose.modal-close] @ https://cdn.utmify.com.br/scripts/pixel/pixel.js:0
[   58770ms] [LOG] buttons [button#modalClose.modal-close] @ https://cdn.utmify.com.br/scripts/pixel/pixel.js:0
[   60770ms] [LOG] buttons [button#modalClose.modal-close] @ https://cdn.utmify.com.br/scripts/pixel/pixel.js:0
[   62770ms] [LOG] buttons [button#modalClose.modal-close] @ https://cdn.utmify.com.br/scripts/pixel/pixel.js:0
[   64770ms] [LOG] buttons [button#modalClose.modal-close] @ https://cdn.utmify.com.br/scripts/pixel/pixel.js:0
[   66770ms] [LOG] buttons [button#modalClose.modal-close] @ https://cdn.utmify.com.br/scripts/pixel/pixel.js:0
[   68770ms] [LOG] buttons [button#modalClose.modal-close] @ https://cdn.utmify.com.br/scripts/pixel/pixel.js:0
[   70770ms] [LOG] buttons [button#modalClose.modal-close] @ https://cdn.utmify.com.br/scripts/pixel/pixel.js:0
[   72769ms] [LOG] buttons [button#modalClose.modal-close] @ https://cdn.utmify.com.br/scripts/pixel/pixel.js:0
[   74770ms] [LOG] buttons [button#modalClose.modal-close] @ https://cdn.utmify.com.br/scripts/pixel/pixel.js:0
[   76770ms] [LOG] buttons [button#modalClose.modal-close] @ https://cdn.utmify.com.br/scripts/pixel/pixel.js:0
[   78770ms] [LOG] buttons [button#modalClose.modal-close] @ https://cdn.utmify.com.br/scripts/pixel/pixel.js:0
[   80769ms] [LOG] buttons [button#modalClose.modal-close] @ https://cdn.utmify.com.br/scripts/pixel/pixel.js:0
[   82771ms] [LOG] buttons [button#modalClose.modal-close] @ https://cdn.utmify.com.br/scripts/pixel/pixel.js:0
[   82878ms] [LOG] link clicked v JSHandle@node @ https://cdn.utmify.com.br/scripts/pixel/pixel.js:0
[   82878ms] [LOG] check is checkout link:  http://localhost:8850/upsell-account-shield.html?utm_source=organic&utm_campaign=&utm_medium=&utm_content=&utm_term=&xcod=&sck= @ https://cdn.utmify.com.br/scripts/pixel/pixel.js:0
[   82878ms] [LOG] canSendIc false @ https://cdn.utmify.com.br/scripts/pixel/pixel.js:0
[   82878ms] [LOG] check can send lead:  No thanks, I'll risk losing my account and starting over @ https://cdn.utmify.com.br/scripts/pixel/pixel.js:0
[   82878ms] [LOG] canSendLead false @ https://cdn.utmify.com.br/scripts/pixel/pixel.js:0
[   82879ms] [LOG] check can send add to cart:  No thanks, I'll risk losing my account and starting over @ https://cdn.utmify.com.br/scripts/pixel/pixel.js:0
[   82879ms] [LOG] canAddToCart false @ https://cdn.utmify.com.br/scripts/pixel/pixel.js:0
[   82879ms] [LOG] link clicked v JSHandle@node @ https://cdn.utmify.com.br/scripts/pixel/pixel.js:0
[   82879ms] [LOG] check is checkout link:  http://localhost:8850/upsell-account-shield.html?utm_source=organic&utm_campaign=&utm_medium=&utm_content=&utm_term=&xcod=&sck= @ https://cdn.utmify.com.br/scripts/pixel/pixel.js:0
[   82879ms] [LOG] canSendIc false @ https://cdn.utmify.com.br/scripts/pixel/pixel.js:0
[   82879ms] [LOG] check can send lead:  No thanks, I'll risk losing my account and starting over @ https://cdn.utmify.com.br/scripts/pixel/pixel.js:0
[   82879ms] [LOG] canSendLead false @ https://cdn.utmify.com.br/scripts/pixel/pixel.js:0
[   82879ms] [LOG] check can send add to cart:  No thanks, I'll risk losing my account and starting over @ https://cdn.utmify.com.br/scripts/pixel/pixel.js:0
[   82879ms] [LOG] canAddToCart false @ https://cdn.utmify.com.br/scripts/pixel/pixel.js:0
[   83037ms] [ERROR] Failed to load resource: the server responded with a status of 404 (File not found) @ http://localhost:8850/favicon.ico:0
[   84770ms] [LOG] buttons [button#modalClose.modal-close] @ https://cdn.utmify.com.br/scripts/pixel/pixel.js:0
[   86632ms] [WARNING] The resource https://cdn.converteai.net/8961d838-aff2-4dce-9b39-e84022d332ce/6a54557c2686ede7e9543197/main.m3u8 was preloaded using link preload but not used within a few seconds from the window's load event. Please make sure it has an appropriate `as` value and it is preloaded intentionally. @ http://localhost:8850/upsell-account-shield.html:0
[   86769ms] [LOG] buttons [button#modalClose.modal-close] @ https://cdn.utmify.com.br/scripts/pixel/pixel.js:0
[   88770ms] [LOG] buttons [button#modalClose.modal-close] @ https://cdn.utmify.com.br/scripts/pixel/pixel.js:0
[   90771ms] [LOG] buttons [button#modalClose.modal-close] @ https://cdn.utmify.com.br/scripts/pixel/pixel.js:0
[   92770ms] [LOG] buttons [button#modalClose.modal-close] @ https://cdn.utmify.com.br/scripts/pixel/pixel.js:0
[   94770ms] [LOG] buttons [button#modalClose.modal-close] @ https://cdn.utmify.com.br/scripts/pixel/pixel.js:0
[   96292ms] [WARNING] The resource https://cdn.converteai.net/8961d838-aff2-4dce-9b39-e84022d332ce/6a54557c2686ede7e9543197/main.m3u8 was preloaded using link preload but not used within a few seconds from the window's load event. Please make sure it has an appropriate `as` value and it is preloaded intentionally. @ http://localhost:8850/upsell-account-shield.html:0
[   96770ms] [LOG] buttons [button#modalClose.modal-close] @ https://cdn.utmify.com.br/scripts/pixel/pixel.js:0
[   98770ms] [LOG] buttons [button#modalClose.modal-close] @ https://cdn.utmify.com.br/scripts/pixel/pixel.js:0
[  100770ms] [LOG] buttons [button#modalClose.modal-close] @ https://cdn.utmify.com.br/scripts/pixel/pixel.js:0
[  101409ms] [WARNING] The resource https://cdn.converteai.net/8961d838-aff2-4dce-9b39-e84022d332ce/6a54557c2686ede7e9543197/main.m3u8 was preloaded using link preload but not used within a few seconds from the window's load event. Please make sure it has an appropriate `as` value and it is preloaded intentionally. @ http://localhost:8850/upsell-account-shield.html:0
[  102770ms] [LOG] buttons [button#modalClose.modal-close] @ https://cdn.utmify.com.br/scripts/pixel/pixel.js:0
[  104769ms] [LOG] buttons [button#modalClose.modal-close] @ https://cdn.utmify.com.br/scripts/pixel/pixel.js:0
[  106300ms] [WARNING] The resource https://cdn.converteai.net/8961d838-aff2-4dce-9b39-e84022d332ce/6a54557c2686ede7e9543197/main.m3u8 was preloaded using link preload but not used within a few seconds from the window's load event. Please make sure it has an appropriate `as` value and it is preloaded intentionally. @ http://localhost:8850/upsell-account-shield.html:0
[  106770ms] [LOG] buttons [button#modalClose.modal-close] @ https://cdn.utmify.com.br/scripts/pixel/pixel.js:0
[  108770ms] [LOG] buttons [button#modalClose.modal-close] @ https://cdn.utmify.com.br/scripts/pixel/pixel.js:0
[  110770ms] [LOG] buttons [button#modalClose.modal-close] @ https://cdn.utmify.com.br/scripts/pixel/pixel.js:0
[  111369ms] [WARNING] The resource https://cdn.converteai.net/8961d838-aff2-4dce-9b39-e84022d332ce/6a54557c2686ede7e9543197/main.m3u8 was preloaded using link preload but not used within a few seconds from the window's load event. Please make sure it has an appropriate `as` value and it is preloaded intentionally. @ http://localhost:8850/upsell-account-shield.html:0
[  112770ms] [LOG] buttons [button#modalClose.modal-close] @ https://cdn.utmify.com.br/scripts/pixel/pixel.js:0
[  114727ms] [LOG] link clicked v JSHandle@node @ https://cdn.utmify.com.br/scripts/pixel/pixel.js:0
[  114727ms] [LOG] check is checkout link:  http://localhost:8850/upsell-account-shield.html?utm_source=organic&utm_campaign=&utm_medium=&utm_content=&utm_term=&xcod=&sck= @ https://cdn.utmify.com.br/scripts/pixel/pixel.js:0
[  114728ms] [LOG] canSendIc false @ https://cdn.utmify.com.br/scripts/pixel/pixel.js:0
[  114728ms] [LOG] check can send lead:  No thanks, I'll risk losing everything @ https://cdn.utmify.com.br/scripts/pixel/pixel.js:0
[  114728ms] [LOG] canSendLead false @ https://cdn.utmify.com.br/scripts/pixel/pixel.js:0
[  114728ms] [LOG] check can send add to cart:  No thanks, I'll risk losing everything @ https://cdn.utmify.com.br/scripts/pixel/pixel.js:0
[  114728ms] [LOG] canAddToCart false @ https://cdn.utmify.com.br/scripts/pixel/pixel.js:0
[  114728ms] [LOG] link clicked v JSHandle@node @ https://cdn.utmify.com.br/scripts/pixel/pixel.js:0
[  114728ms] [LOG] check is checkout link:  http://localhost:8850/upsell-account-shield.html?utm_source=organic&utm_campaign=&utm_medium=&utm_content=&utm_term=&xcod=&sck= @ https://cdn.utmify.com.br/scripts/pixel/pixel.js:0
[  114728ms] [LOG] canSendIc false @ https://cdn.utmify.com.br/scripts/pixel/pixel.js:0
[  114728ms] [LOG] check can send lead:  No thanks, I'll risk losing everything @ https://cdn.utmify.com.br/scripts/pixel/pixel.js:0
[  114728ms] [LOG] canSendLead false @ https://cdn.utmify.com.br/scripts/pixel/pixel.js:0
[  114728ms] [LOG] check can send add to cart:  No thanks, I'll risk losing everything @ https://cdn.utmify.com.br/scripts/pixel/pixel.js:0
[  114728ms] [LOG] canAddToCart false @ https://cdn.utmify.com.br/scripts/pixel/pixel.js:0
[  114770ms] [LOG] buttons [button#modalClose.modal-close] @ https://cdn.utmify.com.br/scripts/pixel/pixel.js:0
[  115909ms] [LOG] button clicked pixel JSHandle@node @ https://cdn.utmify.com.br/scripts/pixel/pixel.js:0
[  115909ms] [LOG] check can iniate checkout:  × @ https://cdn.utmify.com.br/scripts/pixel/pixel.js:0
[  115910ms] [LOG] check can send lead:  × @ https://cdn.utmify.com.br/scripts/pixel/pixel.js:0
[  115910ms] [LOG] check can send add to cart:  × @ https://cdn.utmify.com.br/scripts/pixel/pixel.js:0
[  115910ms] [LOG] button clicked pixel JSHandle@node @ https://cdn.utmify.com.br/scripts/pixel/pixel.js:0
[  115910ms] [LOG] check can iniate checkout:  × @ https://cdn.utmify.com.br/scripts/pixel/pixel.js:0
[  115910ms] [LOG] check can send lead:  × @ https://cdn.utmify.com.br/scripts/pixel/pixel.js:0
[  115910ms] [LOG] check can send add to cart:  × @ https://cdn.utmify.com.br/scripts/pixel/pixel.js:0
[  116016ms] [LOG] Tracker Meta version 1.6.1 @ https://cdn.utmify.com.br/scripts/pixel/pixel.js:0
[  116016ms] [LOG] Tracker.inited?: false @ https://cdn.utmify.com.br/scripts/pixel/pixel.js:0
[  116468ms] [ERROR] Failed to load resource: the server responded with a status of 404 () @ https://www.promptsgoat.com/favicon.ico:0
[  116600ms] [LOG] buttons [button#copyPwd.copy-btn] @ https://cdn.utmify.com.br/scripts/pixel/pixel.js:0
[  116790ms] [ERROR] Failed to load resource: the server responded with a status of 400 () @ https://tracking.utmify.com.br/tracking/v1/events:0
[  116791ms] [LOG] response for 6a308246efea7a08ff488a76: undefined @ https://cdn.utmify.com.br/scripts/pixel/pixel.js:0
[  116793ms] Uncaught (in promise) TypeError: Cannot read properties of undefined (reading '_id')
    at <anonymous> (https://cdn.utmify.com.br/scripts/pixel/pixel.js:0:20437)
    at r (https://cdn.utmify.com.br/scripts/pixel/pixel.js:0:17589)
[  116965ms] [LOG] scrolling 2 @ https://cdn.utmify.com.br/scripts/pixel/pixel.js:0
[  116982ms] [LOG] scrolling 3 @ https://cdn.utmify.com.br/scripts/pixel/pixel.js:0
[  116999ms] [LOG] scrolling 4 @ https://cdn.utmify.com.br/scripts/pixel/pixel.js:0
[  117015ms] [LOG] scrolling 6 @ https://cdn.utmify.com.br/scripts/pixel/pixel.js:0
[  117032ms] [LOG] scrolling 7 @ https://cdn.utmify.com.br/scripts/pixel/pixel.js:0
[  117065ms] [LOG] scrolling 8 @ https://cdn.utmify.com.br/scripts/pixel/pixel.js:0
[  119864ms] [LOG] Tracker Meta version 1.6.1 @ https://cdn.utmify.com.br/scripts/pixel/pixel.js:0
[  119864ms] [LOG] Tracker.inited?: false @ https://cdn.utmify.com.br/scripts/pixel/pixel.js:0
[  119867ms] [LOG] buttons [button#modalClose.modal-close] @ https://cdn.utmify.com.br/scripts/pixel/pixel.js:0
[  119869ms] [ERROR] Failed to load resource: net::ERR_CONNECTION_REFUSED @ http://localhost:3001/tracking/v1/events:0
[  119869ms] Uncaught (in promise) TypeError: Failed to fetch
    at <anonymous> (https://cdn.utmify.com.br/scripts/pixel/pixel.js:0:20157)
    at <anonymous> (https://cdn.utmify.com.br/scripts/pixel/pixel.js:0:17787)
    at l (https://cdn.utmify.com.br/scripts/pixel/pixel.js:0:17532)
    at event (https://cdn.utmify.com.br/scripts/pixel/pixel.js:0:20081)
    at <anonymous> (https://cdn.utmify.com.br/scripts/pixel/pixel.js:0:30589)
    at <anonymous> (https://cdn.utmify.com.br/scripts/pixel/pixel.js:0:29166)
    at l (https://cdn.utmify.com.br/scripts/pixel/pixel.js:0:28911)
    at track (https://cdn.utmify.com.br/scripts/pixel/pixel.js:0:30436)
    at <anonymous> (https://cdn.utmify.com.br/scripts/pixel/pixel.js:0:30025)
    at r (https://cdn.utmify.com.br/scripts/pixel/pixel.js:0:28968)
[  119911ms] [LOG] VTurb :: v4.19.0 JSHandle@node @ https://scripts.converteai.net/lib/js/smartplayer-wc/v4/smartplayer.js:1000
[  119921ms] [WARNING] A preload for 'https://cdn.converteai.net/8961d838-aff2-4dce-9b39-e84022d332ce/6a54557c2686ede7e9543197/main.m3u8' is found, but is not used because the request credentials mode does not match. Consider taking a look at crossorigin attribute. @ https://scripts.converteai.net/lib/js/smartplayer-wc/v4/smartplayer.js:775
[  120089ms] [LOG] ApiCompat: loaded @ https://scripts.converteai.net/lib/js/smartplayer-wc/v4/smartplayer.js:1
[  120647ms] [LOG] scrolling 2390 @ https://cdn.utmify.com.br/scripts/pixel/pixel.js:0
[  120649ms] [ERROR] Failed to load resource: net::ERR_CONNECTION_REFUSED @ http://localhost:3001/tracking/v1/events:0
[  120649ms] Uncaught (in promise) TypeError: Failed to fetch
    at <anonymous> (https://cdn.utmify.com.br/scripts/pixel/pixel.js:0:20157)
    at <anonymous> (https://cdn.utmify.com.br/scripts/pixel/pixel.js:0:17787)
    at l (https://cdn.utmify.com.br/scripts/pixel/pixel.js:0:17532)
    at event (https://cdn.utmify.com.br/scripts/pixel/pixel.js:0:20081)
    at <anonymous> (https://cdn.utmify.com.br/scripts/pixel/pixel.js:0:30589)
    at <anonymous> (https://cdn.utmify.com.br/scripts/pixel/pixel.js:0:29166)
    at l (https://cdn.utmify.com.br/scripts/pixel/pixel.js:0:28911)
    at track (https://cdn.utmify.com.br/scripts/pixel/pixel.js:0:30436)
    at <anonymous> (https://cdn.utmify.com.br/scripts/pixel/pixel.js:0:38669)
    at <anonymous> (https://cdn.utmify.com.br/scripts/pixel/pixel.js:0:38164)
    at l (https://cdn.utmify.com.br/scripts/pixel/pixel.js:0:37909)
    at <anonymous> (https://cdn.utmify.com.br/scripts/pixel/pixel.js:0:38565)
[  120665ms] [LOG] scrolling 2379 @ https://cdn.utmify.com.br/scripts/pixel/pixel.js:0
[  120682ms] [LOG] scrolling 2355 @ https://cdn.utmify.com.br/scripts/pixel/pixel.js:0
[  120698ms] [LOG] scrolling 2328 @ https://cdn.utmify.com.br/scripts/pixel/pixel.js:0
[  120715ms] [LOG] scrolling 2295 @ https://cdn.utmify.com.br/scripts/pixel/pixel.js:0
[  120732ms] [LOG] scrolling 2264 @ https://cdn.utmify.com.br/scripts/pixel/pixel.js:0
[  120748ms] [LOG] scrolling 2239 @ https://cdn.utmify.com.br/scripts/pixel/pixel.js:0
[  120765ms] [LOG] scrolling 2223 @ https://cdn.utmify.com.br/scripts/pixel/pixel.js:0
[  120782ms] [LOG] scrolling 2183 @ https://cdn.utmify.com.br/scripts/pixel/pixel.js:0
[  120798ms] [LOG] scrolling 2153 @ https://cdn.utmify.com.br/scripts/pixel/pixel.js:0
[  120815ms] [LOG] scrolling 2121 @ https://cdn.utmify.com.br/scripts/pixel/pixel.js:0
[  120832ms] [LOG] scrolling 2089 @ https://cdn.utmify.com.br/scripts/pixel/pixel.js:0
[  120848ms] [LOG] scrolling 2056 @ https://cdn.utmify.com.br/scripts/pixel/pixel.js:0
[  120865ms] [LOG] scrolling 2025 @ https://cdn.utmify.com.br/scripts/pixel/pixel.js:0
[  120882ms] [LOG] scrolling 1989 @ https://cdn.utmify.com.br/scripts/pixel/pixel.js:0
[  120898ms] [LOG] scrolling 1954 @ https://cdn.utmify.com.br/scripts/pixel/pixel.js:0
[  120914ms] [LOG] scrolling 1922 @ https://cdn.utmify.com.br/scripts/pixel/pixel.js:0
[  120931ms] [LOG] scrolling 1893 @ https://cdn.utmify.com.br/scripts/pixel/pixel.js:0
[  120948ms] [LOG] scrolling 1867 @ https://cdn.utmify.com.br/scripts/pixel/pixel.js:0
[  120965ms] [LOG] scrolling 1843 @ https://cdn.utmify.com.br/scripts/pixel/pixel.js:0
[  121321ms] [LOG] scrolling 1841 @ https://cdn.utmify.com.br/scripts/pixel/pixel.js:0
[  121331ms] [LOG] scrolling 1828 @ https://cdn.utmify.com.br/scripts/pixel/pixel.js:0
[  121347ms] [LOG] scrolling 1781 @ https://cdn.utmify.com.br/scripts/pixel/pixel.js:0
[  121365ms] [LOG] scrolling 1699 @ https://cdn.utmify.com.br/scripts/pixel/pixel.js:0
[  121382ms] [LOG] scrolling 1478 @ https://cdn.utmify.com.br/scripts/pixel/pixel.js:0
[  121398ms] [LOG] scrolling 1336 @ https://cdn.utmify.com.br/scripts/pixel/pixel.js:0
[  121415ms] [LOG] scrolling 1196 @ https://cdn.utmify.com.br/scripts/pixel/pixel.js:0
[  121432ms] [LOG] scrolling 1061 @ https://cdn.utmify.com.br/scripts/pixel/pixel.js:0
[  121448ms] [LOG] scrolling 932 @ https://cdn.utmify.com.br/scripts/pixel/pixel.js:0
[  121465ms] [LOG] scrolling 810 @ https://cdn.utmify.com.br/scripts/pixel/pixel.js:0
[  121482ms] [LOG] scrolling 696 @ https://cdn.utmify.com.br/scripts/pixel/pixel.js:0
[  121498ms] [LOG] scrolling 588 @ https://cdn.utmify.com.br/scripts/pixel/pixel.js:0
[  121515ms] [LOG] scrolling 484 @ https://cdn.utmify.com.br/scripts/pixel/pixel.js:0
[  121532ms] [LOG] scrolling 385 @ https://cdn.utmify.com.br/scripts/pixel/pixel.js:0
[  121548ms] [LOG] scrolling 291 @ https://cdn.utmify.com.br/scripts/pixel/pixel.js:0
[  121564ms] [LOG] scrolling 201 @ https://cdn.utmify.com.br/scripts/pixel/pixel.js:0
[  121582ms] [LOG] scrolling 116 @ https://cdn.utmify.com.br/scripts/pixel/pixel.js:0
[  121599ms] [LOG] scrolling 35 @ https://cdn.utmify.com.br/scripts/pixel/pixel.js:0
[  121614ms] [LOG] scrolling 0 @ https://cdn.utmify.com.br/scripts/pixel/pixel.js:0
[  121868ms] [LOG] buttons [button#modalClose.modal-close] @ https://cdn.utmify.com.br/scripts/pixel/pixel.js:0
[  123692ms] [WARNING] The resource https://cdn.converteai.net/8961d838-aff2-4dce-9b39-e84022d332ce/6a54557c2686ede7e9543197/main.m3u8 was preloaded using link preload but not used within a few seconds from the window's load event. Please make sure it has an appropriate `as` value and it is preloaded intentionally. @ http://localhost:8850/upsell-account-shield.html:0
[  123868ms] [LOG] buttons [button#modalClose.modal-close] @ https://cdn.utmify.com.br/scripts/pixel/pixel.js:0
[  125871ms] [LOG] buttons [button#modalClose.modal-close] @ https://cdn.utmify.com.br/scripts/pixel/pixel.js:0
[  127658ms] [ERROR] Failed to load resource: net::ERR_CONNECTION_REFUSED @ http://localhost:8850/favicon.ico:0
[  127867ms] [LOG] buttons [button#modalClose.modal-close] @ https://cdn.utmify.com.br/scripts/pixel/pixel.js:0
[  128421ms] [LOG] scrolling 1 @ https://cdn.utmify.com.br/scripts/pixel/pixel.js:0
[  128432ms] [LOG] scrolling 11 @ https://cdn.utmify.com.br/scripts/pixel/pixel.js:0
[  128448ms] [LOG] scrolling 26 @ https://cdn.utmify.com.br/scripts/pixel/pixel.js:0
[  128465ms] [LOG] scrolling 47 @ https://cdn.utmify.com.br/scripts/pixel/pixel.js:0
[  128482ms] [LOG] scrolling 62 @ https://cdn.utmify.com.br/scripts/pixel/pixel.js:0
[  128499ms] [LOG] scrolling 86 @ https://cdn.utmify.com.br/scripts/pixel/pixel.js:0
[  128515ms] [LOG] scrolling 113 @ https://cdn.utmify.com.br/scripts/pixel/pixel.js:0
[  128532ms] [LOG] scrolling 141 @ https://cdn.utmify.com.br/scripts/pixel/pixel.js:0
[  128549ms] [LOG] scrolling 169 @ https://cdn.utmify.com.br/scripts/pixel/pixel.js:0
[  128565ms] [LOG] scrolling 196 @ https://cdn.utmify.com.br/scripts/pixel/pixel.js:0
[  129754ms] [LOG] scrolling 197 @ https://cdn.utmify.com.br/scripts/pixel/pixel.js:0
[  129765ms] [LOG] scrolling 202 @ https://cdn.utmify.com.br/scripts/pixel/pixel.js:0
[  129782ms] [LOG] scrolling 216 @ https://cdn.utmify.com.br/scripts/pixel/pixel.js:0
[  129798ms] [LOG] scrolling 235 @ https://cdn.utmify.com.br/scripts/pixel/pixel.js:0
[  129815ms] [LOG] scrolling 304 @ https://cdn.utmify.com.br/scripts/pixel/pixel.js:0
[  129832ms] [LOG] scrolling 353 @ https://cdn.utmify.com.br/scripts/pixel/pixel.js:0
[  129849ms] [LOG] scrolling 403 @ https://cdn.utmify.com.br/scripts/pixel/pixel.js:0
[  129866ms] [LOG] scrolling 453 @ https://cdn.utmify.com.br/scripts/pixel/pixel.js:0
[  129868ms] [LOG] buttons [button#modalClose.modal-close] @ https://cdn.utmify.com.br/scripts/pixel/pixel.js:0
[  129883ms] [LOG] scrolling 503 @ https://cdn.utmify.com.br/scripts/pixel/pixel.js:0
[  129899ms] [LOG] scrolling 550 @ https://cdn.utmify.com.br/scripts/pixel/pixel.js:0
[  130266ms] [LOG] scrolling 556 @ https://cdn.utmify.com.br/scripts/pixel/pixel.js:0
[  130282ms] [LOG] scrolling 571 @ https://cdn.utmify.com.br/scripts/pixel/pixel.js:0
[  130299ms] [LOG] scrolling 603 @ https://cdn.utmify.com.br/scripts/pixel/pixel.js:0
[  130315ms] [LOG] scrolling 639 @ https://cdn.utmify.com.br/scripts/pixel/pixel.js:0
[  130348ms] [LOG] scrolling 720 @ https://cdn.utmify.com.br/scripts/pixel/pixel.js:0
[  130366ms] [LOG] scrolling 769 @ https://cdn.utmify.com.br/scripts/pixel/pixel.js:0
[  130382ms] [LOG] scrolling 819 @ https://cdn.utmify.com.br/scripts/pixel/pixel.js:0
[  130399ms] [LOG] scrolling 869 @ https://cdn.utmify.com.br/scripts/pixel/pixel.js:0
[  130415ms] [LOG] scrolling 918 @ https://cdn.utmify.com.br/scripts/pixel/pixel.js:0
[  130432ms] [LOG] scrolling 965 @ https://cdn.utmify.com.br/scripts/pixel/pixel.js:0
[  130449ms] [LOG] scrolling 1015 @ https://cdn.utmify.com.br/scripts/pixel/pixel.js:0
[  130465ms] [LOG] scrolling 1064 @ https://cdn.utmify.com.br/scripts/pixel/pixel.js:0
[  130482ms] [LOG] scrolling 1109 @ https://cdn.utmify.com.br/scripts/pixel/pixel.js:0
[  130498ms] [LOG] scrolling 1150 @ https://cdn.utmify.com.br/scripts/pixel/pixel.js:0
[  130515ms] [LOG] scrolling 1188 @ https://cdn.utmify.com.br/scripts/pixel/pixel.js:0
[  130533ms] [LOG] scrolling 1223 @ https://cdn.utmify.com.br/scripts/pixel/pixel.js:0
[  130548ms] [LOG] scrolling 1255 @ https://cdn.utmify.com.br/scripts/pixel/pixel.js:0
[  130855ms] [LOG] scrolling 1256 @ https://cdn.utmify.com.br/scripts/pixel/pixel.js:0
[  130866ms] [LOG] scrolling 1259 @ https://cdn.utmify.com.br/scripts/pixel/pixel.js:0
[  130882ms] [LOG] scrolling 1268 @ https://cdn.utmify.com.br/scripts/pixel/pixel.js:0
[  130898ms] [LOG] scrolling 1285 @ https://cdn.utmify.com.br/scripts/pixel/pixel.js:0
[  130915ms] [LOG] scrolling 1306 @ https://cdn.utmify.com.br/scripts/pixel/pixel.js:0
[  130932ms] [LOG] scrolling 1336 @ https://cdn.utmify.com.br/scripts/pixel/pixel.js:0
[  130965ms] [LOG] scrolling 1422 @ https://cdn.utmify.com.br/scripts/pixel/pixel.js:0
[  130982ms] [LOG] scrolling 1469 @ https://cdn.utmify.com.br/scripts/pixel/pixel.js:0
[  130998ms] [LOG] scrolling 1516 @ https://cdn.utmify.com.br/scripts/pixel/pixel.js:0
[  131015ms] [LOG] scrolling 1562 @ https://cdn.utmify.com.br/scripts/pixel/pixel.js:0
[  131032ms] [LOG] scrolling 1607 @ https://cdn.utmify.com.br/scripts/pixel/pixel.js:0
[  131048ms] [LOG] scrolling 1654 @ https://cdn.utmify.com.br/scripts/pixel/pixel.js:0
[  131065ms] [LOG] scrolling 1699 @ https://cdn.utmify.com.br/scripts/pixel/pixel.js:0
[  131082ms] [LOG] scrolling 1740 @ https://cdn.utmify.com.br/scripts/pixel/pixel.js:0
[  131867ms] [LOG] buttons [button#modalClose.modal-close] @ https://cdn.utmify.com.br/scripts/pixel/pixel.js:0
[  131887ms] [LOG] scrolling 1741 @ https://cdn.utmify.com.br/scripts/pixel/pixel.js:0
[  131897ms] [LOG] scrolling 1745 @ https://cdn.utmify.com.br/scripts/pixel/pixel.js:0
[  131916ms] [LOG] scrolling 1760 @ https://cdn.utmify.com.br/scripts/pixel/pixel.js:0
[  131932ms] [LOG] scrolling 1792 @ https://cdn.utmify.com.br/scripts/pixel/pixel.js:0
[  131949ms] [LOG] scrolling 1845 @ https://cdn.utmify.com.br/scripts/pixel/pixel.js:0
[  131965ms] [LOG] scrolling 1901 @ https://cdn.utmify.com.br/scripts/pixel/pixel.js:0
[  131982ms] [LOG] scrolling 2026 @ https://cdn.utmify.com.br/scripts/pixel/pixel.js:0
[  131998ms] [LOG] scrolling 2115 @ https://cdn.utmify.com.br/scripts/pixel/pixel.js:0
[  132014ms] [LOG] scrolling 2206 @ https://cdn.utmify.com.br/scripts/pixel/pixel.js:0
[  132032ms] [LOG] scrolling 2294 @ https://cdn.utmify.com.br/scripts/pixel/pixel.js:0
[  132048ms] [LOG] scrolling 2380 @ https://cdn.utmify.com.br/scripts/pixel/pixel.js:0
[  132340ms] [WARNING] The resource https://cdn.converteai.net/8961d838-aff2-4dce-9b39-e84022d332ce/6a54557c2686ede7e9543197/main.m3u8 was preloaded using link preload but not used within a few seconds from the window's load event. Please make sure it has an appropriate `as` value and it is preloaded intentionally. @ http://localhost:8850/upsell-account-shield.html:0
[  132621ms] [LOG] scrolling 2379 @ https://cdn.utmify.com.br/scripts/pixel/pixel.js:0
[  132632ms] [LOG] scrolling 2376 @ https://cdn.utmify.com.br/scripts/pixel/pixel.js:0
[  132648ms] [LOG] scrolling 2367 @ https://cdn.utmify.com.br/scripts/pixel/pixel.js:0
[  132666ms] [LOG] scrolling 2350 @ https://cdn.utmify.com.br/scripts/pixel/pixel.js:0
[  132681ms] [LOG] scrolling 2328 @ https://cdn.utmify.com.br/scripts/pixel/pixel.js:0
[  132698ms] [LOG] scrolling 2308 @ https://cdn.utmify.com.br/scripts/pixel/pixel.js:0
[  132715ms] [LOG] scrolling 2284 @ https://cdn.utmify.com.br/scripts/pixel/pixel.js:0
[  132731ms] [LOG] scrolling 2261 @ https://cdn.utmify.com.br/scripts/pixel/pixel.js:0
[  132749ms] [LOG] scrolling 2246 @ https://cdn.utmify.com.br/scripts/pixel/pixel.js:0
[  132765ms] [LOG] scrolling 2233 @ https://cdn.utmify.com.br/scripts/pixel/pixel.js:0
[  132782ms] [LOG] scrolling 2224 @ https://cdn.utmify.com.br/scripts/pixel/pixel.js:0
[  132799ms] [LOG] scrolling 2217 @ https://cdn.utmify.com.br/scripts/pixel/pixel.js:0
[  132816ms] [LOG] scrolling 2214 @ https://cdn.utmify.com.br/scripts/pixel/pixel.js:0
[  132831ms] [LOG] scrolling 2212 @ https://cdn.utmify.com.br/scripts/pixel/pixel.js:0
[  132867ms] [LOG] scrolling 2211 @ https://cdn.utmify.com.br/scripts/pixel/pixel.js:0
[  132883ms] [LOG] scrolling 2210 @ https://cdn.utmify.com.br/scripts/pixel/pixel.js:0
[  132899ms] [LOG] scrolling 2209 @ https://cdn.utmify.com.br/scripts/pixel/pixel.js:0
[  133867ms] [LOG] buttons [button#modalClose.modal-close] @ https://cdn.utmify.com.br/scripts/pixel/pixel.js:0
[  135868ms] [LOG] buttons [button#modalClose.modal-close] @ https://cdn.utmify.com.br/scripts/pixel/pixel.js:0
[  137205ms] [LOG] scrolling 2210 @ https://cdn.utmify.com.br/scripts/pixel/pixel.js:0
[  137216ms] [LOG] scrolling 2215 @ https://cdn.utmify.com.br/scripts/pixel/pixel.js:0
[  137232ms] [LOG] scrolling 2234 @ https://cdn.utmify.com.br/scripts/pixel/pixel.js:0
[  137249ms] [LOG] scrolling 2290 @ https://cdn.utmify.com.br/scripts/pixel/pixel.js:0
[  137265ms] [LOG] scrolling 2381 @ https://cdn.utmify.com.br/scripts/pixel/pixel.js:0
[  137282ms] [LOG] scrolling 2525 @ https://cdn.utmify.com.br/scripts/pixel/pixel.js:0
[  137298ms] [LOG] scrolling 2673 @ https://cdn.utmify.com.br/scripts/pixel/pixel.js:0
[  137314ms] [LOG] scrolling 2818 @ https://cdn.utmify.com.br/scripts/pixel/pixel.js:0
[  137332ms] [LOG] scrolling 2835.5 @ https://cdn.utmify.com.br/scripts/pixel/pixel.js:0
[  137868ms] [LOG] buttons [button#modalClose.modal-close] @ https://cdn.utmify.com.br/scripts/pixel/pixel.js:0
[  139868ms] [LOG] buttons [button#modalClose.modal-close] @ https://cdn.utmify.com.br/scripts/pixel/pixel.js:0
[  141855ms] [LOG] scrolling 2834.5 @ https://cdn.utmify.com.br/scripts/pixel/pixel.js:0
[  141865ms] [LOG] scrolling 2827.5 @ https://cdn.utmify.com.br/scripts/pixel/pixel.js:0
[  141868ms] [LOG] buttons [button#modalClose.modal-close] @ https://cdn.utmify.com.br/scripts/pixel/pixel.js:0
[  141882ms] [LOG] scrolling 2797.5 @ https://cdn.utmify.com.br/scripts/pixel/pixel.js:0
[  141898ms] [LOG] scrolling 2738.5 @ https://cdn.utmify.com.br/scripts/pixel/pixel.js:0
[  141915ms] [LOG] scrolling 2634.5 @ https://cdn.utmify.com.br/scripts/pixel/pixel.js:0
[  141931ms] [LOG] scrolling 2319.5 @ https://cdn.utmify.com.br/scripts/pixel/pixel.js:0
[  141949ms] [LOG] scrolling 2134.5 @ https://cdn.utmify.com.br/scripts/pixel/pixel.js:0
[  141965ms] [LOG] scrolling 1957.5 @ https://cdn.utmify.com.br/scripts/pixel/pixel.js:0
[  141982ms] [LOG] scrolling 1790.5 @ https://cdn.utmify.com.br/scripts/pixel/pixel.js:0
[  141998ms] [LOG] scrolling 1633.5 @ https://cdn.utmify.com.br/scripts/pixel/pixel.js:0
[  142015ms] [LOG] scrolling 1484.5 @ https://cdn.utmify.com.br/scripts/pixel/pixel.js:0
[  142033ms] [LOG] scrolling 1349.5 @ https://cdn.utmify.com.br/scripts/pixel/pixel.js:0
[  142049ms] [LOG] scrolling 1222.5 @ https://cdn.utmify.com.br/scripts/pixel/pixel.js:0
[  142066ms] [LOG] scrolling 1101.5 @ https://cdn.utmify.com.br/scripts/pixel/pixel.js:0
[  142082ms] [LOG] scrolling 984.5 @ https://cdn.utmify.com.br/scripts/pixel/pixel.js:0
[  142098ms] [LOG] scrolling 872.5 @ https://cdn.utmify.com.br/scripts/pixel/pixel.js:0
[  142116ms] [LOG] scrolling 764.5 @ https://cdn.utmify.com.br/scripts/pixel/pixel.js:0
[  142132ms] [LOG] scrolling 662.5 @ https://cdn.utmify.com.br/scripts/pixel/pixel.js:0
[  142148ms] [LOG] scrolling 563.5 @ https://cdn.utmify.com.br/scripts/pixel/pixel.js:0
[  142166ms] [LOG] scrolling 470.5 @ https://cdn.utmify.com.br/scripts/pixel/pixel.js:0
[  142182ms] [LOG] scrolling 381.5 @ https://cdn.utmify.com.br/scripts/pixel/pixel.js:0
[  142199ms] [LOG] scrolling 297.5 @ https://cdn.utmify.com.br/scripts/pixel/pixel.js:0
[  142216ms] [LOG] scrolling 218.5 @ https://cdn.utmify.com.br/scripts/pixel/pixel.js:0
[  142232ms] [LOG] scrolling 143.5 @ https://cdn.utmify.com.br/scripts/pixel/pixel.js:0
[  143022ms] [LOG] scrolling 142.5 @ https://cdn.utmify.com.br/scripts/pixel/pixel.js:0
[  143032ms] [LOG] scrolling 138.5 @ https://cdn.utmify.com.br/scripts/pixel/pixel.js:0
[  143048ms] [LOG] scrolling 127.5 @ https://cdn.utmify.com.br/scripts/pixel/pixel.js:0
[  143066ms] [LOG] scrolling 107.5 @ https://cdn.utmify.com.br/scripts/pixel/pixel.js:0
[  143081ms] [LOG] scrolling 74.5 @ https://cdn.utmify.com.br/scripts/pixel/pixel.js:0
[  143099ms] [LOG] scrolling 38.5 @ https://cdn.utmify.com.br/scripts/pixel/pixel.js:0
[  143115ms] [LOG] scrolling 15.5 @ https://cdn.utmify.com.br/scripts/pixel/pixel.js:0
[  143132ms] [LOG] scrolling 0 @ https://cdn.utmify.com.br/scripts/pixel/pixel.js:0
[  143869ms] [LOG] buttons [button#modalClose.modal-close] @ https://cdn.utmify.com.br/scripts/pixel/pixel.js:0
[  144805ms] [LOG] scrolling 1 @ https://cdn.utmify.com.br/scripts/pixel/pixel.js:0
[  144816ms] [LOG] scrolling 6 @ https://cdn.utmify.com.br/scripts/pixel/pixel.js:0
[  144833ms] [LOG] scrolling 21 @ https://cdn.utmify.com.br/scripts/pixel/pixel.js:0
[  144848ms] [LOG] scrolling 41 @ https://cdn.utmify.com.br/scripts/pixel/pixel.js:0
[  144867ms] [LOG] scrolling 66 @ https://cdn.utmify.com.br/scripts/pixel/pixel.js:0
[  144882ms] [LOG] scrolling 89 @ https://cdn.utmify.com.br/scripts/pixel/pixel.js:0
[  144899ms] [LOG] scrolling 112 @ https://cdn.utmify.com.br/scripts/pixel/pixel.js:0
[  144915ms] [LOG] scrolling 129 @ https://cdn.utmify.com.br/scripts/pixel/pixel.js:0
[  144931ms] [LOG] scrolling 139 @ https://cdn.utmify.com.br/scripts/pixel/pixel.js:0
[  144949ms] [LOG] scrolling 146 @ https://cdn.utmify.com.br/scripts/pixel/pixel.js:0
[  144966ms] [LOG] scrolling 149 @ https://cdn.utmify.com.br/scripts/pixel/pixel.js:0
[  144981ms] [LOG] scrolling 151 @ https://cdn.utmify.com.br/scripts/pixel/pixel.js:0
[  144999ms] [LOG] scrolling 152 @ https://cdn.utmify.com.br/scripts/pixel/pixel.js:0
[  145233ms] [LOG] scrolling 151 @ https://cdn.utmify.com.br/scripts/pixel/pixel.js:0
[  145248ms] [LOG] scrolling 148 @ https://cdn.utmify.com.br/scripts/pixel/pixel.js:0
[  145266ms] [LOG] scrolling 134 @ https://cdn.utmify.com.br/scripts/pixel/pixel.js:0
[  145282ms] [LOG] scrolling 98 @ https://cdn.utmify.com.br/scripts/pixel/pixel.js:0
[  145299ms] [LOG] scrolling 52 @ https://cdn.utmify.com.br/scripts/pixel/pixel.js:0
[  145318ms] [LOG] scrolling 10 @ https://cdn.utmify.com.br/scripts/pixel/pixel.js:0
[  145333ms] [LOG] scrolling 0 @ https://cdn.utmify.com.br/scripts/pixel/pixel.js:0
[  145868ms] [LOG] buttons [button#modalClose.modal-close] @ https://cdn.utmify.com.br/scripts/pixel/pixel.js:0
[  147869ms] [LOG] buttons [button#modalClose.modal-close] @ https://cdn.utmify.com.br/scripts/pixel/pixel.js:0
[  149869ms] [LOG] buttons [button#modalClose.modal-close] @ https://cdn.utmify.com.br/scripts/pixel/pixel.js:0
[  151869ms] [LOG] buttons [button#modalClose.modal-close] @ https://cdn.utmify.com.br/scripts/pixel/pixel.js:0
[  153124ms] [WARNING] The resource https://cdn.converteai.net/8961d838-aff2-4dce-9b39-e84022d332ce/6a54557c2686ede7e9543197/main.m3u8 was preloaded using link preload but not used within a few seconds from the window's load event. Please make sure it has an appropriate `as` value and it is preloaded intentionally. @ http://localhost:8850/upsell-account-shield.html:0
[  153868ms] [LOG] buttons [button#modalClose.modal-close] @ https://cdn.utmify.com.br/scripts/pixel/pixel.js:0
[  155867ms] [LOG] buttons [button#modalClose.modal-close] @ https://cdn.utmify.com.br/scripts/pixel/pixel.js:0
[  157867ms] [LOG] buttons [button#modalClose.modal-close] @ https://cdn.utmify.com.br/scripts/pixel/pixel.js:0
[  159867ms] [LOG] buttons [button#modalClose.modal-close] @ https://cdn.utmify.com.br/scripts/pixel/pixel.js:0
[  161867ms] [LOG] buttons [button#modalClose.modal-close] @ https://cdn.utmify.com.br/scripts/pixel/pixel.js:0
[  163868ms] [LOG] buttons [button#modalClose.modal-close] @ https://cdn.utmify.com.br/scripts/pixel/pixel.js:0
[  165868ms] [LOG] buttons [button#modalClose.modal-close] @ https://cdn.utmify.com.br/scripts/pixel/pixel.js:0
[  167867ms] [LOG] buttons [button#modalClose.modal-close] @ https://cdn.utmify.com.br/scripts/pixel/pixel.js:0
[  169868ms] [LOG] buttons [button#modalClose.modal-close] @ https://cdn.utmify.com.br/scripts/pixel/pixel.js:0
[  171867ms] [LOG] buttons [button#modalClose.modal-close] @ https://cdn.utmify.com.br/scripts/pixel/pixel.js:0
[  173868ms] [LOG] buttons [button#modalClose.modal-close] @ https://cdn.utmify.com.br/scripts/pixel/pixel.js:0
[  175868ms] [LOG] buttons [button#modalClose.modal-close] @ https://cdn.utmify.com.br/scripts/pixel/pixel.js:0
[  177869ms] [LOG] buttons [button#modalClose.modal-close] @ https://cdn.utmify.com.br/scripts/pixel/pixel.js:0
[  179868ms] [LOG] buttons [button#modalClose.modal-close] @ https://cdn.utmify.com.br/scripts/pixel/pixel.js:0
[  181868ms] [LOG] buttons [button#modalClose.modal-close] @ https://cdn.utmify.com.br/scripts/pixel/pixel.js:0
[  183868ms] [LOG] buttons [button#modalClose.modal-close] @ https://cdn.utmify.com.br/scripts/pixel/pixel.js:0
[  185868ms] [LOG] buttons [button#modalClose.modal-close] @ https://cdn.utmify.com.br/scripts/pixel/pixel.js:0
[  187868ms] [LOG] buttons [button#modalClose.modal-close] @ https://cdn.utmify.com.br/scripts/pixel/pixel.js:0
[  189869ms] [LOG] buttons [button#modalClose.modal-close] @ https://cdn.utmify.com.br/scripts/pixel/pixel.js:0
[  191867ms] [LOG] buttons [button#modalClose.modal-close] @ https://cdn.utmify.com.br/scripts/pixel/pixel.js:0
[  193868ms] [LOG] buttons [button#modalClose.modal-close] @ https://cdn.utmify.com.br/scripts/pixel/pixel.js:0
[  195868ms] [LOG] buttons [button#modalClose.modal-close] @ https://cdn.utmify.com.br/scripts/pixel/pixel.js:0
[  197867ms] [LOG] buttons [button#modalClose.modal-close] @ https://cdn.utmify.com.br/scripts/pixel/pixel.js:0
[  199868ms] [LOG] buttons [button#modalClose.modal-close] @ https://cdn.utmify.com.br/scripts/pixel/pixel.js:0
[  201867ms] [LOG] buttons [button#modalClose.modal-close] @ https://cdn.utmify.com.br/scripts/pixel/pixel.js:0
[  203868ms] [LOG] buttons [button#modalClose.modal-close] @ https://cdn.utmify.com.br/scripts/pixel/pixel.js:0
[  205868ms] [LOG] buttons [button#modalClose.modal-close] @ https://cdn.utmify.com.br/scripts/pixel/pixel.js:0
[  207867ms] [LOG] buttons [button#modalClose.modal-close] @ https://cdn.utmify.com.br/scripts/pixel/pixel.js:0
[  209868ms] [LOG] buttons [button#modalClose.modal-close] @ https://cdn.utmify.com.br/scripts/pixel/pixel.js:0
[  211868ms] [LOG] buttons [button#modalClose.modal-close] @ https://cdn.utmify.com.br/scripts/pixel/pixel.js:0
[  213202ms] [WARNING] The resource https://cdn.converteai.net/8961d838-aff2-4dce-9b39-e84022d332ce/6a54557c2686ede7e9543197/main.m3u8 was preloaded using link preload but not used within a few seconds from the window's load event. Please make sure it has an appropriate `as` value and it is preloaded intentionally. @ http://localhost:8850/upsell-account-shield.html:0
[  213868ms] [LOG] buttons [button#modalClose.modal-close] @ https://cdn.utmify.com.br/scripts/pixel/pixel.js:0
[  215868ms] [LOG] buttons [button#modalClose.modal-close] @ https://cdn.utmify.com.br/scripts/pixel/pixel.js:0
[  217868ms] [LOG] buttons [button#modalClose.modal-close] @ https://cdn.utmify.com.br/scripts/pixel/pixel.js:0
[  219868ms] [LOG] buttons [button#modalClose.modal-close] @ https://cdn.utmify.com.br/scripts/pixel/pixel.js:0
[  221868ms] [LOG] buttons [button#modalClose.modal-close] @ https://cdn.utmify.com.br/scripts/pixel/pixel.js:0
[  223867ms] [LOG] buttons [button#modalClose.modal-close] @ https://cdn.utmify.com.br/scripts/pixel/pixel.js:0
[  225868ms] [LOG] buttons [button#modalClose.modal-close] @ https://cdn.utmify.com.br/scripts/pixel/pixel.js:0
[  227868ms] [LOG] buttons [button#modalClose.modal-close] @ https://cdn.utmify.com.br/scripts/pixel/pixel.js:0
[  229867ms] [LOG] buttons [button#modalClose.modal-close] @ https://cdn.utmify.com.br/scripts/pixel/pixel.js:0
[  231867ms] [LOG] buttons [button#modalClose.modal-close] @ https://cdn.utmify.com.br/scripts/pixel/pixel.js:0
[  233867ms] [LOG] buttons [button#modalClose.modal-close] @ https://cdn.utmify.com.br/scripts/pixel/pixel.js:0
[  235868ms] [LOG] buttons [button#modalClose.modal-close] @ https://cdn.utmify.com.br/scripts/pixel/pixel.js:0
[  237868ms] [LOG] buttons [button#modalClose.modal-close] @ https://cdn.utmify.com.br/scripts/pixel/pixel.js:0
[  239868ms] [LOG] buttons [button#modalClose.modal-close] @ https://cdn.utmify.com.br/scripts/pixel/pixel.js:0
[  241869ms] [LOG] buttons [button#modalClose.modal-close] @ https://cdn.utmify.com.br/scripts/pixel/pixel.js:0
[  243671ms] [LOG] scrolling 1 @ https://cdn.utmify.com.br/scripts/pixel/pixel.js:0
[  243682ms] [LOG] scrolling 5 @ https://cdn.utmify.com.br/scripts/pixel/pixel.js:0
[  243698ms] [LOG] scrolling 17 @ https://cdn.utmify.com.br/scripts/pixel/pixel.js:0
[  243716ms] [LOG] scrolling 39 @ https://cdn.utmify.com.br/scripts/pixel/pixel.js:0
[  243732ms] [LOG] scrolling 71 @ https://cdn.utmify.com.br/scripts/pixel/pixel.js:0
[  243748ms] [LOG] scrolling 111 @ https://cdn.utmify.com.br/scripts/pixel/pixel.js:0
[  243765ms] [LOG] scrolling 140 @ https://cdn.utmify.com.br/scripts/pixel/pixel.js:0
[  243782ms] [LOG] scrolling 158 @ https://cdn.utmify.com.br/scripts/pixel/pixel.js:0
[  243798ms] [LOG] scrolling 173 @ https://cdn.utmify.com.br/scripts/pixel/pixel.js:0
[  243815ms] [LOG] scrolling 182 @ https://cdn.utmify.com.br/scripts/pixel/pixel.js:0
[  243832ms] [LOG] scrolling 188 @ https://cdn.utmify.com.br/scripts/pixel/pixel.js:0
[  243849ms] [LOG] scrolling 191 @ https://cdn.utmify.com.br/scripts/pixel/pixel.js:0
[  243866ms] [LOG] scrolling 193 @ https://cdn.utmify.com.br/scripts/pixel/pixel.js:0
[  243867ms] [LOG] buttons [button#modalClose.modal-close] @ https://cdn.utmify.com.br/scripts/pixel/pixel.js:0
[  243882ms] [LOG] scrolling 202 @ https://cdn.utmify.com.br/scripts/pixel/pixel.js:0
[  243899ms] [LOG] scrolling 212 @ https://cdn.utmify.com.br/scripts/pixel/pixel.js:0
[  243915ms] [LOG] scrolling 222 @ https://cdn.utmify.com.br/scripts/pixel/pixel.js:0
[  243932ms] [LOG] scrolling 232 @ https://cdn.utmify.com.br/scripts/pixel/pixel.js:0
[  243948ms] [LOG] scrolling 242 @ https://cdn.utmify.com.br/scripts/pixel/pixel.js:0
[  243965ms] [LOG] scrolling 251 @ https://cdn.utmify.com.br/scripts/pixel/pixel.js:0
[  243982ms] [LOG] scrolling 261 @ https://cdn.utmify.com.br/scripts/pixel/pixel.js:0
[  243997ms] [LOG] scrolling 271 @ https://cdn.utmify.com.br/scripts/pixel/pixel.js:0
[  244015ms] [LOG] scrolling 280 @ https://cdn.utmify.com.br/scripts/pixel/pixel.js:0
[  244032ms] [LOG] scrolling 288 @ https://cdn.utmify.com.br/scripts/pixel/pixel.js:0
[  244049ms] [LOG] scrolling 296 @ https://cdn.utmify.com.br/scripts/pixel/pixel.js:0
[  245868ms] [LOG] buttons [button#modalClose.modal-close] @ https://cdn.utmify.com.br/scripts/pixel/pixel.js:0
[  247867ms] [LOG] buttons [button#modalClose.modal-close] @ https://cdn.utmify.com.br/scripts/pixel/pixel.js:0
[  249868ms] [LOG] buttons [button#modalClose.modal-close] @ https://cdn.utmify.com.br/scripts/pixel/pixel.js:0
[  251867ms] [LOG] buttons [button#modalClose.modal-close] @ https://cdn.utmify.com.br/scripts/pixel/pixel.js:0
[  253868ms] [LOG] buttons [button#modalClose.modal-close] @ https://cdn.utmify.com.br/scripts/pixel/pixel.js:0
[  255868ms] [LOG] buttons [button#modalClose.modal-close] @ https://cdn.utmify.com.br/scripts/pixel/pixel.js:0
[  257868ms] [LOG] buttons [button#modalClose.modal-close] @ https://cdn.utmify.com.br/scripts/pixel/pixel.js:0
[  259869ms] [LOG] buttons [button#modalClose.modal-close] @ https://cdn.utmify.com.br/scripts/pixel/pixel.js:0
[  261868ms] [LOG] buttons [button#modalClose.modal-close] @ https://cdn.utmify.com.br/scripts/pixel/pixel.js:0
[  263868ms] [LOG] buttons [button#modalClose.modal-close] @ https://cdn.utmify.com.br/scripts/pixel/pixel.js:0
[  265867ms] [LOG] buttons [button#modalClose.modal-close] @ https://cdn.utmify.com.br/scripts/pixel/pixel.js:0
[  267868ms] [LOG] buttons [button#modalClose.modal-close] @ https://cdn.utmify.com.br/scripts/pixel/pixel.js:0
[  269868ms] [LOG] buttons [button#modalClose.modal-close] @ https://cdn.utmify.com.br/scripts/pixel/pixel.js:0
[  271868ms] [LOG] buttons [button#modalClose.modal-close] @ https://cdn.utmify.com.br/scripts/pixel/pixel.js:0
[  273868ms] [LOG] buttons [button#modalClose.modal-close] @ https://cdn.utmify.com.br/scripts/pixel/pixel.js:0
[  275868ms] [LOG] buttons [button#modalClose.modal-close] @ https://cdn.utmify.com.br/scripts/pixel/pixel.js:0
[  277867ms] [LOG] buttons [button#modalClose.modal-close] @ https://cdn.utmify.com.br/scripts/pixel/pixel.js:0
[  279868ms] [LOG] buttons [button#modalClose.modal-close] @ https://cdn.utmify.com.br/scripts/pixel/pixel.js:0
[  281868ms] [LOG] buttons [button#modalClose.modal-close] @ https://cdn.utmify.com.br/scripts/pixel/pixel.js:0
[  283867ms] [LOG] buttons [button#modalClose.modal-close] @ https://cdn.utmify.com.br/scripts/pixel/pixel.js:0
[  285868ms] [LOG] buttons [button#modalClose.modal-close] @ https://cdn.utmify.com.br/scripts/pixel/pixel.js:0
[  287868ms] [LOG] buttons [button#modalClose.modal-close] @ https://cdn.utmify.com.br/scripts/pixel/pixel.js:0
[  289868ms] [LOG] buttons [button#modalClose.modal-close] @ https://cdn.utmify.com.br/scripts/pixel/pixel.js:0
[  291868ms] [LOG] buttons [button#modalClose.modal-close] @ https://cdn.utmify.com.br/scripts/pixel/pixel.js:0
[  293868ms] [LOG] buttons [button#modalClose.modal-close] @ https://cdn.utmify.com.br/scripts/pixel/pixel.js:0
[  295867ms] [LOG] buttons [button#modalClose.modal-close] @ https://cdn.utmify.com.br/scripts/pixel/pixel.js:0
[  297868ms] [LOG] buttons [button#modalClose.modal-close] @ https://cdn.utmify.com.br/scripts/pixel/pixel.js:0
[  299868ms] [LOG] buttons [button#modalClose.modal-close] @ https://cdn.utmify.com.br/scripts/pixel/pixel.js:0
[  301867ms] [LOG] buttons [button#modalClose.modal-close] @ https://cdn.utmify.com.br/scripts/pixel/pixel.js:0
[  303867ms] [LOG] buttons [button#modalClose.modal-close] @ https://cdn.utmify.com.br/scripts/pixel/pixel.js:0
[  305867ms] [LOG] buttons [button#modalClose.modal-close] @ https://cdn.utmify.com.br/scripts/pixel/pixel.js:0
[  307868ms] [LOG] buttons [button#modalClose.modal-close] @ https://cdn.utmify.com.br/scripts/pixel/pixel.js:0
[  309867ms] [LOG] buttons [button#modalClose.modal-close] @ https://cdn.utmify.com.br/scripts/pixel/pixel.js:0
[  311868ms] [LOG] buttons [button#modalClose.modal-close] @ https://cdn.utmify.com.br/scripts/pixel/pixel.js:0
[  313868ms] [LOG] buttons [button#modalClose.modal-close] @ https://cdn.utmify.com.br/scripts/pixel/pixel.js:0
[  315868ms] [LOG] buttons [button#modalClose.modal-close] @ https://cdn.utmify.com.br/scripts/pixel/pixel.js:0
[  317867ms] [LOG] buttons [button#modalClose.modal-close] @ https://cdn.utmify.com.br/scripts/pixel/pixel.js:0
[  319867ms] [LOG] buttons [button#modalClose.modal-close] @ https://cdn.utmify.com.br/scripts/pixel/pixel.js:0
[  321868ms] [LOG] buttons [button#modalClose.modal-close] @ https://cdn.utmify.com.br/scripts/pixel/pixel.js:0
[  323868ms] [LOG] buttons [button#modalClose.modal-close] @ https://cdn.utmify.com.br/scripts/pixel/pixel.js:0
[  325868ms] [LOG] buttons [button#modalClose.modal-close] @ https://cdn.utmify.com.br/scripts/pixel/pixel.js:0
[  327867ms] [LOG] buttons [button#modalClose.modal-close] @ https://cdn.utmify.com.br/scripts/pixel/pixel.js:0
[  329868ms] [LOG] buttons [button#modalClose.modal-close] @ https://cdn.utmify.com.br/scripts/pixel/pixel.js:0
[  331867ms] [LOG] buttons [button#modalClose.modal-close] @ https://cdn.utmify.com.br/scripts/pixel/pixel.js:0
[  333135ms] [WARNING] The resource https://cdn.converteai.net/8961d838-aff2-4dce-9b39-e84022d332ce/6a54557c2686ede7e9543197/main.m3u8 was preloaded using link preload but not used within a few seconds from the window's load event. Please make sure it has an appropriate `as` value and it is preloaded intentionally. @ http://localhost:8850/upsell-account-shield.html:0
[  333867ms] [LOG] buttons [button#modalClose.modal-close] @ https://cdn.utmify.com.br/scripts/pixel/pixel.js:0
[  335867ms] [LOG] buttons [button#modalClose.modal-close] @ https://cdn.utmify.com.br/scripts/pixel/pixel.js:0
[  337867ms] [LOG] buttons [button#modalClose.modal-close] @ https://cdn.utmify.com.br/scripts/pixel/pixel.js:0
[  339868ms] [LOG] buttons [button#modalClose.modal-close] @ https://cdn.utmify.com.br/scripts/pixel/pixel.js:0
[  341867ms] [LOG] buttons [button#modalClose.modal-close] @ https://cdn.utmify.com.br/scripts/pixel/pixel.js:0
[  343868ms] [LOG] buttons [button#modalClose.modal-close] @ https://cdn.utmify.com.br/scripts/pixel/pixel.js:0
[  345868ms] [LOG] buttons [button#modalClose.modal-close] @ https://cdn.utmify.com.br/scripts/pixel/pixel.js:0
[  347868ms] [LOG] buttons [button#modalClose.modal-close] @ https://cdn.utmify.com.br/scripts/pixel/pixel.js:0
[  349868ms] [LOG] buttons [button#modalClose.modal-close] @ https://cdn.utmify.com.br/scripts/pixel/pixel.js:0
[  351867ms] [LOG] buttons [button#modalClose.modal-close] @ https://cdn.utmify.com.br/scripts/pixel/pixel.js:0
[  353867ms] [LOG] buttons [button#modalClose.modal-close] @ https://cdn.utmify.com.br/scripts/pixel/pixel.js:0
[  355868ms] [LOG] buttons [button#modalClose.modal-close] @ https://cdn.utmify.com.br/scripts/pixel/pixel.js:0
[  357867ms] [LOG] buttons [button#modalClose.modal-close] @ https://cdn.utmify.com.br/scripts/pixel/pixel.js:0
[  359867ms] [LOG] buttons [button#modalClose.modal-close] @ https://cdn.utmify.com.br/scripts/pixel/pixel.js:0
[  361867ms] [LOG] buttons [button#modalClose.modal-close] @ https://cdn.utmify.com.br/scripts/pixel/pixel.js:0
[  363867ms] [LOG] buttons [button#modalClose.modal-close] @ https://cdn.utmify.com.br/scripts/pixel/pixel.js:0
[  365867ms] [LOG] buttons [button#modalClose.modal-close] @ https://cdn.utmify.com.br/scripts/pixel/pixel.js:0
[  367868ms] [LOG] buttons [button#modalClose.modal-close] @ https://cdn.utmify.com.br/scripts/pixel/pixel.js:0
[  369868ms] [LOG] buttons [button#modalClose.modal-close] @ https://cdn.utmify.com.br/scripts/pixel/pixel.js:0
[  371868ms] [LOG] buttons [button#modalClose.modal-close] @ https://cdn.utmify.com.br/scripts/pixel/pixel.js:0
[  373867ms] [LOG] buttons [button#modalClose.modal-close] @ https://cdn.utmify.com.br/scripts/pixel/pixel.js:0
[  375868ms] [LOG] buttons [button#modalClose.modal-close] @ https://cdn.utmify.com.br/scripts/pixel/pixel.js:0
[  377868ms] [LOG] buttons [button#modalClose.modal-close] @ https://cdn.utmify.com.br/scripts/pixel/pixel.js:0
[  379868ms] [LOG] buttons [button#modalClose.modal-close] @ https://cdn.utmify.com.br/scripts/pixel/pixel.js:0
[  381867ms] [LOG] buttons [button#modalClose.modal-close] @ https://cdn.utmify.com.br/scripts/pixel/pixel.js:0
[  383867ms] [LOG] buttons [button#modalClose.modal-close] @ https://cdn.utmify.com.br/scripts/pixel/pixel.js:0
[  385867ms] [LOG] buttons [button#modalClose.modal-close] @ https://cdn.utmify.com.br/scripts/pixel/pixel.js:0
[  387868ms] [LOG] buttons [button#modalClose.modal-close] @ https://cdn.utmify.com.br/scripts/pixel/pixel.js:0
[  389868ms] [LOG] buttons [button#modalClose.modal-close] @ https://cdn.utmify.com.br/scripts/pixel/pixel.js:0
[  391868ms] [LOG] buttons [button#modalClose.modal-close] @ https://cdn.utmify.com.br/scripts/pixel/pixel.js:0
[  393868ms] [LOG] buttons [button#modalClose.modal-close] @ https://cdn.utmify.com.br/scripts/pixel/pixel.js:0
[  395867ms] [LOG] buttons [button#modalClose.modal-close] @ https://cdn.utmify.com.br/scripts/pixel/pixel.js:0
[  397868ms] [LOG] buttons [button#modalClose.modal-close] @ https://cdn.utmify.com.br/scripts/pixel/pixel.js:0
[  399867ms] [LOG] buttons [button#modalClose.modal-close] @ https://cdn.utmify.com.br/scripts/pixel/pixel.js:0
[  401868ms] [LOG] buttons [button#modalClose.modal-close] @ https://cdn.utmify.com.br/scripts/pixel/pixel.js:0
[  403868ms] [LOG] buttons [button#modalClose.modal-close] @ https://cdn.utmify.com.br/scripts/pixel/pixel.js:0
[  405868ms] [LOG] buttons [button#modalClose.modal-close] @ https://cdn.utmify.com.br/scripts/pixel/pixel.js:0
[  407868ms] [LOG] buttons [button#modalClose.modal-close] @ https://cdn.utmify.com.br/scripts/pixel/pixel.js:0
[  409867ms] [LOG] buttons [button#modalClose.modal-close] @ https://cdn.utmify.com.br/scripts/pixel/pixel.js:0
[  411868ms] [LOG] buttons [button#modalClose.modal-close] @ https://cdn.utmify.com.br/scripts/pixel/pixel.js:0
[  413868ms] [LOG] buttons [button#modalClose.modal-close] @ https://cdn.utmify.com.br/scripts/pixel/pixel.js:0
[  415868ms] [LOG] buttons [button#modalClose.modal-close] @ https://cdn.utmify.com.br/scripts/pixel/pixel.js:0
[  417868ms] [LOG] buttons [button#modalClose.modal-close] @ https://cdn.utmify.com.br/scripts/pixel/pixel.js:0
[  419868ms] [LOG] buttons [button#modalClose.modal-close] @ https://cdn.utmify.com.br/scripts/pixel/pixel.js:0
[  421868ms] [LOG] buttons [button#modalClose.modal-close] @ https://cdn.utmify.com.br/scripts/pixel/pixel.js:0
[  423868ms] [LOG] buttons [button#modalClose.modal-close] @ https://cdn.utmify.com.br/scripts/pixel/pixel.js:0
[  425868ms] [LOG] buttons [button#modalClose.modal-close] @ https://cdn.utmify.com.br/scripts/pixel/pixel.js:0
[  427868ms] [LOG] buttons [button#modalClose.modal-close] @ https://cdn.utmify.com.br/scripts/pixel/pixel.js:0
[  429868ms] [LOG] buttons [button#modalClose.modal-close] @ https://cdn.utmify.com.br/scripts/pixel/pixel.js:0
[  431868ms] [LOG] buttons [button#modalClose.modal-close] @ https://cdn.utmify.com.br/scripts/pixel/pixel.js:0
[  433868ms] [LOG] buttons [button#modalClose.modal-close] @ https://cdn.utmify.com.br/scripts/pixel/pixel.js:0
[  435867ms] [LOG] buttons [button#modalClose.modal-close] @ https://cdn.utmify.com.br/scripts/pixel/pixel.js:0
[  437868ms] [LOG] buttons [button#modalClose.modal-close] @ https://cdn.utmify.com.br/scripts/pixel/pixel.js:0
[  439867ms] [LOG] buttons [button#modalClose.modal-close] @ https://cdn.utmify.com.br/scripts/pixel/pixel.js:0
[  441867ms] [LOG] buttons [button#modalClose.modal-close] @ https://cdn.utmify.com.br/scripts/pixel/pixel.js:0
[  443867ms] [LOG] buttons [button#modalClose.modal-close] @ https://cdn.utmify.com.br/scripts/pixel/pixel.js:0
[  445867ms] [LOG] buttons [button#modalClose.modal-close] @ https://cdn.utmify.com.br/scripts/pixel/pixel.js:0
[  447868ms] [LOG] buttons [button#modalClose.modal-close] @ https://cdn.utmify.com.br/scripts/pixel/pixel.js:0
[  449867ms] [LOG] buttons [button#modalClose.modal-close] @ https://cdn.utmify.com.br/scripts/pixel/pixel.js:0
[  451868ms] [LOG] buttons [button#modalClose.modal-close] @ https://cdn.utmify.com.br/scripts/pixel/pixel.js:0
[  453868ms] [LOG] buttons [button#modalClose.modal-close] @ https://cdn.utmify.com.br/scripts/pixel/pixel.js:0
[  455868ms] [LOG] buttons [button#modalClose.modal-close] @ https://cdn.utmify.com.br/scripts/pixel/pixel.js:0
[  457868ms] [LOG] buttons [button#modalClose.modal-close] @ https://cdn.utmify.com.br/scripts/pixel/pixel.js:0
[  459867ms] [LOG] buttons [button#modalClose.modal-close] @ https://cdn.utmify.com.br/scripts/pixel/pixel.js:0
[  461867ms] [LOG] buttons [button#modalClose.modal-close] @ https://cdn.utmify.com.br/scripts/pixel/pixel.js:0
[  463867ms] [LOG] buttons [button#modalClose.modal-close] @ https://cdn.utmify.com.br/scripts/pixel/pixel.js:0
[  465868ms] [LOG] buttons [button#modalClose.modal-close] @ https://cdn.utmify.com.br/scripts/pixel/pixel.js:0
[  467868ms] [LOG] buttons [button#modalClose.modal-close] @ https://cdn.utmify.com.br/scripts/pixel/pixel.js:0
[  469867ms] [LOG] buttons [button#modalClose.modal-close] @ https://cdn.utmify.com.br/scripts/pixel/pixel.js:0
[  471867ms] [LOG] buttons [button#modalClose.modal-close] @ https://cdn.utmify.com.br/scripts/pixel/pixel.js:0
[  473868ms] [LOG] buttons [button#modalClose.modal-close] @ https://cdn.utmify.com.br/scripts/pixel/pixel.js:0
[  475868ms] [LOG] buttons [button#modalClose.modal-close] @ https://cdn.utmify.com.br/scripts/pixel/pixel.js:0
[  477868ms] [LOG] buttons [button#modalClose.modal-close] @ https://cdn.utmify.com.br/scripts/pixel/pixel.js:0
[  479867ms] [LOG] buttons [button#modalClose.modal-close] @ https://cdn.utmify.com.br/scripts/pixel/pixel.js:0
[  481867ms] [LOG] buttons [button#modalClose.modal-close] @ https://cdn.utmify.com.br/scripts/pixel/pixel.js:0
[  483868ms] [LOG] buttons [button#modalClose.modal-close] @ https://cdn.utmify.com.br/scripts/pixel/pixel.js:0
[  485867ms] [LOG] buttons [button#modalClose.modal-close] @ https://cdn.utmify.com.br/scripts/pixel/pixel.js:0
[  487868ms] [LOG] buttons [button#modalClose.modal-close] @ https://cdn.utmify.com.br/scripts/pixel/pixel.js:0
[  489867ms] [LOG] buttons [button#modalClose.modal-close] @ https://cdn.utmify.com.br/scripts/pixel/pixel.js:0
[  491867ms] [LOG] buttons [button#modalClose.modal-close] @ https://cdn.utmify.com.br/scripts/pixel/pixel.js:0
[  493867ms] [LOG] buttons [button#modalClose.modal-close] @ https://cdn.utmify.com.br/scripts/pixel/pixel.js:0
[  495867ms] [LOG] buttons [button#modalClose.modal-close] @ https://cdn.utmify.com.br/scripts/pixel/pixel.js:0
[  497868ms] [LOG] buttons [button#modalClose.modal-close] @ https://cdn.utmify.com.br/scripts/pixel/pixel.js:0
[  499867ms] [LOG] buttons [button#modalClose.modal-close] @ https://cdn.utmify.com.br/scripts/pixel/pixel.js:0
[  501867ms] [LOG] buttons [button#modalClose.modal-close] @ https://cdn.utmify.com.br/scripts/pixel/pixel.js:0
[  503867ms] [LOG] buttons [button#modalClose.modal-close] @ https://cdn.utmify.com.br/scripts/pixel/pixel.js:0
[  505867ms] [LOG] buttons [button#modalClose.modal-close] @ https://cdn.utmify.com.br/scripts/pixel/pixel.js:0
[  507867ms] [LOG] buttons [button#modalClose.modal-close] @ https://cdn.utmify.com.br/scripts/pixel/pixel.js:0
[  509868ms] [LOG] buttons [button#modalClose.modal-close] @ https://cdn.utmify.com.br/scripts/pixel/pixel.js:0
[  511867ms] [LOG] buttons [button#modalClose.modal-close] @ https://cdn.utmify.com.br/scripts/pixel/pixel.js:0
[  513867ms] [LOG] buttons [button#modalClose.modal-close] @ https://cdn.utmify.com.br/scripts/pixel/pixel.js:0
[  515867ms] [LOG] buttons [button#modalClose.modal-close] @ https://cdn.utmify.com.br/scripts/pixel/pixel.js:0
[  517867ms] [LOG] buttons [button#modalClose.modal-close] @ https://cdn.utmify.com.br/scripts/pixel/pixel.js:0
[  519867ms] [LOG] buttons [button#modalClose.modal-close] @ https://cdn.utmify.com.br/scripts/pixel/pixel.js:0
[  521868ms] [LOG] buttons [button#modalClose.modal-close] @ https://cdn.utmify.com.br/scripts/pixel/pixel.js:0
[  523867ms] [LOG] buttons [button#modalClose.modal-close] @ https://cdn.utmify.com.br/scripts/pixel/pixel.js:0
[  525868ms] [LOG] buttons [button#modalClose.modal-close] @ https://cdn.utmify.com.br/scripts/pixel/pixel.js:0
[  527867ms] [LOG] buttons [button#modalClose.modal-close] @ https://cdn.utmify.com.br/scripts/pixel/pixel.js:0
[  529867ms] [LOG] buttons [button#modalClose.modal-close] @ https://cdn.utmify.com.br/scripts/pixel/pixel.js:0
[  531867ms] [LOG] buttons [button#modalClose.modal-close] @ https://cdn.utmify.com.br/scripts/pixel/pixel.js:0
[  533867ms] [LOG] buttons [button#modalClose.modal-close] @ https://cdn.utmify.com.br/scripts/pixel/pixel.js:0
[  535867ms] [LOG] buttons [button#modalClose.modal-close] @ https://cdn.utmify.com.br/scripts/pixel/pixel.js:0
[  537867ms] [LOG] buttons [button#modalClose.modal-close] @ https://cdn.utmify.com.br/scripts/pixel/pixel.js:0
[  539867ms] [LOG] buttons [button#modalClose.modal-close] @ https://cdn.utmify.com.br/scripts/pixel/pixel.js:0
[  541868ms] [LOG] buttons [button#modalClose.modal-close] @ https://cdn.utmify.com.br/scripts/pixel/pixel.js:0
[  543867ms] [LOG] buttons [button#modalClose.modal-close] @ https://cdn.utmify.com.br/scripts/pixel/pixel.js:0
[  545867ms] [LOG] buttons [button#modalClose.modal-close] @ https://cdn.utmify.com.br/scripts/pixel/pixel.js:0
[  547868ms] [LOG] buttons [button#modalClose.modal-close] @ https://cdn.utmify.com.br/scripts/pixel/pixel.js:0
[  549867ms] [LOG] buttons [button#modalClose.modal-close] @ https://cdn.utmify.com.br/scripts/pixel/pixel.js:0
[  551867ms] [LOG] buttons [button#modalClose.modal-close] @ https://cdn.utmify.com.br/scripts/pixel/pixel.js:0
[  553870ms] [LOG] buttons [button#modalClose.modal-close] @ https://cdn.utmify.com.br/scripts/pixel/pixel.js:0
[  555867ms] [LOG] buttons [button#modalClose.modal-close] @ https://cdn.utmify.com.br/scripts/pixel/pixel.js:0
[  557868ms] [LOG] buttons [button#modalClose.modal-close] @ https://cdn.utmify.com.br/scripts/pixel/pixel.js:0
[  559868ms] [LOG] buttons [button#modalClose.modal-close] @ https://cdn.utmify.com.br/scripts/pixel/pixel.js:0
[  561867ms] [LOG] buttons [button#modalClose.modal-close] @ https://cdn.utmify.com.br/scripts/pixel/pixel.js:0
[  563867ms] [LOG] buttons [button#modalClose.modal-close] @ https://cdn.utmify.com.br/scripts/pixel/pixel.js:0
[  565867ms] [LOG] buttons [button#modalClose.modal-close] @ https://cdn.utmify.com.br/scripts/pixel/pixel.js:0
[  567868ms] [LOG] buttons [button#modalClose.modal-close] @ https://cdn.utmify.com.br/scripts/pixel/pixel.js:0
[  569867ms] [LOG] buttons [button#modalClose.modal-close] @ https://cdn.utmify.com.br/scripts/pixel/pixel.js:0
[  571867ms] [LOG] buttons [button#modalClose.modal-close] @ https://cdn.utmify.com.br/scripts/pixel/pixel.js:0
[  573250ms] [WARNING] The resource https://cdn.converteai.net/8961d838-aff2-4dce-9b39-e84022d332ce/6a54557c2686ede7e9543197/main.m3u8 was preloaded using link preload but not used within a few seconds from the window's load event. Please make sure it has an appropriate `as` value and it is preloaded intentionally. @ http://localhost:8850/upsell-account-shield.html:0
[  573867ms] [LOG] buttons [button#modalClose.modal-close] @ https://cdn.utmify.com.br/scripts/pixel/pixel.js:0
[  575867ms] [LOG] buttons [button#modalClose.modal-close] @ https://cdn.utmify.com.br/scripts/pixel/pixel.js:0
[  577868ms] [LOG] buttons [button#modalClose.modal-close] @ https://cdn.utmify.com.br/scripts/pixel/pixel.js:0
[  579868ms] [LOG] buttons [button#modalClose.modal-close] @ https://cdn.utmify.com.br/scripts/pixel/pixel.js:0
[  581868ms] [LOG] buttons [button#modalClose.modal-close] @ https://cdn.utmify.com.br/scripts/pixel/pixel.js:0
[  583868ms] [LOG] buttons [button#modalClose.modal-close] @ https://cdn.utmify.com.br/scripts/pixel/pixel.js:0
[  585867ms] [LOG] buttons [button#modalClose.modal-close] @ https://cdn.utmify.com.br/scripts/pixel/pixel.js:0
[  587867ms] [LOG] buttons [button#modalClose.modal-close] @ https://cdn.utmify.com.br/scripts/pixel/pixel.js:0
[  589868ms] [LOG] buttons [button#modalClose.modal-close] @ https://cdn.utmify.com.br/scripts/pixel/pixel.js:0
[  591867ms] [LOG] buttons [button#modalClose.modal-close] @ https://cdn.utmify.com.br/scripts/pixel/pixel.js:0
[  593868ms] [LOG] buttons [button#modalClose.modal-close] @ https://cdn.utmify.com.br/scripts/pixel/pixel.js:0
[  595868ms] [LOG] buttons [button#modalClose.modal-close] @ https://cdn.utmify.com.br/scripts/pixel/pixel.js:0
[  597867ms] [LOG] buttons [button#modalClose.modal-close] @ https://cdn.utmify.com.br/scripts/pixel/pixel.js:0
[  599868ms] [LOG] buttons [button#modalClose.modal-close] @ https://cdn.utmify.com.br/scripts/pixel/pixel.js:0
[  601867ms] [LOG] buttons [button#modalClose.modal-close] @ https://cdn.utmify.com.br/scripts/pixel/pixel.js:0
[  603868ms] [LOG] buttons [button#modalClose.modal-close] @ https://cdn.utmify.com.br/scripts/pixel/pixel.js:0
[  605868ms] [LOG] buttons [button#modalClose.modal-close] @ https://cdn.utmify.com.br/scripts/pixel/pixel.js:0
[  607867ms] [LOG] buttons [button#modalClose.modal-close] @ https://cdn.utmify.com.br/scripts/pixel/pixel.js:0
[  609867ms] [LOG] buttons [button#modalClose.modal-close] @ https://cdn.utmify.com.br/scripts/pixel/pixel.js:0
[  611867ms] [LOG] buttons [button#modalClose.modal-close] @ https://cdn.utmify.com.br/scripts/pixel/pixel.js:0
[  613867ms] [LOG] buttons [button#modalClose.modal-close] @ https://cdn.utmify.com.br/scripts/pixel/pixel.js:0
[  615867ms] [LOG] buttons [button#modalClose.modal-close] @ https://cdn.utmify.com.br/scripts/pixel/pixel.js:0
[  617867ms] [LOG] buttons [button#modalClose.modal-close] @ https://cdn.utmify.com.br/scripts/pixel/pixel.js:0
[  619867ms] [LOG] buttons [button#modalClose.modal-close] @ https://cdn.utmify.com.br/scripts/pixel/pixel.js:0
[  621867ms] [LOG] buttons [button#modalClose.modal-close] @ https://cdn.utmify.com.br/scripts/pixel/pixel.js:0
[  623867ms] [LOG] buttons [button#modalClose.modal-close] @ https://cdn.utmify.com.br/scripts/pixel/pixel.js:0
[  625867ms] [LOG] buttons [button#modalClose.modal-close] @ https://cdn.utmify.com.br/scripts/pixel/pixel.js:0
[  627868ms] [LOG] buttons [button#modalClose.modal-close] @ https://cdn.utmify.com.br/scripts/pixel/pixel.js:0
[  629867ms] [LOG] buttons [button#modalClose.modal-close] @ https://cdn.utmify.com.br/scripts/pixel/pixel.js:0
[  631867ms] [LOG] buttons [button#modalClose.modal-close] @ https://cdn.utmify.com.br/scripts/pixel/pixel.js:0
[  633867ms] [LOG] buttons [button#modalClose.modal-close] @ https://cdn.utmify.com.br/scripts/pixel/pixel.js:0
[  635867ms] [LOG] buttons [button#modalClose.modal-close] @ https://cdn.utmify.com.br/scripts/pixel/pixel.js:0
[  637867ms] [LOG] buttons [button#modalClose.modal-close] @ https://cdn.utmify.com.br/scripts/pixel/pixel.js:0
[  639868ms] [LOG] buttons [button#modalClose.modal-close] @ https://cdn.utmify.com.br/scripts/pixel/pixel.js:0
[  641867ms] [LOG] buttons [button#modalClose.modal-close] @ https://cdn.utmify.com.br/scripts/pixel/pixel.js:0
[  643867ms] [LOG] buttons [button#modalClose.modal-close] @ https://cdn.utmify.com.br/scripts/pixel/pixel.js:0
[  645867ms] [LOG] buttons [button#modalClose.modal-close] @ https://cdn.utmify.com.br/scripts/pixel/pixel.js:0
[  647867ms] [LOG] buttons [button#modalClose.modal-close] @ https://cdn.utmify.com.br/scripts/pixel/pixel.js:0
[  649867ms] [LOG] buttons [button#modalClose.modal-close] @ https://cdn.utmify.com.br/scripts/pixel/pixel.js:0
[  651867ms] [LOG] buttons [button#modalClose.modal-close] @ https://cdn.utmify.com.br/scripts/pixel/pixel.js:0
[  653867ms] [LOG] buttons [button#modalClose.modal-close] @ https://cdn.utmify.com.br/scripts/pixel/pixel.js:0
[  655867ms] [LOG] buttons [button#modalClose.modal-close] @ https://cdn.utmify.com.br/scripts/pixel/pixel.js:0
[  657868ms] [LOG] buttons [button#modalClose.modal-close] @ https://cdn.utmify.com.br/scripts/pixel/pixel.js:0
[  659867ms] [LOG] buttons [button#modalClose.modal-close] @ https://cdn.utmify.com.br/scripts/pixel/pixel.js:0
[  661867ms] [LOG] buttons [button#modalClose.modal-close] @ https://cdn.utmify.com.br/scripts/pixel/pixel.js:0
[  663867ms] [LOG] buttons [button#modalClose.modal-close] @ https://cdn.utmify.com.br/scripts/pixel/pixel.js:0
[  665867ms] [LOG] buttons [button#modalClose.modal-close] @ https://cdn.utmify.com.br/scripts/pixel/pixel.js:0
[  667867ms] [LOG] buttons [button#modalClose.modal-close] @ https://cdn.utmify.com.br/scripts/pixel/pixel.js:0
[  669867ms] [LOG] buttons [button#modalClose.modal-close] @ https://cdn.utmify.com.br/scripts/pixel/pixel.js:0
[  671867ms] [LOG] buttons [button#modalClose.modal-close] @ https://cdn.utmify.com.br/scripts/pixel/pixel.js:0
[  673866ms] [LOG] buttons [button#modalClose.modal-close] @ https://cdn.utmify.com.br/scripts/pixel/pixel.js:0
[  675867ms] [LOG] buttons [button#modalClose.modal-close] @ https://cdn.utmify.com.br/scripts/pixel/pixel.js:0
[  677867ms] [LOG] buttons [button#modalClose.modal-close] @ https://cdn.utmify.com.br/scripts/pixel/pixel.js:0
[  679867ms] [LOG] buttons [button#modalClose.modal-close] @ https://cdn.utmify.com.br/scripts/pixel/pixel.js:0
[  681867ms] [LOG] buttons [button#modalClose.modal-close] @ https://cdn.utmify.com.br/scripts/pixel/pixel.js:0
[  683868ms] [LOG] buttons [button#modalClose.modal-close] @ https://cdn.utmify.com.br/scripts/pixel/pixel.js:0
[  685867ms] [LOG] buttons [button#modalClose.modal-close] @ https://cdn.utmify.com.br/scripts/pixel/pixel.js:0
[  687867ms] [LOG] buttons [button#modalClose.modal-close] @ https://cdn.utmify.com.br/scripts/pixel/pixel.js:0
[  689867ms] [LOG] buttons [button#modalClose.modal-close] @ https://cdn.utmify.com.br/scripts/pixel/pixel.js:0
[  691868ms] [LOG] buttons [button#modalClose.modal-close] @ https://cdn.utmify.com.br/scripts/pixel/pixel.js:0
[  693867ms] [LOG] buttons [button#modalClose.modal-close] @ https://cdn.utmify.com.br/scripts/pixel/pixel.js:0
[  695867ms] [LOG] buttons [button#modalClose.modal-close] @ https://cdn.utmify.com.br/scripts/pixel/pixel.js:0
[  697867ms] [LOG] buttons [button#modalClose.modal-close] @ https://cdn.utmify.com.br/scripts/pixel/pixel.js:0
[  699867ms] [LOG] buttons [button#modalClose.modal-close] @ https://cdn.utmify.com.br/scripts/pixel/pixel.js:0
[  701867ms] [LOG] buttons [button#modalClose.modal-close] @ https://cdn.utmify.com.br/scripts/pixel/pixel.js:0
[  703867ms] [LOG] buttons [button#modalClose.modal-close] @ https://cdn.utmify.com.br/scripts/pixel/pixel.js:0
[  705867ms] [LOG] buttons [button#modalClose.modal-close] @ https://cdn.utmify.com.br/scripts/pixel/pixel.js:0
[  707868ms] [LOG] buttons [button#modalClose.modal-close] @ https://cdn.utmify.com.br/scripts/pixel/pixel.js:0
[  709867ms] [LOG] buttons [button#modalClose.modal-close] @ https://cdn.utmify.com.br/scripts/pixel/pixel.js:0
[  711867ms] [LOG] buttons [button#modalClose.modal-close] @ https://cdn.utmify.com.br/scripts/pixel/pixel.js:0
[  713867ms] [LOG] buttons [button#modalClose.modal-close] @ https://cdn.utmify.com.br/scripts/pixel/pixel.js:0
[  715867ms] [LOG] buttons [button#modalClose.modal-close] @ https://cdn.utmify.com.br/scripts/pixel/pixel.js:0
[  717868ms] [LOG] buttons [button#modalClose.modal-close] @ https://cdn.utmify.com.br/scripts/pixel/pixel.js:0
[  719867ms] [LOG] buttons [button#modalClose.modal-close] @ https://cdn.utmify.com.br/scripts/pixel/pixel.js:0
[  721867ms] [LOG] buttons [button#modalClose.modal-close] @ https://cdn.utmify.com.br/scripts/pixel/pixel.js:0
[  723868ms] [LOG] buttons [button#modalClose.modal-close] @ https://cdn.utmify.com.br/scripts/pixel/pixel.js:0
[  725867ms] [LOG] buttons [button#modalClose.modal-close] @ https://cdn.utmify.com.br/scripts/pixel/pixel.js:0
[  727867ms] [LOG] buttons [button#modalClose.modal-close] @ https://cdn.utmify.com.br/scripts/pixel/pixel.js:0
[  729867ms] [LOG] buttons [button#modalClose.modal-close] @ https://cdn.utmify.com.br/scripts/pixel/pixel.js:0
[  731867ms] [LOG] buttons [button#modalClose.modal-close] @ https://cdn.utmify.com.br/scripts/pixel/pixel.js:0
[  733867ms] [LOG] buttons [button#modalClose.modal-close] @ https://cdn.utmify.com.br/scripts/pixel/pixel.js:0
[  735867ms] [LOG] buttons [button#modalClose.modal-close] @ https://cdn.utmify.com.br/scripts/pixel/pixel.js:0
[  737867ms] [LOG] buttons [button#modalClose.modal-close] @ https://cdn.utmify.com.br/scripts/pixel/pixel.js:0
[  739867ms] [LOG] buttons [button#modalClose.modal-close] @ https://cdn.utmify.com.br/scripts/pixel/pixel.js:0
[  741868ms] [LOG] buttons [button#modalClose.modal-close] @ https://cdn.utmify.com.br/scripts/pixel/pixel.js:0
[  743867ms] [LOG] buttons [button#modalClose.modal-close] @ https://cdn.utmify.com.br/scripts/pixel/pixel.js:0
[  745867ms] [LOG] buttons [button#modalClose.modal-close] @ https://cdn.utmify.com.br/scripts/pixel/pixel.js:0
[  747867ms] [LOG] buttons [button#modalClose.modal-close] @ https://cdn.utmify.com.br/scripts/pixel/pixel.js:0
[  749867ms] [LOG] buttons [button#modalClose.modal-close] @ https://cdn.utmify.com.br/scripts/pixel/pixel.js:0
[  751868ms] [LOG] buttons [button#modalClose.modal-close] @ https://cdn.utmify.com.br/scripts/pixel/pixel.js:0
[  753867ms] [LOG] buttons [button#modalClose.modal-close] @ https://cdn.utmify.com.br/scripts/pixel/pixel.js:0
[  755867ms] [LOG] buttons [button#modalClose.modal-close] @ https://cdn.utmify.com.br/scripts/pixel/pixel.js:0
[  757867ms] [LOG] buttons [button#modalClose.modal-close] @ https://cdn.utmify.com.br/scripts/pixel/pixel.js:0
[  759867ms] [LOG] buttons [button#modalClose.modal-close] @ https://cdn.utmify.com.br/scripts/pixel/pixel.js:0
[  761867ms] [LOG] buttons [button#modalClose.modal-close] @ https://cdn.utmify.com.br/scripts/pixel/pixel.js:0
[  763868ms] [LOG] buttons [button#modalClose.modal-close] @ https://cdn.utmify.com.br/scripts/pixel/pixel.js:0
[  765867ms] [LOG] buttons [button#modalClose.modal-close] @ https://cdn.utmify.com.br/scripts/pixel/pixel.js:0
[  767867ms] [LOG] buttons [button#modalClose.modal-close] @ https://cdn.utmify.com.br/scripts/pixel/pixel.js:0
[  769867ms] [LOG] buttons [button#modalClose.modal-close] @ https://cdn.utmify.com.br/scripts/pixel/pixel.js:0
[  771868ms] [LOG] buttons [button#modalClose.modal-close] @ https://cdn.utmify.com.br/scripts/pixel/pixel.js:0
[  773867ms] [LOG] buttons [button#modalClose.modal-close] @ https://cdn.utmify.com.br/scripts/pixel/pixel.js:0
[  775868ms] [LOG] buttons [button#modalClose.modal-close] @ https://cdn.utmify.com.br/scripts/pixel/pixel.js:0
[  777867ms] [LOG] buttons [button#modalClose.modal-close] @ https://cdn.utmify.com.br/scripts/pixel/pixel.js:0
[  779867ms] [LOG] buttons [button#modalClose.modal-close] @ https://cdn.utmify.com.br/scripts/pixel/pixel.js:0
[  781867ms] [LOG] buttons [button#modalClose.modal-close] @ https://cdn.utmify.com.br/scripts/pixel/pixel.js:0
[  783867ms] [LOG] buttons [button#modalClose.modal-close] @ https://cdn.utmify.com.br/scripts/pixel/pixel.js:0
[  785867ms] [LOG] buttons [button#modalClose.modal-close] @ https://cdn.utmify.com.br/scripts/pixel/pixel.js:0
[  787866ms] [LOG] buttons [button#modalClose.modal-close] @ https://cdn.utmify.com.br/scripts/pixel/pixel.js:0
[  789867ms] [LOG] buttons [button#modalClose.modal-close] @ https://cdn.utmify.com.br/scripts/pixel/pixel.js:0
[  791867ms] [LOG] buttons [button#modalClose.modal-close] @ https://cdn.utmify.com.br/scripts/pixel/pixel.js:0
[  793867ms] [LOG] buttons [button#modalClose.modal-close] @ https://cdn.utmify.com.br/scripts/pixel/pixel.js:0
[  795867ms] [LOG] buttons [button#modalClose.modal-close] @ https://cdn.utmify.com.br/scripts/pixel/pixel.js:0
[  797867ms] [LOG] buttons [button#modalClose.modal-close] @ https://cdn.utmify.com.br/scripts/pixel/pixel.js:0
[  799867ms] [LOG] buttons [button#modalClose.modal-close] @ https://cdn.utmify.com.br/scripts/pixel/pixel.js:0
[  801867ms] [LOG] buttons [button#modalClose.modal-close] @ https://cdn.utmify.com.br/scripts/pixel/pixel.js:0
[  803867ms] [LOG] buttons [button#modalClose.modal-close] @ https://cdn.utmify.com.br/scripts/pixel/pixel.js:0
[  805867ms] [LOG] buttons [button#modalClose.modal-close] @ https://cdn.utmify.com.br/scripts/pixel/pixel.js:0
[  807867ms] [LOG] buttons [button#modalClose.modal-close] @ https://cdn.utmify.com.br/scripts/pixel/pixel.js:0
[  809867ms] [LOG] buttons [button#modalClose.modal-close] @ https://cdn.utmify.com.br/scripts/pixel/pixel.js:0
[  811866ms] [LOG] buttons [button#modalClose.modal-close] @ https://cdn.utmify.com.br/scripts/pixel/pixel.js:0
[  813867ms] [LOG] buttons [button#modalClose.modal-close] @ https://cdn.utmify.com.br/scripts/pixel/pixel.js:0
[  815867ms] [LOG] buttons [button#modalClose.modal-close] @ https://cdn.utmify.com.br/scripts/pixel/pixel.js:0
[  817867ms] [LOG] buttons [button#modalClose.modal-close] @ https://cdn.utmify.com.br/scripts/pixel/pixel.js:0
[  819867ms] [LOG] buttons [button#modalClose.modal-close] @ https://cdn.utmify.com.br/scripts/pixel/pixel.js:0
[  821867ms] [LOG] buttons [button#modalClose.modal-close] @ https://cdn.utmify.com.br/scripts/pixel/pixel.js:0
[  823867ms] [LOG] buttons [button#modalClose.modal-close] @ https://cdn.utmify.com.br/scripts/pixel/pixel.js:0
[  825867ms] [LOG] buttons [button#modalClose.modal-close] @ https://cdn.utmify.com.br/scripts/pixel/pixel.js:0
[  827867ms] [LOG] buttons [button#modalClose.modal-close] @ https://cdn.utmify.com.br/scripts/pixel/pixel.js:0
[  829867ms] [LOG] buttons [button#modalClose.modal-close] @ https://cdn.utmify.com.br/scripts/pixel/pixel.js:0
[  831867ms] [LOG] buttons [button#modalClose.modal-close] @ https://cdn.utmify.com.br/scripts/pixel/pixel.js:0
[  833867ms] [LOG] buttons [button#modalClose.modal-close] @ https://cdn.utmify.com.br/scripts/pixel/pixel.js:0
[  835866ms] [LOG] buttons [button#modalClose.modal-close] @ https://cdn.utmify.com.br/scripts/pixel/pixel.js:0
[  837867ms] [LOG] buttons [button#modalClose.modal-close] @ https://cdn.utmify.com.br/scripts/pixel/pixel.js:0
[  839867ms] [LOG] buttons [button#modalClose.modal-close] @ https://cdn.utmify.com.br/scripts/pixel/pixel.js:0
[  841867ms] [LOG] buttons [button#modalClose.modal-close] @ https://cdn.utmify.com.br/scripts/pixel/pixel.js:0
[  843866ms] [LOG] buttons [button#modalClose.modal-close] @ https://cdn.utmify.com.br/scripts/pixel/pixel.js:0
[  845867ms] [LOG] buttons [button#modalClose.modal-close] @ https://cdn.utmify.com.br/scripts/pixel/pixel.js:0
[  847867ms] [LOG] buttons [button#modalClose.modal-close] @ https://cdn.utmify.com.br/scripts/pixel/pixel.js:0
[  849867ms] [LOG] buttons [button#modalClose.modal-close] @ https://cdn.utmify.com.br/scripts/pixel/pixel.js:0
[  851867ms] [LOG] buttons [button#modalClose.modal-close] @ https://cdn.utmify.com.br/scripts/pixel/pixel.js:0
[  853866ms] [LOG] buttons [button#modalClose.modal-close] @ https://cdn.utmify.com.br/scripts/pixel/pixel.js:0
[  855867ms] [LOG] buttons [button#modalClose.modal-close] @ https://cdn.utmify.com.br/scripts/pixel/pixel.js:0
[  857866ms] [LOG] buttons [button#modalClose.modal-close] @ https://cdn.utmify.com.br/scripts/pixel/pixel.js:0
[  859867ms] [LOG] buttons [button#modalClose.modal-close] @ https://cdn.utmify.com.br/scripts/pixel/pixel.js:0
[  861867ms] [LOG] buttons [button#modalClose.modal-close] @ https://cdn.utmify.com.br/scripts/pixel/pixel.js:0
[  863867ms] [LOG] buttons [button#modalClose.modal-close] @ https://cdn.utmify.com.br/scripts/pixel/pixel.js:0
[  865867ms] [LOG] buttons [button#modalClose.modal-close] @ https://cdn.utmify.com.br/scripts/pixel/pixel.js:0
[  867867ms] [LOG] buttons [button#modalClose.modal-close] @ https://cdn.utmify.com.br/scripts/pixel/pixel.js:0
[  869867ms] [LOG] buttons [button#modalClose.modal-close] @ https://cdn.utmify.com.br/scripts/pixel/pixel.js:0
[  871867ms] [LOG] buttons [button#modalClose.modal-close] @ https://cdn.utmify.com.br/scripts/pixel/pixel.js:0
[  873257ms] [WARNING] The resource https://cdn.converteai.net/8961d838-aff2-4dce-9b39-e84022d332ce/6a54557c2686ede7e9543197/main.m3u8 was preloaded using link preload but not used within a few seconds from the window's load event. Please make sure it has an appropriate `as` value and it is preloaded intentionally. @ http://localhost:8850/upsell-account-shield.html:0
[  873867ms] [LOG] buttons [button#modalClose.modal-close] @ https://cdn.utmify.com.br/scripts/pixel/pixel.js:0
[  875867ms] [LOG] buttons [button#modalClose.modal-close] @ https://cdn.utmify.com.br/scripts/pixel/pixel.js:0
[  877866ms] [LOG] buttons [button#modalClose.modal-close] @ https://cdn.utmify.com.br/scripts/pixel/pixel.js:0
[  879867ms] [LOG] buttons [button#modalClose.modal-close] @ https://cdn.utmify.com.br/scripts/pixel/pixel.js:0
[  881868ms] [LOG] buttons [button#modalClose.modal-close] @ https://cdn.utmify.com.br/scripts/pixel/pixel.js:0
[  883867ms] [LOG] buttons [button#modalClose.modal-close] @ https://cdn.utmify.com.br/scripts/pixel/pixel.js:0
[  885867ms] [LOG] buttons [button#modalClose.modal-close] @ https://cdn.utmify.com.br/scripts/pixel/pixel.js:0
[  887867ms] [LOG] buttons [button#modalClose.modal-close] @ https://cdn.utmify.com.br/scripts/pixel/pixel.js:0
[  889867ms] [LOG] buttons [button#modalClose.modal-close] @ https://cdn.utmify.com.br/scripts/pixel/pixel.js:0
[  891867ms] [LOG] buttons [button#modalClose.modal-close] @ https://cdn.utmify.com.br/scripts/pixel/pixel.js:0
[  893867ms] [LOG] buttons [button#modalClose.modal-close] @ https://cdn.utmify.com.br/scripts/pixel/pixel.js:0
[  895866ms] [LOG] buttons [button#modalClose.modal-close] @ https://cdn.utmify.com.br/scripts/pixel/pixel.js:0
[  897867ms] [LOG] buttons [button#modalClose.modal-close] @ https://cdn.utmify.com.br/scripts/pixel/pixel.js:0
[  899868ms] [LOG] buttons [button#modalClose.modal-close] @ https://cdn.utmify.com.br/scripts/pixel/pixel.js:0
[  901866ms] [LOG] buttons [button#modalClose.modal-close] @ https://cdn.utmify.com.br/scripts/pixel/pixel.js:0
[  903867ms] [LOG] buttons [button#modalClose.modal-close] @ https://cdn.utmify.com.br/scripts/pixel/pixel.js:0
[  905867ms] [LOG] buttons [button#modalClose.modal-close] @ https://cdn.utmify.com.br/scripts/pixel/pixel.js:0
[  907868ms] [LOG] buttons [button#modalClose.modal-close] @ https://cdn.utmify.com.br/scripts/pixel/pixel.js:0
[  909867ms] [LOG] buttons [button#modalClose.modal-close] @ https://cdn.utmify.com.br/scripts/pixel/pixel.js:0
[  911867ms] [LOG] buttons [button#modalClose.modal-close] @ https://cdn.utmify.com.br/scripts/pixel/pixel.js:0
[  913867ms] [LOG] buttons [button#modalClose.modal-close] @ https://cdn.utmify.com.br/scripts/pixel/pixel.js:0
[  915867ms] [LOG] buttons [button#modalClose.modal-close] @ https://cdn.utmify.com.br/scripts/pixel/pixel.js:0
[  917867ms] [LOG] buttons [button#modalClose.modal-close] @ https://cdn.utmify.com.br/scripts/pixel/pixel.js:0
[  919867ms] [LOG] buttons [button#modalClose.modal-close] @ https://cdn.utmify.com.br/scripts/pixel/pixel.js:0
[  921867ms] [LOG] buttons [button#modalClose.modal-close] @ https://cdn.utmify.com.br/scripts/pixel/pixel.js:0
[  923867ms] [LOG] buttons [button#modalClose.modal-close] @ https://cdn.utmify.com.br/scripts/pixel/pixel.js:0
[  925867ms] [LOG] buttons [button#modalClose.modal-close] @ https://cdn.utmify.com.br/scripts/pixel/pixel.js:0
[  927866ms] [LOG] buttons [button#modalClose.modal-close] @ https://cdn.utmify.com.br/scripts/pixel/pixel.js:0
[  929866ms] [LOG] buttons [button#modalClose.modal-close] @ https://cdn.utmify.com.br/scripts/pixel/pixel.js:0
[  931867ms] [LOG] buttons [button#modalClose.modal-close] @ https://cdn.utmify.com.br/scripts/pixel/pixel.js:0
[  933867ms] [LOG] buttons [button#modalClose.modal-close] @ https://cdn.utmify.com.br/scripts/pixel/pixel.js:0
[  935867ms] [LOG] buttons [button#modalClose.modal-close] @ https://cdn.utmify.com.br/scripts/pixel/pixel.js:0
[  937867ms] [LOG] buttons [button#modalClose.modal-close] @ https://cdn.utmify.com.br/scripts/pixel/pixel.js:0
[  939866ms] [LOG] buttons [button#modalClose.modal-close] @ https://cdn.utmify.com.br/scripts/pixel/pixel.js:0
[  941867ms] [LOG] buttons [button#modalClose.modal-close] @ https://cdn.utmify.com.br/scripts/pixel/pixel.js:0
[  943867ms] [LOG] buttons [button#modalClose.modal-close] @ https://cdn.utmify.com.br/scripts/pixel/pixel.js:0
[  945867ms] [LOG] buttons [button#modalClose.modal-close] @ https://cdn.utmify.com.br/scripts/pixel/pixel.js:0
[  947866ms] [LOG] buttons [button#modalClose.modal-close] @ https://cdn.utmify.com.br/scripts/pixel/pixel.js:0
[  949867ms] [LOG] buttons [button#modalClose.modal-close] @ https://cdn.utmify.com.br/scripts/pixel/pixel.js:0
[  951867ms] [LOG] buttons [button#modalClose.modal-close] @ https://cdn.utmify.com.br/scripts/pixel/pixel.js:0
[  953866ms] [LOG] buttons [button#modalClose.modal-close] @ https://cdn.utmify.com.br/scripts/pixel/pixel.js:0
[  955867ms] [LOG] buttons [button#modalClose.modal-close] @ https://cdn.utmify.com.br/scripts/pixel/pixel.js:0
[  957867ms] [LOG] buttons [button#modalClose.modal-close] @ https://cdn.utmify.com.br/scripts/pixel/pixel.js:0
[  959867ms] [LOG] buttons [button#modalClose.modal-close] @ https://cdn.utmify.com.br/scripts/pixel/pixel.js:0
[  961866ms] [LOG] buttons [button#modalClose.modal-close] @ https://cdn.utmify.com.br/scripts/pixel/pixel.js:0
[  963867ms] [LOG] buttons [button#modalClose.modal-close] @ https://cdn.utmify.com.br/scripts/pixel/pixel.js:0
[  965867ms] [LOG] buttons [button#modalClose.modal-close] @ https://cdn.utmify.com.br/scripts/pixel/pixel.js:0
[  967867ms] [LOG] buttons [button#modalClose.modal-close] @ https://cdn.utmify.com.br/scripts/pixel/pixel.js:0
[  969866ms] [LOG] buttons [button#modalClose.modal-close] @ https://cdn.utmify.com.br/scripts/pixel/pixel.js:0
[  971867ms] [LOG] buttons [button#modalClose.modal-close] @ https://cdn.utmify.com.br/scripts/pixel/pixel.js:0
[  973867ms] [LOG] buttons [button#modalClose.modal-close] @ https://cdn.utmify.com.br/scripts/pixel/pixel.js:0
[  975867ms] [LOG] buttons [button#modalClose.modal-close] @ https://cdn.utmify.com.br/scripts/pixel/pixel.js:0
[  977867ms] [LOG] buttons [button#modalClose.modal-close] @ https://cdn.utmify.com.br/scripts/pixel/pixel.js:0
[  979867ms] [LOG] buttons [button#modalClose.modal-close] @ https://cdn.utmify.com.br/scripts/pixel/pixel.js:0
[  981866ms] [LOG] buttons [button#modalClose.modal-close] @ https://cdn.utmify.com.br/scripts/pixel/pixel.js:0
[  983866ms] [LOG] buttons [button#modalClose.modal-close] @ https://cdn.utmify.com.br/scripts/pixel/pixel.js:0
[  985867ms] [LOG] buttons [button#modalClose.modal-close] @ https://cdn.utmify.com.br/scripts/pixel/pixel.js:0
[  987867ms] [LOG] buttons [button#modalClose.modal-close] @ https://cdn.utmify.com.br/scripts/pixel/pixel.js:0
[  989867ms] [LOG] buttons [button#modalClose.modal-close] @ https://cdn.utmify.com.br/scripts/pixel/pixel.js:0
[  991866ms] [LOG] buttons [button#modalClose.modal-close] @ https://cdn.utmify.com.br/scripts/pixel/pixel.js:0
[  993867ms] [LOG] buttons [button#modalClose.modal-close] @ https://cdn.utmify.com.br/scripts/pixel/pixel.js:0
[  995867ms] [LOG] buttons [button#modalClose.modal-close] @ https://cdn.utmify.com.br/scripts/pixel/pixel.js:0
[  997866ms] [LOG] buttons [button#modalClose.modal-close] @ https://cdn.utmify.com.br/scripts/pixel/pixel.js:0
[  999866ms] [LOG] buttons [button#modalClose.modal-close] @ https://cdn.utmify.com.br/scripts/pixel/pixel.js:0
[ 1001866ms] [LOG] buttons [button#modalClose.modal-close] @ https://cdn.utmify.com.br/scripts/pixel/pixel.js:0
[ 1003866ms] [LOG] buttons [button#modalClose.modal-close] @ https://cdn.utmify.com.br/scripts/pixel/pixel.js:0
[ 1005867ms] [LOG] buttons [button#modalClose.modal-close] @ https://cdn.utmify.com.br/scripts/pixel/pixel.js:0
[ 1007867ms] [LOG] buttons [button#modalClose.modal-close] @ https://cdn.utmify.com.br/scripts/pixel/pixel.js:0
[ 1009866ms] [LOG] buttons [button#modalClose.modal-close] @ https://cdn.utmify.com.br/scripts/pixel/pixel.js:0
[ 1011867ms] [LOG] buttons [button#modalClose.modal-close] @ https://cdn.utmify.com.br/scripts/pixel/pixel.js:0
[ 1013866ms] [LOG] buttons [button#modalClose.modal-close] @ https://cdn.utmify.com.br/scripts/pixel/pixel.js:0
[ 1015867ms] [LOG] buttons [button#modalClose.modal-close] @ https://cdn.utmify.com.br/scripts/pixel/pixel.js:0
[ 1017867ms] [LOG] buttons [button#modalClose.modal-close] @ https://cdn.utmify.com.br/scripts/pixel/pixel.js:0
[ 1019867ms] [LOG] buttons [button#modalClose.modal-close] @ https://cdn.utmify.com.br/scripts/pixel/pixel.js:0
[ 1021866ms] [LOG] buttons [button#modalClose.modal-close] @ https://cdn.utmify.com.br/scripts/pixel/pixel.js:0
[ 1023867ms] [LOG] buttons [button#modalClose.modal-close] @ https://cdn.utmify.com.br/scripts/pixel/pixel.js:0
[ 1025867ms] [LOG] buttons [button#modalClose.modal-close] @ https://cdn.utmify.com.br/scripts/pixel/pixel.js:0
[ 1027866ms] [LOG] buttons [button#modalClose.modal-close] @ https://cdn.utmify.com.br/scripts/pixel/pixel.js:0
[ 1029867ms] [LOG] buttons [button#modalClose.modal-close] @ https://cdn.utmify.com.br/scripts/pixel/pixel.js:0
[ 1031867ms] [LOG] buttons [button#modalClose.modal-close] @ https://cdn.utmify.com.br/scripts/pixel/pixel.js:0
[ 1033866ms] [LOG] buttons [button#modalClose.modal-close] @ https://cdn.utmify.com.br/scripts/pixel/pixel.js:0
[ 1035867ms] [LOG] buttons [button#modalClose.modal-close] @ https://cdn.utmify.com.br/scripts/pixel/pixel.js:0
[ 1037867ms] [LOG] buttons [button#modalClose.modal-close] @ https://cdn.utmify.com.br/scripts/pixel/pixel.js:0
[ 1039866ms] [LOG] buttons [button#modalClose.modal-close] @ https://cdn.utmify.com.br/scripts/pixel/pixel.js:0
[ 1041867ms] [LOG] buttons [button#modalClose.modal-close] @ https://cdn.utmify.com.br/scripts/pixel/pixel.js:0
[ 1043867ms] [LOG] buttons [button#modalClose.modal-close] @ https://cdn.utmify.com.br/scripts/pixel/pixel.js:0
[ 1045866ms] [LOG] buttons [button#modalClose.modal-close] @ https://cdn.utmify.com.br/scripts/pixel/pixel.js:0
[ 1047867ms] [LOG] buttons [button#modalClose.modal-close] @ https://cdn.utmify.com.br/scripts/pixel/pixel.js:0
[ 1049866ms] [LOG] buttons [button#modalClose.modal-close] @ https://cdn.utmify.com.br/scripts/pixel/pixel.js:0
[ 1051867ms] [LOG] buttons [button#modalClose.modal-close] @ https://cdn.utmify.com.br/scripts/pixel/pixel.js:0
[ 1053867ms] [LOG] buttons [button#modalClose.modal-close] @ https://cdn.utmify.com.br/scripts/pixel/pixel.js:0
[ 1055867ms] [LOG] buttons [button#modalClose.modal-close] @ https://cdn.utmify.com.br/scripts/pixel/pixel.js:0
[ 1057867ms] [LOG] buttons [button#modalClose.modal-close] @ https://cdn.utmify.com.br/scripts/pixel/pixel.js:0
[ 1059867ms] [LOG] buttons [button#modalClose.modal-close] @ https://cdn.utmify.com.br/scripts/pixel/pixel.js:0
[ 1061867ms] [LOG] buttons [button#modalClose.modal-close] @ https://cdn.utmify.com.br/scripts/pixel/pixel.js:0
[ 1063867ms] [LOG] buttons [button#modalClose.modal-close] @ https://cdn.utmify.com.br/scripts/pixel/pixel.js:0
[ 1065867ms] [LOG] buttons [button#modalClose.modal-close] @ https://cdn.utmify.com.br/scripts/pixel/pixel.js:0
[ 1067866ms] [LOG] buttons [button#modalClose.modal-close] @ https://cdn.utmify.com.br/scripts/pixel/pixel.js:0
[ 1069867ms] [LOG] buttons [button#modalClose.modal-close] @ https://cdn.utmify.com.br/scripts/pixel/pixel.js:0
[ 1071867ms] [LOG] buttons [button#modalClose.modal-close] @ https://cdn.utmify.com.br/scripts/pixel/pixel.js:0
[ 1073867ms] [LOG] buttons [button#modalClose.modal-close] @ https://cdn.utmify.com.br/scripts/pixel/pixel.js:0
[ 1075866ms] [LOG] buttons [button#modalClose.modal-close] @ https://cdn.utmify.com.br/scripts/pixel/pixel.js:0
[ 1077867ms] [LOG] buttons [button#modalClose.modal-close] @ https://cdn.utmify.com.br/scripts/pixel/pixel.js:0
[ 1079866ms] [LOG] buttons [button#modalClose.modal-close] @ https://cdn.utmify.com.br/scripts/pixel/pixel.js:0
[ 1081866ms] [LOG] buttons [button#modalClose.modal-close] @ https://cdn.utmify.com.br/scripts/pixel/pixel.js:0
[ 1083866ms] [LOG] buttons [button#modalClose.modal-close] @ https://cdn.utmify.com.br/scripts/pixel/pixel.js:0
[ 1085867ms] [LOG] buttons [button#modalClose.modal-close] @ https://cdn.utmify.com.br/scripts/pixel/pixel.js:0
[ 1087866ms] [LOG] buttons [button#modalClose.modal-close] @ https://cdn.utmify.com.br/scripts/pixel/pixel.js:0
[ 1089867ms] [LOG] buttons [button#modalClose.modal-close] @ https://cdn.utmify.com.br/scripts/pixel/pixel.js:0
[ 1091867ms] [LOG] buttons [button#modalClose.modal-close] @ https://cdn.utmify.com.br/scripts/pixel/pixel.js:0
[ 1093867ms] [LOG] buttons [button#modalClose.modal-close] @ https://cdn.utmify.com.br/scripts/pixel/pixel.js:0
[ 1095867ms] [LOG] buttons [button#modalClose.modal-close] @ https://cdn.utmify.com.br/scripts/pixel/pixel.js:0
[ 1097867ms] [LOG] buttons [button#modalClose.modal-close] @ https://cdn.utmify.com.br/scripts/pixel/pixel.js:0
[ 1099867ms] [LOG] buttons [button#modalClose.modal-close] @ https://cdn.utmify.com.br/scripts/pixel/pixel.js:0
[ 1101866ms] [LOG] buttons [button#modalClose.modal-close] @ https://cdn.utmify.com.br/scripts/pixel/pixel.js:0
[ 1103867ms] [LOG] buttons [button#modalClose.modal-close] @ https://cdn.utmify.com.br/scripts/pixel/pixel.js:0
[ 1105866ms] [LOG] buttons [button#modalClose.modal-close] @ https://cdn.utmify.com.br/scripts/pixel/pixel.js:0
[ 1107867ms] [LOG] buttons [button#modalClose.modal-close] @ https://cdn.utmify.com.br/scripts/pixel/pixel.js:0
[ 1109866ms] [LOG] buttons [button#modalClose.modal-close] @ https://cdn.utmify.com.br/scripts/pixel/pixel.js:0
[ 1111867ms] [LOG] buttons [button#modalClose.modal-close] @ https://cdn.utmify.com.br/scripts/pixel/pixel.js:0
[ 1113866ms] [LOG] buttons [button#modalClose.modal-close] @ https://cdn.utmify.com.br/scripts/pixel/pixel.js:0
[ 1115867ms] [LOG] buttons [button#modalClose.modal-close] @ https://cdn.utmify.com.br/scripts/pixel/pixel.js:0
[ 1117866ms] [LOG] buttons [button#modalClose.modal-close] @ https://cdn.utmify.com.br/scripts/pixel/pixel.js:0
[ 1119866ms] [LOG] buttons [button#modalClose.modal-close] @ https://cdn.utmify.com.br/scripts/pixel/pixel.js:0
[ 1121866ms] [LOG] buttons [button#modalClose.modal-close] @ https://cdn.utmify.com.br/scripts/pixel/pixel.js:0
[ 1123866ms] [LOG] buttons [button#modalClose.modal-close] @ https://cdn.utmify.com.br/scripts/pixel/pixel.js:0
[ 1125867ms] [LOG] buttons [button#modalClose.modal-close] @ https://cdn.utmify.com.br/scripts/pixel/pixel.js:0
[ 1127866ms] [LOG] buttons [button#modalClose.modal-close] @ https://cdn.utmify.com.br/scripts/pixel/pixel.js:0
[ 1129867ms] [LOG] buttons [button#modalClose.modal-close] @ https://cdn.utmify.com.br/scripts/pixel/pixel.js:0
[ 1131866ms] [LOG] buttons [button#modalClose.modal-close] @ https://cdn.utmify.com.br/scripts/pixel/pixel.js:0
[ 1133866ms] [LOG] buttons [button#modalClose.modal-close] @ https://cdn.utmify.com.br/scripts/pixel/pixel.js:0
[ 1135866ms] [LOG] buttons [button#modalClose.modal-close] @ https://cdn.utmify.com.br/scripts/pixel/pixel.js:0
[ 1137866ms] [LOG] buttons [button#modalClose.modal-close] @ https://cdn.utmify.com.br/scripts/pixel/pixel.js:0
[ 1139866ms] [LOG] buttons [button#modalClose.modal-close] @ https://cdn.utmify.com.br/scripts/pixel/pixel.js:0
[ 1141867ms] [LOG] buttons [button#modalClose.modal-close] @ https://cdn.utmify.com.br/scripts/pixel/pixel.js:0
[ 1143867ms] [LOG] buttons [button#modalClose.modal-close] @ https://cdn.utmify.com.br/scripts/pixel/pixel.js:0
[ 1145867ms] [LOG] buttons [button#modalClose.modal-close] @ https://cdn.utmify.com.br/scripts/pixel/pixel.js:0
[ 1147867ms] [LOG] buttons [button#modalClose.modal-close] @ https://cdn.utmify.com.br/scripts/pixel/pixel.js:0
[ 1149866ms] [LOG] buttons [button#modalClose.modal-close] @ https://cdn.utmify.com.br/scripts/pixel/pixel.js:0
[ 1151867ms] [LOG] buttons [button#modalClose.modal-close] @ https://cdn.utmify.com.br/scripts/pixel/pixel.js:0
[ 1153867ms] [LOG] buttons [button#modalClose.modal-close] @ https://cdn.utmify.com.br/scripts/pixel/pixel.js:0
[ 1155866ms] [LOG] buttons [button#modalClose.modal-close] @ https://cdn.utmify.com.br/scripts/pixel/pixel.js:0
[ 1157867ms] [LOG] buttons [button#modalClose.modal-close] @ https://cdn.utmify.com.br/scripts/pixel/pixel.js:0
[ 1159867ms] [LOG] buttons [button#modalClose.modal-close] @ https://cdn.utmify.com.br/scripts/pixel/pixel.js:0
[ 1161867ms] [LOG] buttons [button#modalClose.modal-close] @ https://cdn.utmify.com.br/scripts/pixel/pixel.js:0
[ 1163867ms] [LOG] buttons [button#modalClose.modal-close] @ https://cdn.utmify.com.br/scripts/pixel/pixel.js:0
[ 1165866ms] [LOG] buttons [button#modalClose.modal-close] @ https://cdn.utmify.com.br/scripts/pixel/pixel.js:0
[ 1167867ms] [LOG] buttons [button#modalClose.modal-close] @ https://cdn.utmify.com.br/scripts/pixel/pixel.js:0
[ 1169867ms] [LOG] buttons [button#modalClose.modal-close] @ https://cdn.utmify.com.br/scripts/pixel/pixel.js:0
[ 1171867ms] [LOG] buttons [button#modalClose.modal-close] @ https://cdn.utmify.com.br/scripts/pixel/pixel.js:0
[ 1173166ms] [WARNING] The resource https://cdn.converteai.net/8961d838-aff2-4dce-9b39-e84022d332ce/6a54557c2686ede7e9543197/main.m3u8 was preloaded using link preload but not used within a few seconds from the window's load event. Please make sure it has an appropriate `as` value and it is preloaded intentionally. @ http://localhost:8850/upsell-account-shield.html:0
[ 1173866ms] [LOG] buttons [button#modalClose.modal-close] @ https://cdn.utmify.com.br/scripts/pixel/pixel.js:0
[ 1175866ms] [LOG] buttons [button#modalClose.modal-close] @ https://cdn.utmify.com.br/scripts/pixel/pixel.js:0
[ 1177867ms] [LOG] buttons [button#modalClose.modal-close] @ https://cdn.utmify.com.br/scripts/pixel/pixel.js:0
[ 1179866ms] [LOG] buttons [button#modalClose.modal-close] @ https://cdn.utmify.com.br/scripts/pixel/pixel.js:0
[ 1181867ms] [LOG] buttons [button#modalClose.modal-close] @ https://cdn.utmify.com.br/scripts/pixel/pixel.js:0
[ 1183866ms] [LOG] buttons [button#modalClose.modal-close] @ https://cdn.utmify.com.br/scripts/pixel/pixel.js:0
[ 1185866ms] [LOG] buttons [button#modalClose.modal-close] @ https://cdn.utmify.com.br/scripts/pixel/pixel.js:0
[ 1187867ms] [LOG] buttons [button#modalClose.modal-close] @ https://cdn.utmify.com.br/scripts/pixel/pixel.js:0
[ 1189866ms] [LOG] buttons [button#modalClose.modal-close] @ https://cdn.utmify.com.br/scripts/pixel/pixel.js:0
[ 1191866ms] [LOG] buttons [button#modalClose.modal-close] @ https://cdn.utmify.com.br/scripts/pixel/pixel.js:0
[ 1193867ms] [LOG] buttons [button#modalClose.modal-close] @ https://cdn.utmify.com.br/scripts/pixel/pixel.js:0
[ 1195867ms] [LOG] buttons [button#modalClose.modal-close] @ https://cdn.utmify.com.br/scripts/pixel/pixel.js:0
[ 1197867ms] [LOG] buttons [button#modalClose.modal-close] @ https://cdn.utmify.com.br/scripts/pixel/pixel.js:0
[ 1199866ms] [LOG] buttons [button#modalClose.modal-close] @ https://cdn.utmify.com.br/scripts/pixel/pixel.js:0
[ 1201866ms] [LOG] buttons [button#modalClose.modal-close] @ https://cdn.utmify.com.br/scripts/pixel/pixel.js:0
[ 1203867ms] [LOG] buttons [button#modalClose.modal-close] @ https://cdn.utmify.com.br/scripts/pixel/pixel.js:0
[ 1205867ms] [LOG] buttons [button#modalClose.modal-close] @ https://cdn.utmify.com.br/scripts/pixel/pixel.js:0
[ 1207866ms] [LOG] buttons [button#modalClose.modal-close] @ https://cdn.utmify.com.br/scripts/pixel/pixel.js:0
[ 1209867ms] [LOG] buttons [button#modalClose.modal-close] @ https://cdn.utmify.com.br/scripts/pixel/pixel.js:0
[ 1211866ms] [LOG] buttons [button#modalClose.modal-close] @ https://cdn.utmify.com.br/scripts/pixel/pixel.js:0
[ 1213866ms] [LOG] buttons [button#modalClose.modal-close] @ https://cdn.utmify.com.br/scripts/pixel/pixel.js:0
[ 1215867ms] [LOG] buttons [button#modalClose.modal-close] @ https://cdn.utmify.com.br/scripts/pixel/pixel.js:0
[ 1217866ms] [LOG] buttons [button#modalClose.modal-close] @ https://cdn.utmify.com.br/scripts/pixel/pixel.js:0
[ 1219866ms] [LOG] buttons [button#modalClose.modal-close] @ https://cdn.utmify.com.br/scripts/pixel/pixel.js:0
[ 1221866ms] [LOG] buttons [button#modalClose.modal-close] @ https://cdn.utmify.com.br/scripts/pixel/pixel.js:0
[ 1223866ms] [LOG] buttons [button#modalClose.modal-close] @ https://cdn.utmify.com.br/scripts/pixel/pixel.js:0
[ 1225866ms] [LOG] buttons [button#modalClose.modal-close] @ https://cdn.utmify.com.br/scripts/pixel/pixel.js:0
[ 1227867ms] [LOG] buttons [button#modalClose.modal-close] @ https://cdn.utmify.com.br/scripts/pixel/pixel.js:0
[ 1229867ms] [LOG] buttons [button#modalClose.modal-close] @ https://cdn.utmify.com.br/scripts/pixel/pixel.js:0
[ 1231866ms] [LOG] buttons [button#modalClose.modal-close] @ https://cdn.utmify.com.br/scripts/pixel/pixel.js:0
[ 1233866ms] [LOG] buttons [button#modalClose.modal-close] @ https://cdn.utmify.com.br/scripts/pixel/pixel.js:0
[ 1235866ms] [LOG] buttons [button#modalClose.modal-close] @ https://cdn.utmify.com.br/scripts/pixel/pixel.js:0
[ 1237867ms] [LOG] buttons [button#modalClose.modal-close] @ https://cdn.utmify.com.br/scripts/pixel/pixel.js:0
[ 1239869ms] [LOG] buttons [button#modalClose.modal-close] @ https://cdn.utmify.com.br/scripts/pixel/pixel.js:0
[ 1241867ms] [LOG] buttons [button#modalClose.modal-close] @ https://cdn.utmify.com.br/scripts/pixel/pixel.js:0
[ 1243866ms] [LOG] buttons [button#modalClose.modal-close] @ https://cdn.utmify.com.br/scripts/pixel/pixel.js:0
[ 1245867ms] [LOG] buttons [button#modalClose.modal-close] @ https://cdn.utmify.com.br/scripts/pixel/pixel.js:0
[ 1247866ms] [LOG] buttons [button#modalClose.modal-close] @ https://cdn.utmify.com.br/scripts/pixel/pixel.js:0
[ 1249867ms] [LOG] buttons [button#modalClose.modal-close] @ https://cdn.utmify.com.br/scripts/pixel/pixel.js:0
[ 1251866ms] [LOG] buttons [button#modalClose.modal-close] @ https://cdn.utmify.com.br/scripts/pixel/pixel.js:0
[ 1253867ms] [LOG] buttons [button#modalClose.modal-close] @ https://cdn.utmify.com.br/scripts/pixel/pixel.js:0
[ 1255866ms] [LOG] buttons [button#modalClose.modal-close] @ https://cdn.utmify.com.br/scripts/pixel/pixel.js:0
[ 1257867ms] [LOG] buttons [button#modalClose.modal-close] @ https://cdn.utmify.com.br/scripts/pixel/pixel.js:0
[ 1259866ms] [LOG] buttons [button#modalClose.modal-close] @ https://cdn.utmify.com.br/scripts/pixel/pixel.js:0
[ 1261866ms] [LOG] buttons [button#modalClose.modal-close] @ https://cdn.utmify.com.br/scripts/pixel/pixel.js:0
[ 1263867ms] [LOG] buttons [button#modalClose.modal-close] @ https://cdn.utmify.com.br/scripts/pixel/pixel.js:0
[ 1265866ms] [LOG] buttons [button#modalClose.modal-close] @ https://cdn.utmify.com.br/scripts/pixel/pixel.js:0
[ 1267867ms] [LOG] buttons [button#modalClose.modal-close] @ https://cdn.utmify.com.br/scripts/pixel/pixel.js:0
[ 1269867ms] [LOG] buttons [button#modalClose.modal-close] @ https://cdn.utmify.com.br/scripts/pixel/pixel.js:0
[ 1271867ms] [LOG] buttons [button#modalClose.modal-close] @ https://cdn.utmify.com.br/scripts/pixel/pixel.js:0
[ 1273867ms] [LOG] buttons [button#modalClose.modal-close] @ https://cdn.utmify.com.br/scripts/pixel/pixel.js:0
[ 1275867ms] [LOG] buttons [button#modalClose.modal-close] @ https://cdn.utmify.com.br/scripts/pixel/pixel.js:0
[ 1277866ms] [LOG] buttons [button#modalClose.modal-close] @ https://cdn.utmify.com.br/scripts/pixel/pixel.js:0
[ 1279867ms] [LOG] buttons [button#modalClose.modal-close] @ https://cdn.utmify.com.br/scripts/pixel/pixel.js:0
[ 1281867ms] [LOG] buttons [button#modalClose.modal-close] @ https://cdn.utmify.com.br/scripts/pixel/pixel.js:0
[ 1283867ms] [LOG] buttons [button#modalClose.modal-close] @ https://cdn.utmify.com.br/scripts/pixel/pixel.js:0
[ 1285866ms] [LOG] buttons [button#modalClose.modal-close] @ https://cdn.utmify.com.br/scripts/pixel/pixel.js:0
[ 1287866ms] [LOG] buttons [button#modalClose.modal-close] @ https://cdn.utmify.com.br/scripts/pixel/pixel.js:0
[ 1289867ms] [LOG] buttons [button#modalClose.modal-close] @ https://cdn.utmify.com.br/scripts/pixel/pixel.js:0
[ 1291866ms] [LOG] buttons [button#modalClose.modal-close] @ https://cdn.utmify.com.br/scripts/pixel/pixel.js:0
[ 1293866ms] [LOG] buttons [button#modalClose.modal-close] @ https://cdn.utmify.com.br/scripts/pixel/pixel.js:0
[ 1295867ms] [LOG] buttons [button#modalClose.modal-close] @ https://cdn.utmify.com.br/scripts/pixel/pixel.js:0
[ 1297866ms] [LOG] buttons [button#modalClose.modal-close] @ https://cdn.utmify.com.br/scripts/pixel/pixel.js:0
[ 1299866ms] [LOG] buttons [button#modalClose.modal-close] @ https://cdn.utmify.com.br/scripts/pixel/pixel.js:0
[ 1301866ms] [LOG] buttons [button#modalClose.modal-close] @ https://cdn.utmify.com.br/scripts/pixel/pixel.js:0
[ 1303866ms] [LOG] buttons [button#modalClose.modal-close] @ https://cdn.utmify.com.br/scripts/pixel/pixel.js:0
[ 1305866ms] [LOG] buttons [button#modalClose.modal-close] @ https://cdn.utmify.com.br/scripts/pixel/pixel.js:0
[ 1307866ms] [LOG] buttons [button#modalClose.modal-close] @ https://cdn.utmify.com.br/scripts/pixel/pixel.js:0
[ 1309867ms] [LOG] buttons [button#modalClose.modal-close] @ https://cdn.utmify.com.br/scripts/pixel/pixel.js:0
[ 1311867ms] [LOG] buttons [button#modalClose.modal-close] @ https://cdn.utmify.com.br/scripts/pixel/pixel.js:0
[ 1313867ms] [LOG] buttons [button#modalClose.modal-close] @ https://cdn.utmify.com.br/scripts/pixel/pixel.js:0
[ 1315866ms] [LOG] buttons [button#modalClose.modal-close] @ https://cdn.utmify.com.br/scripts/pixel/pixel.js:0
[ 1317866ms] [LOG] buttons [button#modalClose.modal-close] @ https://cdn.utmify.com.br/scripts/pixel/pixel.js:0
[ 1319866ms] [LOG] buttons [button#modalClose.modal-close] @ https://cdn.utmify.com.br/scripts/pixel/pixel.js:0
[ 1321867ms] [LOG] buttons [button#modalClose.modal-close] @ https://cdn.utmify.com.br/scripts/pixel/pixel.js:0
[ 1323866ms] [LOG] buttons [button#modalClose.modal-close] @ https://cdn.utmify.com.br/scripts/pixel/pixel.js:0
[ 1325866ms] [LOG] buttons [button#modalClose.modal-close] @ https://cdn.utmify.com.br/scripts/pixel/pixel.js:0
[ 1327867ms] [LOG] buttons [button#modalClose.modal-close] @ https://cdn.utmify.com.br/scripts/pixel/pixel.js:0
[ 1329866ms] [LOG] buttons [button#modalClose.modal-close] @ https://cdn.utmify.com.br/scripts/pixel/pixel.js:0
[ 1331867ms] [LOG] buttons [button#modalClose.modal-close] @ https://cdn.utmify.com.br/scripts/pixel/pixel.js:0
[ 1333867ms] [LOG] buttons [button#modalClose.modal-close] @ https://cdn.utmify.com.br/scripts/pixel/pixel.js:0
[ 1335866ms] [LOG] buttons [button#modalClose.modal-close] @ https://cdn.utmify.com.br/scripts/pixel/pixel.js:0
[ 1337866ms] [LOG] buttons [button#modalClose.modal-close] @ https://cdn.utmify.com.br/scripts/pixel/pixel.js:0
[ 1339867ms] [LOG] buttons [button#modalClose.modal-close] @ https://cdn.utmify.com.br/scripts/pixel/pixel.js:0
[ 1341866ms] [LOG] buttons [button#modalClose.modal-close] @ https://cdn.utmify.com.br/scripts/pixel/pixel.js:0
[ 1343866ms] [LOG] buttons [button#modalClose.modal-close] @ https://cdn.utmify.com.br/scripts/pixel/pixel.js:0
[ 1345866ms] [LOG] buttons [button#modalClose.modal-close] @ https://cdn.utmify.com.br/scripts/pixel/pixel.js:0
[ 1347867ms] [LOG] buttons [button#modalClose.modal-close] @ https://cdn.utmify.com.br/scripts/pixel/pixel.js:0
[ 1349866ms] [LOG] buttons [button#modalClose.modal-close] @ https://cdn.utmify.com.br/scripts/pixel/pixel.js:0
[ 1351867ms] [LOG] buttons [button#modalClose.modal-close] @ https://cdn.utmify.com.br/scripts/pixel/pixel.js:0
[ 1353866ms] [LOG] buttons [button#modalClose.modal-close] @ https://cdn.utmify.com.br/scripts/pixel/pixel.js:0
[ 1355866ms] [LOG] buttons [button#modalClose.modal-close] @ https://cdn.utmify.com.br/scripts/pixel/pixel.js:0
[ 1357866ms] [LOG] buttons [button#modalClose.modal-close] @ https://cdn.utmify.com.br/scripts/pixel/pixel.js:0
[ 1359866ms] [LOG] buttons [button#modalClose.modal-close] @ https://cdn.utmify.com.br/scripts/pixel/pixel.js:0
[ 1361866ms] [LOG] buttons [button#modalClose.modal-close] @ https://cdn.utmify.com.br/scripts/pixel/pixel.js:0
[ 1363867ms] [LOG] buttons [button#modalClose.modal-close] @ https://cdn.utmify.com.br/scripts/pixel/pixel.js:0
[ 1365866ms] [LOG] buttons [button#modalClose.modal-close] @ https://cdn.utmify.com.br/scripts/pixel/pixel.js:0
[ 1367867ms] [LOG] buttons [button#modalClose.modal-close] @ https://cdn.utmify.com.br/scripts/pixel/pixel.js:0
[ 1369866ms] [LOG] buttons [button#modalClose.modal-close] @ https://cdn.utmify.com.br/scripts/pixel/pixel.js:0
[ 1371866ms] [LOG] buttons [button#modalClose.modal-close] @ https://cdn.utmify.com.br/scripts/pixel/pixel.js:0
[ 1373866ms] [LOG] buttons [button#modalClose.modal-close] @ https://cdn.utmify.com.br/scripts/pixel/pixel.js:0
[ 1375867ms] [LOG] buttons [button#modalClose.modal-close] @ https://cdn.utmify.com.br/scripts/pixel/pixel.js:0
[ 1377866ms] [LOG] buttons [button#modalClose.modal-close] @ https://cdn.utmify.com.br/scripts/pixel/pixel.js:0
[ 1379866ms] [LOG] buttons [button#modalClose.modal-close] @ https://cdn.utmify.com.br/scripts/pixel/pixel.js:0
[ 1381866ms] [LOG] buttons [button#modalClose.modal-close] @ https://cdn.utmify.com.br/scripts/pixel/pixel.js:0
[ 1383867ms] [LOG] buttons [button#modalClose.modal-close] @ https://cdn.utmify.com.br/scripts/pixel/pixel.js:0
[ 1385867ms] [LOG] buttons [button#modalClose.modal-close] @ https://cdn.utmify.com.br/scripts/pixel/pixel.js:0
[ 1387867ms] [LOG] buttons [button#modalClose.modal-close] @ https://cdn.utmify.com.br/scripts/pixel/pixel.js:0
[ 1389867ms] [LOG] buttons [button#modalClose.modal-close] @ https://cdn.utmify.com.br/scripts/pixel/pixel.js:0
[ 1391867ms] [LOG] buttons [button#modalClose.modal-close] @ https://cdn.utmify.com.br/scripts/pixel/pixel.js:0
[ 1393867ms] [LOG] buttons [button#modalClose.modal-close] @ https://cdn.utmify.com.br/scripts/pixel/pixel.js:0
[ 1395866ms] [LOG] buttons [button#modalClose.modal-close] @ https://cdn.utmify.com.br/scripts/pixel/pixel.js:0
[ 1397867ms] [LOG] buttons [button#modalClose.modal-close] @ https://cdn.utmify.com.br/scripts/pixel/pixel.js:0
[ 1399866ms] [LOG] buttons [button#modalClose.modal-close] @ https://cdn.utmify.com.br/scripts/pixel/pixel.js:0
[ 1401867ms] [LOG] buttons [button#modalClose.modal-close] @ https://cdn.utmify.com.br/scripts/pixel/pixel.js:0
[ 1403866ms] [LOG] buttons [button#modalClose.modal-close] @ https://cdn.utmify.com.br/scripts/pixel/pixel.js:0
[ 1405866ms] [LOG] buttons [button#modalClose.modal-close] @ https://cdn.utmify.com.br/scripts/pixel/pixel.js:0
[ 1407867ms] [LOG] buttons [button#modalClose.modal-close] @ https://cdn.utmify.com.br/scripts/pixel/pixel.js:0
[ 1409866ms] [LOG] buttons [button#modalClose.modal-close] @ https://cdn.utmify.com.br/scripts/pixel/pixel.js:0
[ 1411867ms] [LOG] buttons [button#modalClose.modal-close] @ https://cdn.utmify.com.br/scripts/pixel/pixel.js:0
[ 1413867ms] [LOG] buttons [button#modalClose.modal-close] @ https://cdn.utmify.com.br/scripts/pixel/pixel.js:0
[ 1415866ms] [LOG] buttons [button#modalClose.modal-close] @ https://cdn.utmify.com.br/scripts/pixel/pixel.js:0
[ 1417866ms] [LOG] buttons [button#modalClose.modal-close] @ https://cdn.utmify.com.br/scripts/pixel/pixel.js:0
[ 1419867ms] [LOG] buttons [button#modalClose.modal-close] @ https://cdn.utmify.com.br/scripts/pixel/pixel.js:0
[ 1421867ms] [LOG] buttons [button#modalClose.modal-close] @ https://cdn.utmify.com.br/scripts/pixel/pixel.js:0
[ 1423867ms] [LOG] buttons [button#modalClose.modal-close] @ https://cdn.utmify.com.br/scripts/pixel/pixel.js:0
[ 1425866ms] [LOG] buttons [button#modalClose.modal-close] @ https://cdn.utmify.com.br/scripts/pixel/pixel.js:0
[ 1427866ms] [LOG] buttons [button#modalClose.modal-close] @ https://cdn.utmify.com.br/scripts/pixel/pixel.js:0
[ 1429866ms] [LOG] buttons [button#modalClose.modal-close] @ https://cdn.utmify.com.br/scripts/pixel/pixel.js:0
[ 1431867ms] [LOG] buttons [button#modalClose.modal-close] @ https://cdn.utmify.com.br/scripts/pixel/pixel.js:0
[ 1433866ms] [LOG] buttons [button#modalClose.modal-close] @ https://cdn.utmify.com.br/scripts/pixel/pixel.js:0
[ 1435867ms] [LOG] buttons [button#modalClose.modal-close] @ https://cdn.utmify.com.br/scripts/pixel/pixel.js:0
[ 1437866ms] [LOG] buttons [button#modalClose.modal-close] @ https://cdn.utmify.com.br/scripts/pixel/pixel.js:0
[ 1439866ms] [LOG] buttons [button#modalClose.modal-close] @ https://cdn.utmify.com.br/scripts/pixel/pixel.js:0
[ 1441867ms] [LOG] buttons [button#modalClose.modal-close] @ https://cdn.utmify.com.br/scripts/pixel/pixel.js:0
[ 1443866ms] [LOG] buttons [button#modalClose.modal-close] @ https://cdn.utmify.com.br/scripts/pixel/pixel.js:0
[ 1445867ms] [LOG] buttons [button#modalClose.modal-close] @ https://cdn.utmify.com.br/scripts/pixel/pixel.js:0
[ 1447866ms] [LOG] buttons [button#modalClose.modal-close] @ https://cdn.utmify.com.br/scripts/pixel/pixel.js:0
[ 1449867ms] [LOG] buttons [button#modalClose.modal-close] @ https://cdn.utmify.com.br/scripts/pixel/pixel.js:0
[ 1451868ms] [LOG] buttons [button#modalClose.modal-close] @ https://cdn.utmify.com.br/scripts/pixel/pixel.js:0
[ 1453866ms] [LOG] buttons [button#modalClose.modal-close] @ https://cdn.utmify.com.br/scripts/pixel/pixel.js:0
[ 1455866ms] [LOG] buttons [button#modalClose.modal-close] @ https://cdn.utmify.com.br/scripts/pixel/pixel.js:0
[ 1457866ms] [LOG] buttons [button#modalClose.modal-close] @ https://cdn.utmify.com.br/scripts/pixel/pixel.js:0
[ 1459866ms] [LOG] buttons [button#modalClose.modal-close] @ https://cdn.utmify.com.br/scripts/pixel/pixel.js:0
[ 1461866ms] [LOG] buttons [button#modalClose.modal-close] @ https://cdn.utmify.com.br/scripts/pixel/pixel.js:0
[ 1463866ms] [LOG] buttons [button#modalClose.modal-close] @ https://cdn.utmify.com.br/scripts/pixel/pixel.js:0
[ 1465866ms] [LOG] buttons [button#modalClose.modal-close] @ https://cdn.utmify.com.br/scripts/pixel/pixel.js:0
[ 1467866ms] [LOG] buttons [button#modalClose.modal-close] @ https://cdn.utmify.com.br/scripts/pixel/pixel.js:0
[ 1469866ms] [LOG] buttons [button#modalClose.modal-close] @ https://cdn.utmify.com.br/scripts/pixel/pixel.js:0
[ 1471866ms] [LOG] buttons [button#modalClose.modal-close] @ https://cdn.utmify.com.br/scripts/pixel/pixel.js:0
[ 1473178ms] [WARNING] The resource https://cdn.converteai.net/8961d838-aff2-4dce-9b39-e84022d332ce/6a54557c2686ede7e9543197/main.m3u8 was preloaded using link preload but not used within a few seconds from the window's load event. Please make sure it has an appropriate `as` value and it is preloaded intentionally. @ http://localhost:8850/upsell-account-shield.html:0
[ 1473867ms] [LOG] buttons [button#modalClose.modal-close] @ https://cdn.utmify.com.br/scripts/pixel/pixel.js:0
[ 1475866ms] [LOG] buttons [button#modalClose.modal-close] @ https://cdn.utmify.com.br/scripts/pixel/pixel.js:0
[ 1477867ms] [LOG] buttons [button#modalClose.modal-close] @ https://cdn.utmify.com.br/scripts/pixel/pixel.js:0
[ 1479866ms] [LOG] buttons [button#modalClose.modal-close] @ https://cdn.utmify.com.br/scripts/pixel/pixel.js:0
[ 1481866ms] [LOG] buttons [button#modalClose.modal-close] @ https://cdn.utmify.com.br/scripts/pixel/pixel.js:0
[ 1483866ms] [LOG] buttons [button#modalClose.modal-close] @ https://cdn.utmify.com.br/scripts/pixel/pixel.js:0
[ 1485867ms] [LOG] buttons [button#modalClose.modal-close] @ https://cdn.utmify.com.br/scripts/pixel/pixel.js:0
[ 1487866ms] [LOG] buttons [button#modalClose.modal-close] @ https://cdn.utmify.com.br/scripts/pixel/pixel.js:0
[ 1489866ms] [LOG] buttons [button#modalClose.modal-close] @ https://cdn.utmify.com.br/scripts/pixel/pixel.js:0
[ 1491866ms] [LOG] buttons [button#modalClose.modal-close] @ https://cdn.utmify.com.br/scripts/pixel/pixel.js:0
[ 1493866ms] [LOG] buttons [button#modalClose.modal-close] @ https://cdn.utmify.com.br/scripts/pixel/pixel.js:0
[ 1495866ms] [LOG] buttons [button#modalClose.modal-close] @ https://cdn.utmify.com.br/scripts/pixel/pixel.js:0
[ 1497866ms] [LOG] buttons [button#modalClose.modal-close] @ https://cdn.utmify.com.br/scripts/pixel/pixel.js:0
[ 1499866ms] [LOG] buttons [button#modalClose.modal-close] @ https://cdn.utmify.com.br/scripts/pixel/pixel.js:0
[ 1501867ms] [LOG] buttons [button#modalClose.modal-close] @ https://cdn.utmify.com.br/scripts/pixel/pixel.js:0
[ 1503866ms] [LOG] buttons [button#modalClose.modal-close] @ https://cdn.utmify.com.br/scripts/pixel/pixel.js:0
[ 1505866ms] [LOG] buttons [button#modalClose.modal-close] @ https://cdn.utmify.com.br/scripts/pixel/pixel.js:0
[ 1507866ms] [LOG] buttons [button#modalClose.modal-close] @ https://cdn.utmify.com.br/scripts/pixel/pixel.js:0
[ 1509866ms] [LOG] buttons [button#modalClose.modal-close] @ https://cdn.utmify.com.br/scripts/pixel/pixel.js:0
[ 1511866ms] [LOG] buttons [button#modalClose.modal-close] @ https://cdn.utmify.com.br/scripts/pixel/pixel.js:0
[ 1513866ms] [LOG] buttons [button#modalClose.modal-close] @ https://cdn.utmify.com.br/scripts/pixel/pixel.js:0
[ 1515866ms] [LOG] buttons [button#modalClose.modal-close] @ https://cdn.utmify.com.br/scripts/pixel/pixel.js:0
[ 1517866ms] [LOG] buttons [button#modalClose.modal-close] @ https://cdn.utmify.com.br/scripts/pixel/pixel.js:0
[ 1519866ms] [LOG] buttons [button#modalClose.modal-close] @ https://cdn.utmify.com.br/scripts/pixel/pixel.js:0
[ 1521867ms] [LOG] buttons [button#modalClose.modal-close] @ https://cdn.utmify.com.br/scripts/pixel/pixel.js:0
[ 1523866ms] [LOG] buttons [button#modalClose.modal-close] @ https://cdn.utmify.com.br/scripts/pixel/pixel.js:0
[ 1525866ms] [LOG] buttons [button#modalClose.modal-close] @ https://cdn.utmify.com.br/scripts/pixel/pixel.js:0
[ 1527866ms] [LOG] buttons [button#modalClose.modal-close] @ https://cdn.utmify.com.br/scripts/pixel/pixel.js:0
[ 1529866ms] [LOG] buttons [button#modalClose.modal-close] @ https://cdn.utmify.com.br/scripts/pixel/pixel.js:0
[ 1531867ms] [LOG] buttons [button#modalClose.modal-close] @ https://cdn.utmify.com.br/scripts/pixel/pixel.js:0
[ 1533866ms] [LOG] buttons [button#modalClose.modal-close] @ https://cdn.utmify.com.br/scripts/pixel/pixel.js:0
[ 1535866ms] [LOG] buttons [button#modalClose.modal-close] @ https://cdn.utmify.com.br/scripts/pixel/pixel.js:0
[ 1537866ms] [LOG] buttons [button#modalClose.modal-close] @ https://cdn.utmify.com.br/scripts/pixel/pixel.js:0
[ 1539866ms] [LOG] buttons [button#modalClose.modal-close] @ https://cdn.utmify.com.br/scripts/pixel/pixel.js:0
[ 1541866ms] [LOG] buttons [button#modalClose.modal-close] @ https://cdn.utmify.com.br/scripts/pixel/pixel.js:0
[ 1543866ms] [LOG] buttons [button#modalClose.modal-close] @ https://cdn.utmify.com.br/scripts/pixel/pixel.js:0
[ 1545866ms] [LOG] buttons [button#modalClose.modal-close] @ https://cdn.utmify.com.br/scripts/pixel/pixel.js:0
[ 1547867ms] [LOG] buttons [button#modalClose.modal-close] @ https://cdn.utmify.com.br/scripts/pixel/pixel.js:0
[ 1549866ms] [LOG] buttons [button#modalClose.modal-close] @ https://cdn.utmify.com.br/scripts/pixel/pixel.js:0
[ 1551866ms] [LOG] buttons [button#modalClose.modal-close] @ https://cdn.utmify.com.br/scripts/pixel/pixel.js:0
[ 1553866ms] [LOG] buttons [button#modalClose.modal-close] @ https://cdn.utmify.com.br/scripts/pixel/pixel.js:0
[ 1555866ms] [LOG] buttons [button#modalClose.modal-close] @ https://cdn.utmify.com.br/scripts/pixel/pixel.js:0
[ 1557866ms] [LOG] buttons [button#modalClose.modal-close] @ https://cdn.utmify.com.br/scripts/pixel/pixel.js:0
[ 1559867ms] [LOG] buttons [button#modalClose.modal-close] @ https://cdn.utmify.com.br/scripts/pixel/pixel.js:0
[ 1561866ms] [LOG] buttons [button#modalClose.modal-close] @ https://cdn.utmify.com.br/scripts/pixel/pixel.js:0
[ 1563866ms] [LOG] buttons [button#modalClose.modal-close] @ https://cdn.utmify.com.br/scripts/pixel/pixel.js:0
[ 1565866ms] [LOG] buttons [button#modalClose.modal-close] @ https://cdn.utmify.com.br/scripts/pixel/pixel.js:0
[ 1567866ms] [LOG] buttons [button#modalClose.modal-close] @ https://cdn.utmify.com.br/scripts/pixel/pixel.js:0
[ 1569866ms] [LOG] buttons [button#modalClose.modal-close] @ https://cdn.utmify.com.br/scripts/pixel/pixel.js:0
[ 1571866ms] [LOG] buttons [button#modalClose.modal-close] @ https://cdn.utmify.com.br/scripts/pixel/pixel.js:0
[ 1573866ms] [LOG] buttons [button#modalClose.modal-close] @ https://cdn.utmify.com.br/scripts/pixel/pixel.js:0
[ 1575866ms] [LOG] buttons [button#modalClose.modal-close] @ https://cdn.utmify.com.br/scripts/pixel/pixel.js:0
[ 1577866ms] [LOG] buttons [button#modalClose.modal-close] @ https://cdn.utmify.com.br/scripts/pixel/pixel.js:0
[ 1579866ms] [LOG] buttons [button#modalClose.modal-close] @ https://cdn.utmify.com.br/scripts/pixel/pixel.js:0
[ 1581866ms] [LOG] buttons [button#modalClose.modal-close] @ https://cdn.utmify.com.br/scripts/pixel/pixel.js:0
[ 1583866ms] [LOG] buttons [button#modalClose.modal-close] @ https://cdn.utmify.com.br/scripts/pixel/pixel.js:0
[ 1585866ms] [LOG] buttons [button#modalClose.modal-close] @ https://cdn.utmify.com.br/scripts/pixel/pixel.js:0
[ 1587866ms] [LOG] buttons [button#modalClose.modal-close] @ https://cdn.utmify.com.br/scripts/pixel/pixel.js:0
[ 1589866ms] [LOG] buttons [button#modalClose.modal-close] @ https://cdn.utmify.com.br/scripts/pixel/pixel.js:0
[ 1591867ms] [LOG] buttons [button#modalClose.modal-close] @ https://cdn.utmify.com.br/scripts/pixel/pixel.js:0
[ 1593866ms] [LOG] buttons [button#modalClose.modal-close] @ https://cdn.utmify.com.br/scripts/pixel/pixel.js:0
[ 1595866ms] [LOG] buttons [button#modalClose.modal-close] @ https://cdn.utmify.com.br/scripts/pixel/pixel.js:0
[ 1597866ms] [LOG] buttons [button#modalClose.modal-close] @ https://cdn.utmify.com.br/scripts/pixel/pixel.js:0
[ 1599866ms] [LOG] buttons [button#modalClose.modal-close] @ https://cdn.utmify.com.br/scripts/pixel/pixel.js:0
[ 1601866ms] [LOG] buttons [button#modalClose.modal-close] @ https://cdn.utmify.com.br/scripts/pixel/pixel.js:0
[ 1603867ms] [LOG] buttons [button#modalClose.modal-close] @ https://cdn.utmify.com.br/scripts/pixel/pixel.js:0
[ 1605866ms] [LOG] buttons [button#modalClose.modal-close] @ https://cdn.utmify.com.br/scripts/pixel/pixel.js:0
[ 1607866ms] [LOG] buttons [button#modalClose.modal-close] @ https://cdn.utmify.com.br/scripts/pixel/pixel.js:0
[ 1609866ms] [LOG] buttons [button#modalClose.modal-close] @ https://cdn.utmify.com.br/scripts/pixel/pixel.js:0
[ 1611866ms] [LOG] buttons [button#modalClose.modal-close] @ https://cdn.utmify.com.br/scripts/pixel/pixel.js:0
[ 1613866ms] [LOG] buttons [button#modalClose.modal-close] @ https://cdn.utmify.com.br/scripts/pixel/pixel.js:0
[ 1615866ms] [LOG] buttons [button#modalClose.modal-close] @ https://cdn.utmify.com.br/scripts/pixel/pixel.js:0
[ 1617866ms] [LOG] buttons [button#modalClose.modal-close] @ https://cdn.utmify.com.br/scripts/pixel/pixel.js:0
[ 1619866ms] [LOG] buttons [button#modalClose.modal-close] @ https://cdn.utmify.com.br/scripts/pixel/pixel.js:0
[ 1621866ms] [LOG] buttons [button#modalClose.modal-close] @ https://cdn.utmify.com.br/scripts/pixel/pixel.js:0
[ 1623866ms] [LOG] buttons [button#modalClose.modal-close] @ https://cdn.utmify.com.br/scripts/pixel/pixel.js:0
[ 1625866ms] [LOG] buttons [button#modalClose.modal-close] @ https://cdn.utmify.com.br/scripts/pixel/pixel.js:0
[ 1627866ms] [LOG] buttons [button#modalClose.modal-close] @ https://cdn.utmify.com.br/scripts/pixel/pixel.js:0
[ 1629866ms] [LOG] buttons [button#modalClose.modal-close] @ https://cdn.utmify.com.br/scripts/pixel/pixel.js:0
[ 1631866ms] [LOG] buttons [button#modalClose.modal-close] @ https://cdn.utmify.com.br/scripts/pixel/pixel.js:0
[ 1633866ms] [LOG] buttons [button#modalClose.modal-close] @ https://cdn.utmify.com.br/scripts/pixel/pixel.js:0
[ 1635867ms] [LOG] buttons [button#modalClose.modal-close] @ https://cdn.utmify.com.br/scripts/pixel/pixel.js:0
[ 1637865ms] [LOG] buttons [button#modalClose.modal-close] @ https://cdn.utmify.com.br/scripts/pixel/pixel.js:0
[ 1639866ms] [LOG] buttons [button#modalClose.modal-close] @ https://cdn.utmify.com.br/scripts/pixel/pixel.js:0
[ 1641866ms] [LOG] buttons [button#modalClose.modal-close] @ https://cdn.utmify.com.br/scripts/pixel/pixel.js:0
[ 1643866ms] [LOG] buttons [button#modalClose.modal-close] @ https://cdn.utmify.com.br/scripts/pixel/pixel.js:0
[ 1645866ms] [LOG] buttons [button#modalClose.modal-close] @ https://cdn.utmify.com.br/scripts/pixel/pixel.js:0
[ 1647866ms] [LOG] buttons [button#modalClose.modal-close] @ https://cdn.utmify.com.br/scripts/pixel/pixel.js:0
[ 1649866ms] [LOG] buttons [button#modalClose.modal-close] @ https://cdn.utmify.com.br/scripts/pixel/pixel.js:0
[ 1651866ms] [LOG] buttons [button#modalClose.modal-close] @ https://cdn.utmify.com.br/scripts/pixel/pixel.js:0
[ 1653866ms] [LOG] buttons [button#modalClose.modal-close] @ https://cdn.utmify.com.br/scripts/pixel/pixel.js:0
[ 1655865ms] [LOG] buttons [button#modalClose.modal-close] @ https://cdn.utmify.com.br/scripts/pixel/pixel.js:0
[ 1657866ms] [LOG] buttons [button#modalClose.modal-close] @ https://cdn.utmify.com.br/scripts/pixel/pixel.js:0
[ 1659866ms] [LOG] buttons [button#modalClose.modal-close] @ https://cdn.utmify.com.br/scripts/pixel/pixel.js:0
[ 1661866ms] [LOG] buttons [button#modalClose.modal-close] @ https://cdn.utmify.com.br/scripts/pixel/pixel.js:0
[ 1663867ms] [LOG] buttons [button#modalClose.modal-close] @ https://cdn.utmify.com.br/scripts/pixel/pixel.js:0
[ 1665866ms] [LOG] buttons [button#modalClose.modal-close] @ https://cdn.utmify.com.br/scripts/pixel/pixel.js:0
[ 1667866ms] [LOG] buttons [button#modalClose.modal-close] @ https://cdn.utmify.com.br/scripts/pixel/pixel.js:0
[ 1669866ms] [LOG] buttons [button#modalClose.modal-close] @ https://cdn.utmify.com.br/scripts/pixel/pixel.js:0
[ 1671866ms] [LOG] buttons [button#modalClose.modal-close] @ https://cdn.utmify.com.br/scripts/pixel/pixel.js:0
[ 1673866ms] [LOG] buttons [button#modalClose.modal-close] @ https://cdn.utmify.com.br/scripts/pixel/pixel.js:0
[ 1675866ms] [LOG] buttons [button#modalClose.modal-close] @ https://cdn.utmify.com.br/scripts/pixel/pixel.js:0
[ 1677866ms] [LOG] buttons [button#modalClose.modal-close] @ https://cdn.utmify.com.br/scripts/pixel/pixel.js:0
[ 1679865ms] [LOG] buttons [button#modalClose.modal-close] @ https://cdn.utmify.com.br/scripts/pixel/pixel.js:0
[ 1681866ms] [LOG] buttons [button#modalClose.modal-close] @ https://cdn.utmify.com.br/scripts/pixel/pixel.js:0
[ 1683866ms] [LOG] buttons [button#modalClose.modal-close] @ https://cdn.utmify.com.br/scripts/pixel/pixel.js:0
[ 1685866ms] [LOG] buttons [button#modalClose.modal-close] @ https://cdn.utmify.com.br/scripts/pixel/pixel.js:0
[ 1687866ms] [LOG] buttons [button#modalClose.modal-close] @ https://cdn.utmify.com.br/scripts/pixel/pixel.js:0
[ 1689866ms] [LOG] buttons [button#modalClose.modal-close] @ https://cdn.utmify.com.br/scripts/pixel/pixel.js:0
[ 1691866ms] [LOG] buttons [button#modalClose.modal-close] @ https://cdn.utmify.com.br/scripts/pixel/pixel.js:0
[ 1693866ms] [LOG] buttons [button#modalClose.modal-close] @ https://cdn.utmify.com.br/scripts/pixel/pixel.js:0
[ 1695866ms] [LOG] buttons [button#modalClose.modal-close] @ https://cdn.utmify.com.br/scripts/pixel/pixel.js:0
[ 1697865ms] [LOG] buttons [button#modalClose.modal-close] @ https://cdn.utmify.com.br/scripts/pixel/pixel.js:0
[ 1699866ms] [LOG] buttons [button#modalClose.modal-close] @ https://cdn.utmify.com.br/scripts/pixel/pixel.js:0
[ 1701865ms] [LOG] buttons [button#modalClose.modal-close] @ https://cdn.utmify.com.br/scripts/pixel/pixel.js:0
[ 1703865ms] [LOG] buttons [button#modalClose.modal-close] @ https://cdn.utmify.com.br/scripts/pixel/pixel.js:0
[ 1705866ms] [LOG] buttons [button#modalClose.modal-close] @ https://cdn.utmify.com.br/scripts/pixel/pixel.js:0
[ 1707866ms] [LOG] buttons [button#modalClose.modal-close] @ https://cdn.utmify.com.br/scripts/pixel/pixel.js:0
[ 1709866ms] [LOG] buttons [button#modalClose.modal-close] @ https://cdn.utmify.com.br/scripts/pixel/pixel.js:0
[ 1711865ms] [LOG] buttons [button#modalClose.modal-close] @ https://cdn.utmify.com.br/scripts/pixel/pixel.js:0
[ 1713866ms] [LOG] buttons [button#modalClose.modal-close] @ https://cdn.utmify.com.br/scripts/pixel/pixel.js:0
[ 1715865ms] [LOG] buttons [button#modalClose.modal-close] @ https://cdn.utmify.com.br/scripts/pixel/pixel.js:0
[ 1717866ms] [LOG] buttons [button#modalClose.modal-close] @ https://cdn.utmify.com.br/scripts/pixel/pixel.js:0
[ 1719866ms] [LOG] buttons [button#modalClose.modal-close] @ https://cdn.utmify.com.br/scripts/pixel/pixel.js:0
[ 1721866ms] [LOG] buttons [button#modalClose.modal-close] @ https://cdn.utmify.com.br/scripts/pixel/pixel.js:0
[ 1723866ms] [LOG] buttons [button#modalClose.modal-close] @ https://cdn.utmify.com.br/scripts/pixel/pixel.js:0
[ 1725866ms] [LOG] buttons [button#modalClose.modal-close] @ https://cdn.utmify.com.br/scripts/pixel/pixel.js:0
[ 1727866ms] [LOG] buttons [button#modalClose.modal-close] @ https://cdn.utmify.com.br/scripts/pixel/pixel.js:0
[ 1729866ms] [LOG] buttons [button#modalClose.modal-close] @ https://cdn.utmify.com.br/scripts/pixel/pixel.js:0
[ 1731866ms] [LOG] buttons [button#modalClose.modal-close] @ https://cdn.utmify.com.br/scripts/pixel/pixel.js:0
[ 1733866ms] [LOG] buttons [button#modalClose.modal-close] @ https://cdn.utmify.com.br/scripts/pixel/pixel.js:0
[ 1735866ms] [LOG] buttons [button#modalClose.modal-close] @ https://cdn.utmify.com.br/scripts/pixel/pixel.js:0
[ 1737866ms] [LOG] buttons [button#modalClose.modal-close] @ https://cdn.utmify.com.br/scripts/pixel/pixel.js:0
[ 1739866ms] [LOG] buttons [button#modalClose.modal-close] @ https://cdn.utmify.com.br/scripts/pixel/pixel.js:0
[ 1741866ms] [LOG] buttons [button#modalClose.modal-close] @ https://cdn.utmify.com.br/scripts/pixel/pixel.js:0
[ 1743866ms] [LOG] buttons [button#modalClose.modal-close] @ https://cdn.utmify.com.br/scripts/pixel/pixel.js:0
[ 1745865ms] [LOG] buttons [button#modalClose.modal-close] @ https://cdn.utmify.com.br/scripts/pixel/pixel.js:0
[ 1747866ms] [LOG] buttons [button#modalClose.modal-close] @ https://cdn.utmify.com.br/scripts/pixel/pixel.js:0
[ 1749866ms] [LOG] buttons [button#modalClose.modal-close] @ https://cdn.utmify.com.br/scripts/pixel/pixel.js:0
[ 1751866ms] [LOG] buttons [button#modalClose.modal-close] @ https://cdn.utmify.com.br/scripts/pixel/pixel.js:0
[ 1753866ms] [LOG] buttons [button#modalClose.modal-close] @ https://cdn.utmify.com.br/scripts/pixel/pixel.js:0
[ 1755866ms] [LOG] buttons [button#modalClose.modal-close] @ https://cdn.utmify.com.br/scripts/pixel/pixel.js:0
[ 1757865ms] [LOG] buttons [button#modalClose.modal-close] @ https://cdn.utmify.com.br/scripts/pixel/pixel.js:0
[ 1759867ms] [LOG] buttons [button#modalClose.modal-close] @ https://cdn.utmify.com.br/scripts/pixel/pixel.js:0
[ 1761866ms] [LOG] buttons [button#modalClose.modal-close] @ https://cdn.utmify.com.br/scripts/pixel/pixel.js:0
[ 1763866ms] [LOG] buttons [button#modalClose.modal-close] @ https://cdn.utmify.com.br/scripts/pixel/pixel.js:0
[ 1765866ms] [LOG] buttons [button#modalClose.modal-close] @ https://cdn.utmify.com.br/scripts/pixel/pixel.js:0
[ 1767866ms] [LOG] buttons [button#modalClose.modal-close] @ https://cdn.utmify.com.br/scripts/pixel/pixel.js:0
[ 1769866ms] [LOG] buttons [button#modalClose.modal-close] @ https://cdn.utmify.com.br/scripts/pixel/pixel.js:0
[ 1771866ms] [LOG] buttons [button#modalClose.modal-close] @ https://cdn.utmify.com.br/scripts/pixel/pixel.js:0
[ 1773166ms] [WARNING] The resource https://cdn.converteai.net/8961d838-aff2-4dce-9b39-e84022d332ce/6a54557c2686ede7e9543197/main.m3u8 was preloaded using link preload but not used within a few seconds from the window's load event. Please make sure it has an appropriate `as` value and it is preloaded intentionally. @ http://localhost:8850/upsell-account-shield.html:0
[ 1773866ms] [LOG] buttons [button#modalClose.modal-close] @ https://cdn.utmify.com.br/scripts/pixel/pixel.js:0
[ 1775866ms] [LOG] buttons [button#modalClose.modal-close] @ https://cdn.utmify.com.br/scripts/pixel/pixel.js:0
[ 1777866ms] [LOG] buttons [button#modalClose.modal-close] @ https://cdn.utmify.com.br/scripts/pixel/pixel.js:0
[ 1779866ms] [LOG] buttons [button#modalClose.modal-close] @ https://cdn.utmify.com.br/scripts/pixel/pixel.js:0
[ 1781866ms] [LOG] buttons [button#modalClose.modal-close] @ https://cdn.utmify.com.br/scripts/pixel/pixel.js:0
[ 1783866ms] [LOG] buttons [button#modalClose.modal-close] @ https://cdn.utmify.com.br/scripts/pixel/pixel.js:0
[ 1785866ms] [LOG] buttons [button#modalClose.modal-close] @ https://cdn.utmify.com.br/scripts/pixel/pixel.js:0
[ 1787866ms] [LOG] buttons [button#modalClose.modal-close] @ https://cdn.utmify.com.br/scripts/pixel/pixel.js:0
[ 1789866ms] [LOG] buttons [button#modalClose.modal-close] @ https://cdn.utmify.com.br/scripts/pixel/pixel.js:0
[ 1791866ms] [LOG] buttons [button#modalClose.modal-close] @ https://cdn.utmify.com.br/scripts/pixel/pixel.js:0
[ 1793866ms] [LOG] buttons [button#modalClose.modal-close] @ https://cdn.utmify.com.br/scripts/pixel/pixel.js:0
[ 1795865ms] [LOG] buttons [button#modalClose.modal-close] @ https://cdn.utmify.com.br/scripts/pixel/pixel.js:0
[ 1797866ms] [LOG] buttons [button#modalClose.modal-close] @ https://cdn.utmify.com.br/scripts/pixel/pixel.js:0
[ 1799866ms] [LOG] buttons [button#modalClose.modal-close] @ https://cdn.utmify.com.br/scripts/pixel/pixel.js:0
[ 1801866ms] [LOG] buttons [button#modalClose.modal-close] @ https://cdn.utmify.com.br/scripts/pixel/pixel.js:0
[ 1803866ms] [LOG] buttons [button#modalClose.modal-close] @ https://cdn.utmify.com.br/scripts/pixel/pixel.js:0
[ 1805866ms] [LOG] buttons [button#modalClose.modal-close] @ https://cdn.utmify.com.br/scripts/pixel/pixel.js:0
[ 1807866ms] [LOG] buttons [button#modalClose.modal-close] @ https://cdn.utmify.com.br/scripts/pixel/pixel.js:0
[ 1809865ms] [LOG] buttons [button#modalClose.modal-close] @ https://cdn.utmify.com.br/scripts/pixel/pixel.js:0
[ 1811866ms] [LOG] buttons [button#modalClose.modal-close] @ https://cdn.utmify.com.br/scripts/pixel/pixel.js:0
[ 1813866ms] [LOG] buttons [button#modalClose.modal-close] @ https://cdn.utmify.com.br/scripts/pixel/pixel.js:0
[ 1815866ms] [LOG] buttons [button#modalClose.modal-close] @ https://cdn.utmify.com.br/scripts/pixel/pixel.js:0
[ 1817865ms] [LOG] buttons [button#modalClose.modal-close] @ https://cdn.utmify.com.br/scripts/pixel/pixel.js:0
[ 1819866ms] [LOG] buttons [button#modalClose.modal-close] @ https://cdn.utmify.com.br/scripts/pixel/pixel.js:0
[ 1821866ms] [LOG] buttons [button#modalClose.modal-close] @ https://cdn.utmify.com.br/scripts/pixel/pixel.js:0
[ 1823866ms] [LOG] buttons [button#modalClose.modal-close] @ https://cdn.utmify.com.br/scripts/pixel/pixel.js:0
[ 1825866ms] [LOG] buttons [button#modalClose.modal-close] @ https://cdn.utmify.com.br/scripts/pixel/pixel.js:0
[ 1827866ms] [LOG] buttons [button#modalClose.modal-close] @ https://cdn.utmify.com.br/scripts/pixel/pixel.js:0
[ 1829866ms] [LOG] buttons [button#modalClose.modal-close] @ https://cdn.utmify.com.br/scripts/pixel/pixel.js:0
[ 1831866ms] [LOG] buttons [button#modalClose.modal-close] @ https://cdn.utmify.com.br/scripts/pixel/pixel.js:0
[ 1833866ms] [LOG] buttons [button#modalClose.modal-close] @ https://cdn.utmify.com.br/scripts/pixel/pixel.js:0
[ 1835866ms] [LOG] buttons [button#modalClose.modal-close] @ https://cdn.utmify.com.br/scripts/pixel/pixel.js:0
[ 1837866ms] [LOG] buttons [button#modalClose.modal-close] @ https://cdn.utmify.com.br/scripts/pixel/pixel.js:0
[ 1839866ms] [LOG] buttons [button#modalClose.modal-close] @ https://cdn.utmify.com.br/scripts/pixel/pixel.js:0
[ 1841866ms] [LOG] buttons [button#modalClose.modal-close] @ https://cdn.utmify.com.br/scripts/pixel/pixel.js:0
[ 1843866ms] [LOG] buttons [button#modalClose.modal-close] @ https://cdn.utmify.com.br/scripts/pixel/pixel.js:0
[ 1845866ms] [LOG] buttons [button#modalClose.modal-close] @ https://cdn.utmify.com.br/scripts/pixel/pixel.js:0
[ 1847866ms] [LOG] buttons [button#modalClose.modal-close] @ https://cdn.utmify.com.br/scripts/pixel/pixel.js:0
[ 1849866ms] [LOG] buttons [button#modalClose.modal-close] @ https://cdn.utmify.com.br/scripts/pixel/pixel.js:0
[ 1851866ms] [LOG] buttons [button#modalClose.modal-close] @ https://cdn.utmify.com.br/scripts/pixel/pixel.js:0
[ 1853865ms] [LOG] buttons [button#modalClose.modal-close] @ https://cdn.utmify.com.br/scripts/pixel/pixel.js:0
[ 1855866ms] [LOG] buttons [button#modalClose.modal-close] @ https://cdn.utmify.com.br/scripts/pixel/pixel.js:0
[ 1857866ms] [LOG] buttons [button#modalClose.modal-close] @ https://cdn.utmify.com.br/scripts/pixel/pixel.js:0
[ 1859866ms] [LOG] buttons [button#modalClose.modal-close] @ https://cdn.utmify.com.br/scripts/pixel/pixel.js:0
[ 1861866ms] [LOG] buttons [button#modalClose.modal-close] @ https://cdn.utmify.com.br/scripts/pixel/pixel.js:0
[ 1863866ms] [LOG] buttons [button#modalClose.modal-close] @ https://cdn.utmify.com.br/scripts/pixel/pixel.js:0
[ 1865866ms] [LOG] buttons [button#modalClose.modal-close] @ https://cdn.utmify.com.br/scripts/pixel/pixel.js:0
[ 1867866ms] [LOG] buttons [button#modalClose.modal-close] @ https://cdn.utmify.com.br/scripts/pixel/pixel.js:0
[ 1869866ms] [LOG] buttons [button#modalClose.modal-close] @ https://cdn.utmify.com.br/scripts/pixel/pixel.js:0
[ 1871866ms] [LOG] buttons [button#modalClose.modal-close] @ https://cdn.utmify.com.br/scripts/pixel/pixel.js:0
[ 1873866ms] [LOG] buttons [button#modalClose.modal-close] @ https://cdn.utmify.com.br/scripts/pixel/pixel.js:0
[ 1875866ms] [LOG] buttons [button#modalClose.modal-close] @ https://cdn.utmify.com.br/scripts/pixel/pixel.js:0
[ 1877865ms] [LOG] buttons [button#modalClose.modal-close] @ https://cdn.utmify.com.br/scripts/pixel/pixel.js:0
[ 1879866ms] [LOG] buttons [button#modalClose.modal-close] @ https://cdn.utmify.com.br/scripts/pixel/pixel.js:0
[ 1881866ms] [LOG] buttons [button#modalClose.modal-close] @ https://cdn.utmify.com.br/scripts/pixel/pixel.js:0
[ 1883866ms] [LOG] buttons [button#modalClose.modal-close] @ https://cdn.utmify.com.br/scripts/pixel/pixel.js:0
[ 1885866ms] [LOG] buttons [button#modalClose.modal-close] @ https://cdn.utmify.com.br/scripts/pixel/pixel.js:0
[ 1887866ms] [LOG] buttons [button#modalClose.modal-close] @ https://cdn.utmify.com.br/scripts/pixel/pixel.js:0
[ 1889866ms] [LOG] buttons [button#modalClose.modal-close] @ https://cdn.utmify.com.br/scripts/pixel/pixel.js:0
[ 1891866ms] [LOG] buttons [button#modalClose.modal-close] @ https://cdn.utmify.com.br/scripts/pixel/pixel.js:0
[ 1893866ms] [LOG] buttons [button#modalClose.modal-close] @ https://cdn.utmify.com.br/scripts/pixel/pixel.js:0
[ 1895866ms] [LOG] buttons [button#modalClose.modal-close] @ https://cdn.utmify.com.br/scripts/pixel/pixel.js:0
[ 1897866ms] [LOG] buttons [button#modalClose.modal-close] @ https://cdn.utmify.com.br/scripts/pixel/pixel.js:0
[ 1899866ms] [LOG] buttons [button#modalClose.modal-close] @ https://cdn.utmify.com.br/scripts/pixel/pixel.js:0
[ 1901866ms] [LOG] buttons [button#modalClose.modal-close] @ https://cdn.utmify.com.br/scripts/pixel/pixel.js:0
[ 1903866ms] [LOG] buttons [button#modalClose.modal-close] @ https://cdn.utmify.com.br/scripts/pixel/pixel.js:0
[ 1905866ms] [LOG] buttons [button#modalClose.modal-close] @ https://cdn.utmify.com.br/scripts/pixel/pixel.js:0
[ 1907866ms] [LOG] buttons [button#modalClose.modal-close] @ https://cdn.utmify.com.br/scripts/pixel/pixel.js:0
[ 1909866ms] [LOG] buttons [button#modalClose.modal-close] @ https://cdn.utmify.com.br/scripts/pixel/pixel.js:0
[ 1911866ms] [LOG] buttons [button#modalClose.modal-close] @ https://cdn.utmify.com.br/scripts/pixel/pixel.js:0
[ 1913866ms] [LOG] buttons [button#modalClose.modal-close] @ https://cdn.utmify.com.br/scripts/pixel/pixel.js:0
[ 1915866ms] [LOG] buttons [button#modalClose.modal-close] @ https://cdn.utmify.com.br/scripts/pixel/pixel.js:0
[ 1917866ms] [LOG] buttons [button#modalClose.modal-close] @ https://cdn.utmify.com.br/scripts/pixel/pixel.js:0
[ 1919866ms] [LOG] buttons [button#modalClose.modal-close] @ https://cdn.utmify.com.br/scripts/pixel/pixel.js:0
[ 1921866ms] [LOG] buttons [button#modalClose.modal-close] @ https://cdn.utmify.com.br/scripts/pixel/pixel.js:0
[ 1923865ms] [LOG] buttons [button#modalClose.modal-close] @ https://cdn.utmify.com.br/scripts/pixel/pixel.js:0
[ 1925866ms] [LOG] buttons [button#modalClose.modal-close] @ https://cdn.utmify.com.br/scripts/pixel/pixel.js:0
[ 1927866ms] [LOG] buttons [button#modalClose.modal-close] @ https://cdn.utmify.com.br/scripts/pixel/pixel.js:0
[ 1929865ms] [LOG] buttons [button#modalClose.modal-close] @ https://cdn.utmify.com.br/scripts/pixel/pixel.js:0
[ 1931866ms] [LOG] buttons [button#modalClose.modal-close] @ https://cdn.utmify.com.br/scripts/pixel/pixel.js:0
[ 1933866ms] [LOG] buttons [button#modalClose.modal-close] @ https://cdn.utmify.com.br/scripts/pixel/pixel.js:0
[ 1935866ms] [LOG] buttons [button#modalClose.modal-close] @ https://cdn.utmify.com.br/scripts/pixel/pixel.js:0
[ 1937866ms] [LOG] buttons [button#modalClose.modal-close] @ https://cdn.utmify.com.br/scripts/pixel/pixel.js:0
[ 1939866ms] [LOG] buttons [button#modalClose.modal-close] @ https://cdn.utmify.com.br/scripts/pixel/pixel.js:0
[ 1941866ms] [LOG] buttons [button#modalClose.modal-close] @ https://cdn.utmify.com.br/scripts/pixel/pixel.js:0
[ 1943865ms] [LOG] buttons [button#modalClose.modal-close] @ https://cdn.utmify.com.br/scripts/pixel/pixel.js:0
[ 1945866ms] [LOG] buttons [button#modalClose.modal-close] @ https://cdn.utmify.com.br/scripts/pixel/pixel.js:0
[ 1947866ms] [LOG] buttons [button#modalClose.modal-close] @ https://cdn.utmify.com.br/scripts/pixel/pixel.js:0
[ 1949865ms] [LOG] buttons [button#modalClose.modal-close] @ https://cdn.utmify.com.br/scripts/pixel/pixel.js:0
[ 1951866ms] [LOG] buttons [button#modalClose.modal-close] @ https://cdn.utmify.com.br/scripts/pixel/pixel.js:0
[ 1953866ms] [LOG] buttons [button#modalClose.modal-close] @ https://cdn.utmify.com.br/scripts/pixel/pixel.js:0
[ 1955865ms] [LOG] buttons [button#modalClose.modal-close] @ https://cdn.utmify.com.br/scripts/pixel/pixel.js:0
[ 1957866ms] [LOG] buttons [button#modalClose.modal-close] @ https://cdn.utmify.com.br/scripts/pixel/pixel.js:0
[ 1959866ms] [LOG] buttons [button#modalClose.modal-close] @ https://cdn.utmify.com.br/scripts/pixel/pixel.js:0
[ 1961866ms] [LOG] buttons [button#modalClose.modal-close] @ https://cdn.utmify.com.br/scripts/pixel/pixel.js:0
[ 1963865ms] [LOG] buttons [button#modalClose.modal-close] @ https://cdn.utmify.com.br/scripts/pixel/pixel.js:0
[ 1965866ms] [LOG] buttons [button#modalClose.modal-close] @ https://cdn.utmify.com.br/scripts/pixel/pixel.js:0
[ 1967866ms] [LOG] buttons [button#modalClose.modal-close] @ https://cdn.utmify.com.br/scripts/pixel/pixel.js:0
[ 1969865ms] [LOG] buttons [button#modalClose.modal-close] @ https://cdn.utmify.com.br/scripts/pixel/pixel.js:0
[ 1971866ms] [LOG] buttons [button#modalClose.modal-close] @ https://cdn.utmify.com.br/scripts/pixel/pixel.js:0
[ 1973866ms] [LOG] buttons [button#modalClose.modal-close] @ https://cdn.utmify.com.br/scripts/pixel/pixel.js:0
[ 1975865ms] [LOG] buttons [button#modalClose.modal-close] @ https://cdn.utmify.com.br/scripts/pixel/pixel.js:0
[ 1977867ms] [LOG] buttons [button#modalClose.modal-close] @ https://cdn.utmify.com.br/scripts/pixel/pixel.js:0
[ 1979865ms] [LOG] buttons [button#modalClose.modal-close] @ https://cdn.utmify.com.br/scripts/pixel/pixel.js:0
[ 1981866ms] [LOG] buttons [button#modalClose.modal-close] @ https://cdn.utmify.com.br/scripts/pixel/pixel.js:0
[ 1983865ms] [LOG] buttons [button#modalClose.modal-close] @ https://cdn.utmify.com.br/scripts/pixel/pixel.js:0
[ 1985865ms] [LOG] buttons [button#modalClose.modal-close] @ https://cdn.utmify.com.br/scripts/pixel/pixel.js:0
[ 1987866ms] [LOG] buttons [button#modalClose.modal-close] @ https://cdn.utmify.com.br/scripts/pixel/pixel.js:0
[ 1989866ms] [LOG] buttons [button#modalClose.modal-close] @ https://cdn.utmify.com.br/scripts/pixel/pixel.js:0
[ 1991866ms] [LOG] buttons [button#modalClose.modal-close] @ https://cdn.utmify.com.br/scripts/pixel/pixel.js:0
[ 1993866ms] [LOG] buttons [button#modalClose.modal-close] @ https://cdn.utmify.com.br/scripts/pixel/pixel.js:0
[ 1995866ms] [LOG] buttons [button#modalClose.modal-close] @ https://cdn.utmify.com.br/scripts/pixel/pixel.js:0
[ 1997866ms] [LOG] buttons [button#modalClose.modal-close] @ https://cdn.utmify.com.br/scripts/pixel/pixel.js:0
[ 1999866ms] [LOG] buttons [button#modalClose.modal-close] @ https://cdn.utmify.com.br/scripts/pixel/pixel.js:0
[ 2001865ms] [LOG] buttons [button#modalClose.modal-close] @ https://cdn.utmify.com.br/scripts/pixel/pixel.js:0
[ 2003865ms] [LOG] buttons [button#modalClose.modal-close] @ https://cdn.utmify.com.br/scripts/pixel/pixel.js:0
[ 2005866ms] [LOG] buttons [button#modalClose.modal-close] @ https://cdn.utmify.com.br/scripts/pixel/pixel.js:0
[ 2007866ms] [LOG] buttons [button#modalClose.modal-close] @ https://cdn.utmify.com.br/scripts/pixel/pixel.js:0
[ 2009865ms] [LOG] buttons [button#modalClose.modal-close] @ https://cdn.utmify.com.br/scripts/pixel/pixel.js:0
[ 2011865ms] [LOG] buttons [button#modalClose.modal-close] @ https://cdn.utmify.com.br/scripts/pixel/pixel.js:0
[ 2013865ms] [LOG] buttons [button#modalClose.modal-close] @ https://cdn.utmify.com.br/scripts/pixel/pixel.js:0
[ 2015865ms] [LOG] buttons [button#modalClose.modal-close] @ https://cdn.utmify.com.br/scripts/pixel/pixel.js:0
[ 2017865ms] [LOG] buttons [button#modalClose.modal-close] @ https://cdn.utmify.com.br/scripts/pixel/pixel.js:0
[ 2019865ms] [LOG] buttons [button#modalClose.modal-close] @ https://cdn.utmify.com.br/scripts/pixel/pixel.js:0
[ 2021865ms] [LOG] buttons [button#modalClose.modal-close] @ https://cdn.utmify.com.br/scripts/pixel/pixel.js:0
[ 2023865ms] [LOG] buttons [button#modalClose.modal-close] @ https://cdn.utmify.com.br/scripts/pixel/pixel.js:0
[ 2025866ms] [LOG] buttons [button#modalClose.modal-close] @ https://cdn.utmify.com.br/scripts/pixel/pixel.js:0
